loc,lat_deg,lon_deg,height_m,iso_utc,jd_utc,obj_id,obj_type,ra_in_deg,dec_in_deg,mag,gmst_deg_oracle,gmst_deg_kotlin,gast_deg_oracle,gast_deg_kotlin,az_oracle_geometric,alt_oracle_geometric,az_oracle_refr1010,alt_oracle_refr1010,az_oracle_refr_appweather,alt_oracle_refr_appweather,az_kotlin_star_live,alt_kotlin_star_live,az_kotlin_star_live_elev,alt_kotlin_star_live_elev,az_kotlin_fte,alt_kotlin_fte
CapeTown,-33.93,18.42,25.0,2026-09-04T20:00:00,2461288.333333334,star_cma_sirius,STAR,101.287000,-16.716000,-1.46,283.951472328,283.951484917,283.953807952,283.953820514,155.29163948,-35.59500549,155.29163948,-35.47965358,155.29163948,-35.48223020,155.29507938,-35.59023898,155.29507938,-35.59023898,155.29626201,-35.59278692
CapeTown,-33.93,18.42,25.0,2026-09-04T20:00:00,2461288.333333334,star_cma_adhara,STAR,104.656000,-28.972000,1.5,283.951472328,283.951484917,283.953807952,283.953820514,163.18118354,-24.93525485,163.18118354,-24.78535707,163.18118354,-24.78918784,163.18479540,-24.92994796,163.18479540,-24.92994796,163.18557002,-24.93216495
CapeTown,-33.93,18.42,25.0,2026-09-04T20:00:00,2461288.333333334,star_cma_wezen,STAR,107.098000,-26.393000,1.83,283.951472328,283.951484917,283.953807952,283.953820514,164.77821946,-27.98180985,164.77821946,-27.84074458,164.77821946,-27.84421999,164.78177955,-27.97667784,164.78177955,-27.97667784,164.78275662,-27.97882252
CapeTown,-33.93,18.42,25.0,2026-09-04T20:00:00,2461288.333333334,star_cma_mirzam,STAR,95.675000,-17.956000,1.98,283.951472328,283.951484917,283.953807952,283.953820514,149.95829710,-32.32739001,149.95829710,-32.20044008,149.95829710,-32.20339992,149.96169714,-32.32239463,149.96169714,-32.32239463,149.96253836,-32.32513932
CapeTown,-33.93,18.42,25.0,2026-09-04T20:00:00,2461288.333333334,star_cmi_procyon,STAR,114.825000,5.225000,0.34,283.951472328,283.951484917,283.953807952,283.953820514,165.33815116,-60.47002743,165.33815116,-60.44375405,165.33815116,-60.44418735,165.34195589,-60.46688373,165.34195589,-60.46688373,165.34620867,-60.46900257
CapeTown,-33.93,18.42,25.0,2026-09-04T20:00:00,2461288.333333334,star_car_canopus,STAR,95.987000,-52.695000,-0.74,283.951472328,283.951484917,283.953807952,283.953820514,164.45878359,-0.39580213,164.45878359,-0.21073428,164.45878359,-0.21630506,164.46321063,0.14587356,164.46321063,0.14458940,164.46281125,0.27490991
CapeTown,-33.93,18.42,25.0,2026-09-04T20:00:00,2461288.333333334,star_car_miaplacidus,STAR,138.300000,-69.720000,1.67,283.951472328,283.951484917,283.953807952,283.953820514,185.62575121,14.41078221,185.62575121,14.47217469,185.62575121,14.47119222,185.63132305,14.47840396,185.63132305,14.47825339,185.63007920,14.47760710
CapeTown,-33.93,18.42,25.0,2026-09-04T20:00:00,2461288.333333334,star_cen_rigil_kent,STAR,219.900000,-60.833000,-0.01,283.951472328,283.951484917,283.953807952,283.953820514,214.96690219,32.97529835,214.96690219,33.00004973,214.96690219,32.99965978,214.97365818,33.00226661,214.97365818,33.00220531,214.97108170,33.00284119
CapeTown,-33.93,18.42,25.0,2026-09-04T20:00:00,2461288.333333334,star_cen_hadar,STAR,210.956000,-60.373000,0.61,283.951472328,283.951484917,283.953807952,283.953820514,214.11366283,28.62546198,214.11366283,28.65484402,214.11366283,28.65438056,214.11993410,28.65756232,214.11993410,28.65748962,214.11769536,28.65809306
CapeTown,-33.93,18.42,25.0,2026-09-04T20:00:00,2461288.333333334,star_lyr_vega,STAR,279.234000,38.783000,0.03,283.951472328,283.951484917,283.953807952,283.953820514,341.76256042,14.22368467,341.76256042,14.28588338,341.76256042,14.28488750,341.75839991,14.28847208,341.75839991,14.28831952,341.75861852,14.29102693
CapeTown,-33.93,18.42,25.0,2026-09-04T20:00:00,2461288.333333334,star_cyg_deneb,STAR,310.358000,45.280000,1.25,283.951472328,283.951484917,283.953807952,283.953820514,5.85800230,10.34250590,5.85800230,10.42718337,5.85800230,10.42580292,5.85373382,10.43148873,5.85373382,10.43128223,5.85390452,10.43344663
CapeTown,-33.93,18.42,25.0,2026-09-04T20:00:00,2461288.333333334,star_cyg_sadr,STAR,305.557000,40.260000,2.23,283.951472328,283.951484917,283.953807952,283.953820514,2.71314108,15.65368657,2.71314108,15.71017234,2.71314108,15.70927107,2.70846669,15.71412307,2.70846669,15.71398432,2.70893444,15.71553144
CapeTown,-33.93,18.42,25.0,2026-09-04T20:00:00,2461288.333333334,star_cyg_albireo,STAR,292.680000,27.960000,3.05,283.951472328,283.951484917,283.953807952,283.953820514,350.63341605,27.41112653,350.63341605,27.44203386,350.63341605,27.44154613,350.62786021,27.44426799,350.62786021,27.44419154,350.62891052,27.44607358
CapeTown,-33.93,18.42,25.0,2026-09-04T20:00:00,2461288.333333334,star_aql_altair,STAR,297.696000,8.868000,0.76,283.951472328,283.951484917,283.953807952,283.953820514,353.69942180,46.93295084,353.69942180,46.94799244,353.69942180,46.94775590,353.69076000,46.94907678,353.69076000,46.94903948,353.69347249,46.95073274
CapeTown,-33.93,18.42,25.0,2026-09-04T20:00:00,2461288.333333334,star_ori_betelgeuse,STAR,88.793000,7.407000,0.5,283.951472328,283.951484917,283.953807952,283.953820514,123.23714312,-49.49502862,123.23714312,-49.43278808,123.23714312,-49.43394866,123.24039513,-49.49170832,123.24039513,-49.49170832,123.24061266,-49.49505416
CapeTown,-33.93,18.42,25.0,2026-09-04T20:00:00,2461288.333333334,star_ori_rigel,STAR,78.634000,-8.202000,0.13,283.951472328,283.951484917,283.953807952,283.953820514,127.34961750,-31.14896623,127.34961750,-31.01802711,127.34961750,-31.02112676,127.35249777,-31.14394861,127.35249777,-31.14394861,127.35255240,-31.14724695
CapeTown,-33.93,18.42,25.0,2026-09-04T20:00:00,2461288.333333334,star_ori_bellatrix,STAR,81.283000,6.350000,1.64,283.951472328,283.951484917,283.953807952,283.953820514,116.84562094,-43.38077238,116.84562094,-43.29509721,116.84562094,-43.29682386,116.84844468,-43.37700581,116.84844468,-43.37700581,116.84818468,-43.38039121
CapeTown,-33.93,18.42,25.0,2026-09-04T20:00:00,2461288.333333334,star_ori_saiph,STAR,86.939000,-9.670000,2.07,283.951472328,283.951484917,283.953807952,283.953820514,136.09921027,-35.13015931,136.09921027,-35.01311432,136.09921027,-35.01574486,136.10237350,-35.12540652,136.10237350,-35.12540652,136.10285218,-35.12854770
CapeTown,-33.93,18.42,25.0,2026-09-04T20:00:00,2461288.333333334,star_ori_alnitak,STAR,85.190000,-1.940000,1.77,283.951472328,283.951484917,283.953807952,283.953820514,128.35624653,-40.15643146,128.35624653,-40.05825608,128.35624653,-40.06032037,128.35930695,-40.15218352,128.35930695,-40.15218352,128.35959726,-40.15546763
CapeTown,-33.93,18.42,25.0,2026-09-04T20:00:00,2461288.333333334,star_ori_alnilam,STAR,84.053000,-1.202000,1.69,283.951472328,283.951484917,283.953807952,283.953820514,126.60321831,-39.96659484,126.60321831,-39.86768907,126.60321831,-39.86977395,126.60622845,-39.96235411,126.60622845,-39.96235411,126.60642950,-39.96566234
CapeTown,-33.93,18.42,25.0,2026-09-04T20:00:00,2461288.333333334,star_ori_mintaka,STAR,83.002000,-0.299000,2.23,283.951472328,283.951484917,283.953807952,283.953820514,124.79665374,-39.92923864,124.79665374,-39.83018926,124.79665374,-39.83227820,124.79961316,-39.92502038,124.79961316,-39.92502038,124.79972580,-39.92835023
CapeTown,-33.93,18.42,25.0,2026-09-04T20:00:00,2461288.333333334,star_tau_aldebaran,STAR,68.980000,16.509000,0.85,283.951472328,283.951484917,283.953807952,283.953820514,96.36231405,-39.61760891,96.36231405,-39.51736301,96.36231405,-39.51948593,96.36419336,-39.61390255,96.36419336,-39.61390255,96.36292450,-39.61713210
CapeTown,-33.93,18.42,25.0,2026-09-04T20:00:00,2461288.333333334,star_tau_elnath,STAR,81.573000,28.608000,1.65,283.951472328,283.951484917,283.953807952,283.953820514,87.54773737,-55.31076704,87.54773737,-55.26901307,87.54773737,-55.26974020,87.55004432,-55.30882043,87.55004432,-55.30882043,87.54744317,-55.31185416
CapeTown,-33.93,18.42,25.0,2026-09-04T20:00:00,2461288.333333334,star_aur_capella,STAR,79.172000,45.998000,0.08,283.951472328,283.951484917,283.953807952,283.953820514,56.44863918,-55.59205435,56.44863918,-55.55121896,56.44863918,-55.55192786,56.44927143,-55.59078618,56.44927143,-55.59078618,56.44467648,-55.59260295
CapeTown,-33.93,18.42,25.0,2026-09-04T20:00:00,2461288.333333334,star_umi_polaris,STAR,37.954000,89.264000,1.98,283.951472328,283.951484917,283.953807952,283.953820514,0.73451549,-34.08481084,0.73451549,-33.96400795,0.73451549,-33.96676057,0.73218237,-34.08290965,0.73218237,-34.08290965,0.72965895,-34.08156873
CapeTown,-33.93,18.42,25.0,2026-09-04T20:00:00,2461288.333333334,star_uma_dubhe,STAR,165.932000,61.751000,1.79,283.951472328,283.951484917,283.953807952,283.953820514,328.51023556,-50.80730905,328.51023556,-50.74990480,328.51023556,-50.75095823,328.50761454,-50.80595568,328.50761454,-50.80595568,328.50484475,-50.80316134
CapeTown,-33.93,18.42,25.0,2026-09-04T20:00:00,2461288.333333334,star_uma_merak,STAR,165.460000,56.380000,2.37,283.951472328,283.951484917,283.953807952,283.953820514,320.54739972,-53.00022058,320.54739972,-52.95064311,320.54739972,-52.95152954,320.54471334,-52.99880829,320.54471334,-52.99880829,320.54228875,-52.99577514
CapeTown,-33.93,18.42,25.0,2026-09-04T20:00:00,2461288.333333334,star_uma_alioth,STAR,193.507000,55.960000,1.77,283.951472328,283.951484917,283.953807952,283.953820514,317.75877508,-37.60998042,317.75877508,-37.50210510,317.75877508,-37.50445125,317.75654095,-37.60829903,317.75654095,-37.60829903,317.75507345,-37.60519590
CapeTown,-33.93,18.42,25.0,2026-09-04T20:00:00,2461288.333333334,star_uma_mizar,STAR,200.981000,54.925000,2.23,283.951472328,283.951484917,283.953807952,283.953820514,317.42476632,-33.25684937,317.42476632,-33.13312241,317.42476632,-33.13597240,317.42258157,-33.25516687,317.42258157,-33.25516687,317.42128216,-33.25205584
CapeTown,-33.93,18.42,25.0,2026-09-04T20:00:00,2461288.333333334,star_uma_alkaid,STAR,206.885000,49.313000,1.85,283.951472328,283.951484917,283.953807952,283.953820514,312.41519947,-28.15357188,312.41519947,-28.01303202,312.41519947,-28.01648714,312.41317728,-28.15191571,312.41317728,-28.15191571,312.41218829,-28.14869908
CapeTown,-33.93,18.42,25.0,2026-09-04T20:00:00,2461288.333333334,star_cas_schedar,STAR,10.127000,56.537000,2.24,283.951472328,283.951484917,283.953807952,283.953820514,32.26450452,-17.26406766,32.26450452,-17.09630130,32.26450452,-17.10094826,32.26238234,-17.26045215,32.26238234,-17.26045215,32.26092282,-17.26093714
CapeTown,-33.93,18.42,25.0,2026-09-04T20:00:00,2461288.333333334,star_cas_caph,STAR,2.293000,59.150000,2.28,283.951472328,283.951484917,283.953807952,283.953820514,27.41881286,-15.66015937,27.41881286,-15.48947263,27.41881286,-15.49426762,27.41645020,-15.65666284,27.41645020,-15.65666284,27.41508468,-15.65686271
CapeTown,-33.93,18.42,25.0,2026-09-04T20:00:00,2461288.333333334,star_per_mirfak,STAR,51.080000,49.860000,1.79,283.951472328,283.951484917,283.953807952,283.953820514,49.60275040,-37.06891215,49.60275040,-36.95900898,49.60275040,-36.96141645,49.60219539,-37.06614963,49.60219539,-37.06614963,49.59946851,-37.06761235
CapeTown,-33.93,18.42,25.0,2026-09-04T20:00:00,2461288.333333334,star_per_algol,STAR,47.040000,40.960000,2.12,283.951472328,283.951484917,283.953807952,283.953820514,59.11947675,-31.98542408,59.11947675,-31.85730504,59.11947675,-31.86030540,59.11918335,-31.98195830,59.11918335,-31.98195830,59.11703412,-31.98390645
CapeTown,-33.93,18.42,25.0,2026-09-04T20:00:00,2461288.333333334,star_boo_arcturus,STAR,213.915000,19.182000,-0.05,283.951472328,283.951484917,283.953807952,283.953820514,286.95567015,-9.02778370,286.95567015,-8.84794997,286.95567015,-8.85323746,286.95494276,-9.02668996,286.95494276,-9.02668996,286.95459193,-9.02332632
CapeTown,-33.93,18.42,25.0,2026-09-04T20:00:00,2461288.333333334,star_vir_spica,STAR,201.298000,-11.161000,0.98,283.951472328,283.951484917,283.953807952,283.953820514,254.65244019,-2.40994418,254.65244019,-2.22545065,254.65244019,-2.23099536,254.65399489,-2.40850072,254.65399489,-2.40850072,254.65366810,-2.40588085
CapeTown,-33.93,18.42,25.0,2026-09-04T20:00:00,2461288.333333334,star_sco_antares,STAR,247.352000,-26.432000,0.96,283.951472328,283.951484917,283.953807952,283.953820514,263.68157970,42.77004221,263.68157970,42.78743142,263.68157970,42.78715786,263.68439435,42.78517551,263.68439435,42.78513239,263.68239289,42.78803746
CapeTown,-33.93,18.42,25.0,2026-09-04T20:00:00,2461288.333333334,star_sco_shaula,STAR,263.402000,-37.104000,1.62,283.951472328,283.951484917,283.953807952,283.953820514,252.92135840,58.70769717,252.92135840,58.71748541,252.92135840,58.71733158,252.92803311,58.71393042,252.92803311,58.71390614,252.92394983,58.71644571
CapeTown,-33.93,18.42,25.0,2026-09-04T20:00:00,2461288.333333334,star_leo_regulus,STAR,152.093000,11.967000,1.36,283.951472328,283.951484917,283.953807952,283.953820514,238.32923909,-54.81172656,238.32923909,-54.76832403,238.32923909,-54.76908411,238.32954104,-54.80854553,238.32954104,-54.80854553,238.33309447,-54.80663565
CapeTown,-33.93,18.42,25.0,2026-09-04T20:00:00,2461288.333333334,star_gem_pollux,STAR,116.329000,28.026000,1.14,283.951472328,283.951484917,283.953807952,283.953820514,139.52430598,-82.32424527,139.52430598,-82.32546575,139.52430598,-82.32544829,139.53698762,-82.32329996,139.53698762,-82.32329996,139.54740113,-82.32635908
CapeTown,-33.93,18.42,25.0,2026-09-04T20:00:00,2461288.333333334,star_gem_castor,STAR,113.650000,31.888000,1.58,283.951472328,283.951484917,283.953807952,283.953820514,104.48950668,-82.72384595,104.48950668,-82.72507124,104.48950668,-82.72505374,104.50219045,-82.72391807,104.50219045,-82.72391807,104.49737457,-82.72726073
CapeTown,-33.93,18.42,25.0,2026-09-04T20:00:00,2461288.333333334,star_psa_fomalhaut,STAR,344.413000,-29.622000,1.17,283.951472328,283.951484917,283.953807952,283.953820514,94.82026842,53.89607386,94.82026842,53.90781590,94.82026842,53.90763132,94.81968149,53.91710711,94.81968149,53.91707800,94.82079424,53.91386297
CapeTown,-33.93,18.42,25.0,2026-09-04T20:00:00,2461288.333333334,star_eri_achernar,STAR,24.429000,-57.237000,0.45,283.951472328,283.951484917,283.953807952,283.953820514,140.62799700,31.93281160,140.62799700,31.95857070,140.62799700,31.95816478,140.63315361,31.96724210,140.63315361,31.96717834,140.63179040,31.96414707
CapeTown,-33.93,18.42,25.0,2026-09-04T20:00:00,2461288.333333334,dso_m31_andromeda,GALAXY,10.684000,41.269000,3.44,283.951472328,283.951484917,283.953807952,283.953820514,44.90048914,-8.22464808,44.90048914,-8.04401730,44.90048914,-8.04934943,44.89846149,-8.21993377,44.89846149,-8.21993377,44.89758673,-8.22114088
CapeTown,-33.93,18.42,25.0,2026-09-04T20:00:00,2461288.333333334,dso_lmc,GALAXY,80.894000,-69.756000,0.9,283.951472328,283.951484917,283.953807952,283.953820514,166.02109184,17.96104953,166.02109184,18.01009595,166.02109184,18.00931647,166.02664998,18.01759175,166.02664998,18.01747105,166.02536679,18.01558459
CapeTown,-33.93,18.42,25.0,2026-09-04T20:00:00,2461288.333333334,dso_smc,GALAXY,13.187000,-72.829000,2.7,283.951472328,283.951484917,283.953807952,283.953820514,159.11847135,37.80750118,159.11847135,37.82821886,159.11847135,37.82789274,159.12569692,37.83539785,159.12569692,37.83534652,159.12341688,37.83294025
CapeTown,-33.93,18.42,25.0,2026-09-04T20:00:00,2461288.333333334,dso_m33_triangulum,GALAXY,23.462000,30.660000,5.72,283.951472328,283.951484917,283.953807952,283.953820514,59.72317331,-10.37532872,59.72317331,-10.19698008,59.72317331,-10.20218491,59.72201869,-10.37007955,59.72201869,-10.37007955,59.72109766,-10.37205681
CapeTown,-33.93,18.42,25.0,2026-09-04T20:00:00,2461288.333333334,dso_m45_pleiades,STAR_CLUSTER,56.871000,24.105000,1.6,283.951472328,283.951484917,283.953807952,283.953820514,81.36876099,-33.18593723,81.36876099,-33.06196211,81.36876099,-33.06482046,81.36966594,-33.18196174,81.36966594,-33.18196174,81.36805234,-33.18481511
CapeTown,-33.93,18.42,25.0,2026-09-04T20:00:00,2461288.333333334,dso_hyades,STAR_CLUSTER,66.750000,15.870000,0.5,283.951472328,283.951484917,283.953807952,283.953820514,95.65806858,-37.45192616,95.65806858,-37.34345708,95.65806858,-37.34582109,95.65983502,-37.44802174,95.65983502,-37.44802174,95.65859941,-37.45123840
CapeTown,-33.93,18.42,25.0,2026-09-04T20:00:00,2461288.333333334,dso_m44_beehive,STAR_CLUSTER,130.100000,19.670000,3.7,283.951472328,283.951484917,283.953807952,283.953820514,208.70307969,-73.93973751,208.70307969,-73.93750852,208.70307969,-73.93754156,208.70480760,-73.93707188,208.70480760,-73.93707188,208.71612287,-73.93679561
CapeTown,-33.93,18.42,25.0,2026-09-04T20:00:00,2461288.333333334,dso_double_cluster,STAR_CLUSTER,34.740000,57.130000,3.7,283.951472328,283.951484917,283.953807952,283.953820514,38.35195371,-29.45533330,38.35195371,-29.31886613,38.35195371,-29.32216702,38.35058606,-29.45228603,38.35058606,-29.45228603,38.34831430,-29.45312406
CapeTown,-33.93,18.42,25.0,2026-09-04T20:00:00,2461288.333333334,dso_coma_cluster,STAR_CLUSTER,185.600000,26.100000,1.8,283.951472328,283.951484917,283.953807952,283.953820514,279.84022190,-35.20347404,279.84022190,-35.08669521,279.84022190,-35.08931723,279.83932832,-35.20125013,279.83932832,-35.20125013,279.83949748,-35.19796414
CapeTown,-33.93,18.42,25.0,2026-09-04T20:00:00,2461288.333333334,dso_omega_centauri,GLOBULAR_CLUSTER,201.700000,-47.470000,3.9,283.951472328,283.951484917,283.953807952,283.953820514,224.29181247,18.20792947,224.29181247,18.25628336,224.29181247,18.25551515,224.29652081,18.25925332,224.29652081,18.25913426,224.29505753,18.26048961
CapeTown,-33.93,18.42,25.0,2026-09-04T20:00:00,2461288.333333334,dso_47_tucanae,GLOBULAR_CLUSTER,6.020000,-72.080000,4.1,283.951472328,283.951484917,283.953807952,283.953820514,158.64257926,40.06245032,158.64257926,40.08157157,158.64257926,40.08127068,158.65008589,40.08869147,158.65008589,40.08864408,158.64766641,40.08621599
CapeTown,-33.93,18.42,25.0,2026-09-04T20:00:00,2461288.333333334,dso_m13_hercules,GLOBULAR_CLUSTER,250.420000,36.460000,5.8,283.951472328,283.951484917,283.953807952,283.953820514,320.66689933,4.72576287,320.66689933,4.88540848,320.66689933,4.88236202,320.66411454,4.89213795,320.66411454,4.89174050,320.66382299,4.90156021
CapeTown,-33.93,18.42,25.0,2026-09-04T20:00:00,2461288.333333334,dso_m42_orion_nebula,NEBULA,83.822000,-5.391000,4.0,283.951472328,283.951484917,283.953807952,283.953820514,129.85518896,-36.63628834,129.85518896,-36.52477393,129.85518896,-36.52723074,129.85821883,-36.63171621,129.85821883,-36.63171621,129.85848885,-36.63497726
CapeTown,-33.93,18.42,25.0,2026-09-04T20:00:00,2461288.333333334,dso_m8_lagoon,NEBULA,270.920000,-24.380000,6.0,283.951472328,283.951484917,283.953807952,283.953820514,281.21441809,61.39305564,281.21441809,61.40183908,281.21441809,61.40170105,281.21478603,61.39711299,281.21478603,61.39709121,281.21298987,61.40038329
CapeTown,-33.93,18.42,25.0,2026-09-04T20:00:00,2461288.333333334,dso_eta_carinae_nebula,NEBULA,161.260000,-59.870000,1.0,283.951472328,283.951484917,283.953807952,283.953820514,198.64347187,9.30821529,198.64347187,9.40156778,198.64347187,9.40003201,198.64850320,9.40702067,198.64850320,9.40679338,198.64753268,9.40795390
Honolulu,21.31,-157.86,5.0,2026-09-04T20:00:00,2461288.333333334,star_cma_sirius,STAR,101.287000,-16.716000,-1.46,283.951472328,283.951484917,283.953807952,283.953820514,214.18024798,44.99813239,214.18024798,45.01422294,214.18024798,45.01400028,214.17517234,45.01062301,214.17517234,45.01061502,214.17458429,45.01325475
Honolulu,21.31,-157.86,5.0,2026-09-04T20:00:00,2461288.333333334,star_cma_adhara,STAR,104.656000,-28.972000,1.5,283.951472328,283.951484917,283.953807952,283.953820514,202.89634940,35.70100081,202.89634940,35.72336158,202.89634940,35.72305173,202.89156788,35.71931172,202.89156788,35.71930063,202.89111843,35.72153884
Honolulu,21.31,-157.86,5.0,2026-09-04T20:00:00,2461288.333333334,star_cma_wezen,STAR,107.098000,-26.393000,1.83,283.951472328,283.951484917,283.953807952,283.953820514,201.68742042,38.92606820,201.68742042,38.94597473,201.68742042,38.94569905,201.68263327,38.94200150,201.68263327,38.94199162,201.68194528,38.94418331
Honolulu,21.31,-157.86,5.0,2026-09-04T20:00:00,2461288.333333334,star_cma_mirzam,STAR,95.675000,-17.956000,1.98,283.951472328,283.951484917,283.953807952,283.953820514,219.15308666,40.87521677,219.15308666,40.89379853,219.15308666,40.89354127,219.14812840,40.89009570,219.14812840,40.89008648,219.14798342,40.89286348
Honolulu,21.31,-157.86,5.0,2026-09-04T20:00:00,2461288.333333334,star_cmi_procyon,STAR,114.825000,5.225000,0.34,283.951472328,283.951484917,283.953807952,283.953820514,214.78486687,70.69577042,214.78486687,70.70141314,214.78486687,70.70133516,214.77666657,70.69920359,214.77666657,70.69920079,214.77291106,70.70189290
Honolulu,21.31,-157.86,5.0,2026-09-04T20:00:00,2461288.333333334,star_car_canopus,STAR,95.987000,-52.695000,-0.74,283.951472328,283.951484917,283.953807952,283.953820514,197.99044943,11.53523590,197.99044943,11.61158601,197.99044943,11.61049354,197.98537148,11.60750681,197.98537148,11.60746944,197.98603813,11.61022717
Honolulu,21.31,-157.86,5.0,2026-09-04T20:00:00,2461288.333333334,star_car_miaplacidus,STAR,138.300000,-69.720000,1.67,283.951472328,283.951484917,283.953807952,283.953820514,175.79838177,-1.55754173,175.79838177,-1.37275778,175.79838177,-1.37799079,175.79295578,-1.56216118,175.79295578,-1.56216118,175.79420159,-1.56113863
Honolulu,21.31,-157.86,5.0,2026-09-04T20:00:00,2461288.333333334,star_cen_rigil_kent,STAR,219.900000,-60.833000,-0.01,283.951472328,283.951484917,283.953807952,283.953820514,148.85391618,-20.59333975,148.85391618,-20.43253809,148.85391618,-20.43656439,148.84814360,-20.59522699,148.84814360,-20.59522699,148.85050020,-20.59569468
Honolulu,21.31,-157.86,5.0,2026-09-04T20:00:00,2461288.333333334,star_cen_hadar,STAR,210.956000,-60.373000,0.61,283.951472328,283.951484917,283.953807952,283.953820514,149.26872924,-16.19984525,149.26872924,-16.03010976,149.26872924,-16.03455545,149.26329115,-16.20206195,149.26329115,-16.20206195,149.26537801,-16.20250662
Honolulu,21.31,-157.86,5.0,2026-09-04T20:00:00,2461288.333333334,star_lyr_vega,STAR,279.234000,38.783000,0.03,283.951472328,283.951484917,283.953807952,283.953820514,22.65100337,-24.90870038,22.65100337,-24.75872978,22.65100337,-24.76229736,22.65542522,-24.90932739,22.65542522,-24.90932739,22.65554157,-24.91161493
Honolulu,21.31,-157.86,5.0,2026-09-04T20:00:00,2461288.333333334,star_cyg_deneb,STAR,310.358000,45.280000,1.25,283.951472328,283.951484917,283.953807952,283.953820514,356.56446806,-23.18558109,356.56446806,-23.03104487,356.56446806,-23.03479975,356.56899090,-23.18826618,356.56899090,-23.18826618,356.56885589,-23.18932981
Honolulu,21.31,-157.86,5.0,2026-09-04T20:00:00,2461288.333333334,star_cyg_sadr,STAR,305.557000,40.260000,2.23,283.951472328,283.951484917,283.953807952,283.953820514,0.25238144,-28.34044943,0.25238144,-28.20048443,0.25238144,-28.20366893,0.25747565,-28.34276501,0.25747565,-28.34276501,0.25704448,-28.34402134
Honolulu,21.31,-157.86,5.0,2026-09-04T20:00:00,2461288.333333334,star_cyg_albireo,STAR,292.680000,27.960000,3.05,283.951472328,283.951484917,283.953807952,283.953820514,14.97851703,-39.06303362,14.97851703,-38.96066566,14.97851703,-38.96266826,14.98482461,-39.06370848,14.98482461,-39.06370848,14.98392700,-39.06567475
Honolulu,21.31,-157.86,5.0,2026-09-04T20:00:00,2461288.333333334,star_aql_altair,STAR,297.696000,8.868000,0.76,283.951472328,283.951484917,283.953807952,283.953820514,15.49740846,-58.73027250,15.49740846,-58.69911986,15.49740846,-58.69958853,15.50853934,-58.72991486,15.50853934,-58.72991486,15.50555160,-58.73190421
Honolulu,21.31,-157.86,5.0,2026-09-04T20:00:00,2461288.333333334,star_ori_betelgeuse,STAR,88.793000,7.407000,0.5,283.951472328,283.951484917,283.953807952,283.953820514,254.27125441,51.74811168,254.27125441,51.76080320,254.27125441,51.76062768,254.26626434,51.75873848,254.26626434,51.75873218,254.26792652,51.76187555
Honolulu,21.31,-157.86,5.0,2026-09-04T20:00:00,2461288.333333334,star_ori_rigel,STAR,78.634000,-8.202000,0.13,283.951472328,283.951484917,283.953807952,283.953820514,242.53962052,35.14685872,242.53962052,35.16967951,242.53962052,35.16936325,242.53522465,35.16614015,242.53522465,35.16612884,242.53620270,35.16926971
Honolulu,21.31,-157.86,5.0,2026-09-04T20:00:00,2461288.333333334,star_ori_bellatrix,STAR,81.283000,6.350000,1.64,283.951472328,283.951484917,283.953807952,283.953820514,257.49498263,44.53028931,257.49498263,44.54664404,257.49498263,44.54641771,257.49065604,44.54415029,257.49065604,44.54414218,257.49238185,44.54724922
Honolulu,21.31,-157.86,5.0,2026-09-04T20:00:00,2461288.333333334,star_ori_saiph,STAR,86.939000,-9.670000,2.07,283.951472328,283.951484917,283.953807952,283.953820514,234.84748436,40.87602260,234.84748436,40.89460383,234.84748436,40.89434658,234.84268385,40.89122130,234.84268385,40.89121208,234.84325083,40.89429207
Honolulu,21.31,-157.86,5.0,2026-09-04T20:00:00,2461288.333333334,star_ori_alnitak,STAR,85.190000,-1.940000,1.77,283.951472328,283.951484917,283.953807952,283.953820514,244.70374081,44.03709501,244.70374081,44.05373299,244.70374081,44.05350273,244.69901211,44.05081178,244.69901211,44.05080353,244.70003816,44.05395827
Honolulu,21.31,-157.86,5.0,2026-09-04T20:00:00,2461288.333333334,star_ori_alnilam,STAR,84.053000,-1.202000,1.69,283.951472328,283.951484917,283.953807952,283.953820514,246.40536847,43.46667333,246.40536847,43.48364520,246.40536847,43.48341031,246.40071994,43.48073507,246.40071994,43.48072664,246.40183905,43.48388354
Honolulu,21.31,-157.86,5.0,2026-09-04T20:00:00,2461288.333333334,star_ori_mintaka,STAR,83.002000,-0.299000,2.23,283.951472328,283.951484917,283.953807952,283.953820514,248.20969519,43.02821914,248.20969519,43.04545243,248.20969519,43.04521391,248.20512584,43.04256532,248.20512584,43.04255677,248.20634000,43.04571305
Honolulu,21.31,-157.86,5.0,2026-09-04T20:00:00,2461288.333333334,star_tau_aldebaran,STAR,68.980000,16.509000,0.85,283.951472328,283.951484917,283.953807952,283.953820514,275.31200004,36.40578728,275.31200004,36.42758034,275.31200004,36.42727840,275.30898126,36.42505425,275.30898126,36.42504344,275.31125878,36.42781743
Honolulu,21.31,-157.86,5.0,2026-09-04T20:00:00,2461288.333333334,star_tau_elnath,STAR,81.573000,28.608000,1.65,283.951472328,283.951484917,283.953807952,283.953820514,289.58662755,49.58647771,289.58662755,49.60018278,289.58662755,49.59999320,289.58364418,49.59913552,289.58364418,49.59912872,289.58734795,49.60145550
Honolulu,21.31,-157.86,5.0,2026-09-04T20:00:00,2461288.333333334,star_aur_capella,STAR,79.172000,45.998000,0.08,283.951472328,283.951484917,283.953807952,283.953820514,314.62602018,45.02390975,314.62602018,45.03998586,314.62602018,45.03976340,314.62499699,45.03928732,314.62499699,45.03927934,314.62912671,45.04046232
Honolulu,21.31,-157.86,5.0,2026-09-04T20:00:00,2461288.333333334,star_umi_polaris,STAR,37.954000,89.264000,1.98,283.951472328,283.951484917,283.953807952,283.953820514,359.33711171,21.42589609,359.33711171,21.46658352,359.33711171,21.46601600,359.33914189,21.46598664,359.33914189,21.46596655,359.34147191,21.46477266
Honolulu,21.31,-157.86,5.0,2026-09-04T20:00:00,2461288.333333334,star_uma_dubhe,STAR,165.932000,61.751000,1.79,283.951472328,283.951484917,283.953807952,283.953820514,24.07099712,41.13584186,24.07099712,41.15425432,24.07099712,41.15399942,24.07334601,41.15395952,24.07334601,41.15395038,24.07642683,41.15155529
Honolulu,21.31,-157.86,5.0,2026-09-04T20:00:00,2461288.333333334,star_uma_merak,STAR,165.460000,56.380000,2.37,283.951472328,283.951484917,283.953807952,283.953820514,29.85595170,44.43813827,29.85595170,44.45454554,29.85595170,44.45431849,29.85845945,44.45421055,29.85845945,44.45420240,29.86153298,44.45160104
Honolulu,21.31,-157.86,5.0,2026-09-04T20:00:00,2461288.333333334,star_uma_alioth,STAR,193.507000,55.960000,1.77,283.951472328,283.951484917,283.953807952,283.953820514,36.86463279,29.94989322,36.86463279,29.97773894,36.86463279,29.97735249,36.86690700,29.97743078,36.86690700,29.97741698,36.86900474,29.97459829
Honolulu,21.31,-157.86,5.0,2026-09-04T20:00:00,2461288.333333334,star_uma_mizar,STAR,200.981000,54.925000,2.23,283.951472328,283.951484917,283.953807952,283.953820514,38.23094931,25.75876166,38.23094931,25.79195236,38.23094931,25.79149088,38.23319108,25.79176595,38.23319108,25.79174953,38.23510475,25.78891117
Honolulu,21.31,-157.86,5.0,2026-09-04T20:00:00,2461288.333333334,star_uma_alkaid,STAR,206.885000,49.313000,1.85,283.951472328,283.951484917,283.953807952,283.953820514,44.02241358,21.69917394,44.02241358,21.73930754,44.02241358,21.73874789,44.02455061,21.73928760,44.02455061,21.73926777,44.02621671,21.73633054
Honolulu,21.31,-157.86,5.0,2026-09-04T20:00:00,2461288.333333334,star_cas_schedar,STAR,10.127000,56.537000,2.24,283.951472328,283.951484917,283.953807952,283.953820514,330.18900215,4.74776972,330.18900215,4.90696238,330.18900215,4.90421709,330.19065960,4.90931351,330.19065960,4.90923418,330.19208691,4.91612572
Honolulu,21.31,-157.86,5.0,2026-09-04T20:00:00,2461288.333333334,star_cas_caph,STAR,2.293000,59.150000,2.28,283.951472328,283.951484917,283.953807952,283.953820514,334.74927213,2.88688711,334.74927213,3.07234532,334.74927213,3.06717487,334.75124372,3.11303634,334.75124372,3.11292608,334.75256812,3.12871050
Honolulu,21.31,-157.86,5.0,2026-09-04T20:00:00,2461288.333333334,star_per_mirfak,STAR,51.080000,49.860000,1.79,283.951472328,283.951484917,283.953807952,283.953820514,316.38388605,25.98190115,316.38388605,26.01476810,316.38388605,26.01431118,316.38381704,26.01294531,316.38381704,26.01292904,316.38644220,26.01403436
Honolulu,21.31,-157.86,5.0,2026-09-04T20:00:00,2461288.333333334,star_per_algol,STAR,47.040000,40.960000,2.12,283.951472328,283.951484917,283.953807952,283.953820514,307.04264533,22.17325089,307.04264533,22.21245363,307.04264533,22.21190720,307.04218130,22.21010582,307.04218130,22.21008645,307.04447521,22.21169863
Honolulu,21.31,-157.86,5.0,2026-09-04T20:00:00,2461288.333333334,star_boo_arcturus,STAR,213.915000,19.182000,-0.05,283.951472328,283.951484917,283.953807952,283.953820514,72.76571144,8.47370701,72.76571144,8.57531006,72.76571144,8.57381035,72.76662223,8.57594015,72.76662223,8.57589067,72.76773886,8.57441120
Honolulu,21.31,-157.86,5.0,2026-09-04T20:00:00,2461288.333333334,star_vir_spica,STAR,201.298000,-11.161000,0.98,283.951472328,283.951484917,283.953807952,283.953820514,105.95221926,9.01470129,105.95221926,9.11081443,105.95221926,9.10940692,105.95100545,9.11060935,105.95100545,9.11056250,105.95184969,9.10950140
Honolulu,21.31,-157.86,5.0,2026-09-04T20:00:00,2461288.333333334,star_sco_antares,STAR,247.352000,-26.432000,0.96,283.951472328,283.951484917,283.953807952,283.953820514,107.81627776,-36.86131447,107.81627776,-36.75063697,107.81627776,-36.75287191,107.81291097,-36.85919851,107.81291097,-36.85919851,107.81564016,-36.86163690
Honolulu,21.31,-157.86,5.0,2026-09-04T20:00:00,2461288.333333334,star_sco_shaula,STAR,263.402000,-37.104000,1.62,283.951472328,283.951484917,283.953807952,283.953820514,122.97751744,-50.29281658,122.97751744,-50.23352835,122.97751744,-50.23451907,122.97065602,-50.29023854,122.97065602,-50.29023854,122.97501476,-50.29204578
Honolulu,21.31,-157.86,5.0,2026-09-04T20:00:00,2461288.333333334,star_leo_regulus,STAR,152.093000,11.967000,1.36,283.951472328,283.951484917,283.953807952,283.953820514,106.36821137,63.07552398,106.36821137,63.08370378,106.36821137,63.08359071,106.37032126,63.08106091,106.37032126,63.08105685,106.36749353,63.07854063
Honolulu,21.31,-157.86,5.0,2026-09-04T20:00:00,2461288.333333334,star_gem_pollux,STAR,116.329000,28.026000,1.14,283.951472328,283.951484917,283.953807952,283.953820514,309.91718496,79.21294052,309.91718496,79.21601013,309.91718496,79.21596771,309.91135887,79.21764366,309.91135887,79.21764214,309.92750043,79.21910930
Honolulu,21.31,-157.86,5.0,2026-09-04T20:00:00,2461288.333333334,star_gem_castor,STAR,113.650000,31.888000,1.58,283.951472328,283.951484917,283.953807952,283.953820514,316.94338161,74.98191400,316.94338161,74.98623623,316.94338161,74.98617650,316.94013760,74.98769797,316.94013760,74.98769583,316.95252861,74.98879737
Honolulu,21.31,-157.86,5.0,2026-09-04T20:00:00,2461288.333333334,star_psa_fomalhaut,STAR,344.413000,-29.622000,1.17,283.951472328,283.951484917,283.953807952,283.953820514,248.76352498,-54.27632442,248.76352498,-54.23112715,248.76352498,-54.23184444,248.75838862,-54.28456708,248.75838862,-54.28456708,248.75943185,-54.28135724
Honolulu,21.31,-157.86,5.0,2026-09-04T20:00:00,2461288.333333334,star_eri_achernar,STAR,24.429000,-57.237000,0.45,283.951472328,283.951484917,283.953807952,283.953820514,215.62416682,-23.90405951,215.62416682,-23.75138862,215.62416682,-23.75506595,215.61788770,-23.91081924,215.61788770,-23.91081924,215.61979657,-23.90808451
Honolulu,21.31,-157.86,5.0,2026-09-04T20:00:00,2461288.333333334,dso_m31_andromeda,GALAXY,10.684000,41.269000,3.44,283.951472328,283.951484917,283.953807952,283.953820514,317.11754755,-3.16787992,317.11754755,-2.98370319,317.11754755,-2.98890684,317.11890823,-3.17278605,317.11890823,-3.17278605,317.11990394,-3.17168230
Honolulu,21.31,-157.86,5.0,2026-09-04T20:00:00,2461288.333333334,dso_lmc,GALAXY,80.894000,-69.756000,0.9,283.951472328,283.951484917,283.953807952,283.953820514,194.34381196,-6.52507042,194.34381196,-6.34296670,194.34381196,-6.34806005,194.33797819,-6.53064349,194.33797819,-6.53064349,194.33943410,-6.52870595
Honolulu,21.31,-157.86,5.0,2026-09-04T20:00:00,2461288.333333334,dso_smc,GALAXY,13.187000,-72.829000,2.7,283.951472328,283.951484917,283.953807952,283.953820514,197.95778159,-26.98467524,197.95778159,-26.84061646,197.95778159,-26.84395342,197.95052156,-26.99021428,197.95052156,-26.99021428,197.95292367,-26.98811924
Honolulu,21.31,-157.86,5.0,2026-09-04T20:00:00,2461288.333333334,dso_m33_triangulum,GALAXY,23.462000,30.660000,5.72,283.951472328,283.951484917,283.953807952,283.953820514,302.90900278,0.93365462,302.90900278,1.11888925,302.90900278,1.11364159,302.90921526,1.29256247,302.90921526,1.29238765,302.91042110,1.34477911
Honolulu,21.31,-157.86,5.0,2026-09-04T20:00:00,2461288.333333334,dso_m45_pleiades,STAR_CLUSTER,56.871000,24.105000,1.6,283.951472328,283.951484917,283.953807952,283.953820514,287.11715386,27.12460714,287.11715386,27.15589230,287.11715386,27.15545762,287.11524299,27.15311742,287.11524299,27.15310193,287.11746064,27.15552076
Honolulu,21.31,-157.86,5.0,2026-09-04T20:00:00,2461288.333333334,dso_hyades,STAR_CLUSTER,66.750000,15.870000,0.5,283.951472328,283.951484917,283.953807952,283.953820514,275.23777989,34.17197905,275.23777989,34.19564021,275.23777989,34.19531223,275.23486423,34.19295105,275.23486423,34.19293932,275.23705077,34.19571523
Honolulu,21.31,-157.86,5.0,2026-09-04T20:00:00,2461288.333333334,dso_m44_beehive,STAR_CLUSTER,130.100000,19.670000,3.7,283.951472328,283.951484917,283.953807952,283.953820514,112.09245121,85.53902407,112.09245121,85.54028106,112.09245121,85.54026369,112.11120764,85.53812658,112.11120764,85.53812597,112.08335364,85.53585416
Honolulu,21.31,-157.86,5.0,2026-09-04T20:00:00,2461288.333333334,dso_double_cluster,STAR_CLUSTER,34.740000,57.130000,3.7,283.951472328,283.951484917,283.953807952,283.953820514,325.48474956,17.33537038,325.48474956,17.38625336,325.48474956,17.38553974,325.48556523,17.38442084,325.48556523,17.38439578,325.48770921,17.38516954
Honolulu,21.31,-157.86,5.0,2026-09-04T20:00:00,2461288.333333334,dso_coma_cluster,STAR_CLUSTER,185.600000,26.100000,1.8,283.951472328,283.951484917,283.953807952,283.953820514,72.60545132,35.44494330,72.60545132,35.46751510,72.60545132,35.46720231,72.60700570,35.46641422,72.60700570,35.46640302,72.60795412,35.46315227
Honolulu,21.31,-157.86,5.0,2026-09-04T20:00:00,2461288.333333334,dso_omega_centauri,GLOBULAR_CLUSTER,201.700000,-47.470000,3.9,283.951472328,283.951484917,283.953807952,283.953820514,138.80431982,-6.69008339,138.80431982,-6.50811006,138.80431982,-6.51319633,138.80014511,-6.69225202,138.80014511,-6.69225202,138.80166542,-6.69326682
Honolulu,21.31,-157.86,5.0,2026-09-04T20:00:00,2461288.333333334,dso_47_tucanae,GLOBULAR_CLUSTER,6.020000,-72.080000,4.1,283.951472328,283.951484917,283.953807952,283.953820514,197.98190705,-29.26969811,197.98190705,-29.13264054,197.98190705,-29.13572010,197.97441925,-29.27518628,197.97441925,-29.27518628,197.97694569,-29.27309022
Honolulu,21.31,-157.86,5.0,2026-09-04T20:00:00,2461288.333333334,dso_m13_hercules,GLOBULAR_CLUSTER,250.420000,36.460000,5.8,283.951472328,283.951484917,283.953807952,283.953820514,42.66866073,-12.10201327,42.66866073,-11.92584226,42.66866073,-11.93061605,42.67145009,-12.10213078,42.67145009,-12.10213078,42.67232679,-12.10505144
Honolulu,21.31,-157.86,5.0,2026-09-04T20:00:00,2461288.333333334,dso_m42_orion_nebula,NEBULA,83.822000,-5.391000,4.0,283.951472328,283.951484917,283.953807952,283.953820514,241.83300333,40.98807658,241.83300333,41.00658481,241.83300333,41.00632857,241.82835433,41.00338445,241.82835433,41.00337526,241.82925482,41.00651577
Honolulu,21.31,-157.86,5.0,2026-09-04T20:00:00,2461288.333333334,dso_m8_lagoon,NEBULA,270.920000,-24.380000,6.0,283.951472328,283.951484917,283.953807952,283.953820514,102.23572883,-57.90174525,102.23572883,-57.86814202,102.23572883,-57.86865242,102.23148352,-57.89739914,102.23148352,-57.89739914,102.23558287,-57.90002914
Honolulu,21.31,-157.86,5.0,2026-09-04T20:00:00,2461288.333333334,dso_eta_carinae_nebula,NEBULA,161.260000,-59.870000,1.0,283.951472328,283.951484917,283.953807952,283.953820514,163.12645049,3.71324494,163.12645049,3.89310951,163.12645049,3.88947134,163.12167433,3.90557168,163.12167433,3.90547742,163.12263008,3.91615077
Quito,0.0,-78.5,2850.0,2026-09-04T20:00:00,2461288.333333334,star_cma_sirius,STAR,101.287000,-16.716000,-1.46,283.951472328,283.951484917,283.953807952,283.953820514,252.78655761,-13.27087083,252.78655761,-13.09635190,252.78655761,-13.14042174,252.78106005,-13.26965469,252.78106005,-13.26965469,252.78326975,-13.26798396
Quito,0.0,-78.5,2850.0,2026-09-04T20:00:00,2461288.333333334,star_cma_adhara,STAR,104.656000,-28.972000,1.5,283.951472328,283.951484917,283.953807952,283.953820514,240.58094467,-9.20357354,240.58094467,-9.02392300,240.58094467,-9.06933437,240.57509165,-9.20140714,240.57509165,-9.20140714,240.57716489,-9.20030258
Quito,0.0,-78.5,2850.0,2026-09-04T20:00:00,2461288.333333334,star_cma_wezen,STAR,107.098000,-26.393000,1.83,283.951472328,283.951484917,283.953807952,283.953820514,243.33979665,-7.23634061,243.33979665,-7.05481822,243.33979665,-7.10071741,243.33417829,-7.23424230,243.33417829,-7.23424230,243.33614636,-7.23300443
Quito,0.0,-78.5,2850.0,2026-09-04T20:00:00,2461288.333333334,star_cma_mirzam,STAR,95.675000,-17.956000,1.98,283.951472328,283.951484917,283.953807952,283.953820514,251.01932968,-18.49980637,251.01932968,-18.33448260,251.01932968,-18.37614506,251.01338340,-18.49882167,251.01338340,-18.49882167,251.01585672,-18.49722883
Quito,0.0,-78.5,2850.0,2026-09-04T20:00:00,2461288.333333334,star_cmi_procyon,STAR,114.825000,5.225000,0.34,283.951472328,283.951484917,283.953807952,283.953820514,275.16576919,-0.27476151,275.16576919,-0.08967149,275.16576919,-0.13648864,275.16229140,0.24349333,275.16229140,0.11610213,275.16391972,0.36559926
Quito,0.0,-78.5,2850.0,2026-09-04T20:00:00,2461288.333333334,star_car_canopus,STAR,95.987000,-52.695000,-0.74,283.951472328,283.951484917,283.953807952,283.953820514,215.70849427,-11.56566085,215.70849427,-11.38878006,215.70849427,-11.43346781,215.70187925,-11.56195268,215.70187925,-11.56195268,215.70411358,-11.56212655
Quito,0.0,-78.5,2850.0,2026-09-04T20:00:00,2461288.333333334,star_car_miaplacidus,STAR,138.300000,-69.720000,1.67,283.951472328,283.951484917,283.953807952,283.953820514,198.69696153,7.71224784,198.69696153,7.82258227,198.69696153,7.79467792,198.69147350,7.82871460,198.69147350,7.80115766,198.69271190,7.82977912
Quito,0.0,-78.5,2850.0,2026-09-04T20:00:00,2461288.333333334,star_cen_rigil_kent,STAR,219.900000,-60.833000,-0.01,283.951472328,283.951484917,283.953807952,283.953820514,171.84339004,27.97595800,171.84339004,28.00614102,171.84339004,27.99841345,171.83902667,28.01133514,171.83902667,28.00366556,171.83956154,28.00907293
Quito,0.0,-78.5,2850.0,2026-09-04T20:00:00,2461288.333333334,star_cen_hadar,STAR,210.956000,-60.373000,0.61,283.951472328,283.951484917,283.953807952,283.953820514,176.63144206,29.31963044,176.63144206,29.34819176,176.63144206,29.34087864,176.62695504,29.35321412,176.62695504,29.34595398,176.62732831,29.35112612
Quito,0.0,-78.5,2850.0,2026-09-04T20:00:00,2461288.333333334,star_lyr_vega,STAR,279.234000,38.783000,0.03,283.951472328,283.951484917,283.953807952,283.953820514,50.08177693,12.39644728,50.08177693,12.46766722,50.08177693,12.44951510,50.08355828,12.47284087,50.08355828,12.45494328,50.08582730,12.47275993
Quito,0.0,-78.5,2850.0,2026-09-04T20:00:00,2461288.333333334,star_cyg_deneb,STAR,310.358000,45.280000,1.25,283.951472328,283.951484917,283.953807952,283.953820514,43.61011125,-10.56977299,43.61011125,-10.39165407,43.61011125,-10.43666547,43.61323884,-10.56586675,43.61323884,-10.56586675,43.61430025,-10.56610757
Quito,0.0,-78.5,2850.0,2026-09-04T20:00:00,2461288.333333334,star_cyg_sadr,STAR,305.557000,40.260000,2.23,283.951472328,283.951484917,283.953807952,283.953820514,49.18683927,-7.86875033,49.18683927,-7.68778719,49.18683927,-7.73354079,49.18966627,-7.86451193,49.18966627,-7.86451193,49.19087790,-7.86504280
Quito,0.0,-78.5,2850.0,2026-09-04T20:00:00,2461288.333333334,star_cyg_albireo,STAR,292.680000,27.960000,3.05,283.951472328,283.951484917,283.953807952,283.953820514,61.95783923,2.20640908,61.95783923,2.39164523,61.95783923,2.34479868,61.95969801,2.47610754,61.95969801,2.41081874,61.96142522,2.49756011
Quito,0.0,-78.5,2850.0,2026-09-04T20:00:00,2461288.333333334,star_aql_altair,STAR,297.696000,8.868000,0.76,283.951472328,283.951484917,283.953807952,283.953820514,81.05266015,-2.53802663,81.05266015,-2.35358275,81.05266015,-2.40023738,81.05379966,-2.53227509,81.05379966,-2.53227509,81.05532124,-2.53428800
Quito,0.0,-78.5,2850.0,2026-09-04T20:00:00,2461288.333333334,star_ori_betelgeuse,STAR,88.793000,7.407000,0.5,283.951472328,283.951484917,283.953807952,283.953820514,278.25824753,-26.06240276,278.25824753,-25.91566323,278.25824753,-25.95247197,278.25401248,-26.06348412,278.25401248,-26.06348412,278.25638487,-26.06090095
Quito,0.0,-78.5,2850.0,2026-09-04T20:00:00,2461288.333333334,star_ori_rigel,STAR,78.634000,-8.202000,0.13,283.951472328,283.951484917,283.953807952,283.953820514,259.87688111,-36.06861704,259.87688111,-35.95500314,259.87688111,-35.98324379,259.87008336,-36.06955362,259.87008336,-36.06955362,259.87335992,-36.06758722
Quito,0.0,-78.5,2850.0,2026-09-04T20:00:00,2461288.333333334,star_ori_bellatrix,STAR,81.283000,6.350000,1.64,283.951472328,283.951484917,283.953807952,283.953820514,277.65982841,-33.57415821,277.65982841,-33.45154616,277.65982841,-33.48210182,277.65510281,-33.57589779,277.65510281,-33.57589779,277.65776166,-33.57333084
Quito,0.0,-78.5,2850.0,2026-09-04T20:00:00,2461288.333333334,star_ori_saiph,STAR,86.939000,-9.670000,2.07,283.951472328,283.951484917,283.953807952,283.953820514,259.07198149,-27.76314882,259.07198149,-27.62141878,259.07198149,-27.65692413,259.06589089,-27.76335798,259.06589089,-27.76335798,259.06872262,-27.76142370
Quito,0.0,-78.5,2850.0,2026-09-04T20:00:00,2461288.333333334,star_ori_alnitak,STAR,85.190000,-1.940000,1.77,283.951472328,283.951484917,283.953807952,283.953820514,267.78116367,-29.90743005,267.78116367,-29.77241383,267.78116367,-29.80617636,267.77567037,-29.90834266,267.77567037,-29.90834266,267.77843064,-29.90608221
Quito,0.0,-78.5,2850.0,2026-09-04T20:00:00,2461288.333333334,star_ori_alnilam,STAR,84.053000,-1.202000,1.69,283.951472328,283.951484917,283.953807952,283.953820514,268.61981547,-31.05363015,268.61981547,-30.92237328,268.61981547,-30.95516206,268.61431677,-31.05468858,268.61431677,-31.05468858,268.61711038,-31.05239937
Quito,0.0,-78.5,2850.0,2026-09-04T20:00:00,2461288.333333334,star_ori_mintaka,STAR,83.002000,-0.299000,2.23,283.951472328,283.951484917,283.953807952,283.953820514,269.67331751,-32.10911826,269.67331751,-31.98142104,269.67331751,-32.01328925,269.66784309,-32.11032712,269.66784309,-32.11032712,269.67065954,-32.10800247
Quito,0.0,-78.5,2850.0,2026-09-04T20:00:00,2461288.333333334,star_tau_aldebaran,STAR,68.980000,16.509000,0.85,283.951472328,283.951484917,283.953807952,283.953820514,293.21338561,-43.67049394,293.21338561,-43.58594557,293.21338561,-43.60677825,293.21013859,-43.67372473,293.21013859,-43.67372473,293.21254075,-43.67083224
Quito,0.0,-78.5,2850.0,2026-09-04T20:00:00,2461288.333333334,star_tau_elnath,STAR,81.573000,28.608000,1.65,283.951472328,283.951484917,283.953807952,283.953820514,303.19876016,-28.94047127,303.19876016,-28.80237439,303.19876016,-28.83693603,303.19713634,-28.94240452,303.19713634,-28.94240452,303.19892528,-28.93941384
Quito,0.0,-78.5,2850.0,2026-09-04T20:00:00,2461288.333333334,star_aur_capella,STAR,79.172000,45.998000,0.08,283.951472328,283.951484917,283.953807952,283.953820514,321.95098940,-23.95562868,321.95098940,-23.80309379,321.95098940,-23.84141331,321.95132385,-23.95693192,321.95132385,-23.95693192,321.95264527,-23.95400200
Quito,0.0,-78.5,2850.0,2026-09-04T20:00:00,2461288.333333334,star_umi_polaris,STAR,37.954000,89.264000,1.98,283.951472328,283.951484917,283.953807952,283.953820514,359.77094981,-0.58490680,359.77094981,-0.39987638,359.77094981,-0.44667891,359.77298432,-0.01600166,359.77298432,-0.15574521,359.77458101,0.13489006
Quito,0.0,-78.5,2850.0,2026-09-04T20:00:00,2461288.333333334,star_uma_dubhe,STAR,165.932000,61.751000,1.79,283.951472328,283.951484917,283.953807952,283.953820514,341.16936598,21.64908160,341.16936598,21.68931575,341.16936598,21.67902270,341.17008334,21.69240615,341.17008334,21.68220697,341.17233879,21.69493497
Quito,0.0,-78.5,2850.0,2026-09-04T20:00:00,2461288.333333334,star_uma_merak,STAR,165.460000,56.380000,2.37,283.951472328,283.951484917,283.953807952,283.953820514,336.92024997,25.35449316,336.92024997,25.38828359,336.92024997,25.37963458,336.92075373,25.39131743,336.92075373,25.38273764,336.92304083,25.39392207
Quito,0.0,-78.5,2850.0,2026-09-04T20:00:00,2461288.333333334,star_uma_alioth,STAR,193.507000,55.960000,1.77,283.951472328,283.951484917,283.953807952,283.953820514,352.18504045,33.38328093,352.18504045,33.40765297,352.18504045,33.40141102,352.18605000,33.41063882,352.18605000,33.40443788,352.18902579,33.41276126
Quito,0.0,-78.5,2850.0,2026-09-04T20:00:00,2461288.333333334,star_uma_mizar,STAR,200.981000,54.925000,2.23,283.951472328,283.951484917,283.953807952,283.953820514,357.03497829,35.10245207,357.03497829,35.12531026,357.03497829,35.11945558,357.03610781,35.12826904,357.03610781,35.12245171,357.03929907,35.13021015
Quito,0.0,-78.5,2850.0,2026-09-04T20:00:00,2461288.333333334,star_uma_alkaid,STAR,206.885000,49.313000,1.85,283.951472328,283.951484917,283.953807952,283.953820514,1.46207905,40.79550297,1.46207905,40.81413686,1.46207905,40.80936325,1.46329329,40.81692368,1.46329329,40.81217845,1.46697071,40.81869120
Quito,0.0,-78.5,2850.0,2026-09-04T20:00:00,2461288.333333334,star_cas_schedar,STAR,10.127000,56.537000,2.24,283.951472328,283.951484917,283.953807952,283.953820514,9.61596824,-32.05281344,9.61596824,-31.92492406,9.61596824,-31.95684193,9.62065922,-32.05211291,9.62065922,-32.05211291,9.62063973,-32.05063725
Quito,0.0,-78.5,2850.0,2026-09-04T20:00:00,2461288.333333334,star_cas_caph,STAR,2.293000,59.150000,2.28,283.951472328,283.951484917,283.953807952,283.953820514,12.95836754,-28.07733437,12.95836754,-27.93656095,12.95836754,-27.97181769,12.96276724,-28.07615133,12.96276724,-28.07615133,12.96294707,-28.07483087
Quito,0.0,-78.5,2850.0,2026-09-04T20:00:00,2461288.333333334,star_per_mirfak,STAR,51.080000,49.860000,1.79,283.951472328,283.951484917,283.953807952,283.953820514,339.70059036,-35.29287512,339.70059036,-35.17642130,339.70059036,-35.20539153,339.70330688,-35.29449528,339.70330688,-35.29449528,339.70384132,-35.29191001
Quito,0.0,-78.5,2850.0,2026-09-04T20:00:00,2461288.333333334,star_per_algol,STAR,47.040000,40.960000,2.12,283.951472328,283.951484917,283.953807952,283.953820514,336.70794412,-44.34396272,336.70794412,-44.26203210,336.70794412,-44.28220307,336.71114991,-44.34651744,336.71114991,-44.34651744,336.71140480,-44.34385560
Quito,0.0,-78.5,2850.0,2026-09-04T20:00:00,2461288.333333334,star_boo_arcturus,STAR,213.915000,19.182000,-0.05,283.951472328,283.951484917,283.953807952,283.953820514,23.82041217,69.08584954,23.82041217,69.09200543,23.82041217,69.09042789,23.82293260,69.09307444,23.82293260,69.09150840,23.83214515,69.09384008
Quito,0.0,-78.5,2850.0,2026-09-04T20:00:00,2461288.333333334,star_vir_spica,STAR,201.298000,-11.161000,0.98,283.951472328,283.951484917,283.953807952,283.953820514,198.37317800,78.08476033,198.37317800,78.08815994,198.37317800,78.08728872,198.36478043,78.08929025,198.36478043,78.08842856,198.35306983,78.08822139
Quito,0.0,-78.5,2850.0,2026-09-04T20:00:00,2461288.333333334,star_sco_antares,STAR,247.352000,-26.432000,0.96,283.951472328,283.951484917,283.953807952,283.953820514,126.51636782,41.44190971,126.51636782,41.46012557,126.51636782,41.45545898,126.51390840,41.46370051,126.51390840,41.45906164,126.51564473,41.46063641
Quito,0.0,-78.5,2850.0,2026-09-04T20:00:00,2461288.333333334,star_sco_shaula,STAR,263.402000,-37.104000,1.62,283.951472328,283.951484917,283.953807952,283.953820514,131.62677187,24.69054600,131.62677187,24.72536022,131.62677187,24.71644984,131.62421934,24.73101624,131.62421934,24.72217975,131.62577685,24.72797460
Quito,0.0,-78.5,2850.0,2026-09-04T20:00:00,2461288.333333334,star_leo_regulus,STAR,152.093000,11.967000,1.36,283.951472328,283.951484917,283.953807952,283.953820514,284.70399733,36.08064599,284.70399733,36.10269860,284.70399733,36.09705003,284.70188321,36.10602206,284.70188321,36.10040907,284.70260140,36.10869171
Quito,0.0,-78.5,2850.0,2026-09-04T20:00:00,2461288.333333334,star_gem_pollux,STAR,116.329000,28.026000,1.14,283.951472328,283.951484917,283.953807952,283.953820514,297.96746636,1.13658712,297.96746636,1.32183237,297.96746636,1.27497943,297.96564622,1.48167851,297.96564622,1.39684740,297.96725512,1.52824188
Quito,0.0,-78.5,2850.0,2026-09-04T20:00:00,2461288.333333334,star_gem_castor,STAR,113.650000,31.888000,1.58,283.951472328,283.951484917,283.953807952,283.953820514,301.83689664,-1.17094047,301.83689664,-0.98604773,301.83689664,-1.03281602,301.83534199,-0.50564746,301.83534199,-0.66940507,301.83697002,-1.16745710
Quito,0.0,-78.5,2850.0,2026-09-04T20:00:00,2461288.333333334,star_psa_fomalhaut,STAR,344.413000,-29.622000,1.17,283.951472328,283.951484917,283.953807952,283.953820514,130.93724037,-41.32486998,130.93724037,-41.23120818,130.93724037,-41.25435174,130.93450293,-41.31633049,130.93450293,-41.31633049,130.93621167,-41.31933499
Quito,0.0,-78.5,2850.0,2026-09-04T20:00:00,2461288.333333334,star_eri_achernar,STAR,24.429000,-57.237000,0.45,283.951472328,283.951484917,283.953807952,283.953820514,179.50384968,-32.90088022,179.50384968,-32.77591125,179.50384968,-32.80707488,179.49633087,-32.89465952,179.49633087,-32.89465952,179.49945117,-32.89657254
Quito,0.0,-78.5,2850.0,2026-09-04T20:00:00,2461288.333333334,dso_m31_andromeda,GALAXY,10.684000,41.269000,3.44,283.951472328,283.951484917,283.953807952,283.953820514,15.74121102,-46.58319656,15.74121102,-46.50992477,15.74121102,-46.52791371,15.74849293,-46.58276438,15.74849293,-46.58276438,15.74719479,-46.58157669
Quito,0.0,-78.5,2850.0,2026-09-04T20:00:00,2461288.333333334,dso_lmc,GALAXY,80.894000,-69.756000,0.9,283.951472328,283.951484917,283.953807952,283.953820514,196.91057257,-11.35368843,196.91057257,-11.17653543,196.91057257,-11.22129436,196.90411950,-11.34873335,196.90411950,-11.34873335,196.90629886,-11.34986501
Quito,0.0,-78.5,2850.0,2026-09-04T20:00:00,2461288.333333334,dso_smc,GALAXY,13.187000,-72.829000,2.7,283.951472328,283.951484917,283.953807952,283.953820514,176.28668989,-16.92959838,176.28668989,-16.76119978,176.28668989,-16.80366722,176.28066673,-16.92331871,176.28066673,-16.92331871,176.28295894,-16.92535881
Quito,0.0,-78.5,2850.0,2026-09-04T20:00:00,2461288.333333334,dso_m33_triangulum,GALAXY,23.462000,30.660000,5.72,283.951472328,283.951484917,283.953807952,283.953820514,2.69680276,-59.16410703,2.69680276,-59.13420549,2.69680276,-59.14143121,2.70657063,-59.16581851,2.70657063,-59.16581851,2.70413311,-59.16403824
Quito,0.0,-78.5,2850.0,2026-09-04T20:00:00,2461288.333333334,dso_m45_pleiades,STAR_CLUSTER,56.871000,24.105000,1.6,283.951472328,283.951484917,283.953807952,283.953820514,310.42922134,-50.81607704,310.42922134,-50.75870476,310.42922134,-50.77271468,310.42875395,-50.82010597,310.42875395,-50.82010597,310.43028350,-50.81710070
Quito,0.0,-78.5,2850.0,2026-09-04T20:00:00,2461288.333333334,dso_hyades,STAR_CLUSTER,66.750000,15.870000,0.5,283.951472328,283.951484917,283.953807952,283.953820514,293.23245593,-45.90508194,293.23245593,-45.82919866,293.23245593,-45.84784460,293.22911340,-45.90852954,293.22911340,-45.90852954,293.23157802,-45.90563678
Quito,0.0,-78.5,2850.0,2026-09-04T20:00:00,2461288.333333334,dso_m44_beehive,STAR_CLUSTER,130.100000,19.670000,3.7,283.951472328,283.951484917,283.953807952,283.953820514,290.21406112,14.13954780,290.21406112,14.20211540,290.21406112,14.18614849,290.21189718,14.20519565,290.21189718,14.18943337,290.21327335,14.20832081
Quito,0.0,-78.5,2850.0,2026-09-04T20:00:00,2461288.333333334,dso_double_cluster,STAR_CLUSTER,34.740000,57.130000,3.7,283.951472328,283.951484917,283.953807952,283.953820514,353.77371992,-32.21600119,353.77371992,-32.08866943,353.77371992,-32.12044321,353.77743351,-32.21651830,353.77743351,-32.21651830,353.77772010,-32.21438368
Quito,0.0,-78.5,2850.0,2026-09-04T20:00:00,2461288.333333334,dso_coma_cluster,STAR_CLUSTER,185.600000,26.100000,1.8,283.951472328,283.951484917,283.953807952,283.953820514,325.52960267,57.93678109,325.52960267,57.94686821,325.52960267,57.94428342,325.53008039,57.94944244,325.53008039,57.94687311,325.53306499,57.95228476
Quito,0.0,-78.5,2850.0,2026-09-04T20:00:00,2461288.333333334,dso_omega_centauri,GLOBULAR_CLUSTER,201.700000,-47.470000,3.9,283.951472328,283.951484917,283.953807952,283.953820514,183.05941032,42.29960023,183.05941032,42.31727746,183.05941032,42.31274876,183.05484209,42.32109249,183.05484209,42.31659055,183.05424830,42.31926641
Quito,0.0,-78.5,2850.0,2026-09-04T20:00:00,2461288.333333334,dso_47_tucanae,GLOBULAR_CLUSTER,6.020000,-72.080000,4.1,283.951472328,283.951484917,283.953807952,283.953820514,173.90029149,-17.04365784,173.90029149,-16.87547347,173.90029149,-16.91788482,173.89439600,-17.03724354,173.89439600,-17.03724354,173.89666640,-17.03937380
Quito,0.0,-78.5,2850.0,2026-09-04T20:00:00,2461288.333333334,dso_m13_hercules,GLOBULAR_CLUSTER,250.420000,36.460000,5.8,283.951472328,283.951484917,283.953807952,283.953820514,43.89349551,34.54098077,43.89349551,34.56431901,43.89349551,34.55834152,43.89476001,34.56768733,43.89476001,34.56174841,43.89844232,34.56736389
Quito,0.0,-78.5,2850.0,2026-09-04T20:00:00,2461288.333333334,dso_m42_orion_nebula,NEBULA,83.822000,-5.391000,4.0,283.951472328,283.951484917,283.953807952,283.953820514,263.72146335,-31.15004993,263.72146335,-31.01911443,263.72146335,-31.05182004,263.71549162,-31.15082875,263.71549162,-31.15082875,263.71840354,-31.14871429
Quito,0.0,-78.5,2850.0,2026-09-04T20:00:00,2461288.333333334,dso_m8_lagoon,NEBULA,270.920000,-24.380000,6.0,283.951472328,283.951484917,283.953807952,283.953820514,116.40621346,21.85193502,116.40621346,21.89176461,116.40621346,21.88157470,116.40456682,21.89766350,116.40456682,21.88756719,116.40645048,21.89472179
Quito,0.0,-78.5,2850.0,2026-09-04T20:00:00,2461288.333333334,dso_eta_carinae_nebula,NEBULA,161.260000,-59.870000,1.0,283.951472328,283.951484917,283.953807952,283.953820514,201.82663600,21.09321319,201.82663600,21.13459269,201.82663600,21.12400769,201.82157726,21.13989832,201.82157726,21.12941317,201.82208967,21.13900905
Sydney,-33.87,151.21,40.0,2026-09-04T20:00:00,2461288.333333334,star_cma_sirius,STAR,101.287000,-16.716000,-1.46,283.951472328,283.951484917,283.953807952,283.953820514,60.73242180,60.76116833,60.73242180,60.77018342,60.73242180,60.77002898,60.74187327,60.77349400,60.74187327,60.77345826,60.74117028,60.77075898
Sydney,-33.87,151.21,40.0,2026-09-04T20:00:00,2461288.333333334,star_cma_adhara,STAR,104.656000,-28.972000,1.5,283.951472328,283.951484917,283.953807952,283.953820514,87.28597658,64.24608843,87.28597658,64.25385878,87.28597658,64.25372567,87.30022970,64.25454844,87.30022970,64.25451764,87.29693480,64.25268730
Sydney,-33.87,151.21,40.0,2026-09-04T20:00:00,2461288.333333334,star_cma_wezen,STAR,107.098000,-26.393000,1.83,283.951472328,283.951484917,283.953807952,283.953820514,83.69935548,61.30657563,83.69935548,61.31539061,83.69935548,61.31523960,83.71174412,61.31638407,83.71174412,61.31634913,83.70925131,61.31437345
Sydney,-33.87,151.21,40.0,2026-09-04T20:00:00,2461288.333333334,star_cma_mirzam,STAR,95.675000,-17.956000,1.98,283.951472328,283.951484917,283.953807952,283.953820514,54.67211187,65.53567876,54.67211187,65.54300720,54.67211187,65.54288167,54.68244989,65.54709374,54.68244989,65.54706470,54.68185226,65.54424314
Sydney,-33.87,151.21,40.0,2026-09-04T20:00:00,2461288.333333334,star_cmi_procyon,STAR,114.825000,5.225000,0.34,283.951472328,283.951484917,283.953807952,283.953820514,52.02493300,35.67288852,52.02493300,35.69527233,52.02493300,35.69488819,52.02870165,35.69794438,52.02870165,35.69785570,52.02969901,35.69501074
Sydney,-33.87,151.21,40.0,2026-09-04T20:00:00,2461288.333333334,star_car_canopus,STAR,95.987000,-52.695000,-0.74,283.951472328,283.951484917,283.953807952,283.953820514,147.86356947,65.94359236,147.86356947,65.95078291,147.86356947,65.95065974,147.87375846,65.94474618,147.87375846,65.94471768,147.86919955,65.94588834
Sydney,-33.87,151.21,40.0,2026-09-04T20:00:00,2461288.333333334,star_car_miaplacidus,STAR,138.300000,-69.720000,1.67,283.951472328,283.951484917,283.953807952,283.953820514,156.04299740,40.71221531,156.04299740,40.73090385,156.04299740,40.73058333,156.04577031,40.72466758,156.04577031,40.72459348,156.04519016,40.72615309
Sydney,-33.87,151.21,40.0,2026-09-04T20:00:00,2461288.333333334,star_cen_rigil_kent,STAR,219.900000,-60.833000,-0.01,283.951472328,283.951484917,283.953807952,283.953820514,163.72621402,8.97361262,163.72621402,9.07012396,163.72621402,9.06839599,163.72601143,9.06588451,163.72601143,9.06550855,163.72727259,9.06913650
Sydney,-33.87,151.21,40.0,2026-09-04T20:00:00,2461288.333333334,star_cen_hadar,STAR,210.956000,-60.373000,0.61,283.951472328,283.951484917,283.953807952,283.953820514,159.71509592,10.93607103,159.71509592,11.01640715,159.71509592,11.01499030,159.71533077,11.01218590,159.71533077,11.01187208,159.71648505,11.01464717
Sydney,-33.87,151.21,40.0,2026-09-04T20:00:00,2461288.333333334,star_lyr_vega,STAR,279.234000,38.783000,0.03,283.951472328,283.951484917,283.953807952,283.953820514,291.23181740,-69.87952707,291.23181740,-69.87267554,291.23181740,-69.87278865,291.22586367,-69.88306724,291.22586367,-69.88306724,291.21953535,-69.88235558
Sydney,-33.87,151.21,40.0,2026-09-04T20:00:00,2461288.333333334,star_cyg_deneb,STAR,310.358000,45.280000,1.25,283.951472328,283.951484917,283.953807952,283.953820514,302.52682350,-46.68705284,302.52682350,-46.61417992,302.52682350,-46.61568345,302.52283372,-46.69124134,302.52283372,-46.69124134,302.52128351,-46.69111466
Sydney,-33.87,151.21,40.0,2026-09-04T20:00:00,2461288.333333334,star_cyg_sadr,STAR,305.557000,40.260000,2.23,283.951472328,283.951484917,283.953807952,283.953820514,294.47354961,-49.65375718,294.47354961,-49.59210687,294.47354961,-49.59333533,294.46900736,-49.65791848,294.46900736,-49.65791848,294.46716345,-49.65737300
Sydney,-33.87,151.21,40.0,2026-09-04T20:00:00,2461288.333333334,star_cyg_albireo,STAR,292.680000,27.960000,3.05,283.951472328,283.951484917,283.953807952,283.953820514,270.13333821,-57.25161366,270.13333821,-57.21603282,270.13333821,-57.21668589,270.12697654,-57.25520841,270.12697654,-57.25520841,270.12477610,-57.25349515
Sydney,-33.87,151.21,40.0,2026-09-04T20:00:00,2461288.333333334,star_aql_altair,STAR,297.696000,8.868000,0.76,283.951472328,283.951484917,283.953807952,283.953820514,247.77503792,-43.45906062,247.77503792,-43.37368995,247.77503792,-43.37552162,247.76889627,-43.46279907,247.76889627,-43.46279907,247.76898494,-43.46027749
Sydney,-33.87,151.21,40.0,2026-09-04T20:00:00,2461288.333333334,star_ori_betelgeuse,STAR,88.793000,7.407000,0.5,283.951472328,283.951484917,283.953807952,283.953820514,20.43739782,46.63773375,20.43739782,46.65293108,20.43739782,46.65267056,20.43771783,46.65741065,20.43771783,46.65735039,20.44014393,46.65445124
Sydney,-33.87,151.21,40.0,2026-09-04T20:00:00,2461288.333333334,star_ori_rigel,STAR,78.634000,-8.202000,0.13,283.951472328,283.951484917,283.953807952,283.953820514,8.60880691,64.06098179,8.60880691,64.06881635,8.60880691,64.06868214,8.60664708,64.07461762,8.60664708,64.07458657,8.61101446,64.07189980
Sydney,-33.87,151.21,40.0,2026-09-04T20:00:00,2461288.333333334,star_ori_bellatrix,STAR,81.283000,6.350000,1.64,283.951472328,283.951484917,283.953807952,283.953820514,9.89997154,49.28876901,9.89997154,49.30261868,9.89997154,49.30238131,9.89848685,49.30732044,9.89848685,49.30726552,9.90159343,49.30455117
Sydney,-33.87,151.21,40.0,2026-09-04T20:00:00,2461288.333333334,star_ori_saiph,STAR,86.939000,-9.670000,2.07,283.951472328,283.951484917,283.953807952,283.953820514,27.42855717,63.36300845,27.42855717,63.37108693,27.42855717,63.37094854,27.43154429,63.37661428,27.43154429,63.37658226,27.43395657,63.37360987
Sydney,-33.87,151.21,40.0,2026-09-04T20:00:00,2461288.333333334,star_ori_alnitak,STAR,85.190000,-1.940000,1.77,283.951472328,283.951484917,283.953807952,283.953820514,19.07250019,56.61591971,19.07250019,56.62653076,19.07250019,56.62634896,19.07288008,56.63176397,19.07288008,56.63172190,19.07575559,56.62883799
Sydney,-33.87,151.21,40.0,2026-09-04T20:00:00,2461288.333333334,star_ori_alnilam,STAR,84.053000,-1.202000,1.69,283.951472328,283.951484917,283.953807952,283.953820514,16.74809287,56.18935182,16.74809287,56.20013545,16.74809287,56.19995069,16.74795738,56.20536036,16.74795738,56.20531760,16.75098679,56.20246937
Sydney,-33.87,151.21,40.0,2026-09-04T20:00:00,2461288.333333334,star_ori_mintaka,STAR,83.002000,-0.299000,2.23,283.951472328,283.951484917,283.953807952,283.953820514,14.56537817,55.54161916,14.56537817,55.55266815,14.56537817,55.55247883,14.56476616,55.55785635,14.56476616,55.55781254,14.56791920,55.55500213
Sydney,-33.87,151.21,40.0,2026-09-04T20:00:00,2461288.333333334,star_tau_aldebaran,STAR,68.980000,16.509000,0.85,283.951472328,283.951484917,283.953807952,283.953820514,352.81551846,39.26308807,352.81551846,39.28275779,352.81551846,39.28242038,352.81177907,39.28627640,352.81177907,39.28619844,352.81505488,39.28398733
Sydney,-33.87,151.21,40.0,2026-09-04T20:00:00,2461288.333333334,star_tau_elnath,STAR,81.573000,28.608000,1.65,283.951472328,283.951484917,283.953807952,283.953820514,6.74055927,27.16502725,6.74055927,27.19625867,6.74055927,27.19572161,6.73907987,27.19929689,6.73907987,27.19917338,6.74143792,27.19659880
Sydney,-33.87,151.21,40.0,2026-09-04T20:00:00,2461288.333333334,star_aur_capella,STAR,79.172000,45.998000,0.08,283.951472328,283.951484917,283.953807952,283.953820514,3.17338744,10.00089234,3.17338744,10.08826749,3.17338744,10.08671715,3.17196375,10.09009756,3.17196375,10.08975691,3.17387265,10.08857682
Sydney,-33.87,151.21,40.0,2026-09-04T20:00:00,2461288.333333334,star_umi_polaris,STAR,37.954000,89.264000,1.98,283.951472328,283.951484917,283.953807952,283.953820514,359.64349887,-33.31647412,359.64349887,-33.19295611,359.64349887,-33.19596325,359.64321754,-33.31912803,359.64321754,-33.31912803,359.64370800,-33.32157714
Sydney,-33.87,151.21,40.0,2026-09-04T20:00:00,2461288.333333334,star_uma_dubhe,STAR,165.932000,61.751000,1.79,283.951472328,283.951484917,283.953807952,283.953820514,33.25393067,-29.89082630,33.25393067,-29.75575647,33.25393067,-29.75918527,33.25548146,-29.89236730,33.25548146,-29.89236730,33.25706105,-29.89536678
Sydney,-33.87,151.21,40.0,2026-09-04T20:00:00,2461288.333333334,star_uma_merak,STAR,165.460000,56.380000,2.37,283.951472328,283.951484917,283.953807952,283.953820514,38.98832959,-27.96118857,38.98832959,-27.82006041,38.98832959,-27.82372596,38.99007112,-27.96254333,38.99007112,-27.96254333,38.99181395,-27.96553662
Sydney,-33.87,151.21,40.0,2026-09-04T20:00:00,2461288.333333334,star_uma_alioth,STAR,193.507000,55.960000,1.77,283.951472328,283.951484917,283.953807952,283.953820514,42.57017743,-43.20103931,42.57017743,-43.11466506,42.57017743,-43.11652415,42.57266642,-43.20254859,42.57266642,-43.20254859,42.57467106,-43.20552279
Sydney,-33.87,151.21,40.0,2026-09-04T20:00:00,2461288.333333334,star_uma_mizar,STAR,200.981000,54.925000,2.23,283.951472328,283.951484917,283.953807952,283.953820514,43.61227650,-47.50085016,43.61227650,-47.43109095,43.61227650,-47.43251638,43.61508385,-47.50232951,43.61508385,-47.50232951,43.61720816,-47.50529597
Sydney,-33.87,151.21,40.0,2026-09-04T20:00:00,2461288.333333334,star_uma_alkaid,STAR,206.885000,49.313000,1.85,283.951472328,283.951484917,283.953807952,283.953820514,51.62946073,-51.70298201,51.62946073,-51.64881648,51.62946073,-51.64987100,51.63277643,-51.70414518,51.63277643,-51.70414518,51.63549837,-51.70701950
Sydney,-33.87,151.21,40.0,2026-09-04T20:00:00,2461288.333333334,star_cas_schedar,STAR,10.127000,56.537000,2.24,283.951472328,283.951484917,283.953807952,283.953820514,328.96433093,-15.69040418,328.96433093,-15.51976992,328.96433093,-15.52478849,328.96115140,-15.69322729,328.96115140,-15.69322729,328.96201161,-15.69444877
Sydney,-33.87,151.21,40.0,2026-09-04T20:00:00,2461288.333333334,star_cas_caph,STAR,2.293000,59.150000,2.28,283.951472328,283.951484917,283.953807952,283.953820514,328.65383635,-20.59732678,328.65383635,-20.43653420,328.65383635,-20.44105886,328.65083258,-20.60041433,328.65083258,-20.60041433,328.65143014,-20.60162095
Sydney,-33.87,151.21,40.0,2026-09-04T20:00:00,2461288.333333334,star_per_mirfak,STAR,51.080000,49.860000,1.79,283.951472328,283.951484917,283.953807952,283.953820514,345.04261525,3.60741773,345.04261525,3.78903167,345.04261525,3.78469898,345.03983238,3.80667456,345.03983238,3.80590741,345.04160735,3.81560323
Sydney,-33.87,151.21,40.0,2026-09-04T20:00:00,2461288.333333334,star_per_algol,STAR,47.040000,40.960000,2.12,283.951472328,283.951484917,283.953807952,283.953820514,339.10417582,10.85406209,339.10417582,10.93497356,339.10417582,10.93354589,339.10056560,10.93598713,339.10056560,10.93567124,339.10267197,10.93509427
Sydney,-33.87,151.21,40.0,2026-09-04T20:00:00,2461288.333333334,star_boo_arcturus,STAR,213.915000,19.182000,-0.05,283.951472328,283.951484917,283.953807952,283.953820514,101.57004174,-50.79142628,101.57004174,-50.73396412,101.57004174,-50.73509434,101.57208975,-50.79134163,101.57208975,-50.79134163,101.57709667,-50.79253180
Sydney,-33.87,151.21,40.0,2026-09-04T20:00:00,2461288.333333334,star_vir_spica,STAR,201.298000,-11.161000,0.98,283.951472328,283.951484917,283.953807952,283.953820514,121.73688888,-22.02034323,121.73688888,-21.86290006,121.73688888,-21.86726727,121.73814896,-22.02214223,121.73814896,-22.02214223,121.74099114,-22.02230984
Sydney,-33.87,151.21,40.0,2026-09-04T20:00:00,2461288.333333334,star_sco_antares,STAR,247.352000,-26.432000,0.96,283.951472328,283.951484917,283.953807952,283.953820514,172.40965220,-29.23116281,172.40965220,-29.09398307,172.40965220,-29.09749303,172.40729276,-29.23391115,172.40729276,-29.23391115,172.41005834,-29.23169990
Sydney,-33.87,151.21,40.0,2026-09-04T20:00:00,2461288.333333334,star_sco_shaula,STAR,263.402000,-37.104000,1.62,283.951472328,283.951484917,283.953807952,283.953820514,187.30496880,-18.54515479,187.30496880,-18.37992386,187.30496880,-18.38466525,187.30196580,-18.54939565,187.30196580,-18.54939565,187.30406320,-18.54673728
Sydney,-33.87,151.21,40.0,2026-09-04T20:00:00,2461288.333333334,star_leo_regulus,STAR,152.093000,11.967000,1.36,283.951472328,283.951484917,283.953807952,283.953820514,73.08170540,3.70183988,73.08170540,3.88190007,73.08170540,3.87769038,73.08474367,3.89783245,73.08474367,3.89707826,73.08625415,3.90586899
Sydney,-33.87,151.21,40.0,2026-09-04T20:00:00,2461288.333333334,star_gem_pollux,STAR,116.329000,28.026000,1.14,283.951472328,283.951484917,283.953807952,283.953820514,37.73105905,16.69665676,37.73105905,16.74954519,37.73105905,16.74862845,37.73266208,16.75197083,37.73266208,16.75176285,37.73424857,16.74910851
Sydney,-33.87,151.21,40.0,2026-09-04T20:00:00,2461288.333333334,star_gem_castor,STAR,113.650000,31.888000,1.58,283.951472328,283.951484917,283.953807952,283.953820514,33.49835042,14.77329739,33.49835042,14.83318083,33.49835042,14.83213913,33.49957534,14.83558429,33.49957534,14.83534927,33.50122557,14.83283705
Sydney,-33.87,151.21,40.0,2026-09-04T20:00:00,2461288.333333334,star_psa_fomalhaut,STAR,344.413000,-29.622000,1.17,283.951472328,283.951484917,283.953807952,283.953820514,244.68637152,15.63324204,244.68637152,15.68980273,244.68637152,15.68882056,244.67975641,15.68509935,244.67975641,15.68487705,244.68180315,15.68787717
Sydney,-33.87,151.21,40.0,2026-09-04T20:00:00,2461288.333333334,star_eri_achernar,STAR,24.429000,-57.237000,0.45,283.951472328,283.951484917,283.953807952,283.953820514,219.71609745,49.02122162,219.71609745,49.03520236,219.71609745,49.03496273,219.70920315,49.02798645,219.70920315,49.02793099,219.71112061,49.03092299
Sydney,-33.87,151.21,40.0,2026-09-04T20:00:00,2461288.333333334,dso_m31_andromeda,GALAXY,10.684000,41.269000,3.44,283.951472328,283.951484917,283.953807952,283.953820514,317.32661525,-5.55266498,317.32661525,-5.36984751,317.32661525,-5.37554363,317.32222885,-5.55540354,317.32222885,-5.55540354,317.32357408,-5.55604696
Sydney,-33.87,151.21,40.0,2026-09-04T20:00:00,2461288.333333334,dso_lmc,GALAXY,80.894000,-69.756000,0.9,283.951472328,283.951484917,283.953807952,283.953820514,176.65836222,54.00803450,176.65836222,54.01972849,176.65836222,54.01952811,176.65927734,54.01204926,176.65927734,54.01200287,176.65834871,54.01435896
Sydney,-33.87,151.21,40.0,2026-09-04T20:00:00,2461288.333333334,dso_smc,GALAXY,13.187000,-72.829000,2.7,283.951472328,283.951484917,283.953807952,283.953820514,200.16208123,40.47753987,200.16208123,40.49638337,200.16208123,40.49606018,200.15859739,40.48886832,200.15859739,40.48879359,200.15957446,40.49170390
Sydney,-33.87,151.21,40.0,2026-09-04T20:00:00,2461288.333333334,dso_m33_triangulum,GALAXY,23.462000,30.660000,5.72,283.951472328,283.951484917,283.953807952,283.953820514,317.20763951,9.23001621,317.20763951,9.32409012,317.20763951,9.32241008,317.20244825,9.32379008,317.20244825,9.32342364,317.20455498,9.32444067
Sydney,-33.87,151.21,40.0,2026-09-04T20:00:00,2461288.333333334,dso_m45_pleiades,STAR_CLUSTER,56.871000,24.105000,1.6,283.951472328,283.951484917,283.953807952,283.953820514,341.21681367,29.50039887,341.21681367,29.52875216,341.21681367,29.52826495,341.21231167,29.53103039,341.21231167,29.53091818,341.21531081,29.52919310
Sydney,-33.87,151.21,40.0,2026-09-04T20:00:00,2461288.333333334,dso_hyades,STAR_CLUSTER,66.750000,15.870000,0.5,283.951472328,283.951484917,283.953807952,283.953820514,349.95781006,39.61385197,349.95781006,39.63327876,349.95781006,39.63294554,349.95365181,39.63670711,349.95365181,39.63663011,349.95703805,39.63452143
Sydney,-33.87,151.21,40.0,2026-09-04T20:00:00,2461288.333333334,dso_m44_beehive,STAR_CLUSTER,130.100000,19.670000,3.7,283.951472328,283.951484917,283.953807952,283.953820514,53.32385941,14.97704180,53.32385941,15.03610644,53.32385941,15.03507943,53.32651983,15.03803884,53.32651983,15.03780697,53.32789697,15.03542789
Sydney,-33.87,151.21,40.0,2026-09-04T20:00:00,2461288.333333334,dso_double_cluster,STAR_CLUSTER,34.740000,57.130000,3.7,283.951472328,283.951484917,283.953807952,283.953820514,339.51097699,-7.14456635,339.51097699,-6.96296613,339.51097699,-6.96859272,339.50820181,-7.14643428,339.50820181,-7.14643428,339.50952229,-7.14813684
Sydney,-33.87,151.21,40.0,2026-09-04T20:00:00,2461288.333333334,dso_coma_cluster,STAR_CLUSTER,185.600000,26.100000,1.8,283.951472328,283.951484917,283.953807952,283.953820514,77.54511420,-30.57296472,77.54511420,-30.44011750,77.54511420,-30.44346227,77.54757660,-30.57384604,77.54757660,-30.57384604,77.55040713,-30.57605464
Sydney,-33.87,151.21,40.0,2026-09-04T20:00:00,2461288.333333334,dso_omega_centauri,GLOBULAR_CLUSTER,201.700000,-47.470000,3.9,283.951472328,283.951484917,283.953807952,283.953820514,147.28781192,4.31669339,147.28781192,4.48481488,147.28781192,4.48123885,147.28869318,4.48915290,147.28869318,4.48847375,147.29011421,4.49802332
Sydney,-33.87,151.21,40.0,2026-09-04T20:00:00,2461288.333333334,dso_47_tucanae,GLOBULAR_CLUSTER,6.020000,-72.080000,4.1,283.951472328,283.951484917,283.953807952,283.953820514,201.69968225,38.52443854,201.69968225,38.54463178,201.69968225,38.54428537,201.69601404,38.53721862,201.69601404,38.53713856,201.69709714,38.54007156
Sydney,-33.87,151.21,40.0,2026-09-04T20:00:00,2461288.333333334,dso_m13_hercules,GLOBULAR_CLUSTER,250.420000,36.460000,5.8,283.951472328,283.951484917,283.953807952,283.953820514,54.09479407,-85.52569106,54.09479407,-85.52667834,54.09479407,-85.52666306,54.12996177,-85.52561199,54.12996177,-85.52561199,54.14420459,-85.52844594
Sydney,-33.87,151.21,40.0,2026-09-04T20:00:00,2461288.333333334,dso_m42_orion_nebula,NEBULA,83.822000,-5.391000,4.0,283.951472328,283.951484917,283.953807952,283.953820514,18.29766569,60.30461356,18.29766569,60.31379780,18.29766569,60.31364046,18.29803043,60.31930832,18.29803043,60.31927191,18.30116795,60.31639925
Sydney,-33.87,151.21,40.0,2026-09-04T20:00:00,2461288.333333334,dso_m8_lagoon,NEBULA,270.920000,-24.380000,6.0,283.951472328,283.951484917,283.953807952,283.953820514,196.98848543,-29.75573273,196.98848543,-29.62022760,196.98848543,-29.62367304,196.98447459,-29.75919153,196.98447459,-29.75919153,196.98663382,-29.75633690
Sydney,-33.87,151.21,40.0,2026-09-04T20:00:00,2461288.333333334,dso_eta_carinae_nebula,NEBULA,161.260000,-59.870000,1.0,283.951472328,283.951484917,283.953807952,283.953820514,144.57854946,30.60796194,144.57854946,30.63508860,144.57854946,30.63462260,144.58149977,30.63016645,144.58149977,30.63005904,144.58145851,30.63110800
Tehran,35.69,51.39,1200.0,2026-09-04T20:00:00,2461288.333333334,star_cma_sirius,STAR,101.287000,-16.716000,-1.46,283.951472328,283.951484917,283.953807952,283.953820514,82.88986922,-38.89026567,82.88986922,-38.78723868,82.88986922,-38.79971969,82.89518569,-38.89393674,82.89518569,-38.89393674,82.89173179,-38.89437320
Tehran,35.69,51.39,1200.0,2026-09-04T20:00:00,2461288.333333334,star_cma_adhara,STAR,104.656000,-28.972000,1.5,283.951472328,283.951484917,283.953807952,283.953820514,95.82351543,-47.34008739,95.82351543,-47.26971485,95.82351543,-47.27805651,95.83077869,-47.34393196,95.83077869,-47.34393196,95.82740971,-47.34437618
Tehran,35.69,51.39,1200.0,2026-09-04T20:00:00,2461288.333333334,star_cma_wezen,STAR,107.098000,-26.393000,1.83,283.951472328,283.951484917,283.953807952,283.953820514,91.01611815,-48.29299337,91.01611815,-48.22624189,91.01611815,-48.23413522,91.02284067,-48.29703246,91.02284067,-48.29703246,91.01943043,-48.29747643
Tehran,35.69,51.39,1200.0,2026-09-04T20:00:00,2461288.333333334,star_cma_mirzam,STAR,95.675000,-17.956000,1.98,283.951472328,283.951484917,283.953807952,283.953820514,87.74804388,-34.99529557,87.74804388,-34.87776183,87.74804388,-34.89214189,87.75380213,-34.99861816,87.75380213,-34.99861816,87.75038329,-34.99906018
Tehran,35.69,51.39,1200.0,2026-09-04T20:00:00,2461288.333333334,star_cmi_procyon,STAR,114.825000,5.225000,0.34,283.951472328,283.951484917,283.953807952,283.953820514,51.16493328,-34.44449139,51.16493328,-34.32497347,51.16493328,-34.33961644,51.16652323,-34.44789955,51.16652323,-34.44789955,51.16293068,-34.44822653
Tehran,35.69,51.39,1200.0,2026-09-04T20:00:00,2461288.333333334,star_car_canopus,STAR,95.987000,-52.695000,-0.74,283.951472328,283.951484917,283.953807952,283.953820514,131.78364229,-45.72576964,131.78364229,-45.64919395,131.78364229,-45.65830843,131.79408683,-45.72784645,131.79408683,-45.72784645,131.79098144,-45.72819678
Tehran,35.69,51.39,1200.0,2026-09-04T20:00:00,2461288.333333334,star_car_miaplacidus,STAR,138.300000,-69.720000,1.67,283.951472328,283.951484917,283.953807952,283.953820514,169.97482732,-54.63401815,169.97482732,-54.59002286,169.97482732,-54.59514499,169.98733205,-54.63347988,169.98733205,-54.63347988,169.98455415,-54.63358605
Tehran,35.69,51.39,1200.0,2026-09-04T20:00:00,2461288.333333334,star_cen_rigil_kent,STAR,219.900000,-60.833000,-0.01,283.951472328,283.951484917,283.953807952,283.953820514,216.70420411,-42.55296715,216.70420411,-42.46407265,216.70420411,-42.47474029,216.71141828,-42.55052018,216.71141828,-42.55052018,216.70837483,-42.55027871
Tehran,35.69,51.39,1200.0,2026-09-04T20:00:00,2461288.333333334,star_cen_hadar,STAR,210.956000,-60.373000,0.61,283.951472328,283.951484917,283.953807952,283.953820514,216.77533775,-46.96376374,216.77533775,-46.89195198,216.77533775,-46.90047240,216.78281666,-46.96100886,216.78281666,-46.96100886,216.77982997,-46.96076692
Tehran,35.69,51.39,1200.0,2026-09-04T20:00:00,2461288.333333334,star_lyr_vega,STAR,279.234000,38.783000,0.03,283.951472328,283.951484917,283.953807952,283.953820514,291.49368067,46.10602700,291.49368067,46.12150863,291.49368067,46.11961953,291.49142530,46.11815551,291.49142530,46.11639038,291.48817961,46.11852216
Tehran,35.69,51.39,1200.0,2026-09-04T20:00:00,2461288.333333334,star_cyg_deneb,STAR,310.358000,45.280000,1.25,283.951472328,283.951484917,283.953807952,283.953820514,305.00213032,68.95920562,305.00213032,68.96540234,305.00213032,68.96464608,304.99187147,68.96209699,304.99187147,68.96139138,304.98908367,68.96245509
Tehran,35.69,51.39,1200.0,2026-09-04T20:00:00,2461288.333333334,star_cyg_sadr,STAR,305.557000,40.260000,2.23,283.951472328,283.951484917,283.953807952,283.953820514,290.30356164,66.38086944,290.30356164,66.38791313,290.30356164,66.38705352,290.29729764,66.38361065,290.29729764,66.38280820,290.29420011,66.38401082
Tehran,35.69,51.39,1200.0,2026-09-04T20:00:00,2461288.333333334,star_cyg_albireo,STAR,292.680000,27.960000,3.05,283.951472328,283.951484917,283.953807952,283.953820514,270.11188226,53.47690055,270.11188226,53.48882373,270.11188226,53.48736872,270.11183372,53.48415537,270.11183372,53.48279579,270.10840903,53.48455318
Tehran,35.69,51.39,1200.0,2026-09-04T20:00:00,2461288.333333334,star_aql_altair,STAR,297.696000,8.868000,0.76,283.951472328,283.951484917,283.953807952,283.953820514,240.98967250,46.77714802,240.98967250,46.79227162,240.98967250,46.79042619,240.99440449,46.78782888,240.99440449,46.78610447,240.99076222,46.78814661
Tehran,35.69,51.39,1200.0,2026-09-04T20:00:00,2461288.333333334,star_ori_betelgeuse,STAR,88.793000,7.407000,0.5,283.951472328,283.951484917,283.953807952,283.953820514,69.54665842,-14.47050101,69.54665842,-14.29782921,69.54665842,-14.31986276,69.55026817,-14.47231711,69.55026817,-14.47231711,69.54683502,-14.47272237
Tehran,35.69,51.39,1200.0,2026-09-04T20:00:00,2461288.333333334,star_ori_rigel,STAR,78.634000,-8.202000,0.13,283.951472328,283.951484917,283.953807952,283.953820514,88.77780985,-15.78914913,88.77780985,-15.61868686,88.77780985,-15.64039753,88.78331844,-15.79096487,88.78331844,-15.79096487,88.77992142,-15.79140766
Tehran,35.69,51.39,1200.0,2026-09-04T20:00:00,2461288.333333334,star_ori_bellatrix,STAR,81.283000,6.350000,1.64,283.951472328,283.951484917,283.953807952,283.953820514,75.15010193,-9.30783198,75.15010193,-9.12829158,75.15010193,-9.15133703,75.15425012,-9.30914601,75.15425012,-9.30914601,75.15084080,-9.30956716
Tehran,35.69,51.39,1200.0,2026-09-04T20:00:00,2461288.333333334,star_ori_saiph,STAR,86.939000,-9.670000,2.07,283.951472328,283.951484917,283.953807952,283.953820514,85.10134583,-23.37015498,85.10134583,-23.21609268,85.10134583,-23.23545327,85.10659033,-23.37264415,85.10659033,-23.37264415,85.10317526,-23.37308354
Tehran,35.69,51.39,1200.0,2026-09-04T20:00:00,2461288.333333334,star_ori_alnitak,STAR,85.190000,-1.940000,1.77,283.951472328,283.951484917,283.953807952,283.953820514,79.49621893,-17.43686720,79.49621893,-17.26943230,79.49621893,-17.29070299,79.50084090,-17.43890399,79.50084090,-17.43890399,79.49742038,-17.43933470
Tehran,35.69,51.39,1200.0,2026-09-04T20:00:00,2461288.333333334,star_ori_alnilam,STAR,84.053000,-1.202000,1.69,283.951472328,283.951484917,283.953807952,283.953820514,79.59050506,-16.08485128,79.59050506,-15.91491044,79.59050506,-15.93654513,79.59512642,-16.08676732,79.59512642,-16.08676732,79.59170894,-16.08719821
Tehran,35.69,51.39,1200.0,2026-09-04T20:00:00,2461288.333333334,star_ori_mintaka,STAR,83.002000,-0.299000,2.23,283.951472328,283.951484917,283.953807952,283.953820514,79.49445798,-14.70250604,79.49445798,-14.53020933,79.49445798,-14.55218796,79.49906047,-14.70429855,79.49906047,-14.70429855,79.49564563,-14.70472926
Tehran,35.69,51.39,1200.0,2026-09-04T20:00:00,2461288.333333334,star_tau_aldebaran,STAR,68.980000,16.509000,0.85,283.951472328,283.951484917,283.953807952,283.953820514,74.18806341,6.41499760,74.18806341,6.54351650,74.18806341,6.52800809,74.19208318,6.54587604,74.19208318,6.53147332,74.18871394,6.54878074
Tehran,35.69,51.39,1200.0,2026-09-04T20:00:00,2461288.333333334,star_tau_elnath,STAR,81.573000,28.608000,1.65,283.951472328,283.951484917,283.953807952,283.953820514,57.49043327,4.31598316,57.49043327,4.48411933,57.49043327,4.46381733,57.49280092,4.49294297,57.49280092,4.47343202,57.48943477,4.50034956
Tehran,35.69,51.39,1200.0,2026-09-04T20:00:00,2461288.333333334,star_aur_capella,STAR,79.172000,45.998000,0.08,283.951472328,283.951484917,283.953807952,283.953820514,44.49583724,16.27999874,44.49583724,16.33427340,44.49583724,16.32766506,44.49682514,16.33660016,44.49682514,16.33046708,44.49353756,16.33645675
Tehran,35.69,51.39,1200.0,2026-09-04T20:00:00,2461288.333333334,star_umi_polaris,STAR,37.954000,89.264000,1.98,283.951472328,283.951484917,283.953807952,283.953820514,0.73540862,35.88706951,0.73540862,35.90927855,0.73540862,35.90656912,0.73212836,35.91064129,0.73212836,35.90811161,0.72906350,35.91059746
Tehran,35.69,51.39,1200.0,2026-09-04T20:00:00,2461288.333333334,star_uma_dubhe,STAR,165.932000,61.751000,1.79,283.951472328,283.951484917,283.953807952,283.953820514,354.75057292,7.70719566,354.75057292,7.81759237,354.75057292,7.80423932,354.74850144,7.81858771,354.74850144,7.80624218,354.74517483,7.82075905
Tehran,35.69,51.39,1200.0,2026-09-04T20:00:00,2461288.333333334,star_uma_merak,STAR,165.460000,56.380000,2.37,283.951472328,283.951484917,283.953807952,283.953820514,354.17685604,2.36134755,354.17685604,2.54657330,354.17685604,2.52271193,354.17484988,2.61700198,354.17484988,2.58873683,354.17148193,2.63776262
Tehran,35.69,51.39,1200.0,2026-09-04T20:00:00,2461288.333333334,star_uma_alioth,STAR,193.507000,55.960000,1.77,283.951472328,283.951484917,283.953807952,283.953820514,339.38167466,7.19594532,339.38167466,7.31297064,339.38167466,7.29882851,339.37938740,7.31379813,339.37938740,7.30070708,339.37605248,7.31648564
Tehran,35.69,51.39,1200.0,2026-09-04T20:00:00,2461288.333333334,star_uma_mizar,STAR,200.981000,54.925000,2.23,283.951472328,283.951484917,283.953807952,283.953820514,335.23729110,8.67111936,335.23729110,8.77065562,335.23729110,8.75859842,335.23498375,8.77116713,335.23498375,8.76002967,335.23165726,8.77290771
Tehran,35.69,51.39,1200.0,2026-09-04T20:00:00,2461288.333333334,star_uma_alkaid,STAR,206.885000,49.313000,1.85,283.951472328,283.951484917,283.953807952,283.953820514,328.86739134,6.50204403,328.86739134,6.62919356,328.86739134,6.61384789,328.86519894,6.63019866,328.86519894,6.61595192,328.86185444,6.63366172
Tehran,35.69,51.39,1200.0,2026-09-04T20:00:00,2461288.333333334,star_cas_schedar,STAR,10.127000,56.537000,2.24,283.951472328,283.951484917,283.953807952,283.953820514,37.20466449,58.44845973,37.20466449,58.45834793,37.20466449,58.45714121,37.20201525,58.46262582,37.20201525,58.46149886,37.19923370,58.46234334
Tehran,35.69,51.39,1200.0,2026-09-04T20:00:00,2461288.333333334,star_cas_caph,STAR,2.293000,59.150000,2.28,283.951472328,283.951484917,283.953807952,283.953820514,28.37425107,60.46795629,28.37425107,60.47707984,28.37425107,60.47596643,28.36972168,60.48094922,28.36972168,60.47990953,28.36704938,60.48072968
Tehran,35.69,51.39,1200.0,2026-09-04T20:00:00,2461288.333333334,star_per_mirfak,STAR,51.080000,49.860000,1.79,283.951472328,283.951484917,283.953807952,283.953820514,49.57340096,34.82520891,49.57340096,34.84830247,49.57340096,34.84548523,49.57445797,34.85177019,49.57445797,34.84914036,49.57128768,34.85138398
Tehran,35.69,51.39,1200.0,2026-09-04T20:00:00,2461288.333333334,star_per_algol,STAR,47.040000,40.960000,2.12,283.951472328,283.951484917,283.953807952,283.953820514,60.95301842,34.82422499,60.95301842,34.84731939,60.95301842,34.84450204,60.95544992,34.85097701,60.95544992,34.84834710,60.95223166,34.85053592
Tehran,35.69,51.39,1200.0,2026-09-04T20:00:00,2461288.333333334,star_boo_arcturus,STAR,213.915000,19.182000,-0.05,283.951472328,283.951484917,283.953807952,283.953820514,304.21297494,-11.89942192,304.21297494,-11.72297925,304.21297494,-11.74556705,304.21169992,-11.89985789,304.21169992,-11.89985789,304.20826650,-11.89947453
Tehran,35.69,51.39,1200.0,2026-09-04T20:00:00,2461288.333333334,star_vir_spica,STAR,201.298000,-11.161000,0.98,283.951472328,283.951484917,283.953807952,283.953820514,288.41594240,-41.64492691,288.41594240,-41.55250582,288.41594240,-41.56362273,288.41464561,-41.64300195,288.41464561,-41.64300195,288.41115992,-41.64257182
Tehran,35.69,51.39,1200.0,2026-09-04T20:00:00,2461288.333333334,star_sco_antares,STAR,247.352000,-26.432000,0.96,283.951472328,283.951484917,283.953807952,283.953820514,246.74128330,-13.26994139,246.74128330,-13.09542108,246.74128330,-13.11772585,246.74487865,-13.26976223,246.74487865,-13.26976223,246.74154033,-13.26936639
Tehran,35.69,51.39,1200.0,2026-09-04T20:00:00,2461288.333333334,star_sco_shaula,STAR,263.402000,-37.104000,1.62,283.951472328,283.951484917,283.953807952,283.953820514,229.84433773,-8.42169989,229.84433773,-8.24125863,229.84433773,-8.26443733,229.84958410,-8.42198546,229.84958410,-8.42198546,229.84624377,-8.42166548
Tehran,35.69,51.39,1200.0,2026-09-04T20:00:00,2461288.333333334,star_leo_regulus,STAR,152.093000,11.967000,1.36,283.951472328,283.951484917,283.953807952,283.953820514,3.84036875,-42.39352667,3.84036875,-42.30401242,3.84036875,-42.31475886,3.83724732,-42.39572685,3.83724732,-42.39572685,3.83345548,-42.39572708
Tehran,35.69,51.39,1200.0,2026-09-04T20:00:00,2461288.333333334,star_gem_pollux,STAR,116.329000,28.026000,1.14,283.951472328,283.951484917,283.953807952,283.953820514,35.12097044,-16.68288649,35.12097044,-16.51402940,35.12097044,-16.53550643,35.12128094,-16.68478015,35.12128094,-16.68478015,35.11778110,-16.68501117
Tehran,35.69,51.39,1200.0,2026-09-04T20:00:00,2461288.333333334,star_gem_castor,STAR,113.650000,31.888000,1.58,283.951472328,283.951484917,283.953807952,283.953820514,34.98093719,-12.17992237,34.98093719,-12.00385698,34.98093719,-12.02638916,34.98127460,-12.18147066,34.98127460,-12.18147066,34.97780648,-12.18170075
Tehran,35.69,51.39,1200.0,2026-09-04T20:00:00,2461288.333333334,star_psa_fomalhaut,STAR,344.413000,-29.622000,1.17,283.951472328,283.951484917,283.953807952,283.953820514,170.98860984,24.23015643,170.98860984,24.26571062,170.98860984,24.26137583,170.99829813,24.26563538,170.99829813,24.26159680,170.99471706,24.26549718
Tehran,35.69,51.39,1200.0,2026-09-04T20:00:00,2461288.333333334,star_eri_achernar,STAR,24.429000,-57.237000,0.45,283.951472328,283.951484917,283.953807952,283.953820514,155.11362152,-11.67454048,155.11362152,-11.49780132,155.11362152,-11.52043285,155.12277854,-11.67521199,155.12277854,-11.67521199,155.11947311,-11.67542534
Tehran,35.69,51.39,1200.0,2026-09-04T20:00:00,2461288.333333334,dso_m31_andromeda,GALAXY,10.684000,41.269000,3.44,283.951472328,283.951484917,283.953807952,283.953820514,67.41893483,61.69937934,67.41893483,61.70805149,67.41893483,61.70699315,67.42190472,61.71330656,67.42190472,61.71231847,67.41888563,61.71287556
Tehran,35.69,51.39,1200.0,2026-09-04T20:00:00,2461288.333333334,dso_lmc,GALAXY,80.894000,-69.756000,0.9,283.951472328,283.951484917,283.953807952,283.953820514,154.74339637,-38.49380654,154.74339637,-38.38927130,154.74339637,-38.40194791,154.75379552,-38.49448135,154.75379552,-38.49448135,154.75071853,-38.49469720
Tehran,35.69,51.39,1200.0,2026-09-04T20:00:00,2461288.333333334,dso_smc,GALAXY,13.187000,-72.829000,2.7,283.951472328,283.951484917,283.953807952,283.953820514,168.61225723,-21.50985555,168.61225723,-21.35118534,168.61225723,-21.37119812,168.62155534,-21.51014139,168.62155534,-21.51014139,168.61833840,-21.51025782
Tehran,35.69,51.39,1200.0,2026-09-04T20:00:00,2461288.333333334,dso_m33_triangulum,GALAXY,23.462000,30.660000,5.72,283.951472328,283.951484917,283.953807952,283.953820514,82.57861177,49.55003045,82.57861177,49.56375315,82.57861177,49.56207861,82.58414272,49.56826844,82.58414272,49.56670416,82.58085819,49.56778113
Tehran,35.69,51.39,1200.0,2026-09-04T20:00:00,2461288.333333334,dso_m45_pleiades,STAR_CLUSTER,56.871000,24.105000,1.6,283.951472328,283.951484917,283.953807952,283.953820514,74.05406528,20.06373578,74.05406528,20.10739074,74.05406528,20.10207104,74.05807657,20.11018276,74.05807657,20.10523518,74.05474541,20.10978241
Tehran,35.69,51.39,1200.0,2026-09-04T20:00:00,2461288.333333334,dso_hyades,STAR_CLUSTER,66.750000,15.870000,0.5,283.951472328,283.951484917,283.953807952,283.953820514,75.95404693,7.80163515,75.95404693,7.91087770,75.95404693,7.89766218,75.95824222,7.91280626,75.95824222,7.90059108,75.95487487,7.91442432
Tehran,35.69,51.39,1200.0,2026-09-04T20:00:00,2461288.333333334,dso_m44_beehive,STAR_CLUSTER,130.100000,19.670000,3.7,283.951472328,283.951484917,283.953807952,283.953820514,27.19897145,-29.92314061,27.19897145,-29.78817514,27.19897145,-29.80489318,27.19832435,-29.92577422,27.19832435,-29.92577422,27.19470350,-29.92595069
Tehran,35.69,51.39,1200.0,2026-09-04T20:00:00,2461288.333333334,dso_double_cluster,STAR_CLUSTER,34.740000,57.130000,3.7,283.951472328,283.951484917,283.953807952,283.953820514,41.72420515,45.33008817,41.72420515,45.34599385,41.72420515,45.34405303,41.72375501,45.34983125,41.72375501,45.34801828,41.72072376,45.34950056
Tehran,35.69,51.39,1200.0,2026-09-04T20:00:00,2461288.333333334,dso_coma_cluster,STAR_CLUSTER,185.600000,26.100000,1.8,283.951472328,283.951484917,283.953807952,283.953820514,330.44817677,-21.92099690,330.44817677,-21.76331271,330.44817677,-21.78318542,330.44573317,-21.92163022,330.44573317,-21.92163022,330.44219775,-21.92138578
Tehran,35.69,51.39,1200.0,2026-09-04T20:00:00,2461288.333333334,dso_omega_centauri,GLOBULAR_CLUSTER,201.700000,-47.470000,3.9,283.951472328,283.951484917,283.953807952,283.953820514,236.06695898,-53.71051916,236.06695898,-53.66339706,236.06695898,-53.66889527,236.07217044,-53.70684861,236.07217044,-53.70684861,236.06915485,-53.70649708
Tehran,35.69,51.39,1200.0,2026-09-04T20:00:00,2461288.333333334,dso_47_tucanae,GLOBULAR_CLUSTER,6.020000,-72.080000,4.1,283.951472328,283.951484917,283.953807952,283.953820514,170.22557532,-19.79433547,170.22557532,-19.63175096,170.22557532,-19.65232265,170.23478611,-19.79461534,170.23478611,-19.79461534,170.23155561,-19.79471965
Tehran,35.69,51.39,1200.0,2026-09-04T20:00:00,2461288.333333334,dso_m13_hercules,GLOBULAR_CLUSTER,250.420000,36.460000,5.8,283.951472328,283.951484917,283.953807952,283.953820514,298.69506885,24.00833155,298.69506885,24.04425154,298.69506885,24.03987225,298.69368506,24.04281480,298.69368506,24.03873478,298.69038235,24.04317939
Tehran,35.69,51.39,1200.0,2026-09-04T20:00:00,2461288.333333334,dso_m42_orion_nebula,NEBULA,83.822000,-5.391000,4.0,283.951472328,283.951484917,283.953807952,283.953820514,83.26851775,-18.37824022,83.26851775,-18.21266871,83.26851775,-18.23367001,83.27352136,-18.38032948,83.27352136,-18.38032948,83.27010834,-18.38076649
Tehran,35.69,51.39,1200.0,2026-09-04T20:00:00,2461288.333333334,dso_m8_lagoon,NEBULA,270.920000,-24.380000,6.0,283.951472328,283.951484917,283.953807952,283.953820514,235.24311813,4.78179096,235.24311813,4.94028478,235.24311813,4.92118504,235.24789248,4.94460146,235.24789248,4.92648321,235.24448330,4.95127088
Tehran,35.69,51.39,1200.0,2026-09-04T20:00:00,2461288.333333334,dso_eta_carinae_nebula,NEBULA,161.260000,-59.870000,1.0,283.951472328,283.951484917,283.953807952,283.953820514,187.39446172,-65.35562075,187.39446172,-65.34095504,187.39446172,-65.34262402,187.40895993,-65.35350503,187.40895993,-65.35350503,187.40654079,-65.35347710
Tromso,69.65,18.96,10.0,2026-09-04T20:00:00,2461288.333333334,star_cma_sirius,STAR,101.287000,-16.716000,-1.46,283.951472328,283.951484917,283.953807952,283.953820514,25.32059745,-35.46869711,25.32059745,-35.35288387,25.32059745,-35.35532111,25.32061698,-35.47421325,25.32061698,-35.47421325,25.31802386,-35.47249361
Tromso,69.65,18.96,10.0,2026-09-04T20:00:00,2461288.333333334,star_cma_adhara,STAR,104.656000,-28.972000,1.5,283.951472328,283.951484917,283.953807952,283.953820514,23.84914538,-48.06178714,23.84914538,-47.99416040,23.84914538,-47.99535483,23.84814822,-48.06797069,23.84814822,-48.06797069,23.84578543,-48.06626324
Tromso,69.65,18.96,10.0,2026-09-04T20:00:00,2461288.333333334,star_cma_wezen,STAR,107.098000,-26.393000,1.83,283.951472328,283.951484917,283.953807952,283.953820514,20.15004190,-45.83625224,20.15004190,-45.76010326,20.15004190,-45.76148932,20.14864053,-45.84217391,20.14864053,-45.84217391,20.14634871,-45.84050205
Tromso,69.65,18.96,10.0,2026-09-04T20:00:00,2461288.333333334,star_cma_mirzam,STAR,95.675000,-17.956000,1.98,283.951472328,283.951484917,283.953807952,283.953820514,32.07590963,-35.73782640,32.07590963,-35.62299725,32.07590963,-35.62540467,32.07684213,-35.74353076,32.07684213,-35.74353076,32.07410437,-35.74176982
Tromso,69.65,18.96,10.0,2026-09-04T20:00:00,2461288.333333334,star_cmi_procyon,STAR,114.825000,5.225000,0.34,283.951472328,283.951484917,283.953807952,283.953820514,7.97771604,-14.99724923,7.97771604,-14.82543744,7.97771604,-14.83006262,7.97672380,-15.00076870,7.97672380,-15.00076870,7.97406131,-14.99926215
Tromso,69.65,18.96,10.0,2026-09-04T20:00:00,2461288.333333334,star_car_canopus,STAR,95.987000,-52.695000,-0.74,283.951472328,283.951484917,283.953807952,283.953820514,49.82386543,-69.06276909,49.82386543,-69.05471826,49.82386543,-69.05483110,49.82824569,-69.07014666,49.82824569,-69.07014666,49.82454169,-69.06839422
Tromso,69.65,18.96,10.0,2026-09-04T20:00:00,2461288.333333334,star_car_miaplacidus,STAR,138.300000,-69.720000,1.67,283.951472328,283.951484917,283.953807952,283.953820514,260.86185318,-84.66388600,260.86185318,-84.66499141,260.86185318,-84.66497711,260.81880918,-84.65789073,260.81880918,-84.65789073,260.82831094,-84.65923761
Tromso,69.65,18.96,10.0,2026-09-04T20:00:00,2461288.333333334,star_cen_rigil_kent,STAR,219.900000,-60.833000,-0.01,283.951472328,283.951484917,283.953807952,283.953820514,232.95215814,-52.90377334,232.95215814,-52.85385925,232.95215814,-52.85468716,232.95367564,-52.89803765,232.95367564,-52.89803765,232.95128451,-52.89977103
Tromso,69.65,18.96,10.0,2026-09-04T20:00:00,2461288.333333334,star_cen_hadar,STAR,210.956000,-60.373000,0.61,283.951472328,283.951484917,283.953807952,283.953820514,239.43265126,-55.13637531,239.43265126,-55.09404797,239.43265126,-55.09473106,239.43269039,-55.13061921,239.43269039,-55.13061921,239.43062114,-55.13229676
Tromso,69.65,18.96,10.0,2026-09-04T20:00:00,2461288.333333334,star_lyr_vega,STAR,279.234000,38.783000,0.03,283.951472328,283.951484917,283.953807952,283.953820514,214.43597101,56.74250464,214.43597101,56.75306481,214.43597101,56.75291381,214.44080349,56.75022015,214.44080349,56.75020966,214.43815355,56.74841069
Tromso,69.65,18.96,10.0,2026-09-04T20:00:00,2461288.333333334,star_cyg_deneb,STAR,310.358000,45.280000,1.25,283.951472328,283.951484917,283.953807952,283.953820514,166.95825771,65.42525557,166.95825771,65.43262149,166.95825771,65.43251620,166.96956870,65.43104354,166.96956870,65.43103624,166.96976202,65.42994876
Tromso,69.65,18.96,10.0,2026-09-04T20:00:00,2461288.333333334,star_cyg_sadr,STAR,305.557000,40.260000,2.23,283.951472328,283.951484917,283.953807952,283.953820514,175.50439772,60.65954970,175.50439772,60.66860231,175.50439772,60.66847289,175.51391863,60.66673659,175.51391863,60.66672761,175.51322203,60.66543530
Tromso,69.65,18.96,10.0,2026-09-04T20:00:00,2461288.333333334,star_cyg_albireo,STAR,292.680000,27.960000,3.05,283.951472328,283.951484917,283.953807952,283.953820514,193.18249672,47.97212414,193.18249672,47.98662918,193.18249672,47.98642166,193.18912946,47.98472182,193.18912946,47.98470742,193.18710562,47.98308262
Tromso,69.65,18.96,10.0,2026-09-04T20:00:00,2461288.333333334,star_aql_altair,STAR,297.696000,8.868000,0.76,283.951472328,283.951484917,283.953807952,283.953820514,185.53689252,29.20637184,185.53689252,29.23506468,185.53689252,29.23465281,185.54348345,29.23467775,185.54348345,29.23464933,185.54113115,29.23315101
Tromso,69.65,18.96,10.0,2026-09-04T20:00:00,2461288.333333334,star_ori_betelgeuse,STAR,88.793000,7.407000,0.5,283.951472328,283.951484917,283.953807952,283.953820514,33.97147813,-9.53929653,33.97147813,-9.36000461,33.97147813,-9.36502437,33.97308970,-9.54290810,33.97308970,-9.54290810,33.97020582,-9.54113994
Tromso,69.65,18.96,10.0,2026-09-04T20:00:00,2461288.333333334,star_ori_rigel,STAR,78.634000,-8.202000,0.13,283.951472328,283.951484917,283.953807952,283.953820514,47.99897380,-22.39552131,47.99897380,-22.23899805,47.99897380,-22.24290660,48.00209738,-22.40031334,48.00209738,-22.40031334,47.99908057,-22.39855218
Tromso,69.65,18.96,10.0,2026-09-04T20:00:00,2461288.333333334,star_ori_bellatrix,STAR,81.283000,6.350000,1.64,283.951472328,283.951484917,283.953807952,283.953820514,41.57726359,-8.95338925,41.57726359,-8.77347894,41.57726359,-8.77853246,41.57966099,-8.95698241,41.57966099,-8.95698241,41.57673798,-8.95520484
Tromso,69.65,18.96,10.0,2026-09-04T20:00:00,2461288.333333334,star_ori_saiph,STAR,86.939000,-9.670000,2.07,283.951472328,283.951484917,283.953807952,283.953820514,39.68098917,-25.83830914,39.68098917,-25.69093127,39.68098917,-25.69446157,39.68309841,-25.84337699,39.68309841,-25.84337699,39.68018855,-25.84159884
Tromso,69.65,18.96,10.0,2026-09-04T20:00:00,2461288.333333334,star_ori_alnitak,STAR,85.190000,-1.940000,1.77,283.951472328,283.951484917,283.953807952,283.953820514,39.62541948,-17.91602093,39.62541948,-17.74952229,39.62541948,-17.75388514,39.62757611,-17.92042171,39.62757611,-17.92042171,39.62466490,-17.91864357
Tromso,69.65,18.96,10.0,2026-09-04T20:00:00,2461288.333333334,star_ori_alnilam,STAR,84.053000,-1.202000,1.69,283.951472328,283.951484917,283.953807952,283.953820514,40.61023542,-16.93966701,40.61023542,-16.77128726,40.61023542,-16.77574128,40.61250698,-16.94398623,40.61250698,-16.94398623,40.60958620,-16.94220812
Tromso,69.65,18.96,10.0,2026-09-04T20:00:00,2461288.333333334,star_ori_mintaka,STAR,83.002000,-0.299000,2.23,283.951472328,283.951484917,283.953807952,283.953820514,41.45866989,-15.81855864,41.45866989,-15.64814781,41.45866989,-15.65270235,41.46103947,-15.82278092,41.46103947,-15.82278092,41.45811160,-15.82100325
Tromso,69.65,18.96,10.0,2026-09-04T20:00:00,2461288.333333334,star_tau_aldebaran,STAR,68.980000,16.509000,0.85,283.951472328,283.951484917,283.953807952,283.953820514,50.60872783,3.97184093,50.60872783,4.14692748,50.60872783,4.14349333,50.61199465,4.15714957,50.61199465,4.15696950,50.60910164,4.16791175
Tromso,69.65,18.96,10.0,2026-09-04T20:00:00,2461288.333333334,star_tau_elnath,STAR,81.573000,28.608000,1.65,283.951472328,283.951484917,283.953807952,283.953820514,36.09526997,12.62747556,36.09526997,12.69742559,36.09526997,12.69639786,36.09715742,12.69738460,36.09715742,12.69731606,36.09421426,12.69960954
Tromso,69.65,18.96,10.0,2026-09-04T20:00:00,2461288.333333334,star_aur_capella,STAR,79.172000,45.998000,0.08,283.951472328,283.951484917,283.953807952,283.953820514,33.29128950,29.92410559,33.29128950,29.95198006,33.29128950,29.95158004,33.29284462,29.95299222,33.29284462,29.95296461,33.28980833,29.95469113
Tromso,69.65,18.96,10.0,2026-09-04T20:00:00,2461288.333333334,star_umi_polaris,STAR,37.954000,89.264000,1.98,283.951472328,283.951484917,283.953807952,283.953820514,1.74050170,69.49006846,1.74050170,69.49609451,1.74050170,69.49600837,1.73525238,69.49824154,1.73525238,69.49823556,1.72938826,69.49961473
Tromso,69.65,18.96,10.0,2026-09-04T20:00:00,2461288.333333334,star_uma_dubhe,STAR,165.932000,61.751000,1.79,283.951472328,283.951484917,283.953807952,283.953820514,332.56956577,44.80567336,332.56956577,44.82187207,332.56956577,44.82164024,332.56662524,44.82218762,332.56662524,44.82217154,332.56207792,44.82280932
Tromso,69.65,18.96,10.0,2026-09-04T20:00:00,2461288.333333334,star_uma_merak,STAR,165.460000,56.380000,2.37,283.951472328,283.951484917,283.953807952,283.953820514,330.55100435,39.64085250,330.55100435,39.66026074,330.55100435,39.65998282,330.54833084,39.66046563,330.54833084,39.66044637,330.54403521,39.66102266
Tromso,69.65,18.96,10.0,2026-09-04T20:00:00,2461288.333333334,star_uma_alioth,STAR,193.507000,55.960000,1.77,283.951472328,283.951484917,283.953807952,283.953820514,310.92396382,45.36747950,310.92396382,45.38336449,310.92396382,45.38313717,310.92086597,45.38288160,310.92086597,45.38286583,310.91614949,45.38285049
Tromso,69.65,18.96,10.0,2026-09-04T20:00:00,2461288.333333334,star_uma_mizar,STAR,200.981000,54.925000,2.23,283.951472328,283.951484917,283.953807952,283.953820514,304.86883363,46.50880485,304.86883363,46.52407065,304.86883363,46.52385222,304.86577205,46.52334396,304.86577205,46.52332880,304.86098986,46.52312687
Tromso,69.65,18.96,10.0,2026-09-04T20:00:00,2461288.333333334,star_uma_alkaid,STAR,206.885000,49.313000,1.85,283.951472328,283.951484917,283.953807952,283.953820514,296.53608723,43.37146429,296.53608723,43.38849257,296.53608723,43.38824884,296.53351526,43.38756512,296.53351526,43.38754822,296.52896652,43.38708894
Tromso,69.65,18.96,10.0,2026-09-04T20:00:00,2461288.333333334,star_cas_schedar,STAR,10.127000,56.537000,2.24,283.951472328,283.951484917,283.953807952,283.953820514,79.47160541,58.90065030,79.47160541,58.91036450,79.47160541,58.91022560,79.47846296,58.91282521,79.47846296,58.91281557,79.47741923,58.91416121
Tromso,69.65,18.96,10.0,2026-09-04T20:00:00,2461288.333333334,star_cas_caph,STAR,2.293000,59.150000,2.28,283.951472328,283.951484917,283.953807952,283.953820514,82.53446631,63.59188626,82.53446631,63.59988443,82.53446631,63.59977009,82.54225843,63.60244629,82.54225843,63.60243836,82.54176139,63.60372719
Tromso,69.65,18.96,10.0,2026-09-04T20:00:00,2461288.333333334,star_per_mirfak,STAR,51.080000,49.860000,1.79,283.951472328,283.951484917,283.953807952,283.953820514,53.01582117,40.25453846,53.01582117,40.27353060,53.01582117,40.27325866,53.01920925,40.27528084,53.01920925,40.27526199,53.01663121,40.27694845
Tromso,69.65,18.96,10.0,2026-09-04T20:00:00,2461288.333333334,star_per_algol,STAR,47.040000,40.960000,2.12,283.951472328,283.951484917,283.953807952,283.953820514,60.89660953,33.36179814,60.89660953,33.38618996,60.89660953,33.38584026,60.90074778,33.38749758,60.90074778,33.38747340,60.89824866,33.38908989
Tromso,69.65,18.96,10.0,2026-09-04T20:00:00,2461288.333333334,star_boo_arcturus,STAR,213.915000,19.182000,-0.05,283.951472328,283.951484917,283.953807952,283.953820514,275.63583443,18.28318512,275.63583443,18.33133134,275.63583443,18.33063451,275.63485880,18.33172554,275.63485880,18.33167809,275.63145866,18.33078653
Tromso,69.65,18.96,10.0,2026-09-04T20:00:00,2461288.333333334,star_vir_spica,STAR,201.298000,-11.161000,0.98,283.951472328,283.951484917,283.953807952,283.953820514,276.61150089,-14.49693066,276.61150089,-14.32430129,276.61150089,-14.32896818,276.60965621,-14.49580467,276.60965621,-14.49580467,276.60712419,-14.49678494
Tromso,69.65,18.96,10.0,2026-09-04T20:00:00,2461288.333333334,star_sco_antares,STAR,247.352000,-26.432000,0.96,283.951472328,283.951484917,283.953807952,283.953820514,229.17098862,-13.90862136,229.17098862,-13.73506518,229.17098862,-13.73977979,229.17366596,-13.90628670,229.17366596,-13.90628670,229.17082007,-13.90804247
Tromso,69.65,18.96,10.0,2026-09-04T20:00:00,2461288.333333334,star_sco_shaula,STAR,263.402000,-37.104000,1.62,283.951472328,283.951484917,283.953807952,283.953820514,212.43874260,-20.52148910,212.43874260,-20.36052425,212.43874260,-20.36462927,212.44331294,-20.51857803,212.44331294,-20.51857803,212.44030908,-20.52034052
Tromso,69.65,18.96,10.0,2026-09-04T20:00:00,2461288.333333334,star_leo_regulus,STAR,152.093000,11.967000,1.36,283.951472328,283.951484917,283.953807952,283.953820514,330.98335269,-5.95807441,330.98335269,-5.77554319,330.98335269,-5.78074028,330.98063772,-5.95970600,330.98063772,-5.95970600,330.97789551,-5.95907118
Tromso,69.65,18.96,10.0,2026-09-04T20:00:00,2461288.333333334,star_gem_pollux,STAR,116.329000,28.026000,1.14,283.951472328,283.951484917,283.953807952,283.953820514,5.50017240,7.71440673,5.50017240,7.82471456,5.50017240,7.82301219,5.49951055,7.82452029,5.49951055,7.82441288,5.49645832,7.82806327
Tromso,69.65,18.96,10.0,2026-09-04T20:00:00,2461288.333333334,star_gem_castor,STAR,113.650000,31.888000,1.58,283.951472328,283.951484917,283.953807952,283.953820514,7.66051347,11.68460647,7.66051347,11.76001889,7.66051347,11.75890552,7.66003722,11.75996598,7.66003722,11.75989220,7.65692456,11.76206693
Tromso,69.65,18.96,10.0,2026-09-04T20:00:00,2461288.333333334,star_psa_fomalhaut,STAR,344.413000,-29.622000,1.17,283.951472328,283.951484917,283.953807952,283.953820514,143.27582946,-13.64616521,143.27582946,-13.47220755,143.27582946,-13.47694297,143.28494583,-13.64650032,143.28494583,-13.64650032,143.28160995,-13.64690699
Tromso,69.65,18.96,10.0,2026-09-04T20:00:00,2461288.333333334,star_eri_achernar,STAR,24.429000,-57.237000,0.45,283.951472328,283.951484917,283.953807952,283.953820514,124.16084893,-49.47712835,124.16084893,-49.41482116,124.16084893,-49.41590116,124.17434973,-49.47889292,124.17434973,-49.47889292,124.16936468,-49.47871041
Tromso,69.65,18.96,10.0,2026-09-04T20:00:00,2461288.333333334,dso_m31_andromeda,GALAXY,10.684000,41.269000,3.44,283.951472328,283.951484917,283.953807952,283.953820514,92.60893797,45.83404594,92.60893797,45.84967494,92.60893797,45.84945130,92.61612917,45.85124369,92.61612917,45.85122818,92.61466709,45.85226731
Tromso,69.65,18.96,10.0,2026-09-04T20:00:00,2461288.333333334,dso_lmc,GALAXY,80.894000,-69.756000,0.9,283.951472328,283.951484917,283.953807952,283.953820514,110.11365686,-75.68167492,110.11365686,-75.68078111,110.11365686,-75.68079309,110.14355874,-75.68503468,110.14355874,-75.68503468,110.13409186,-75.68442871
Tromso,69.65,18.96,10.0,2026-09-04T20:00:00,2461288.333333334,dso_smc,GALAXY,13.187000,-72.829000,2.7,283.951472328,283.951484917,283.953807952,283.953820514,146.55936517,-59.37953616,146.55936517,-59.35024751,146.55936517,-59.35069765,146.57618846,-59.37871191,146.57618846,-59.37871191,146.57039249,-59.37921725
Tromso,69.65,18.96,10.0,2026-09-04T20:00:00,2461288.333333334,dso_m33_triangulum,GALAXY,23.462000,30.660000,5.72,283.951472328,283.951484917,283.953807952,283.953820514,86.55166945,31.81236728,86.55166945,31.83824655,86.55166945,31.83787538,86.55798691,31.83931068,86.55798691,31.83928503,86.55587139,31.84046634
Tromso,69.65,18.96,10.0,2026-09-04T20:00:00,2461288.333333334,dso_m45_pleiades,STAR_CLUSTER,56.871000,24.105000,1.6,283.951472328,283.951484917,283.953807952,283.953820514,59.20709963,14.67434699,59.20709963,14.73463558,59.20709963,14.73375639,59.21111030,14.73482284,59.21111030,14.73476362,59.20834742,14.73674343
Tromso,69.65,18.96,10.0,2026-09-04T20:00:00,2461288.333333334,dso_hyades,STAR_CLUSTER,66.750000,15.870000,0.5,283.951472328,283.951484917,283.953807952,283.953820514,52.84873608,3.97379105,52.84873608,4.14883961,52.84873608,4.14540741,52.85221673,4.15904802,52.85221673,4.15886801,52.84932846,4.16978843
Tromso,69.65,18.96,10.0,2026-09-04T20:00:00,2461288.333333334,dso_m44_beehive,STAR_CLUSTER,130.100000,19.670000,3.7,283.951472328,283.951484917,283.953807952,283.953820514,352.87255638,-0.61033938,352.87255638,-0.42531426,352.87255638,-0.43063886,352.87093835,-0.04029743,352.87093835,-0.04084654,352.86803669,0.11305627
Tromso,69.65,18.96,10.0,2026-09-04T20:00:00,2461288.333333334,dso_double_cluster,STAR_CLUSTER,34.740000,57.130000,3.7,283.951472328,283.951484917,283.953807952,283.953820514,59.93469523,51.35133362,59.93469523,51.36420658,59.93469523,51.36402245,59.93889927,51.36659990,59.93889927,51.36658712,59.93673971,51.36822258
Tromso,69.65,18.96,10.0,2026-09-04T20:00:00,2461288.333333334,dso_coma_cluster,STAR_CLUSTER,185.600000,26.100000,1.8,283.951472328,283.951484917,283.953807952,283.953820514,303.71414986,15.57312258,303.71414986,15.62990462,303.71414986,15.62907853,303.71195437,15.63035560,303.71195437,15.63029977,303.70854627,15.63034502
Tromso,69.65,18.96,10.0,2026-09-04T20:00:00,2461288.333333334,dso_omega_centauri,GLOBULAR_CLUSTER,201.700000,-47.470000,3.9,283.951472328,283.951484917,283.953807952,283.953820514,258.20980084,-47.43262675,258.20980084,-47.36260737,258.20980084,-47.36385455,258.20726536,-47.42819712,258.20726536,-47.42819712,258.20554533,-47.42959561
Tromso,69.65,18.96,10.0,2026-09-04T20:00:00,2461288.333333334,dso_47_tucanae,GLOBULAR_CLUSTER,6.020000,-72.080000,4.1,283.951472328,283.951484917,283.953807952,283.953820514,148.94517536,-57.46579129,148.94517536,-57.43086715,148.94517536,-57.43141555,148.96109212,-57.46474063,148.96109212,-57.46474063,148.95553928,-57.46531648
Tromso,69.65,18.96,10.0,2026-09-04T20:00:00,2461288.333333334,dso_m13_hercules,GLOBULAR_CLUSTER,250.420000,36.460000,5.8,283.951472328,283.951484917,283.953807952,283.953820514,248.12571956,46.70823039,248.12571956,46.72339039,248.12571956,46.72317347,248.12661729,46.72116556,248.12661729,46.72115051,248.12281387,46.71954153
Tromso,69.65,18.96,10.0,2026-09-04T20:00:00,2461288.333333334,dso_m42_orion_nebula,NEBULA,83.822000,-5.391000,4.0,283.951472328,283.951484917,283.953807952,283.953820514,41.87599996,-20.96029175,41.87599996,-20.80033242,41.87599996,-20.80439217,41.87840036,-20.96496499,41.87840036,-20.96496499,41.87546320,-20.96318769
Tromso,69.65,18.96,10.0,2026-09-04T20:00:00,2461288.333333334,dso_m8_lagoon,NEBULA,270.920000,-24.380000,6.0,283.951472328,283.951484917,283.953807952,283.953820514,208.70498017,-6.72918204,208.70498017,-6.54724001,208.70498017,-6.55240490,208.70975459,-6.72762030,208.70975459,-6.72762030,208.70679769,-6.72936369
Tromso,69.65,18.96,10.0,2026-09-04T20:00:00,2461288.333333334,dso_eta_carinae_nebula,NEBULA,161.260000,-59.870000,1.0,283.951472328,283.951484917,283.953807952,283.953820514,281.79324194,-71.42624934,281.79324194,-71.42141783,281.79324194,-71.42148435,281.77704858,-71.42253471,281.77704858,-71.42253471,281.77879207,-71.42337732
CapeTown,-33.93,18.42,25.0,2026-03-20T12:00:00,2461120.000000000,star_cma_sirius,STAR,101.287000,-16.716000,-1.46,358.034399236,358.034177256,358.035988325,358.035766054,101.47331732,13.19885502,101.47331732,13.26583611,101.47331732,13.26476017,101.47115101,13.26845683,101.47115101,13.26829276,101.46974262,13.26661409
CapeTown,-33.93,18.42,25.0,2026-03-20T12:00:00,2461120.000000000,star_cma_adhara,STAR,104.656000,-28.972000,1.5,358.034399236,358.034177256,358.035988325,358.035766054,114.00323878,16.87019908,114.00323878,16.92252877,114.00323878,16.92169573,114.00038021,16.92460361,114.00038021,16.92447490,113.99870970,16.92294125
CapeTown,-33.93,18.42,25.0,2026-03-20T12:00:00,2461120.000000000,star_cma_wezen,STAR,107.098000,-26.393000,1.83,358.034399236,358.034177256,358.035988325,358.035766054,112.85526694,13.69193659,112.85526694,13.75653575,112.85526694,13.75549978,112.85240810,13.75890273,112.85240810,13.75874439,112.85088386,13.75741555
CapeTown,-33.93,18.42,25.0,2026-03-20T12:00:00,2461120.000000000,star_cma_mirzam,STAR,95.675000,-17.956000,1.98,358.034399236,358.034177256,358.035988325,358.035766054,99.66837622,18.41644509,99.66837622,18.46422744,99.66837622,18.46346851,99.66641235,18.46634314,99.66641235,18.46622547,99.66484439,18.46410853
CapeTown,-33.93,18.42,25.0,2026-03-20T12:00:00,2461120.000000000,star_cmi_procyon,STAR,114.825000,5.225000,0.34,358.034399236,358.034177256,358.035988325,358.035766054,90.55957813,-10.10950534,90.55957813,-9.93084897,90.55957813,-9.93607086,90.55766631,-10.10618024,90.55766631,-10.10618024,90.55694522,-10.10873513
CapeTown,-33.93,18.42,25.0,2026-03-20T12:00:00,2461120.000000000,star_car_canopus,STAR,95.987000,-52.695000,-0.74,358.034399236,358.034177256,358.035988325,358.035766054,135.17002356,32.28704920,135.17002356,32.31245947,135.17002356,32.31205908,135.16648206,32.31326594,135.16648206,32.31320302,135.16374508,32.31236671
CapeTown,-33.93,18.42,25.0,2026-03-20T12:00:00,2461120.000000000,star_car_miaplacidus,STAR,138.300000,-69.720000,1.67,358.034399236,358.034177256,358.035988325,358.035766054,161.61785648,21.88136495,161.61785648,21.92113641,161.61785648,21.92050690,161.61417737,21.92220867,161.61417737,21.92211051,161.61205222,21.92269241
CapeTown,-33.93,18.42,25.0,2026-03-20T12:00:00,2461120.000000000,star_cen_rigil_kent,STAR,219.900000,-60.833000,-0.01,358.034399236,358.034177256,358.035988325,358.035766054,191.45602720,6.87420443,191.45602720,6.99575362,191.45602720,6.99367064,191.45317123,6.99628485,191.45317123,6.99598890,191.45192931,7.00092572
CapeTown,-33.93,18.42,25.0,2026-03-20T12:00:00,2461120.000000000,star_cen_hadar,STAR,210.956000,-60.373000,0.61,358.034399236,358.034177256,358.035988325,358.035766054,187.34179255,5.22648220,187.34179255,5.37605605,187.34179255,5.37330948,187.33864466,5.37888353,187.33864466,5.37851492,187.33745630,5.38579789
CapeTown,-33.93,18.42,25.0,2026-03-20T12:00:00,2461120.000000000,star_lyr_vega,STAR,279.234000,38.783000,0.03,358.034399236,358.034177256,358.035988325,358.035766054,301.11297895,-25.37772627,301.11297895,-25.22905261,301.11297895,-25.23283244,301.12077756,-25.38025612,301.12077756,-25.38025612,301.11861600,-25.37877040
CapeTown,-33.93,18.42,25.0,2026-03-20T12:00:00,2461120.000000000,star_cyg_deneb,STAR,310.358000,45.280000,1.25,358.034399236,358.034177256,358.035988325,358.035766054,319.49857482,-9.14991971,319.49857482,-8.97021292,319.49857482,-8.97549333,319.50583478,-9.15058652,319.50583478,-9.15058652,319.50440437,-9.14996787
CapeTown,-33.93,18.42,25.0,2026-03-20T12:00:00,2461120.000000000,star_cyg_sadr,STAR,305.557000,40.260000,2.23,358.034399236,358.034177256,358.035988325,358.035766054,313.30599962,-8.73999137,313.30599962,-8.55986452,313.30599962,-8.56516841,313.31306975,-8.74103325,313.31306975,-8.74103325,313.31167303,-8.74011086
CapeTown,-33.93,18.42,25.0,2026-03-20T12:00:00,2461120.000000000,star_cyg_albireo,STAR,292.680000,27.960000,3.05,358.034399236,358.034177256,358.035988325,358.035766054,296.91545685,-10.33370886,296.91545685,-10.15531156,296.91545685,-10.16051909,296.92186009,-10.33577803,296.92186009,-10.33577803,296.92045219,-10.33411263
CapeTown,-33.93,18.42,25.0,2026-03-20T12:00:00,2461120.000000000,star_aql_altair,STAR,297.696000,8.868000,0.76,358.034399236,358.034177256,358.035988325,358.035766054,283.88547711,4.44604113,283.88547711,4.61148216,283.88547711,4.60823468,283.89041231,4.61770627,283.89041231,4.61729063,283.88959289,4.62712434
CapeTown,-33.93,18.42,25.0,2026-03-20T12:00:00,2461120.000000000,star_ori_betelgeuse,STAR,88.793000,7.407000,0.5,358.034399236,358.034177256,358.035988325,358.035766054,73.98869691,9.94894350,73.98869691,10.03674264,73.98869691,10.03530683,73.98868684,10.04000727,73.98868684,10.03979325,73.98760699,10.03820681
CapeTown,-33.93,18.42,25.0,2026-03-20T12:00:00,2461120.000000000,star_ori_rigel,STAR,78.634000,-8.202000,0.13,358.034399236,358.034177256,358.035988325,358.035766054,81.11781129,27.30113922,81.11781129,27.33219074,81.11781129,27.33170071,81.11729316,27.33339791,81.11729316,27.33332111,81.11582280,27.33059328
CapeTown,-33.93,18.42,25.0,2026-03-20T12:00:00,2461120.000000000,star_ori_bellatrix,STAR,81.283000,6.350000,1.64,358.034399236,358.034177256,358.035988325,358.035766054,70.18841706,16.51005865,70.18841706,16.56355994,70.18841706,16.56270771,70.18877855,16.56613104,70.18877855,16.56599950,70.18768034,16.56339061
CapeTown,-33.93,18.42,25.0,2026-03-20T12:00:00,2461120.000000000,star_ori_saiph,STAR,86.939000,-9.670000,2.07,358.034399236,358.034177256,358.035988325,358.035766054,87.43329645,21.26915722,87.43329645,21.31016822,87.43329645,21.30951877,87.43225475,21.31205992,87.43225475,21.31195874,87.43079154,21.30943263
CapeTown,-33.93,18.42,25.0,2026-03-20T12:00:00,2461120.000000000,star_ori_alnitak,STAR,85.190000,-1.940000,1.77,358.034399236,358.034177256,358.035988325,358.035766054,79.59519111,18.36441464,79.59519111,18.41233848,79.59519111,18.41157726,79.59475994,18.41463198,79.59475994,18.41451397,79.59349197,18.41192526
CapeTown,-33.93,18.42,25.0,2026-03-20T12:00:00,2461120.000000000,star_ori_alnilam,STAR,84.053000,-1.202000,1.69,358.034399236,358.034177256,358.035988325,358.035766054,78.26374475,18.85897615,78.26374475,18.90558429,78.26374475,18.90484442,78.26342744,18.90782324,78.26342744,18.90770843,78.26217299,18.90508161
CapeTown,-33.93,18.42,25.0,2026-03-20T12:00:00,2461120.000000000,star_ori_mintaka,STAR,83.002000,-0.299000,2.23,358.034399236,358.034177256,358.035988325,358.035766054,76.83738316,19.17788068,76.83738316,19.22367374,76.83738316,19.22294708,76.83718707,19.22587956,76.83718707,19.22576672,76.83595175,19.22310943
CapeTown,-33.93,18.42,25.0,2026-03-20T12:00:00,2461120.000000000,star_tau_aldebaran,STAR,68.980000,16.509000,0.85,358.034399236,358.034177256,358.035988325,358.035766054,53.81320157,18.69968594,53.81320157,18.74671081,53.81320157,18.74596418,53.81500050,18.74901057,53.81500050,18.74889474,53.81416535,18.74618161
CapeTown,-33.93,18.42,25.0,2026-03-20T12:00:00,2461120.000000000,star_tau_elnath,STAR,81.573000,28.608000,1.65,358.034399236,358.034177256,358.035988325,358.035766054,53.06914054,1.95729004,53.06914054,2.14253808,53.06914054,2.13696873,53.07107448,2.24060718,53.07107448,2.23993412,53.07011805,2.26408490
CapeTown,-33.93,18.42,25.0,2026-03-20T12:00:00,2461120.000000000,star_aur_capella,STAR,79.172000,45.998000,0.08,358.034399236,358.034177256,358.035988325,358.035766054,38.76002686,-8.16343495,38.76002686,-7.98274610,38.76002686,-7.98808148,38.76350526,-8.16005087,38.76350526,-8.16005087,38.76237045,-8.16273480
CapeTown,-33.93,18.42,25.0,2026-03-20T12:00:00,2461120.000000000,star_umi_polaris,STAR,37.954000,89.264000,1.98,358.034399236,358.034177256,358.035988325,358.035766054,0.36816531,-33.38927522,0.36816531,-33.26601268,0.36816531,-33.26884706,0.37684459,-33.38630709,0.37684459,-33.38630709,0.37418637,-33.38770362
CapeTown,-33.93,18.42,25.0,2026-03-20T12:00:00,2461120.000000000,star_uma_dubhe,STAR,165.932000,61.751000,1.79,358.034399236,358.034177256,358.035988325,358.035766054,25.48695813,-56.34004822,25.48695813,-56.30161679,25.48695813,-56.30227849,25.49644530,-56.33388963,25.49644530,-56.33388963,25.49288467,-56.33624053
CapeTown,-33.93,18.42,25.0,2026-03-20T12:00:00,2461120.000000000,star_uma_merak,STAR,165.460000,56.380000,2.37,358.034399236,358.034177256,358.035988325,358.035766054,33.78170327,-59.42657163,33.78170327,-59.39741605,33.78170327,-59.39790195,33.79005953,-59.41971204,33.79005953,-59.41971204,33.78677412,-59.42228710
CapeTown,-33.93,18.42,25.0,2026-03-20T12:00:00,2461120.000000000,star_uma_alioth,STAR,193.507000,55.960000,1.77,358.034399236,358.034177256,358.035988325,358.035766054,3.98310506,-68.03897825,3.98310506,-68.02929300,3.98310506,-68.02944241,4.00272049,-68.03454109,4.00272049,-68.03454109,3.99563472,-68.03609659
CapeTown,-33.93,18.42,25.0,2026-03-20T12:00:00,2461120.000000000,star_uma_mizar,STAR,200.981000,54.925000,2.23,358.034399236,358.034177256,358.035988325,358.035766054,352.30613528,-68.87730833,352.30613528,-68.86897227,352.30613528,-68.86910006,352.32863630,-68.87431076,352.32863630,-68.87431076,352.32059989,-68.87533509
CapeTown,-33.93,18.42,25.0,2026-03-20T12:00:00,2461120.000000000,star_uma_alkaid,STAR,206.885000,49.313000,1.85,358.034399236,358.034177256,358.035988325,358.035766054,335.74424601,-72.81744980,335.74424601,-72.81416044,335.74424601,-72.81420953,335.77351117,-72.81670435,335.77351117,-72.81670435,335.76313435,-72.81690837
CapeTown,-33.93,18.42,25.0,2026-03-20T12:00:00,2461120.000000000,star_cas_schedar,STAR,10.127000,56.537000,2.24,358.034399236,358.034177256,358.035988325,358.035766054,356.72738068,-0.75273904,356.72738068,-0.56774470,356.72738068,-0.57331269,356.73369148,-0.15582502,356.73369148,-0.15725320,356.73268530,0.01022200
CapeTown,-33.93,18.42,25.0,2026-03-20T12:00:00,2461120.000000000,star_cas_caph,STAR,2.293000,59.150000,2.28,358.034399236,358.034177256,358.035988325,358.035766054,352.97284088,-3.93077666,352.97284088,-3.74697472,352.97284088,-3.75248324,352.97946012,-3.92951933,352.97946012,-3.92951933,352.97830192,-3.93057477
CapeTown,-33.93,18.42,25.0,2026-03-20T12:00:00,2461120.000000000,star_per_mirfak,STAR,51.080000,49.860000,1.79,358.034399236,358.034177256,358.035988325,358.035766054,21.70817540,0.54380497,21.70817540,0.72900817,21.70817540,0.72343384,21.71291189,0.95140676,21.71291189,0.95043461,21.71195824,1.01573610
CapeTown,-33.93,18.42,25.0,2026-03-20T12:00:00,2461120.000000000,star_per_algol,STAR,47.040000,40.960000,2.12,358.034399236,358.034177256,358.035988325,358.035766054,23.21262075,9.76114900,23.21262075,9.85051252,23.21262075,9.84904874,23.21701546,9.85347279,23.21701546,9.85325502,23.21635649,9.85229793
CapeTown,-33.93,18.42,25.0,2026-03-20T12:00:00,2461120.000000000,star_boo_arcturus,STAR,213.915000,19.182000,-0.05,358.034399236,358.034177256,358.035988325,358.035766054,231.25598991,-68.28903126,231.25598991,-68.27975872,231.25598991,-68.27990149,231.25355421,-68.29695591,231.25355421,-68.29695591,231.25391782,-68.29408919
CapeTown,-33.93,18.42,25.0,2026-03-20T12:00:00,2461120.000000000,star_vir_spica,STAR,201.298000,-11.161000,0.98,358.034399236,358.034177256,358.035988325,358.035766054,187.15053370,-44.50071755,187.15053370,-44.41939572,187.15053370,-44.42101095,187.14315387,-44.50470851,187.14315387,-44.50470851,187.14451847,-44.50302008
CapeTown,-33.93,18.42,25.0,2026-03-20T12:00:00,2461120.000000000,star_sco_antares,STAR,247.352000,-26.432000,0.96,358.034399236,358.034177256,358.035988325,358.035766054,225.66730028,-12.43377149,225.66730028,-12.25805468,225.66730028,-12.26311533,225.66684409,-12.43760641,225.66684409,-12.43760641,225.66605079,-12.43480505
CapeTown,-33.93,18.42,25.0,2026-03-20T12:00:00,2461120.000000000,star_sco_shaula,STAR,263.402000,-37.104000,1.62,358.034399236,358.034177256,358.035988325,358.035766054,227.61376039,4.73571213,227.61376039,4.89515288,227.61376039,4.89211308,227.61373206,4.89905168,227.61373206,4.89865468,227.61270157,4.90825749
CapeTown,-33.93,18.42,25.0,2026-03-20T12:00:00,2461120.000000000,star_leo_regulus,STAR,152.093000,11.967000,1.36,358.034399236,358.034177256,358.035988325,358.035766054,108.13835412,-44.31453962,108.13835412,-44.23249471,108.13835412,-44.23412823,108.13171695,-44.30995219,108.13171695,-44.30995219,108.13280584,-44.31196369
CapeTown,-33.93,18.42,25.0,2026-03-20T12:00:00,2461120.000000000,star_gem_pollux,STAR,116.329000,28.026000,1.14,358.034399236,358.034177256,358.035988325,358.035766054,70.89385175,-23.11389072,70.89385175,-22.95917142,70.89385175,-22.96320857,70.89374567,-23.10891596,70.89374567,-23.10891596,70.89297177,-23.11179452
CapeTown,-33.93,18.42,25.0,2026-03-20T12:00:00,2461120.000000000,star_gem_castor,STAR,113.650000,31.888000,1.58,358.034399236,358.034177256,358.035988325,358.035766054,66.01029404,-22.82080109,66.01029404,-22.66533905,66.01029404,-22.66940883,66.01081036,-22.81579446,66.01081036,-22.81579446,66.00992988,-22.81870199
CapeTown,-33.93,18.42,25.0,2026-03-20T12:00:00,2461120.000000000,star_psa_fomalhaut,STAR,344.413000,-29.622000,1.17,358.034399236,358.034177256,358.035988325,358.035766054,270.63968144,62.78727352,270.63968144,62.79555544,270.63968144,62.79542529,270.64434342,62.79778987,270.64434342,62.79776934,270.64611159,62.80031035
CapeTown,-33.93,18.42,25.0,2026-03-20T12:00:00,2461120.000000000,star_eri_achernar,STAR,24.429000,-57.237000,0.45,358.034399236,358.034177256,358.035988325,358.035766054,168.93556140,66.16071727,168.93556140,66.16783478,168.93556140,66.16772294,168.92948560,66.16883192,168.92948560,66.16881429,168.92220962,66.16966610
CapeTown,-33.93,18.42,25.0,2026-03-20T12:00:00,2461120.000000000,dso_m31_andromeda,GALAXY,10.684000,41.269000,3.44,358.034399236,358.034177256,358.035988325,358.035766054,355.80468257,14.49283864,355.80468257,14.55388352,355.80468257,14.55290683,355.81051330,14.55593578,355.81051330,14.55578600,355.81022999,14.55501469
CapeTown,-33.93,18.42,25.0,2026-03-20T12:00:00,2461120.000000000,dso_lmc,GALAXY,80.894000,-69.756000,0.9,358.034399236,358.034177256,358.035988325,358.035766054,155.79594431,40.38203645,155.79594431,40.40094345,155.79594431,40.40064593,155.79212061,40.40169098,155.79212061,40.40164411,155.78867549,40.40183198
CapeTown,-33.93,18.42,25.0,2026-03-20T12:00:00,2461120.000000000,dso_smc,GALAXY,13.187000,-72.829000,2.7,358.034399236,358.034177256,358.035988325,358.035766054,181.44767486,51.21036654,181.44767486,51.22330445,181.44767486,51.22310104,181.44410880,51.22459708,181.44410880,51.22456499,181.43998569,51.22599130
CapeTown,-33.93,18.42,25.0,2026-03-20T12:00:00,2461120.000000000,dso_m33_triangulum,GALAXY,23.462000,30.660000,5.72,358.034399236,358.034177256,358.035988325,358.035766054,6.97932213,24.90279135,6.97932213,24.93727287,6.97932213,24.93672812,6.98449716,24.93862213,6.98449716,24.93853691,6.98463128,24.93689807
CapeTown,-33.93,18.42,25.0,2026-03-20T12:00:00,2461120.000000000,dso_m45_pleiades,STAR_CLUSTER,56.871000,24.105000,1.6,358.034399236,358.034177256,358.035988325,358.035766054,39.41342547,20.13480639,39.41342547,20.17829736,39.41342547,20.17760793,39.41643595,20.18036143,39.41643595,20.18025420,39.41587076,20.17768660
CapeTown,-33.93,18.42,25.0,2026-03-20T12:00:00,2461120.000000000,dso_hyades,STAR_CLUSTER,66.750000,15.870000,0.5,358.034399236,358.034177256,358.035988325,358.035766054,52.63655489,20.64081838,52.63655489,20.68317198,52.63655489,20.68250090,52.63845139,20.68521924,52.63845139,20.68511479,52.63765394,20.68235263
CapeTown,-33.93,18.42,25.0,2026-03-20T12:00:00,2461120.000000000,dso_m44_beehive,STAR_CLUSTER,130.100000,19.670000,3.7,358.034399236,358.034177256,358.035988325,358.035766054,85.75438399,-30.35224485,85.75438399,-30.21867399,85.75438399,-30.22186832,85.75210906,-30.34708988,85.75210906,-30.34708988,85.75183178,-30.34975345
CapeTown,-33.93,18.42,25.0,2026-03-20T12:00:00,2461120.000000000,dso_double_cluster,STAR_CLUSTER,34.740000,57.130000,3.7,358.034399236,358.034177256,358.035988325,358.035766054,10.01847592,-2.54715472,10.01847592,-2.36271445,10.01847592,-2.36825647,10.02414640,-2.54517450,10.02414640,-2.54517450,10.02307313,-2.54698021
CapeTown,-33.93,18.42,25.0,2026-03-20T12:00:00,2461120.000000000,dso_coma_cluster,STAR_CLUSTER,185.600000,26.100000,1.8,358.034399236,358.034177256,358.035988325,358.035766054,128.45657812,-77.89996899,128.45657812,-77.90026548,128.45657812,-77.90026117,128.42073623,-77.89681567,128.42073623,-77.89681567,128.43224997,-77.89797027
CapeTown,-33.93,18.42,25.0,2026-03-20T12:00:00,2461120.000000000,dso_omega_centauri,GLOBULAR_CLUSTER,201.700000,-47.470000,3.9,358.034399236,358.034177256,358.035988325,358.035766054,183.84332969,-8.30582695,183.84332969,-8.12527378,183.84332969,-8.13060155,183.83940665,-8.30776414,183.83940665,-8.30776414,183.83879585,-8.30621553
CapeTown,-33.93,18.42,25.0,2026-03-20T12:00:00,2461120.000000000,dso_47_tucanae,GLOBULAR_CLUSTER,6.020000,-72.080000,4.1,358.034399236,358.034177256,358.035988325,358.035766054,185.05221278,51.62114149,185.05221278,51.63389086,185.05221278,51.63369043,185.04880970,51.63527652,185.04880970,51.63524490,185.04476084,51.63682770
CapeTown,-33.93,18.42,25.0,2026-03-20T12:00:00,2461120.000000000,dso_m13_hercules,GLOBULAR_CLUSTER,250.420000,36.460000,5.8,358.034399236,358.034177256,358.035988325,358.035766054,289.38030333,-46.21006194,289.38030333,-46.13535463,289.38030333,-46.13680623,289.38983821,-46.21456515,289.38983821,-46.21456515,289.38661935,-46.21260040
CapeTown,-33.93,18.42,25.0,2026-03-20T12:00:00,2461120.000000000,dso_m42_orion_nebula,NEBULA,83.822000,-5.391000,4.0,358.034399236,358.034177256,358.035988325,358.035766054,81.76914423,21.46258919,81.76914423,21.50320150,81.76914423,21.50255847,81.76855316,21.50509971,81.76855316,21.50499950,81.76718941,21.50235768
CapeTown,-33.93,18.42,25.0,2026-03-20T12:00:00,2461120.000000000,dso_m8_lagoon,NEBULA,270.920000,-24.380000,6.0,358.034399236,358.034177256,358.035988325,358.035766054,241.60980892,1.89813742,241.60980892,2.08338742,241.60980892,2.07781761,241.61110141,2.18052558,241.61110141,2.17984230,241.61012968,2.21035389
CapeTown,-33.93,18.42,25.0,2026-03-20T12:00:00,2461120.000000000,dso_eta_carinae_nebula,NEBULA,161.260000,-59.870000,1.0,358.034399236,358.034177256,358.035988325,358.035766054,163.18905089,8.24749657,163.18905089,8.35156331,163.18905089,8.34982847,163.18506989,8.35269885,163.18506989,8.35244565,163.18368419,8.35502551
Honolulu,21.31,-157.86,5.0,2026-03-20T12:00:00,2461120.000000000,star_cma_sirius,STAR,101.287000,-16.716000,-1.46,358.034399236,358.034177256,358.035988325,358.035766054,257.12439367,-13.76952619,257.12439367,-13.59575632,257.12439367,-13.60040509,257.12626232,-13.77113031,257.12626232,-13.77113031,257.12817075,-13.76926634
Honolulu,21.31,-157.86,5.0,2026-03-20T12:00:00,2461120.000000000,star_cma_adhara,STAR,104.656000,-28.972000,1.5,358.034399236,358.034177256,358.035988325,358.035766054,244.10901131,-14.53296986,244.10901131,-14.36039848,244.10901131,-14.36498600,244.11165980,-14.53427883,244.11165980,-14.53427883,244.11369198,-14.53291029
Honolulu,21.31,-157.86,5.0,2026-03-20T12:00:00,2461120.000000000,star_cma_wezen,STAR,107.098000,-26.393000,1.83,358.034399236,358.034177256,358.035988325,358.035766054,245.96471563,-11.69365129,245.96471563,-11.51693712,245.96471563,-11.52173961,245.96732596,-11.69517014,245.96732596,-11.69517014,245.96922559,-11.69372603
Honolulu,21.31,-157.86,5.0,2026-03-20T12:00:00,2461120.000000000,star_cma_mirzam,STAR,95.675000,-17.956000,1.98,358.034399236,358.034177256,358.035988325,358.035766054,257.60824896,-19.24874649,257.60824896,-19.08498498,257.60824896,-19.08914579,257.60999585,-19.24994391,257.60999585,-19.24994391,257.61210568,-19.24806323
Honolulu,21.31,-157.86,5.0,2026-03-20T12:00:00,2461120.000000000,star_cmi_procyon,STAR,114.825000,5.225000,0.34,358.034399236,358.034177256,358.035988325,358.035766054,273.01720540,6.52234289,273.01720540,6.64917640,273.01720540,6.64721331,273.01831288,6.64762142,273.01831288,6.64755953,273.01957414,6.65310972
Honolulu,21.31,-157.86,5.0,2026-03-20T12:00:00,2461120.000000000,star_car_canopus,STAR,95.987000,-52.695000,-0.74,358.034399236,358.034177256,358.035988325,358.035766054,220.51265501,-25.21887575,220.51265501,-25.06976027,220.51265501,-25.07329369,220.51602470,-25.21946062,220.51602470,-25.21946062,220.51872095,-25.21914957
Honolulu,21.31,-157.86,5.0,2026-03-20T12:00:00,2461120.000000000,star_car_miaplacidus,STAR,138.300000,-69.720000,1.67,358.034399236,358.034177256,358.035988325,358.035766054,198.02552276,-10.91366240,198.02552276,-10.73595933,198.02552276,-10.74081443,198.02913539,-10.91400261,198.02913539,-10.91400261,198.03106199,-10.91475053
Honolulu,21.31,-157.86,5.0,2026-03-20T12:00:00,2461120.000000000,star_cen_rigil_kent,STAR,219.900000,-60.833000,-0.01,358.034399236,358.034177256,358.035988325,358.035766054,170.27339417,6.13326690,170.27339417,6.26637766,170.27339417,6.26428520,170.27642228,6.27006410,170.27642228,6.26999907,170.27763192,6.27190038
Honolulu,21.31,-157.86,5.0,2026-03-20T12:00:00,2461120.000000000,star_cen_hadar,STAR,210.956000,-60.373000,0.61,358.034399236,358.034177256,358.035988325,358.035766054,174.43375058,7.68101627,174.43375058,7.79173666,174.43375058,7.79007794,174.43711244,7.79453800,174.43711244,7.79448410,174.43825036,7.79494674
Honolulu,21.31,-157.86,5.0,2026-03-20T12:00:00,2461120.000000000,star_lyr_vega,STAR,279.234000,38.783000,0.03,358.034399236,358.034177256,358.035988325,358.035766054,55.25790308,21.27200923,55.25790308,21.31301430,55.25790308,21.31244227,55.24982000,21.31505970,55.24982000,21.31503945,55.25222980,21.31406729
Honolulu,21.31,-157.86,5.0,2026-03-20T12:00:00,2461120.000000000,star_cyg_deneb,STAR,310.358000,45.280000,1.25,358.034399236,358.034177256,358.035988325,358.035766054,41.20737399,1.74655110,41.20737399,1.93180457,41.20737399,1.92656026,41.20008602,2.04115555,41.20008602,2.04101383,41.20158978,2.07059375
Honolulu,21.31,-157.86,5.0,2026-03-20T12:00:00,2461120.000000000,star_cyg_sadr,STAR,305.557000,40.260000,2.23,358.034399236,358.034177256,358.035988325,358.035766054,47.29235207,2.52945859,47.29235207,2.71467045,47.29235207,2.70943313,47.28518237,2.77634645,47.28518237,2.77622778,47.28672085,2.79458581
Honolulu,21.31,-157.86,5.0,2026-03-20T12:00:00,2461120.000000000,star_cyg_albireo,STAR,292.680000,27.960000,3.05,358.034399236,358.034177256,358.035988325,358.035766054,62.81013854,7.52550704,62.81013854,7.63818432,62.81013854,7.63649038,62.80340524,7.64043319,62.80340524,7.64037834,62.80514191,7.64137230
Honolulu,21.31,-157.86,5.0,2026-03-20T12:00:00,2461120.000000000,star_aql_altair,STAR,297.696000,8.868000,0.76,358.034399236,358.034177256,358.035988325,358.035766054,78.81177649,-3.95835768,78.81177649,-3.77457034,78.81177649,-3.77975392,78.80656131,-3.95785772,78.80656131,-3.95785772,78.80784900,-3.95977914
Honolulu,21.31,-157.86,5.0,2026-03-20T12:00:00,2461120.000000000,star_ori_betelgeuse,STAR,88.793000,7.407000,0.5,358.034399236,358.034177256,358.035988325,358.035766054,285.08354162,-16.53504261,285.08354162,-16.36591396,285.08354162,-16.37032985,285.08313176,-16.53678155,285.08313176,-16.53678155,285.08481488,-16.53420342
Honolulu,21.31,-157.86,5.0,2026-03-20T12:00:00,2461120.000000000,star_ori_rigel,STAR,78.634000,-8.202000,0.13,358.034399236,358.034177256,358.035988325,358.035766054,273.65225815,-31.98749901,273.65225815,-31.85938703,273.65225815,-31.86215973,273.65270993,-31.98775293,273.65270993,-31.98775293,273.65499007,-31.98540064
Honolulu,21.31,-157.86,5.0,2026-03-20T12:00:00,2461120.000000000,star_ori_bellatrix,STAR,81.283000,6.350000,1.64,358.034399236,358.034177256,358.035988325,358.035766054,287.54119572,-23.70449370,287.54119572,-23.55129916,287.54119572,-23.55499812,287.54050857,-23.70555778,287.54050857,-23.70555778,287.54226814,-23.70294423
Honolulu,21.31,-157.86,5.0,2026-03-20T12:00:00,2461120.000000000,star_ori_saiph,STAR,86.939000,-9.670000,2.07,358.034399236,358.034177256,358.035988325,358.035766054,268.93814098,-24.75500615,268.93814098,-24.60461556,268.93814098,-24.60820002,268.93900156,-24.75585872,268.93900156,-24.75585872,268.94114397,-24.75362739
Honolulu,21.31,-157.86,5.0,2026-03-20T12:00:00,2461120.000000000,star_ori_alnitak,STAR,85.190000,-1.940000,1.77,358.034399236,358.034177256,358.035988325,358.035766054,277.53596689,-23.61694099,277.53596689,-23.46351805,277.53596689,-23.46722647,277.53614008,-23.61794912,277.53614008,-23.61794912,277.53809164,-23.61550912
Honolulu,21.31,-157.86,5.0,2026-03-20T12:00:00,2461120.000000000,star_ori_alnilam,STAR,84.053000,-1.202000,1.69,358.034399236,358.034177256,358.035988325,358.035766054,278.76354346,-24.37792950,278.76354346,-24.22651900,278.76354346,-24.23014474,278.76360776,-24.37887588,278.76360776,-24.37887588,278.76555480,-24.37641046
Honolulu,21.31,-157.86,5.0,2026-03-20T12:00:00,2461120.000000000,star_ori_mintaka,STAR,83.002000,-0.299000,2.23,358.034399236,358.034177256,358.035988325,358.035766054,280.13456211,-24.98476495,280.13456211,-24.83500312,280.13456211,-24.83856234,280.13450603,-24.98566377,280.13450603,-24.98566377,280.13644031,-24.98317130
Honolulu,21.31,-157.86,5.0,2026-03-20T12:00:00,2461120.000000000,star_tau_aldebaran,STAR,68.980000,16.509000,0.85,358.034399236,358.034177256,358.035988325,358.035766054,304.21722535,-28.69357675,304.21722535,-28.55470709,304.21722535,-28.55785174,304.21502387,-28.69425250,304.21502387,-28.69425250,304.21643866,-28.69152784
Honolulu,21.31,-157.86,5.0,2026-03-20T12:00:00,2461120.000000000,star_tau_elnath,STAR,81.573000,28.608000,1.65,358.034399236,358.034177256,358.035988325,358.035766054,307.66125952,-12.24572098,307.66125952,-12.06974529,307.66125952,-12.07450880,307.65882714,-12.24802545,307.65882714,-12.24802545,307.66021038,-12.24530643
Honolulu,21.31,-157.86,5.0,2026-03-20T12:00:00,2461120.000000000,star_aur_capella,STAR,79.172000,45.998000,0.08,358.034399236,358.034177256,358.035988325,358.035766054,323.16998155,-3.83706339,323.16998155,-3.65321238,323.16998155,-3.65839928,323.16611742,-3.84012504,323.16611742,-3.84012504,323.16747866,-3.83755197
Honolulu,21.31,-157.86,5.0,2026-03-20T12:00:00,2461120.000000000,star_umi_polaris,STAR,37.954000,89.264000,1.98,358.034399236,358.034177256,358.035988325,358.035766054,359.70961428,20.75077429,359.70961428,20.79288753,359.70961428,20.79229972,359.70191320,20.79067801,359.70191320,20.79065722,359.70418768,20.79221211
Honolulu,21.31,-157.86,5.0,2026-03-20T12:00:00,2461120.000000000,star_uma_dubhe,STAR,165.932000,61.751000,1.79,358.034399236,358.034177256,358.035988325,358.035766054,338.61816972,43.44808948,338.61816972,43.46507235,338.61816972,43.46483731,338.61028145,43.45974373,338.61028145,43.45973530,338.61316999,43.46192356
Honolulu,21.31,-157.86,5.0,2026-03-20T12:00:00,2461120.000000000,star_uma_merak,STAR,165.460000,56.380000,2.37,358.034399236,358.034177256,358.035988325,358.035766054,332.72938071,46.86768393,332.72938071,46.88275984,332.72938071,46.88255125,332.72195789,46.87683912,332.72195789,46.87683163,332.72477841,46.87917087
Honolulu,21.31,-157.86,5.0,2026-03-20T12:00:00,2461120.000000000,star_uma_alioth,STAR,193.507000,55.960000,1.77,358.034399236,358.034177256,358.035988325,358.035766054,353.73416823,55.16997659,353.73416823,55.18117968,353.73416823,55.18102477,353.72170628,55.17654409,353.72170628,55.17653853,353.72611649,55.17826043
Honolulu,21.31,-157.86,5.0,2026-03-20T12:00:00,2461120.000000000,star_uma_mizar,STAR,200.981000,54.925000,2.23,358.034399236,358.034177256,358.035988325,358.035766054,1.12835262,56.51575220,1.12835262,56.52640363,1.12835262,56.52625635,1.11443978,56.52250237,1.11443978,56.52249708,1.11932125,56.52393865
Honolulu,21.31,-157.86,5.0,2026-03-20T12:00:00,2461120.000000000,star_uma_alkaid,STAR,206.885000,49.313000,1.85,358.034399236,358.034177256,358.035988325,358.035766054,9.60869232,61.58400529,9.60869232,61.59271928,9.60869232,61.59259882,9.59153168,61.58970196,9.59153168,61.58969763,9.59753977,61.59079257
Honolulu,21.31,-157.86,5.0,2026-03-20T12:00:00,2461120.000000000,star_cas_schedar,STAR,10.127000,56.537000,2.24,358.034399236,358.034177256,358.035988325,358.035766054,5.41280124,-11.58175382,5.41280124,-11.40489388,5.41280124,-11.40970410,5.40631765,-11.58353573,5.40631765,-11.58353573,5.40724851,-11.58223330
Honolulu,21.31,-157.86,5.0,2026-03-20T12:00:00,2461120.000000000,star_cas_caph,STAR,2.293000,59.150000,2.28,358.034399236,358.034177256,358.035988325,358.035766054,8.94703355,-8.11074088,8.94703355,-7.93000234,8.94703355,-7.93502139,8.94034329,-8.11257849,8.94034329,-8.11257849,8.94141276,-8.11142606
Honolulu,21.31,-157.86,5.0,2026-03-20T12:00:00,2461120.000000000,star_per_mirfak,STAR,51.080000,49.860000,1.79,358.034399236,358.034177256,358.035988325,358.035766054,339.85165396,-13.50702349,339.85165396,-13.33285598,339.85165396,-13.33752524,339.84657802,-13.50907566,339.84657802,-13.50907566,339.84761574,-13.50686813
Honolulu,21.31,-157.86,5.0,2026-03-20T12:00:00,2461120.000000000,star_per_algol,STAR,47.040000,40.960000,2.12,358.034399236,358.034177256,358.035988325,358.035766054,337.99705620,-22.67766754,337.99705620,-22.52184614,337.99705620,-22.52565528,337.99215484,-22.67901147,337.99215484,-22.67901147,337.99293907,-22.67675341
Honolulu,21.31,-157.86,5.0,2026-03-20T12:00:00,2461120.000000000,star_boo_arcturus,STAR,213.915000,19.182000,-0.05,358.034399236,358.034177256,358.035988325,358.035766054,97.21346657,76.62342626,97.21346657,76.62725742,97.21346657,76.62720448,97.19723276,76.63454765,97.19723276,76.63454576,97.20381578,76.63210487
Honolulu,21.31,-157.86,5.0,2026-03-20T12:00:00,2461120.000000000,star_vir_spica,STAR,201.298000,-11.161000,0.98,358.034399236,358.034177256,358.035988325,358.035766054,177.31838561,57.35761726,177.31838561,57.36793221,177.31838561,57.36778959,177.32886739,57.37195041,177.32886739,57.37194529,177.32687509,57.37028564
Honolulu,21.31,-157.86,5.0,2026-03-20T12:00:00,2461120.000000000,star_sco_antares,STAR,247.352000,-26.432000,0.96,358.034399236,358.034177256,358.035988325,358.035766054,133.85937512,23.59895750,133.85937512,23.63556912,133.85937512,23.63505937,133.85945729,23.64056848,133.85945729,23.64055038,133.86067404,23.63785476
Honolulu,21.31,-157.86,5.0,2026-03-20T12:00:00,2461120.000000000,star_sco_shaula,STAR,263.402000,-37.104000,1.62,358.034399236,358.034177256,358.035988325,358.035766054,134.02534590,6.32158733,134.02534590,6.45160145,134.02534590,6.44957372,134.02521226,6.45601074,134.02521226,6.45594729,134.02658089,6.45680722
Honolulu,21.31,-157.86,5.0,2026-03-20T12:00:00,2461120.000000000,star_leo_regulus,STAR,152.093000,11.967000,1.36,358.034399236,358.034177256,358.035988325,358.035766054,266.19506229,43.46457031,266.19506229,43.48154343,266.19506229,43.48130852,266.19933586,43.47617928,266.19933586,43.47617086,266.19917603,43.47827174
Honolulu,21.31,-157.86,5.0,2026-03-20T12:00:00,2461120.000000000,star_gem_pollux,STAR,116.329000,28.026000,1.14,358.034399236,358.034177256,358.035988325,358.035766054,294.51460639,15.33509698,294.51460639,15.39277100,294.51460639,15.39195857,294.51364708,15.38924443,294.51364708,15.38921607,294.51494584,15.39212253
Honolulu,21.31,-157.86,5.0,2026-03-20T12:00:00,2461120.000000000,star_gem_castor,STAR,113.650000,31.888000,1.58,358.034399236,358.034177256,358.035988325,358.035766054,299.02705249,14.21036804,299.02705249,14.27262488,299.02705249,14.27174495,299.02556558,14.26919517,299.02556558,14.26916460,299.02692761,14.27218421
Honolulu,21.31,-157.86,5.0,2026-03-20T12:00:00,2461120.000000000,star_psa_fomalhaut,STAR,344.413000,-29.622000,1.17,358.034399236,358.034177256,358.035988325,358.035766054,111.69572586,-57.12432717,111.69572586,-57.08835366,111.69572586,-57.08890508,111.69368012,-57.12709950,111.69368012,-57.12709950,111.69420557,-57.12976197
Honolulu,21.31,-157.86,5.0,2026-03-20T12:00:00,2461120.000000000,star_eri_achernar,STAR,24.429000,-57.237000,0.45,358.034399236,358.034177256,358.035988325,358.035766054,184.15408058,-54.05239568,184.15408058,-54.00644000,184.15408058,-54.00717138,184.15824448,-54.05356204,184.15824448,-54.05356204,184.16292660,-54.05491621
Honolulu,21.31,-157.86,5.0,2026-03-20T12:00:00,2461120.000000000,dso_m31_andromeda,GALAXY,10.684000,41.269000,3.44,358.034399236,358.034177256,358.035988325,358.035766054,7.66318555,-26.70715855,7.66318555,-26.56228412,7.66318555,-26.56565214,7.65677587,-26.70828516,7.65677587,-26.70828516,7.65696837,-26.70707770
Honolulu,21.31,-157.86,5.0,2026-03-20T12:00:00,2461120.000000000,dso_lmc,GALAXY,80.894000,-69.756000,0.9,358.034399236,358.034177256,358.035988325,358.035766054,200.38997707,-29.93481938,200.38997707,-29.79989165,200.38997707,-29.80289601,200.39344056,-29.93538787,200.39344056,-29.93538787,200.39638718,-29.93602705
Honolulu,21.31,-157.86,5.0,2026-03-20T12:00:00,2461120.000000000,dso_smc,GALAXY,13.187000,-72.829000,2.7,358.034399236,358.034177256,358.035988325,358.035766054,177.43184867,-38.48075999,177.43184867,-38.37617521,177.43184867,-38.37823843,177.43481892,-38.48177298,177.43481892,-38.48177298,177.43798085,-38.48339468
Honolulu,21.31,-157.86,5.0,2026-03-20T12:00:00,2461120.000000000,dso_m33_triangulum,GALAXY,23.462000,30.660000,5.72,358.034399236,358.034177256,358.035988325,358.035766054,356.03117567,-37.77760657,356.03117567,-37.67036221,356.03117567,-37.67249944,356.02506062,-37.77809261,356.02506062,-37.77809261,356.02481649,-37.77641747
Honolulu,21.31,-157.86,5.0,2026-03-20T12:00:00,2461120.000000000,dso_m45_pleiades,STAR_CLUSTER,56.871000,24.105000,1.6,358.034399236,358.034177256,358.035988325,358.035766054,319.59365530,-31.94277447,319.59365530,-31.81451027,319.59365530,-31.81728800,319.59009869,-31.94325035,319.59009869,-31.94325035,319.59106244,-31.94062639
Honolulu,21.31,-157.86,5.0,2026-03-20T12:00:00,2461120.000000000,dso_hyades,STAR_CLUSTER,66.750000,15.870000,0.5,358.034399236,358.034177256,358.035988325,358.035766054,305.12191778,-30.78607617,305.12191778,-30.65393162,305.12191778,-30.65683978,305.11962040,-30.78655963,305.11962040,-30.78655963,305.12100898,-30.78383549
Honolulu,21.31,-157.86,5.0,2026-03-20T12:00:00,2461120.000000000,dso_m44_beehive,STAR_CLUSTER,130.100000,19.670000,3.7,358.034399236,358.034177256,358.035988325,358.035766054,282.34112928,25.23805653,282.34112928,25.27202295,282.34112928,25.27155054,282.34186623,25.26753760,282.34186623,25.26752079,282.34281448,25.27001951
Honolulu,21.31,-157.86,5.0,2026-03-20T12:00:00,2461120.000000000,dso_double_cluster,STAR_CLUSTER,34.740000,57.130000,3.7,358.034399236,358.034177256,358.035988325,358.035766054,351.80479444,-10.43216591,351.80479444,-10.25388401,351.80479444,-10.25877012,351.79892285,-10.43427065,351.79892285,-10.43427065,351.79997234,-10.43244173
Honolulu,21.31,-157.86,5.0,2026-03-20T12:00:00,2461120.000000000,dso_coma_cluster,STAR_CLUSTER,185.600000,26.100000,1.8,358.034399236,358.034177256,358.035988325,358.035766054,292.35689689,76.16462233,292.35689689,76.16859004,292.35689689,76.16853521,292.36074731,76.16048071,292.36074731,76.16047875,292.35994487,76.16313753
Honolulu,21.31,-157.86,5.0,2026-03-20T12:00:00,2461120.000000000,dso_omega_centauri,GLOBULAR_CLUSTER,201.700000,-47.470000,3.9,358.034399236,358.034177256,358.035988325,358.035766054,178.60876785,21.06119861,178.60876785,21.10264577,178.60876785,21.10206745,178.61319203,21.10558057,178.61319203,21.10556011,178.61375756,21.10400580
Honolulu,21.31,-157.86,5.0,2026-03-20T12:00:00,2461120.000000000,dso_47_tucanae,GLOBULAR_CLUSTER,6.020000,-72.080000,4.1,358.034399236,358.034177256,358.035988325,358.035766054,174.52802702,-38.75259123,174.52802702,-38.64903984,174.52802702,-38.65107468,174.53086800,-38.75366400,174.53086800,-38.75366400,174.53397875,-38.75539454
Honolulu,21.31,-157.86,5.0,2026-03-20T12:00:00,2461120.000000000,dso_m13_hercules,GLOBULAR_CLUSTER,250.420000,36.460000,5.8,358.034399236,358.034177256,358.035988325,358.035766054,59.42839563,43.85239479,59.42839563,43.86914013,59.42839563,43.86890838,59.41764111,43.87201741,59.41764111,43.87200910,59.42142614,43.87078722
Honolulu,21.31,-157.86,5.0,2026-03-20T12:00:00,2461120.000000000,dso_m42_orion_nebula,NEBULA,83.822000,-5.391000,4.0,358.034399236,358.034177256,358.035988325,358.035766054,274.56969222,-26.17385166,274.56969222,-26.02743150,274.56969222,-26.03085904,274.57009257,-26.17461242,274.57009257,-26.17461242,274.57217116,-26.17223843
Honolulu,21.31,-157.86,5.0,2026-03-20T12:00:00,2461120.000000000,dso_m8_lagoon,NEBULA,270.920000,-24.380000,6.0,358.034399236,358.034177256,358.035988325,358.035766054,119.69290431,7.13355882,119.69290431,7.25143920,119.69290431,7.24964946,119.69127339,7.25548285,119.69127339,7.25542545,119.69272017,7.25536545
Honolulu,21.31,-157.86,5.0,2026-03-20T12:00:00,2461120.000000000,dso_eta_carinae_nebula,NEBULA,161.260000,-59.870000,1.0,358.034399236,358.034177256,358.035988325,358.035766054,198.21468934,2.80260106,198.21468934,2.98778458,198.21468934,2.98255057,198.21880167,3.03606047,198.21880167,3.03594838,198.22009470,3.05158812
Quito,0.0,-78.5,2850.0,2026-03-20T12:00:00,2461120.000000000,star_cma_sirius,STAR,101.287000,-16.716000,-1.46,358.034399236,358.034177256,358.035988325,358.035766054,186.76750307,-73.13287958,186.76750307,-73.12990455,186.76750307,-73.13061319,186.76109757,-73.13430918,186.76109757,-73.13430918,186.76613067,-73.13649505
Quito,0.0,-78.5,2850.0,2026-03-20T12:00:00,2461120.000000000,star_cma_adhara,STAR,104.656000,-28.972000,1.5,358.034399236,358.034177256,358.035988325,358.035766054,189.59648607,-60.53676390,189.59648607,-60.51067024,189.59648607,-60.51696545,189.59347617,-60.53913686,189.59347617,-60.53913686,189.59585495,-60.54122824
Quito,0.0,-78.5,2850.0,2026-03-20T12:00:00,2461120.000000000,star_cma_wezen,STAR,107.098000,-26.393000,1.83,358.034399236,358.034177256,358.035988325,358.035766054,195.32452719,-62.50664725,195.32452719,-62.48560054,195.32452719,-62.49066655,195.32129588,-62.50912199,195.32129588,-62.50912199,195.32435447,-62.51100682
Quito,0.0,-78.5,2850.0,2026-03-20T12:00:00,2461120.000000000,star_cma_mirzam,STAR,95.675000,-17.956000,1.98,358.034399236,358.034177256,358.035988325,358.035766054,169.13278252,-71.68828519,169.13278252,-71.68376379,169.13278252,-71.68484207,169.12716456,-71.68915474,169.12716456,-71.68915474,169.12941794,-71.69180114
Quito,0.0,-78.5,2850.0,2026-03-20T12:00:00,2461120.000000000,star_cmi_procyon,STAR,114.825000,5.225000,0.34,358.034399236,358.034177256,358.035988325,358.035766054,288.53005268,-73.54901471,288.53005268,-73.54643479,288.53005268,-73.54704912,288.53314966,-73.55265786,288.53314966,-73.55265786,288.53801318,-73.55039182
Quito,0.0,-78.5,2850.0,2026-03-20T12:00:00,2461120.000000000,star_car_canopus,STAR,95.987000,-52.695000,-0.74,358.034399236,358.034177256,358.035988325,358.035766054,177.41266459,-37.20978648,177.41266459,-37.10040998,177.41266459,-37.12756389,177.41157268,-37.21268099,177.41157268,-37.21268099,177.41159625,-37.21513993
Quito,0.0,-78.5,2850.0,2026-03-20T12:00:00,2461120.000000000,star_car_miaplacidus,STAR,138.300000,-69.720000,1.67,358.034399236,358.034177256,358.035988325,358.035766054,192.97263688,-15.57717105,192.97263688,-15.40634085,192.97263688,-15.44944499,192.97283285,-15.58064982,192.97283285,-15.58064982,192.97231435,-15.58262179
Quito,0.0,-78.5,2850.0,2026-03-20T12:00:00,2461120.000000000,star_cen_rigil_kent,STAR,219.900000,-60.833000,-0.01,358.034399236,358.034177256,358.035988325,358.035766054,205.49334910,14.43169136,205.49334910,14.49299493,205.49334910,14.47734793,205.49521065,14.49171850,205.49521065,14.47626464,205.49347722,14.49051932
Quito,0.0,-78.5,2850.0,2026-03-20T12:00:00,2461120.000000000,star_cen_hadar,STAR,210.956000,-60.373000,0.61,358.034399236,358.034177256,358.035988325,358.035766054,207.69899999,10.58228957,207.69899999,10.66516274,207.69899999,10.64408177,207.70080355,10.66361594,207.70080355,10.64283523,207.69923355,10.66309601
Quito,0.0,-78.5,2850.0,2026-03-20T12:00:00,2461120.000000000,star_lyr_vega,STAR,279.234000,38.783000,0.03,358.034399236,358.034177256,358.035988325,358.035766054,359.89768260,51.20073944,359.89768260,51.21368179,359.89768260,51.21036560,359.89849852,51.20662157,359.89849852,51.20332329,359.89936913,51.20896381
Quito,0.0,-78.5,2850.0,2026-03-20T12:00:00,2461120.000000000,star_cyg_deneb,STAR,310.358000,45.280000,1.25,358.034399236,358.034177256,358.035988325,358.035766054,26.97806331,37.00914651,26.97806331,37.03046823,26.97806331,37.02500669,26.97707075,37.02399248,26.97707075,37.01856298,26.97785494,37.02533318
Quito,0.0,-78.5,2850.0,2026-03-20T12:00:00,2461120.000000000,star_cyg_sadr,STAR,305.557000,40.260000,2.23,358.034399236,358.034177256,358.035988325,358.035766054,27.51283143,43.12640001,27.51283143,43.14357439,27.51283143,43.13917443,27.51133698,43.13714735,27.51133698,43.13277168,27.51259042,43.13847127
Quito,0.0,-78.5,2850.0,2026-03-20T12:00:00,2461120.000000000,star_cyg_albireo,STAR,292.680000,27.960000,3.05,358.034399236,358.034177256,358.035988325,358.035766054,23.55169114,59.18267868,23.55169114,59.19228520,23.55169114,59.18982354,23.54882042,59.18612588,23.54882042,59.18367830,23.55176183,59.18764423
Quito,0.0,-78.5,2850.0,2026-03-20T12:00:00,2461120.000000000,star_aql_altair,STAR,297.696000,8.868000,0.76,358.034399236,358.034177256,358.035988325,358.035766054,63.62149444,69.54798701,63.62149444,69.55399451,63.62149444,69.55245500,63.61024212,69.55080194,63.61024212,69.54927345,63.61677435,69.55041962
Quito,0.0,-78.5,2850.0,2026-03-20T12:00:00,2461120.000000000,star_ori_betelgeuse,STAR,88.793000,7.407000,0.5,358.034399236,358.034177256,358.035988325,358.035766054,54.19174029,-77.26442729,54.19174029,-77.26443804,54.19174029,-77.26443549,54.19926804,-77.26393903,54.19926804,-77.26393903,54.18548134,-77.26382945
Quito,0.0,-78.5,2850.0,2026-03-20T12:00:00,2461120.000000000,star_ori_rigel,STAR,78.634000,-8.202000,0.13,358.034399236,358.034177256,358.035988325,358.035766054,112.22033816,-67.91612852,112.22033816,-67.90623730,112.22033816,-67.90860442,112.21938527,-67.91591161,112.21938527,-67.91591161,112.21431347,-67.91828602
Quito,0.0,-78.5,2850.0,2026-03-20T12:00:00,2461120.000000000,star_ori_bellatrix,STAR,81.283000,6.350000,1.64,358.034399236,358.034177256,358.035988325,358.035766054,70.03028788,-71.03435628,70.03028788,-71.02904375,70.03028788,-71.03031142,70.03390427,-71.03410039,70.03390427,-71.03410039,70.02468998,-71.03477751
Quito,0.0,-78.5,2850.0,2026-03-20T12:00:00,2461120.000000000,star_ori_saiph,STAR,86.939000,-9.670000,2.07,358.034399236,358.034177256,358.035988325,358.035766054,128.66870850,-74.41636627,128.66870850,-74.41453944,128.66870850,-74.41497416,128.66511369,-74.41583943,128.66511369,-74.41583943,128.66088239,-74.41857292
Quito,0.0,-78.5,2850.0,2026-03-20T12:00:00,2461120.000000000,star_ori_alnitak,STAR,85.190000,-1.940000,1.77,358.034399236,358.034177256,358.035988325,358.035766054,97.91385019,-75.85679881,97.91385019,-75.85601913,97.91385019,-75.85620447,97.91431693,-75.85583440,97.91431693,-75.85583440,97.90469174,-75.85773693
Quito,0.0,-78.5,2850.0,2026-03-20T12:00:00,2461120.000000000,star_ori_alnilam,STAR,84.053000,-1.202000,1.69,358.034399236,358.034177256,358.035988325,358.035766054,94.53323874,-74.80560597,94.53323874,-74.80408676,94.53323874,-74.80444817,94.53419836,-74.80473966,94.53419836,-74.80473966,94.52478930,-74.80651222
Quito,0.0,-78.5,2850.0,2026-03-20T12:00:00,2461120.000000000,star_ori_mintaka,STAR,83.002000,-0.299000,2.23,358.034399236,358.034177256,358.035988325,358.035766054,91.00808572,-73.79978070,91.00808572,-73.79742823,91.00808572,-73.79798829,91.00949279,-73.79901790,91.00949279,-73.79901790,91.00026508,-73.80064838
Quito,0.0,-78.5,2850.0,2026-03-20T12:00:00,2461120.000000000,star_tau_aldebaran,STAR,68.980000,16.509000,0.85,358.034399236,358.034177256,358.035988325,358.035766054,59.39158762,-55.95336132,59.39158762,-55.91369424,59.39158762,-55.92331776,59.39417854,-55.95477240,59.39417854,-55.95477240,59.38883742,-55.95492312
Quito,0.0,-78.5,2850.0,2026-03-20T12:00:00,2461120.000000000,star_tau_elnath,STAR,81.573000,28.608000,1.65,358.034399236,358.034177256,358.035988325,358.035766054,28.90940107,-56.81139014,28.90940107,-56.77444377,28.90940107,-56.78339764,28.91353781,-56.81372852,28.91353781,-56.81372852,28.90854524,-56.81240482
Quito,0.0,-78.5,2850.0,2026-03-20T12:00:00,2461120.000000000,star_aur_capella,STAR,79.172000,45.998000,0.08,358.034399236,358.034177256,358.035988325,358.035766054,18.16098312,-40.76175284,18.16098312,-40.66591224,18.16098312,-40.68960992,18.16401012,-40.76602543,18.16401012,-40.76602543,18.16096662,-40.76425012
Quito,0.0,-78.5,2850.0,2026-03-20T12:00:00,2461120.000000000,star_umi_polaris,STAR,37.954000,89.264000,1.98,358.034399236,358.034177256,358.035988325,358.035766054,0.49930879,-0.37016879,0.49930879,-0.18509613,0.49930879,-0.23190904,0.50125739,0.15583435,0.50125739,0.02438444,0.50014697,0.28715899
Quito,0.0,-78.5,2850.0,2026-03-20T12:00:00,2461120.000000000,star_uma_dubhe,STAR,165.932000,61.751000,1.79,358.034399236,358.034177256,358.035988325,358.035766054,333.58023266,-10.78967179,333.58023266,-10.61181737,333.58023266,-10.65675965,333.58316249,-10.79727145,333.58316249,-10.79727145,333.58199406,-10.79442448
Quito,0.0,-78.5,2850.0,2026-03-20T12:00:00,2461120.000000000,star_uma_merak,STAR,165.460000,56.380000,2.37,358.034399236,358.034177256,358.035988325,358.035766054,328.52379294,-12.89239991,328.52379294,-12.71733017,328.52379294,-12.76154416,328.52682471,-12.89993588,328.52682471,-12.89993588,328.52570027,-12.89706829
Quito,0.0,-78.5,2850.0,2026-03-20T12:00:00,2461120.000000000,star_uma_alioth,STAR,193.507000,55.960000,1.77,358.034399236,358.034177256,358.035988325,358.035766054,325.88858774,2.39780555,325.88858774,2.58302852,325.88858774,2.53618617,325.89168450,2.64455962,325.89168450,2.58179649,325.89058364,2.66758980
Quito,0.0,-78.5,2850.0,2026-03-20T12:00:00,2461120.000000000,star_uma_mizar,STAR,200.981000,54.925000,2.23,358.034399236,358.034177256,358.035988325,358.035766054,325.35102470,6.72647161,325.35102470,6.85019539,325.35102470,6.81901117,325.35417143,6.84414590,325.35417143,6.81316194,325.35306554,6.84993599
Quito,0.0,-78.5,2850.0,2026-03-20T12:00:00,2461120.000000000,star_uma_alkaid,STAR,206.885000,49.313000,1.85,358.034399236,358.034177256,358.035988325,358.035766054,320.53444225,11.41244273,320.53444225,11.48957983,320.53444225,11.46993835,320.53779966,11.48301494,320.53779966,11.46364009,320.53664089,11.48651233
Quito,0.0,-78.5,2850.0,2026-03-20T12:00:00,2461120.000000000,star_cas_schedar,STAR,10.127000,56.537000,2.24,358.034399236,358.034177256,358.035988325,358.035766054,33.31508060,-0.52455673,33.31508060,-0.33951400,33.31508060,-0.38631956,33.31567059,0.02757859,33.31567059,-0.11002542,33.31454631,0.17265833
Quito,0.0,-78.5,2850.0,2026-03-20T12:00:00,2461120.000000000,star_cas_caph,STAR,2.293000,59.150000,2.28,358.034399236,358.034177256,358.035988325,358.035766054,30.52132420,3.52177376,30.52132420,3.70467847,30.52132420,3.65917560,30.52185737,3.71845002,30.52185737,3.66833676,30.52091618,3.73092054
Quito,0.0,-78.5,2850.0,2026-03-20T12:00:00,2461120.000000000,star_per_mirfak,STAR,51.080000,49.860000,1.79,358.034399236,358.034177256,358.035988325,358.035766054,31.98301759,-25.50531471,31.98301759,-25.35699781,31.98301759,-25.39421745,31.98476957,-25.51034420,31.98476957,-25.51034420,31.98242268,-25.50915887
Quito,0.0,-78.5,2850.0,2026-03-20T12:00:00,2461120.000000000,star_per_algol,STAR,47.040000,40.960000,2.12,358.034399236,358.034177256,358.035988325,358.035766054,42.15743855,-27.61114158,42.15743855,-27.46895215,42.15743855,-27.50457693,42.15893537,-27.61560359,42.15893537,-27.61560359,42.15638039,-27.61489853
Quito,0.0,-78.5,2850.0,2026-03-20T12:00:00,2461120.000000000,star_boo_arcturus,STAR,213.915000,19.182000,-0.05,358.034399236,358.034177256,358.035988325,358.035766054,290.81610272,23.25775220,290.81610272,23.29495732,290.81610272,23.28543677,290.82063525,23.28920164,290.82063525,23.27975894,290.81881834,23.29150099
Quito,0.0,-78.5,2850.0,2026-03-20T12:00:00,2461120.000000000,star_vir_spica,STAR,201.298000,-11.161000,0.98,358.034399236,358.034177256,358.035988325,358.035766054,258.44920652,11.87628668,258.44920652,11.95052638,258.44920652,11.93161364,258.45295553,11.94642552,258.45295553,11.92776951,258.45129668,11.94807343
Quito,0.0,-78.5,2850.0,2026-03-20T12:00:00,2461120.000000000,star_sco_antares,STAR,247.352000,-26.432000,0.96,358.034399236,358.034177256,358.035988325,358.035766054,226.57874884,49.53905938,226.57874884,49.55278739,226.57874884,49.54926996,226.58466269,49.55232710,226.58466269,49.54882945,226.58024755,49.55178743
Quito,0.0,-78.5,2850.0,2026-03-20T12:00:00,2461120.000000000,star_sco_shaula,STAR,263.402000,-37.104000,1.62,358.034399236,358.034177256,358.035988325,358.035766054,199.65687797,50.14440813,199.65687797,50.15784557,199.65687797,50.15440256,199.66039126,50.15877588,199.66039126,50.15535242,199.65653623,50.15701024
Quito,0.0,-78.5,2850.0,2026-03-20T12:00:00,2461120.000000000,star_leo_regulus,STAR,152.093000,11.967000,1.36,358.034399236,358.034177256,358.035988325,358.035766054,284.72008824,-36.17044264,284.72008824,-36.05720405,284.72008824,-36.08534836,284.72265015,-36.17670846,284.72265015,-36.17670846,284.72294506,-36.17456451
Quito,0.0,-78.5,2850.0,2026-03-20T12:00:00,2461120.000000000,star_gem_pollux,STAR,116.329000,28.026000,1.14,358.034399236,358.034177256,358.035988325,358.035766054,330.87684348,-57.53651461,330.87684348,-57.50180620,330.87684348,-57.51021017,330.88135688,-57.54081122,330.88135688,-57.54081122,330.87990311,-57.53795046
Quito,0.0,-78.5,2850.0,2026-03-20T12:00:00,2461120.000000000,star_gem_castor,STAR,113.650000,31.888000,1.58,358.034399236,358.034177256,358.035988325,358.035766054,337.98369811,-55.32556338,337.98369811,-55.28385792,337.98369811,-55.29398393,337.98816377,-55.32986093,337.98816377,-55.32986093,337.98622928,-55.32705000
Quito,0.0,-78.5,2850.0,2026-03-20T12:00:00,2461120.000000000,star_psa_fomalhaut,STAR,344.413000,-29.622000,1.17,358.034399236,358.034177256,358.035988325,358.035766054,121.90843382,21.38854623,121.90843382,21.42931036,121.90843382,21.41888221,121.90638475,21.42833297,121.90638475,21.41799879,121.90575046,21.42571967
Quito,0.0,-78.5,2850.0,2026-03-20T12:00:00,2461120.000000000,star_eri_achernar,STAR,24.429000,-57.237000,0.45,358.034399236,358.034177256,358.035988325,358.035766054,148.02073820,-8.14982482,148.02073820,-7.96912311,148.02073820,-8.01480860,148.01987195,-8.15229710,148.01987195,-8.15229710,148.01878387,-8.15516553
Quito,0.0,-78.5,2850.0,2026-03-20T12:00:00,2461120.000000000,dso_m31_andromeda,GALAXY,10.684000,41.269000,3.44,358.034399236,358.034177256,358.035988325,358.035766054,48.57780830,-1.12539222,48.57780830,-0.94048760,48.57780830,-0.98725887,48.57782120,-0.47250287,48.57782120,-0.63474607,48.57666524,-1.13075756
Quito,0.0,-78.5,2850.0,2026-03-20T12:00:00,2461120.000000000,dso_lmc,GALAXY,80.894000,-69.756000,0.9,358.034399236,358.034177256,358.035988325,358.035766054,173.24996510,-19.15171177,173.24996510,-18.98774436,173.24996510,-19.02905183,173.24947290,-19.15464472,173.24947290,-19.15464472,173.24882358,-19.15720455
Quito,0.0,-78.5,2850.0,2026-03-20T12:00:00,2461120.000000000,dso_smc,GALAXY,13.187000,-72.829000,2.7,358.034399236,358.034177256,358.035988325,358.035766054,162.72471618,-1.15113820,162.72471618,-0.96624027,162.72471618,-1.01300986,162.72426852,-0.49137729,162.72426852,-0.65448718,162.72318496,-1.15629369
Quito,0.0,-78.5,2850.0,2026-03-20T12:00:00,2461120.000000000,dso_m33_triangulum,GALAXY,23.462000,30.660000,5.72,358.034399236,358.034177256,358.035988325,358.035766054,58.40754350,-12.24251082,58.40754350,-12.06653074,58.40754350,-12.11098291,58.40773115,-12.24729714,58.40773115,-12.24729714,58.40600880,-12.24739859
Quito,0.0,-78.5,2850.0,2026-03-20T12:00:00,2461120.000000000,dso_m45_pleiades,STAR_CLUSTER,56.871000,24.105000,1.6,358.034399236,358.034177256,358.035988325,358.035766054,56.27052210,-42.45097610,56.27052210,-42.36168514,56.27052210,-42.38371901,56.27229208,-42.45369982,56.27229208,-42.45369982,56.26856701,-42.45369429
Quito,0.0,-78.5,2850.0,2026-03-20T12:00:00,2461120.000000000,dso_hyades,STAR_CLUSTER,66.750000,15.870000,0.5,358.034399236,358.034177256,358.035988325,358.035766054,61.96644435,-54.27173025,61.96644435,-54.22651745,61.96644435,-54.23750964,61.96874956,-54.27322633,61.96874956,-54.27322633,61.96367910,-54.27350562
Quito,0.0,-78.5,2850.0,2026-03-20T12:00:00,2461120.000000000,dso_m44_beehive,STAR_CLUSTER,130.100000,19.670000,3.7,358.034399236,358.034177256,358.035988325,358.035766054,304.66645166,-53.90873755,304.66645166,-53.86229299,304.66645166,-53.87358983,304.66978560,-53.91384888,304.66978560,-53.91384888,304.67014216,-53.91118284
Quito,0.0,-78.5,2850.0,2026-03-20T12:00:00,2461120.000000000,dso_double_cluster,STAR_CLUSTER,34.740000,57.130000,3.7,358.034399236,358.034177256,358.035988325,358.035766054,30.10164682,-13.54707334,30.10164682,-13.37296602,30.10164682,-13.41692813,30.10292125,-13.55300932,30.10292125,-13.55300932,30.10120119,-13.55173883
Quito,0.0,-78.5,2850.0,2026-03-20T12:00:00,2461120.000000000,dso_coma_cluster,STAR_CLUSTER,185.600000,26.100000,1.8,358.034399236,358.034177256,358.035988325,358.035766054,295.99611149,-3.23535888,295.99611149,-3.05121304,295.99611149,-3.09779141,295.99953063,-3.24280662,295.99953063,-3.24280662,295.99851299,-3.24033109
Quito,0.0,-78.5,2850.0,2026-03-20T12:00:00,2461120.000000000,dso_omega_centauri,GLOBULAR_CLUSTER,201.700000,-47.470000,3.9,358.034399236,358.034177256,358.035988325,358.035766054,221.70206636,8.43463233,221.70206636,8.53665353,221.70206636,8.51080188,221.70440805,8.53440604,221.70440805,8.50889396,221.70289679,8.53534065
Quito,0.0,-78.5,2850.0,2026-03-20T12:00:00,2461120.000000000,dso_47_tucanae,GLOBULAR_CLUSTER,6.020000,-72.080000,4.1,358.034399236,358.034177256,358.035988325,358.035766054,161.96215920,1.00287486,161.96215920,1.18811356,161.96215920,1.14126184,161.96170618,1.35775375,161.96170618,1.26976441,161.96059291,1.40355862
Quito,0.0,-78.5,2850.0,2026-03-20T12:00:00,2461120.000000000,dso_m13_hercules,GLOBULAR_CLUSTER,250.420000,36.460000,5.8,358.034399236,358.034177256,358.035988325,358.035766054,326.77703891,44.81108887,326.77703891,44.82728452,326.77703891,44.82313516,326.78115150,44.82034835,326.78115150,44.81622161,326.78007155,44.82315779
Quito,0.0,-78.5,2850.0,2026-03-20T12:00:00,2461120.000000000,dso_m42_orion_nebula,NEBULA,83.822000,-5.391000,4.0,358.034399236,358.034177256,358.035988325,358.035766054,109.52256706,-73.71887469,109.52256706,-73.71644970,109.52256706,-73.71702706,109.52148482,-73.71814371,109.52148482,-73.71814371,109.51449061,-73.72043960
Quito,0.0,-78.5,2850.0,2026-03-20T12:00:00,2461120.000000000,dso_m8_lagoon,NEBULA,270.920000,-24.380000,6.0,358.034399236,358.034177256,358.035988325,358.035766054,197.49411323,64.35464536,197.49411323,64.36237815,197.49411323,64.36039656,197.49908509,64.36458070,197.49908509,64.36261209,197.49333234,64.36275100
Quito,0.0,-78.5,2850.0,2026-03-20T12:00:00,2461120.000000000,dso_eta_carinae_nebula,NEBULA,161.260000,-59.870000,1.0,358.034399236,358.034177256,358.035988325,358.035766054,206.99820959,-13.57784527,206.99820959,-13.40378431,206.99820959,-13.44773429,206.99897978,-13.58180961,206.99897978,-13.58180961,206.99848407,-13.58321753
Sydney,-33.87,151.21,40.0,2026-03-20T12:00:00,2461120.000000000,star_cma_sirius,STAR,101.287000,-16.716000,-1.46,358.034399236,358.034177256,358.035988325,358.035766054,279.63613501,44.11165215,279.63613501,44.12824699,279.63613501,44.12796246,279.63600944,44.12634371,279.63600944,44.12627790,279.63965881,44.12607450
Sydney,-33.87,151.21,40.0,2026-03-20T12:00:00,2461120.000000000,star_cma_adhara,STAR,104.656000,-28.972000,1.5,358.034399236,358.034177256,358.035988325,358.035766054,264.94610057,52.15768040,264.94610057,52.17018668,264.94610057,52.16997236,264.94820476,52.16800881,264.94820476,52.16795920,264.95211033,52.16793076
Sydney,-33.87,151.21,40.0,2026-03-20T12:00:00,2461120.000000000,star_cma_wezen,STAR,107.098000,-26.393000,1.83,358.034399236,358.034177256,358.035988325,358.035766054,270.17986790,53.29173802,270.17986790,53.30374183,270.17986790,53.30353613,270.18143893,53.30129645,270.18143893,53.30124884,270.18537520,53.30115537
Sydney,-33.87,151.21,40.0,2026-03-20T12:00:00,2461120.000000000,star_cma_mirzam,STAR,95.675000,-17.956000,1.98,358.034399236,358.034177256,358.035988325,358.035766054,274.55672988,40.10407186,274.55672988,40.12316505,274.55672988,40.12283756,274.55703103,40.12173895,274.55703103,40.12166326,274.56060719,40.12152590
Sydney,-33.87,151.21,40.0,2026-03-20T12:00:00,2461120.000000000,star_cmi_procyon,STAR,114.825000,5.225000,0.34,358.034399236,358.034177256,358.035988325,358.035766054,313.77254139,39.40849372,313.77254139,39.42806230,313.77254139,39.42772663,313.76830848,39.42661139,313.76830848,39.42653382,313.77166411,39.42599099
Sydney,-33.87,151.21,40.0,2026-03-20T12:00:00,2461120.000000000,star_car_canopus,STAR,95.987000,-52.695000,-0.74,358.034399236,358.034177256,358.035988325,358.035766054,226.61554804,48.18755578,226.61554804,48.20195177,226.61554804,48.20170502,226.62013790,48.20192888,226.62013790,48.20187179,226.62377269,48.20229260
Sydney,-33.87,151.21,40.0,2026-03-20T12:00:00,2461120.000000000,star_car_miaplacidus,STAR,138.300000,-69.720000,1.67,358.034399236,358.034177256,358.035988325,358.035766054,186.27948096,53.54038989,186.27948096,53.55228551,186.27948096,53.55208167,186.28436324,53.55472372,186.28436324,53.55467655,186.28758249,53.55536985
Sydney,-33.87,151.21,40.0,2026-03-20T12:00:00,2461120.000000000,star_cen_rigil_kent,STAR,219.900000,-60.833000,-0.01,358.034399236,358.034177256,358.035988325,358.035766054,144.24753003,38.12304482,144.24753003,38.14352965,144.24753003,38.14317821,144.24706845,38.14741734,144.24706845,38.14733616,144.24979323,38.14797825
Sydney,-33.87,151.21,40.0,2026-03-20T12:00:00,2461120.000000000,star_cen_hadar,STAR,210.956000,-60.373000,0.61,358.034399236,358.034177256,358.035988325,358.035766054,143.77619453,42.51890882,143.77619453,42.53645115,143.77619453,42.53615034,143.77585970,42.54053096,143.77585970,42.54046141,143.77853517,42.54109389
Sydney,-33.87,151.21,40.0,2026-03-20T12:00:00,2461120.000000000,star_lyr_vega,STAR,279.234000,38.783000,0.03,358.034399236,358.034177256,358.035988325,358.035766054,68.04995012,-50.08027452,68.04995012,-50.02020330,68.04995012,-50.02139445,68.03848343,-50.08205497,68.03848343,-50.08205497,68.04229741,-50.08223284
Sydney,-33.87,151.21,40.0,2026-03-20T12:00:00,2461120.000000000,star_cyg_deneb,STAR,310.358000,45.280000,1.25,358.034399236,358.034177256,358.035988325,358.035766054,45.63715683,-71.66492278,45.63715683,-71.66037411,45.63715683,-71.66044835,45.61394647,-71.66525538,45.61394647,-71.66525538,45.61865551,-71.66568296
Sydney,-33.87,151.21,40.0,2026-03-20T12:00:00,2461120.000000000,star_cyg_sadr,STAR,305.557000,40.260000,2.23,358.034399236,358.034177256,358.035988325,358.035766054,64.03335716,-70.27554976,64.03335716,-70.26924657,64.03335716,-70.26935035,64.01314474,-70.27774676,64.01314474,-70.27774676,64.01801899,-70.27797262
Sydney,-33.87,151.21,40.0,2026-03-20T12:00:00,2461120.000000000,star_cyg_albireo,STAR,292.680000,27.960000,3.05,358.034399236,358.034177256,358.035988325,358.035766054,90.72229129,-58.48304562,90.72229129,-58.45117007,90.72229129,-58.45174806,90.71181606,-58.48690884,90.71181606,-58.48690884,90.71595555,-58.48680703
Sydney,-33.87,151.21,40.0,2026-03-20T12:00:00,2461120.000000000,star_aql_altair,STAR,297.696000,8.868000,0.76,358.034399236,358.034177256,358.035988325,358.035766054,123.71546861,-51.98582558,123.71546861,-51.93267121,123.71546861,-51.93370279,123.71161271,-51.99049159,123.71161271,-51.99049159,123.71528785,-51.99002217
Sydney,-33.87,151.21,40.0,2026-03-20T12:00:00,2461120.000000000,star_ori_betelgeuse,STAR,88.793000,7.407000,0.5,358.034399236,358.034177256,358.035988325,358.035766054,293.99365134,19.79170067,293.99365134,19.83599338,293.99365134,19.83522847,293.99175582,19.83680647,293.99175582,19.83663186,293.99496386,19.83645816
Sydney,-33.87,151.21,40.0,2026-03-20T12:00:00,2461120.000000000,star_ori_rigel,STAR,78.634000,-8.202000,0.13,358.034399236,358.034177256,358.035988325,358.035766054,274.17002987,20.87554910,274.17002987,20.91739241,274.17002987,20.91667046,274.17001724,20.91808092,274.17001724,20.91791585,274.17327275,20.91793850
Sydney,-33.87,151.21,40.0,2026-03-20T12:00:00,2461120.000000000,star_ori_bellatrix,STAR,81.283000,6.350000,1.64,358.034399236,358.034177256,358.035988325,358.035766054,288.25703401,14.62292735,288.25703401,14.68342845,288.25703401,14.68237564,288.25571861,14.68489286,288.25571861,14.68465544,288.25887545,14.68483635
Sydney,-33.87,151.21,40.0,2026-03-20T12:00:00,2461120.000000000,star_ori_saiph,STAR,86.939000,-9.670000,2.07,358.034399236,358.034177256,358.035988325,358.035766054,277.75986456,28.54762669,277.75986456,28.57710299,277.75986456,28.57659634,277.75959136,28.57685105,277.75959136,28.57673441,277.76295469,28.57660197
Sydney,-33.87,151.21,40.0,2026-03-20T12:00:00,2461120.000000000,star_ori_alnitak,STAR,85.190000,-1.940000,1.77,358.034399236,358.034177256,358.035988325,358.035766054,283.71130317,22.71310403,283.71130317,22.75129044,283.71130317,22.75063242,283.71041598,22.75171342,283.71041598,22.75156264,283.71368341,22.75143115
Sydney,-33.87,151.21,40.0,2026-03-20T12:00:00,2461120.000000000,star_ori_alnilam,STAR,84.053000,-1.202000,1.69,358.034399236,358.034177256,358.035988325,358.035766054,283.63361100,21.35974782,283.63361100,21.40057127,283.63361100,21.39986718,283.63272822,21.40116737,283.63272822,21.40100628,283.63597752,21.40090439
Sydney,-33.87,151.21,40.0,2026-03-20T12:00:00,2461120.000000000,star_ori_mintaka,STAR,83.002000,-0.299000,2.23,358.034399236,358.034177256,358.035988325,358.035766054,283.75237063,19.97851486,283.75237063,20.02236788,283.75237063,20.02161069,283.75147480,20.02314173,283.75147480,20.02296883,283.75470561,20.02290295
Sydney,-33.87,151.21,40.0,2026-03-20T12:00:00,2461120.000000000,star_tau_aldebaran,STAR,68.980000,16.509000,0.85,358.034399236,358.034177256,358.035988325,358.035766054,289.30058475,-1.09825973,289.30058475,-0.91334813,289.30058475,-0.91915682,289.29929477,-0.44353124,289.29929477,-0.44603577,289.30227203,-1.09701356
Sydney,-33.87,151.21,40.0,2026-03-20T12:00:00,2461120.000000000,star_tau_elnath,STAR,81.573000,28.608000,1.65,358.034399236,358.034177256,358.035988325,358.035766054,305.94709652,0.84138199,305.94709652,1.02661049,305.94709652,1.02079163,305.94415156,1.21583149,305.94415156,1.21440158,305.94714860,1.26912722
Sydney,-33.87,151.21,40.0,2026-03-20T12:00:00,2461120.000000000,star_aur_capella,STAR,79.172000,45.998000,0.08,358.034399236,358.034177256,358.035988325,358.035766054,318.38523980,-11.53995358,318.38523980,-11.36303952,318.38523980,-11.36839959,318.38110392,-11.53715536,318.38110392,-11.53715536,318.38401178,-11.53774519
Sydney,-33.87,151.21,40.0,2026-03-20T12:00:00,2461120.000000000,star_umi_polaris,STAR,37.954000,89.264000,1.98,358.034399236,358.034177256,358.035988325,358.035766054,359.27002420,-34.00926422,359.27002420,-33.88819254,359.27002420,-33.89111493,359.26135219,-34.00583111,359.26135219,-34.00583111,359.26439824,-34.00653858
Sydney,-33.87,151.21,40.0,2026-03-20T12:00:00,2461120.000000000,star_uma_dubhe,STAR,165.932000,61.751000,1.79,358.034399236,358.034177256,358.035988325,358.035766054,8.09103502,-6.48517032,8.09103502,-6.30303549,8.09103502,-6.30869270,8.08297831,-6.48324841,8.08297831,-6.48324841,8.08598950,-6.48393465
Sydney,-33.87,151.21,40.0,2026-03-20T12:00:00,2461120.000000000,star_uma_merak,STAR,165.460000,56.380000,2.37,358.034399236,358.034177256,358.035988325,358.035766054,9.14779714,-1.21281320,9.14779714,-1.02793155,9.14779714,-1.03373890,9.13976427,-0.54011435,9.13976427,-0.54268738,9.14275802,-1.21182178
Sydney,-33.87,151.21,40.0,2026-03-20T12:00:00,2461120.000000000,star_uma_alioth,STAR,193.507000,55.960000,1.77,358.034399236,358.034177256,358.035988325,358.035766054,23.42487575,-7.38949891,23.42487575,-7.20810829,23.42487575,-7.21372287,23.41625378,-7.38786396,23.41625378,-7.38786396,23.41929068,-7.38847514
Sydney,-33.87,151.21,40.0,2026-03-20T12:00:00,2461120.000000000,star_uma_mizar,STAR,200.981000,54.925000,2.23,358.034399236,358.034177256,358.035988325,358.035766054,27.41593458,-9.24165926,27.41593458,-9.06204882,27.41593458,-9.06756145,27.40718675,-9.24009691,27.40718675,-9.24009691,27.41024252,-9.24068114
Sydney,-33.87,151.21,40.0,2026-03-20T12:00:00,2461120.000000000,star_uma_alkaid,STAR,206.885000,49.313000,1.85,358.034399236,358.034177256,358.035988325,358.035766054,33.97448243,-7.66492052,33.97448243,-7.48377275,33.97448243,-7.48937340,33.96571057,-7.66354289,33.96571057,-7.66354289,33.96876348,-7.66407673
Sydney,-33.87,151.21,40.0,2026-03-20T12:00:00,2461120.000000000,star_cas_schedar,STAR,10.127000,56.537000,2.24,358.034399236,358.034177256,358.035988325,358.035766054,322.00801462,-53.96245893,322.00801462,-53.91619741,322.00801462,-53.91707603,322.00269165,-53.95667550,322.00269165,-53.95667550,322.00518427,-53.95728939
Sydney,-33.87,151.21,40.0,2026-03-20T12:00:00,2461120.000000000,star_cas_caph,STAR,2.293000,59.150000,2.28,358.034399236,358.034177256,358.035988325,358.035766054,329.46610853,-56.42940411,329.46610853,-56.39125601,329.46610853,-56.39196205,329.45921513,-56.42370625,329.45921513,-56.42370625,329.46178456,-56.42436186
Sydney,-33.87,151.21,40.0,2026-03-20T12:00:00,2461120.000000000,star_per_mirfak,STAR,51.080000,49.860000,1.79,358.034399236,358.034177256,358.035988325,358.035766054,312.66365782,-29.88213752,312.66365782,-29.74703964,312.66365782,-29.75046952,312.66015297,-29.87776269,312.66015297,-29.87776269,312.66288020,-29.87830974
Sydney,-33.87,151.21,40.0,2026-03-20T12:00:00,2461120.000000000,star_per_algol,STAR,47.040000,40.960000,2.12,358.034399236,358.034177256,358.035988325,358.035766054,301.91011275,-29.59773914,301.91011275,-29.46172701,301.91011275,-29.46519189,301.90791663,-29.59345342,301.90791663,-29.59345342,301.91059346,-29.59390572
Sydney,-33.87,151.21,40.0,2026-03-20T12:00:00,2461120.000000000,star_boo_arcturus,STAR,213.915000,19.182000,-0.05,358.034399236,358.034177256,358.035988325,358.035766054,60.03349916,8.62244332,60.03349916,8.72248220,60.03349916,8.72068411,60.02544797,8.72530317,60.02544797,8.72491389,60.02833756,8.72658714
Sydney,-33.87,151.21,40.0,2026-03-20T12:00:00,2461120.000000000,star_vir_spica,STAR,201.298000,-11.161000,0.98,358.034399236,358.034177256,358.035988325,358.035766054,77.60805926,37.29635499,77.60805926,37.31745690,77.60805926,37.31709484,77.60044255,37.32102361,77.60044255,37.32093999,77.60289126,37.32089602
Sydney,-33.87,151.21,40.0,2026-03-20T12:00:00,2461120.000000000,star_sco_antares,STAR,247.352000,-26.432000,0.96,358.034399236,358.034177256,358.035988325,358.035766054,116.64852046,7.96588117,116.64852046,8.07316567,116.64852046,8.07122038,116.64476977,8.07571459,116.64476977,8.07529730,116.64767669,8.07803581
Sydney,-33.87,151.21,40.0,2026-03-20T12:00:00,2461120.000000000,star_sco_shaula,STAR,263.402000,-37.104000,1.62,358.034399236,358.034177256,358.035988325,358.035766054,133.42274549,3.48001031,133.42274549,3.66349591,133.42274549,3.65898184,133.42061297,3.68519187,133.42061297,3.68440680,133.42357509,3.69718607
Sydney,-33.87,151.21,40.0,2026-03-20T12:00:00,2461120.000000000,star_leo_regulus,STAR,152.093000,11.967000,1.36,358.034399236,358.034177256,358.035988325,358.035766054,4.37581266,44.19166983,4.37581266,44.20821849,4.37581266,44.20793476,4.36647773,44.20811594,4.36647773,44.20805032,4.36932471,44.20735989
Sydney,-33.87,151.21,40.0,2026-03-20T12:00:00,2461120.000000000,star_gem_pollux,STAR,116.329000,28.026000,1.14,358.034399236,358.034177256,358.035988325,358.035766054,329.45821311,20.92509825,329.45821311,20.96683519,329.45821311,20.96611511,329.45279219,20.96785260,329.45279219,20.96768796,329.45588825,20.96719900
Sydney,-33.87,151.21,40.0,2026-03-20T12:00:00,2461120.000000000,star_gem_castor,STAR,113.650000,31.888000,1.58,358.034399236,358.034177256,358.035988325,358.035766054,329.32233788,16.42117533,329.32233788,16.47497304,329.32233788,16.47404013,329.31700413,16.47656114,329.31700413,16.47634963,329.32007621,16.47604671
Sydney,-33.87,151.21,40.0,2026-03-20T12:00:00,2461120.000000000,star_psa_fomalhaut,STAR,344.413000,-29.622000,1.17,358.034399236,358.034177256,358.035988325,358.035766054,194.89058266,-24.96943999,194.89058266,-24.81963606,194.89058266,-24.82366209,194.89379619,-24.97017892,194.89379619,-24.97017892,194.89665921,-24.96952023
Sydney,-33.87,151.21,40.0,2026-03-20T12:00:00,2461120.000000000,star_eri_achernar,STAR,24.429000,-57.237000,0.45,358.034399236,358.034177256,358.035988325,358.035766054,207.22941362,12.24179788,207.22941362,12.31389176,207.22941362,12.31262810,207.23212997,12.31583875,207.23212997,12.31555672,207.23520748,12.31693710
Sydney,-33.87,151.21,40.0,2026-03-20T12:00:00,2461120.000000000,dso_m31_andromeda,GALAXY,10.684000,41.269000,3.44,358.034399236,358.034177256,358.035988325,358.035766054,295.42645512,-56.40025186,295.42645512,-56.36201142,295.42645512,-56.36271938,295.42624718,-56.39444278,295.42624718,-56.39444278,295.42833678,-56.39483006
Sydney,-33.87,151.21,40.0,2026-03-20T12:00:00,2461120.000000000,dso_lmc,GALAXY,80.894000,-69.756000,0.9,358.034399236,358.034177256,358.035988325,358.035766054,204.46275198,38.95014787,204.46275198,38.97003737,204.46275198,38.96969619,204.46652246,38.97151266,204.46652246,38.97143382,204.46981683,38.97205114
Sydney,-33.87,151.21,40.0,2026-03-20T12:00:00,2461120.000000000,dso_smc,GALAXY,13.187000,-72.829000,2.7,358.034399236,358.034177256,358.035988325,358.035766054,192.81144164,20.78176241,192.81144164,20.82380833,192.81144164,20.82308283,192.81395755,20.82592927,192.81395755,20.82576342,192.81704086,20.82659894
Sydney,-33.87,151.21,40.0,2026-03-20T12:00:00,2461120.000000000,dso_m33_triangulum,GALAXY,23.462000,30.660000,5.72,358.034399236,358.034177256,358.035988325,358.035766054,281.90890721,-44.32084325,281.90890721,-44.23882282,281.90890721,-44.24056413,281.90990284,-44.31607269,281.90990284,-44.31607269,281.91223620,-44.31630948
Sydney,-33.87,151.21,40.0,2026-03-20T12:00:00,2461120.000000000,dso_m45_pleiades,STAR_CLUSTER,56.871000,24.105000,1.6,358.034399236,358.034177256,358.035988325,358.035766054,289.48482775,-14.74901003,289.48482775,-14.57678920,289.48482775,-14.58189208,289.48372990,-14.74617970,289.48372990,-14.74617970,289.48655223,-14.74650299
Sydney,-33.87,151.21,40.0,2026-03-20T12:00:00,2461120.000000000,dso_hyades,STAR_CLUSTER,66.750000,15.870000,0.5,358.034399236,358.034177256,358.035988325,358.035766054,287.55435357,-2.49443403,287.55435357,-2.30997308,287.55435357,-2.31575976,287.55324739,-2.49275606,287.55324739,-2.49275606,287.55620872,-2.49305779
Sydney,-33.87,151.21,40.0,2026-03-20T12:00:00,2461120.000000000,dso_m44_beehive,STAR_CLUSTER,130.100000,19.670000,3.7,358.034399236,358.034177256,358.035988325,358.035766054,338.65072048,33.64151079,338.65072048,33.66564689,338.65072048,33.66523253,338.64409065,33.66538985,338.64409065,33.66529424,338.64719359,33.66463072
Sydney,-33.87,151.21,40.0,2026-03-20T12:00:00,2461120.000000000,dso_double_cluster,STAR_CLUSTER,34.740000,57.130000,3.7,358.034399236,358.034177256,358.035988325,358.035766054,319.35866364,-40.67517117,319.35866364,-40.57899612,319.35866364,-40.58113196,319.35420216,-40.67006341,319.35420216,-40.67006341,319.35685691,-40.67065994
Sydney,-33.87,151.21,40.0,2026-03-20T12:00:00,2461120.000000000,dso_coma_cluster,STAR_CLUSTER,185.600000,26.100000,1.8,358.034399236,358.034177256,358.035988325,358.035766054,35.07398751,20.77944090,35.07398751,20.82149185,35.07398751,20.82076627,35.06524074,20.82396216,35.06524074,20.82379630,35.06804729,20.82344173
Sydney,-33.87,151.21,40.0,2026-03-20T12:00:00,2461120.000000000,dso_omega_centauri,GLOBULAR_CLUSTER,201.700000,-47.470000,3.9,358.034399236,358.034177256,358.035988325,358.035766054,125.71028198,48.55712145,125.71028198,48.57133205,125.71028198,48.57108847,125.70787080,48.57595030,125.70787080,48.57589395,125.71027206,48.57638483
Sydney,-33.87,151.21,40.0,2026-03-20T12:00:00,2461120.000000000,dso_47_tucanae,GLOBULAR_CLUSTER,6.020000,-72.080000,4.1,358.034399236,358.034177256,358.035988325,358.035766054,191.39258169,18.92690867,191.39258169,18.97334105,191.39258169,18.97253851,191.39499664,18.97550223,191.39499664,18.97531931,191.39806520,18.97621892
Sydney,-33.87,151.21,40.0,2026-03-20T12:00:00,2461120.000000000,dso_m13_hercules,GLOBULAR_CLUSTER,250.420000,36.460000,5.8,358.034399236,358.034177256,358.035988325,358.035766054,62.88342221,-27.57932955,62.88342221,-27.43704427,62.88342221,-27.44075638,62.87432421,-27.57968076,62.87432421,-27.57968076,62.87766417,-27.57992001
Sydney,-33.87,151.21,40.0,2026-03-20T12:00:00,2461120.000000000,dso_m42_orion_nebula,NEBULA,83.822000,-5.391000,4.0,358.034399236,358.034177256,358.035988325,358.035766054,279.78988429,23.59410631,279.78988429,23.63072625,279.78988429,23.63009555,279.78937464,23.63105247,279.78937464,23.63090781,279.79266116,23.63080685
Sydney,-33.87,151.21,40.0,2026-03-20T12:00:00,2461120.000000000,dso_m8_lagoon,NEBULA,270.920000,-24.380000,6.0,358.034399236,358.034177256,358.035988325,358.035766054,128.42790700,-9.87978875,128.42790700,-9.70087232,128.42790700,-9.70634540,128.42518781,-9.88064691,128.42518781,-9.88064691,128.42826355,-9.88013505
Sydney,-33.87,151.21,40.0,2026-03-20T12:00:00,2461120.000000000,dso_eta_carinae_nebula,NEBULA,161.260000,-59.870000,1.0,358.034399236,358.034177256,358.035988325,358.035766054,166.62387668,62.65111760,166.62387668,62.65944794,166.62387668,62.65930523,166.62882377,62.66311903,166.62882377,62.66308601,166.63167236,62.66379596
Tehran,35.69,51.39,1200.0,2026-03-20T12:00:00,2461120.000000000,star_cma_sirius,STAR,101.287000,-16.716000,-1.46,358.034399236,358.034177256,358.035988325,358.035766054,127.33299823,18.00230655,127.33299823,18.05123602,127.33299823,18.04527590,127.33383854,18.05485641,127.33383854,18.04931942,127.33125660,18.05586480
Tehran,35.69,51.39,1200.0,2026-03-20T12:00:00,2461120.000000000,star_cma_adhara,STAR,104.656000,-28.972000,1.5,358.034399236,358.034177256,358.035988325,358.035766054,133.46184600,6.86129488,133.46184600,6.98303160,133.46184600,6.96832923,133.46199238,6.98770979,133.46199238,6.97409040,133.45988918,6.99168381
Tehran,35.69,51.39,1200.0,2026-03-20T12:00:00,2461120.000000000,star_cma_wezen,STAR,107.098000,-26.393000,1.83,358.034399236,358.034177256,358.035988325,358.035766054,130.09366443,7.25369140,130.09366443,7.36993450,130.09366443,7.35588542,130.09399783,7.37454480,130.09399783,7.36154791,130.09187129,7.37802945
Tehran,35.69,51.39,1200.0,2026-03-20T12:00:00,2461120.000000000,star_cma_mirzam,STAR,95.675000,-17.956000,1.98,358.034399236,358.034177256,358.035988325,358.035766054,132.48393652,20.57261028,132.48393652,20.61511417,132.48393652,20.60993433,132.48454507,20.61831466,132.48454507,20.61349613,132.48188372,20.61945763
Tehran,35.69,51.39,1200.0,2026-03-20T12:00:00,2461120.000000000,star_cmi_procyon,STAR,114.825000,5.225000,0.34,358.034399236,358.034177256,358.035988325,358.035766054,100.33118332,22.62627937,100.33118332,22.66462621,100.33118332,22.65995172,100.33391110,22.66868753,100.33391110,22.66433566,100.33104609,22.66846815
Tehran,35.69,51.39,1200.0,2026-03-20T12:00:00,2461120.000000000,star_car_canopus,STAR,95.987000,-52.695000,-0.74,358.034399236,358.034177256,358.035988325,358.035766054,153.60665894,-7.28303231,153.60665894,-7.10154984,153.60665894,-7.12488244,153.60554781,-7.28022195,153.60554781,-7.28022195,153.60391190,-7.27837437
Tehran,35.69,51.39,1200.0,2026-03-20T12:00:00,2461120.000000000,star_car_miaplacidus,STAR,138.300000,-69.720000,1.67,358.034399236,358.034177256,358.035988325,358.035766054,155.77257816,-32.85478204,155.77257816,-32.72965291,155.77257816,-32.74504373,155.77020497,-32.85198604,155.77020497,-32.85198604,155.76936382,-32.85007848
Tehran,35.69,51.39,1200.0,2026-03-20T12:00:00,2461120.000000000,star_cen_rigil_kent,STAR,219.900000,-60.833000,-0.01,358.034399236,358.034177256,358.035988325,358.035766054,169.96802409,-64.09865448,169.96802409,-64.08131039,169.96802409,-64.08328886,169.96101553,-64.09800008,169.96101553,-64.09800008,169.96130725,-64.09577029
Tehran,35.69,51.39,1200.0,2026-03-20T12:00:00,2461120.000000000,star_cen_hadar,STAR,210.956000,-60.373000,0.61,358.034399236,358.034177256,358.035988325,358.035766054,160.66863287,-62.64215328,160.66863287,-62.62143502,160.66863287,-62.62380515,160.66183938,-62.64081089,160.66183938,-62.64081089,160.66266973,-62.63877794
Tehran,35.69,51.39,1200.0,2026-03-20T12:00:00,2461120.000000000,star_lyr_vega,STAR,279.234000,38.783000,0.03,358.034399236,358.034177256,358.035988325,358.035766054,323.29039403,-2.35438750,323.29039403,-2.16987292,323.29039403,-2.19364822,323.29456111,-2.34814861,323.29456111,-2.34814861,323.29263886,-2.34967587
Tehran,35.69,51.39,1200.0,2026-03-20T12:00:00,2461120.000000000,star_cyg_deneb,STAR,310.358000,45.280000,1.25,358.034399236,358.034177256,358.035988325,358.035766054,312.72120001,19.11027393,312.72120001,19.15623768,312.72120001,19.15063756,312.72421745,19.16412196,312.72421745,19.15891747,312.72312802,19.16301648
Tehran,35.69,51.39,1200.0,2026-03-20T12:00:00,2461120.000000000,star_cyg_sadr,STAR,305.557000,40.260000,2.23,358.034399236,358.034177256,358.035988325,358.035766054,310.40751176,13.39544766,310.40751176,13.46146008,310.40751176,13.45343142,310.41056693,13.46930429,310.41056693,13.46187210,310.40925250,13.46861622
Tehran,35.69,51.39,1200.0,2026-03-20T12:00:00,2461120.000000000,star_cyg_albireo,STAR,292.680000,27.960000,3.05,358.034399236,358.034177256,358.035988325,358.035766054,307.71631241,-2.62382097,307.71631241,-2.43941124,307.71631241,-2.46317168,307.71978610,-2.61815405,307.71978610,-2.61815405,307.71783925,-2.61910777
Tehran,35.69,51.39,1200.0,2026-03-20T12:00:00,2461120.000000000,star_aql_altair,STAR,297.696000,8.868000,0.76,358.034399236,358.034177256,358.035988325,358.035766054,290.09856160,-11.67653810,290.09856160,-11.49980155,290.09856160,-11.52243270,290.10149630,-11.67219380,290.10149630,-11.67219380,290.09914719,-11.67241674
Tehran,35.69,51.39,1200.0,2026-03-20T12:00:00,2461120.000000000,star_ori_betelgeuse,STAR,88.793000,7.407000,0.5,358.034399236,358.034177256,358.035988325,358.035766054,118.22789370,44.00415401,118.22789370,44.02081108,118.22789370,44.01877862,118.23041074,44.02171698,118.23041074,44.01981830,118.22625646,44.02222407
Tehran,35.69,51.39,1200.0,2026-03-20T12:00:00,2461120.000000000,star_ori_rigel,STAR,78.634000,-8.202000,0.13,358.034399236,358.034177256,358.035988325,358.035766054,141.71456494,38.06801345,141.71456494,38.08853865,141.71456494,38.08603450,141.71491907,38.08969216,141.71491907,38.08735365,141.71153396,38.09109834
Tehran,35.69,51.39,1200.0,2026-03-20T12:00:00,2461120.000000000,star_ori_bellatrix,STAR,81.283000,6.350000,1.64,358.034399236,358.034177256,358.035988325,358.035766054,127.08510177,48.39141927,127.08510177,48.40571274,127.08510177,48.40396857,127.08698917,48.40592557,127.08698917,48.40429601,127.08258211,48.40680040
Tehran,35.69,51.39,1200.0,2026-03-20T12:00:00,2461120.000000000,star_ori_saiph,STAR,86.939000,-9.670000,2.07,358.034399236,358.034177256,358.035988325,358.035766054,134.33125614,32.31022640,134.33125614,32.33561409,134.33125614,32.33251725,134.33205013,32.33747785,134.33205013,32.33458780,134.32885240,32.33861740
Tehran,35.69,51.39,1200.0,2026-03-20T12:00:00,2461120.000000000,star_ori_alnitak,STAR,85.190000,-1.940000,1.77,358.034399236,358.034177256,358.035988325,358.035766054,130.24971739,39.51423040,130.24971739,39.53372583,130.24971739,39.53134723,130.25101587,39.53486666,130.25101587,39.53264516,130.24733980,39.53585386
Tehran,35.69,51.39,1200.0,2026-03-20T12:00:00,2461120.000000000,star_ori_alnilam,STAR,84.053000,-1.202000,1.69,358.034399236,358.034177256,358.035988325,358.035766054,130.81893365,40.79778468,130.81893365,40.81641708,130.81893365,40.81414372,130.82022241,40.81740636,130.82022241,40.81528296,130.81647023,40.81841699
Tehran,35.69,51.39,1200.0,2026-03-20T12:00:00,2461120.000000000,star_ori_mintaka,STAR,83.002000,-0.299000,2.23,358.034399236,358.034177256,358.035988325,358.035766054,131.18375036,42.15625677,131.18375036,42.17402280,131.18375036,42.17185509,131.18504710,42.17485654,131.18504710,42.17283166,131.18120774,42.17588287
Tehran,35.69,51.39,1200.0,2026-03-20T12:00:00,2461120.000000000,star_tau_aldebaran,STAR,68.980000,16.509000,0.85,358.034399236,358.034177256,358.035988325,358.035766054,131.99865435,63.91847209,131.99865435,63.92635622,131.99865435,63.92539404,132.00056273,63.92481868,132.00056273,63.92392032,131.99424763,63.92590884
Tehran,35.69,51.39,1200.0,2026-03-20T12:00:00,2461120.000000000,star_tau_elnath,STAR,81.573000,28.608000,1.65,358.034399236,358.034177256,358.035988325,358.035766054,95.12613993,61.68595373,95.12613993,61.69463074,95.12613993,61.69357182,95.13295618,61.69437463,95.13295618,61.69338576,95.12661504,61.69392457
Tehran,35.69,51.39,1200.0,2026-03-20T12:00:00,2461120.000000000,star_aur_capella,STAR,79.172000,45.998000,0.08,358.034399236,358.034177256,358.035988325,358.035766054,56.13723782,65.10392294,56.13723782,65.11139830,56.13723782,65.11048601,56.14825667,65.11306657,56.14825667,65.11221503,56.14292005,65.11119052
Tehran,35.69,51.39,1200.0,2026-03-20T12:00:00,2461120.000000000,star_umi_polaris,STAR,37.954000,89.264000,1.98,358.034399236,358.034177256,358.035988325,358.035766054,359.95525745,36.31042446,359.95525745,36.33229323,359.95525745,36.32962528,359.96081051,36.33947842,359.96081051,36.33698789,359.95943323,36.33703698
Tehran,35.69,51.39,1200.0,2026-03-20T12:00:00,2461120.000000000,star_uma_dubhe,STAR,165.932000,61.751000,1.79,358.034399236,358.034177256,358.035988325,358.035766054,26.77692217,19.77724770,26.77692217,19.82157474,26.77692217,19.81617340,26.78232244,19.82914919,26.78232244,19.82412765,26.78029713,19.82677186
Tehran,35.69,51.39,1200.0,2026-03-20T12:00:00,2461120.000000000,star_uma_merak,STAR,165.460000,56.380000,2.37,358.034399236,358.034177256,358.035988325,358.035766054,31.26464941,16.50180946,31.26464941,16.55533814,31.26464941,16.54882021,31.26990093,16.56302519,31.26990093,16.55697711,31.26785235,16.56080782
Tehran,35.69,51.39,1200.0,2026-03-20T12:00:00,2461120.000000000,star_uma_alioth,STAR,193.507000,55.960000,1.77,358.034399236,358.034177256,358.035988325,358.035766054,19.22610585,6.40975762,19.22610585,6.53835968,19.22610585,6.52284139,19.23121237,6.54733894,19.23121237,6.53293896,19.22934829,6.54824488
Tehran,35.69,51.39,1200.0,2026-03-20T12:00:00,2461120.000000000,star_uma_mizar,STAR,200.981000,54.925000,2.23,358.034399236,358.034177256,358.035988325,358.035766054,15.83062448,3.65548513,15.83062448,3.83632347,15.83062448,3.81426130,15.83571568,3.86056777,15.83571568,3.83873620,15.83386992,3.86870359
Tehran,35.69,51.39,1200.0,2026-03-20T12:00:00,2461120.000000000,star_uma_alkaid,STAR,206.885000,49.313000,1.85,358.034399236,358.034177256,358.035988325,358.035766054,14.36267658,-2.85718490,14.36267658,-2.67287162,14.36267658,-2.69661831,14.36774343,-2.85010727,14.36774343,-2.85010727,14.36589910,-2.85256621
Tehran,35.69,51.39,1200.0,2026-03-20T12:00:00,2461120.000000000,star_cas_schedar,STAR,10.127000,56.537000,2.24,358.034399236,358.034177256,358.035988325,358.035766054,321.20491644,56.56708410,321.20491644,56.57771483,321.20491644,56.57641752,321.20797006,56.58431866,321.20797006,56.58310706,321.20912894,56.58282232
Tehran,35.69,51.39,1200.0,2026-03-20T12:00:00,2461120.000000000,star_cas_caph,STAR,2.293000,59.150000,2.28,358.034399236,358.034177256,358.035988325,358.035766054,323.02591664,51.76735251,323.02591664,51.78003528,323.02591664,51.77848760,323.02916750,51.78690437,323.02916750,51.78545875,323.02977998,51.78533855
Tehran,35.69,51.39,1200.0,2026-03-20T12:00:00,2461120.000000000,star_per_mirfak,STAR,51.080000,49.860000,1.79,358.034399236,358.034177256,358.035988325,358.035766054,5.51278430,75.65160025,5.51278430,75.65572128,5.51278430,75.65521833,5.52730767,75.65964277,5.52730767,75.65917475,5.52703014,75.65720517
Tehran,35.69,51.39,1200.0,2026-03-20T12:00:00,2461120.000000000,star_per_algol,STAR,47.040000,40.960000,2.12,358.034399236,358.034177256,358.035988325,358.035766054,344.63379236,84.41251078,344.63379236,84.41408701,344.63379236,84.41389464,344.65614511,84.41816552,344.65614511,84.41798868,344.66696657,84.41604245
Tehran,35.69,51.39,1200.0,2026-03-20T12:00:00,2461120.000000000,star_boo_arcturus,STAR,213.915000,19.182000,-0.05,358.034399236,358.034177256,358.035988325,358.035766054,17.26285774,-33.39160656,17.26285774,-33.26835220,17.26285774,-33.28349243,17.26832200,-33.38505352,17.26832200,-33.38505352,17.26654579,-33.38751046
Tehran,35.69,51.39,1200.0,2026-03-20T12:00:00,2461120.000000000,star_vir_spica,STAR,201.298000,-11.161000,0.98,358.034399236,358.034177256,358.035988325,358.035766054,52.78696574,-54.98400285,52.78696574,-54.94117212,52.78696574,-54.94615457,52.79046803,-54.97770631,52.79046803,-54.97770631,52.79078005,-54.97964691
Tehran,35.69,51.39,1200.0,2026-03-20T12:00:00,2461120.000000000,star_sco_antares,STAR,247.352000,-26.432000,0.96,358.034399236,358.034177256,358.035988325,358.035766054,295.35119103,-71.85001173,295.35119103,-71.84567715,295.35119103,-71.84616520,295.36317282,-71.85088711,295.36317282,-71.85088711,295.35395251,-71.85133355
Tehran,35.69,51.39,1200.0,2026-03-20T12:00:00,2461120.000000000,star_sco_shaula,STAR,263.402000,-37.104000,1.62,358.034399236,358.034177256,358.035988325,358.035766054,256.71292594,-62.40917924,256.71292594,-62.38789476,256.71292594,-62.39033081,256.71637437,-62.41068022,256.71637437,-62.41068022,256.71038342,-62.40951876
Tehran,35.69,51.39,1200.0,2026-03-20T12:00:00,2461120.000000000,star_leo_regulus,STAR,152.093000,11.967000,1.36,358.034399236,358.034177256,358.035988325,358.035766054,72.79438042,-3.40965376,72.79438042,-3.22558973,72.79438042,-3.24930066,72.79749466,-3.40378653,72.79749466,-3.40378653,72.79577539,-3.40509334
Tehran,35.69,51.39,1200.0,2026-03-20T12:00:00,2461120.000000000,star_gem_pollux,STAR,116.329000,28.026000,1.14,358.034399236,358.034177256,358.035988325,358.035766054,77.40396943,33.38307398,77.40396943,33.40744622,77.40396943,33.40447313,77.40872037,33.41131282,77.40872037,33.40853805,77.40543962,33.41011074
Tehran,35.69,51.39,1200.0,2026-03-20T12:00:00,2461120.000000000,star_gem_castor,STAR,113.650000,31.888000,1.58,358.034399236,358.034177256,358.035988325,358.035766054,74.27751524,37.09623955,74.27751524,37.11749431,74.27751524,37.11490121,74.28272524,37.12110158,74.28272524,37.11868043,74.27928165,37.11978320
Tehran,35.69,51.39,1200.0,2026-03-20T12:00:00,2461120.000000000,star_psa_fomalhaut,STAR,344.413000,-29.622000,1.17,358.034399236,358.034177256,358.035988325,358.035766054,231.89002155,0.88757071,231.89002155,1.07280239,231.89002155,1.04893254,231.88936262,1.25849156,231.88936262,1.21791961,231.88754245,1.31217111
Tehran,35.69,51.39,1200.0,2026-03-20T12:00:00,2461120.000000000,star_eri_achernar,STAR,24.429000,-57.237000,0.45,358.034399236,358.034177256,358.035988325,358.035766054,193.20044489,-5.12453292,193.20044489,-4.94143065,193.20044489,-4.96500168,193.19894069,-5.12241268,193.19894069,-5.12241268,193.19710404,-5.11995472
Tehran,35.69,51.39,1200.0,2026-03-20T12:00:00,2461120.000000000,dso_m31_andromeda,GALAXY,10.684000,41.269000,3.44,358.034399236,358.034177256,358.035988325,358.035766054,292.64570956,59.69284106,292.64570956,59.70225437,292.64570956,59.70110560,292.64494357,59.70825772,292.64494357,59.70718504,292.64726985,59.70789034
Tehran,35.69,51.39,1200.0,2026-03-20T12:00:00,2461120.000000000,dso_lmc,GALAXY,80.894000,-69.756000,0.9,358.034399236,358.034177256,358.035988325,358.035766054,169.06531460,-17.89162072,169.06531460,-17.72507380,169.06531460,-17.74621598,169.06356754,-17.88919945,169.06356754,-17.88919945,169.06207023,-17.88698619
Tehran,35.69,51.39,1200.0,2026-03-20T12:00:00,2461120.000000000,dso_smc,GALAXY,13.187000,-72.829000,2.7,358.034399236,358.034177256,358.035988325,358.035766054,190.81763032,-21.19142031,190.81763032,-21.03199911,190.81763032,-21.05211877,190.81590780,-21.18961616,190.81590780,-21.18961616,190.81413249,-21.18716336
Tehran,35.69,51.39,1200.0,2026-03-20T12:00:00,2461120.000000000,dso_m33_triangulum,GALAXY,23.462000,30.660000,5.72,358.034399236,358.034177256,358.035988325,358.035766054,264.43725220,68.10537384,264.43725220,68.11184762,264.43725220,68.11105755,264.43087332,68.11613046,264.43087332,68.11539346,264.43476396,68.11696666
Tehran,35.69,51.39,1200.0,2026-03-20T12:00:00,2461120.000000000,dso_m45_pleiades,STAR_CLUSTER,56.871000,24.105000,1.6,358.034399236,358.034177256,358.035988325,358.035766054,147.40459183,76.65513072,147.40459183,76.65895247,147.40459183,76.65848604,147.40255615,76.65615576,147.40255615,76.65572173,147.39307131,76.65780588
Tehran,35.69,51.39,1200.0,2026-03-20T12:00:00,2461120.000000000,dso_hyades,STAR_CLUSTER,66.750000,15.870000,0.5,358.034399236,358.034177256,358.035988325,358.035766054,136.82355834,64.70897995,136.82355834,64.71659061,136.82355834,64.71566180,136.82471412,64.71494618,136.82471412,64.71407905,136.81845401,64.71621760
Tehran,35.69,51.39,1200.0,2026-03-20T12:00:00,2461120.000000000,dso_m44_beehive,STAR_CLUSTER,130.100000,19.670000,3.7,358.034399236,358.034177256,358.035988325,358.035766054,78.65900861,18.32765348,78.65900861,18.37567773,78.65900861,18.36982747,78.66276848,18.38122215,78.66276848,18.37578680,78.66019449,18.38020006
Tehran,35.69,51.39,1200.0,2026-03-20T12:00:00,2461120.000000000,dso_double_cluster,STAR_CLUSTER,34.740000,57.130000,3.7,358.034399236,358.034177256,358.035988325,358.035766054,340.58296174,66.42466108,340.58296174,66.43169012,340.58296174,66.43083229,340.58933436,66.43737714,340.58933436,66.43657674,340.59066809,66.43532081
Tehran,35.69,51.39,1200.0,2026-03-20T12:00:00,2461120.000000000,dso_coma_cluster,STAR_CLUSTER,185.600000,26.100000,1.8,358.034399236,358.034177256,358.035988325,358.035766054,40.05637866,-15.93399927,40.05637866,-15.76379123,40.05637866,-15.78546484,40.06074270,-15.92698498,40.06074270,-15.92698498,40.05919788,-15.92921070
Tehran,35.69,51.39,1200.0,2026-03-20T12:00:00,2461120.000000000,dso_omega_centauri,GLOBULAR_CLUSTER,201.700000,-47.470000,3.9,358.034399236,358.034177256,358.035988325,358.035766054,128.97407804,-66.54158177,128.97407804,-66.52924165,128.97407804,-66.53064297,128.96680464,-66.53835432,128.96680464,-66.53835432,128.97013447,-66.53735139
Tehran,35.69,51.39,1200.0,2026-03-20T12:00:00,2461120.000000000,dso_47_tucanae,GLOBULAR_CLUSTER,6.020000,-72.080000,4.1,358.034399236,358.034177256,358.035988325,358.035766054,193.19411679,-21.76663823,193.19411679,-21.60858169,193.19411679,-21.62850726,193.19242975,-21.76489718,193.19242975,-21.76489718,193.19061581,-21.76243922
Tehran,35.69,51.39,1200.0,2026-03-20T12:00:00,2461120.000000000,dso_m13_hercules,GLOBULAR_CLUSTER,250.420000,36.460000,5.8,358.034399236,358.034177256,358.035988325,358.035766054,342.41517107,-15.25328531,342.41517107,-15.08190239,342.41517107,-15.10374742,342.42031852,-15.24701540,342.42031852,-15.24701540,342.41811537,-15.24908982
Tehran,35.69,51.39,1200.0,2026-03-20T12:00:00,2461120.000000000,dso_m42_orion_nebula,NEBULA,83.822000,-5.391000,4.0,358.034399236,358.034177256,358.035988325,358.035766054,134.30747474,37.58832142,134.30747474,37.60920277,134.30747474,37.60665520,134.30839579,37.61048968,134.30839579,37.60811073,134.30490351,37.61162959
Tehran,35.69,51.39,1200.0,2026-03-20T12:00:00,2461120.000000000,dso_m8_lagoon,NEBULA,270.920000,-24.380000,6.0,358.034399236,358.034177256,358.035988325,358.035766054,275.65878069,-52.32132471,275.65878069,-52.26936211,275.65878069,-52.27544546,275.66343780,-52.32125167,275.66343780,-52.32125167,275.65845185,-52.32085693
Tehran,35.69,51.39,1200.0,2026-03-20T12:00:00,2461120.000000000,dso_eta_carinae_nebula,NEBULA,161.260000,-59.870000,1.0,358.034399236,358.034177256,358.035988325,358.035766054,142.04578772,-41.14760134,142.04578772,-41.05325304,142.04578772,-41.06461637,142.04300809,-41.14422235,142.04300809,-41.14422235,142.04287747,-41.14273751
Tromso,69.65,18.96,10.0,2026-03-20T12:00:00,2461120.000000000,star_cma_sirius,STAR,101.287000,-16.716000,-1.46,358.034399236,358.034177256,358.035988325,358.035766054,100.97671670,-13.81160308,100.97671670,-13.63789763,100.97671670,-13.64261997,100.97831537,-13.80974734,100.97831537,-13.80974734,100.97631755,-13.80797358
Tromso,69.65,18.96,10.0,2026-03-20T12:00:00,2461120.000000000,star_cma_adhara,STAR,104.656000,-28.972000,1.5,358.034399236,358.034177256,358.035988325,358.035766054,102.79093357,-26.33860767,102.79093357,-26.19266197,102.79093357,-26.19613597,102.79210808,-26.33596444,102.79210808,-26.33596444,102.79035206,-26.33415729
Tromso,69.65,18.96,10.0,2026-03-20T12:00:00,2461120.000000000,star_cma_wezen,STAR,107.098000,-26.393000,1.83,358.034399236,358.034177256,358.035988325,358.035766054,99.47204921,-24.80056165,99.47204921,-24.65029529,99.47204921,-24.65394148,99.47352813,-24.79794247,99.47352813,-24.79794247,99.47178579,-24.79619775
Tromso,69.65,18.96,10.0,2026-03-20T12:00:00,2461120.000000000,star_cma_mirzam,STAR,95.675000,-17.956000,1.98,358.034399236,358.034177256,358.035988325,358.035766054,106.57766235,-13.06203596,106.57766235,-12.88721122,106.57766235,-12.89199189,106.57882133,-13.06033819,106.57882133,-13.06033819,106.57676720,-13.05846722
Tromso,69.65,18.96,10.0,2026-03-20T12:00:00,2461120.000000000,star_cmi_procyon,STAR,114.825000,5.225000,0.34,358.034399236,358.034177256,358.035988325,358.035766054,80.54478798,2.01137033,80.54478798,2.19661630,80.54478798,2.19129225,80.54846939,2.28972134,80.54846939,2.28945522,80.54614800,2.31622528
Tromso,69.65,18.96,10.0,2026-03-20T12:00:00,2461120.000000000,star_car_canopus,STAR,95.987000,-52.695000,-0.74,358.034399236,358.034177256,358.035988325,358.035766054,122.82013019,-44.93116044,122.82013019,-44.85150888,122.82013019,-44.85297682,122.81905603,-44.92823290,122.81905603,-44.92823290,122.81713641,-44.92618361
Tromso,69.65,18.96,10.0,2026-03-20T12:00:00,2461120.000000000,star_car_miaplacidus,STAR,138.300000,-69.720000,1.67,358.034399236,358.034177256,358.035988325,358.035766054,118.24048306,-70.48168761,118.24048306,-70.47566132,118.24048306,-70.47574486,118.23632624,-70.47852282,118.23632624,-70.47852282,118.23549456,-70.47650766
Tromso,69.65,18.96,10.0,2026-03-20T12:00:00,2461120.000000000,star_cen_rigil_kent,STAR,219.900000,-60.833000,-0.01,358.034399236,358.034177256,358.035988325,358.035766054,300.53676524,-77.05146610,300.53676524,-77.05137142,300.53676524,-77.05137268,300.54866500,-77.05319047,300.54866500,-77.05319047,300.54454710,-77.05522446
Tromso,69.65,18.96,10.0,2026-03-20T12:00:00,2461120.000000000,star_cen_hadar,STAR,210.956000,-60.373000,0.61,358.034399236,358.034177256,358.035988325,358.035766054,319.64225092,-79.07133736,319.64225092,-79.07205168,319.64225092,-79.07204227,319.65960350,-79.07234674,319.65960350,-79.07234674,319.65870345,-79.07440816
Tromso,69.65,18.96,10.0,2026-03-20T12:00:00,2461120.000000000,star_lyr_vega,STAR,279.234000,38.783000,0.03,358.034399236,358.034177256,358.035988325,358.035766054,292.10574700,33.49819032,292.10574700,33.52245699,292.10574700,33.52210909,292.10881918,33.53031307,292.10881918,33.53028902,292.10703189,33.52829742
Tromso,69.65,18.96,10.0,2026-03-20T12:00:00,2461120.000000000,star_cyg_deneb,STAR,310.358000,45.280000,1.25,358.034399236,358.034177256,358.035988325,358.035766054,268.57481453,49.90327853,268.57481453,49.91683110,268.57481453,49.91663723,268.57384999,49.92449691,268.57384999,49.92448346,268.57329497,49.92294689
Tromso,69.65,18.96,10.0,2026-03-20T12:00:00,2461120.000000000,star_cyg_sadr,STAR,305.557000,40.260000,2.23,358.034399236,358.034177256,358.035988325,358.035766054,269.59417803,43.81197405,269.59417803,43.82874298,269.59417803,43.82850297,269.59383661,43.83640116,269.59383661,43.83638452,269.59292723,43.83481717
Tromso,69.65,18.96,10.0,2026-03-20T12:00:00,2461120.000000000,star_cyg_albireo,STAR,292.680000,27.960000,3.05,358.034399236,358.034177256,358.035988325,358.035766054,275.04734729,28.17231518,275.04734729,28.20225255,275.04734729,28.20182264,275.04842575,28.20977883,275.04842575,28.20974919,275.04683692,28.20806784
Tromso,69.65,18.96,10.0,2026-03-20T12:00:00,2461120.000000000,star_aql_altair,STAR,297.696000,8.868000,0.76,358.034399236,358.034177256,358.035988325,358.035766054,262.77253132,12.19230733,262.77253132,12.26468506,262.77253132,12.26361943,262.77287904,12.27130924,262.77287904,12.27123841,262.77095720,12.27049374
Tromso,69.65,18.96,10.0,2026-03-20T12:00:00,2461120.000000000,star_ori_betelgeuse,STAR,88.793000,7.407000,0.5,358.034399236,358.034177256,358.035988325,358.035766054,104.27037827,13.09788347,104.27037827,13.16537225,104.27037827,13.16438270,104.27215455,13.16630642,104.27215455,13.16624025,104.26966277,13.16853054
Tromso,69.65,18.96,10.0,2026-03-20T12:00:00,2461120.000000000,star_ori_rigel,STAR,78.634000,-8.202000,0.13,358.034399236,358.034177256,358.035988325,358.035766054,119.07783805,1.63557097,119.07783805,1.82082559,119.07783805,1.81549889,119.07816559,1.93923487,119.07816559,1.93894381,119.07588796,1.97291739
Tromso,69.65,18.96,10.0,2026-03-20T12:00:00,2461120.000000000,star_ori_bellatrix,STAR,81.283000,6.350000,1.64,358.034399236,358.034177256,358.035988325,358.035766054,111.87134507,14.60135650,111.87134507,14.66194716,111.87134507,14.66106337,111.87239566,14.66262932,111.87239566,14.66256981,111.86994202,14.66482102
Tromso,69.65,18.96,10.0,2026-03-20T12:00:00,2461120.000000000,star_ori_saiph,STAR,86.939000,-9.670000,2.07,358.034399236,358.034177256,358.035988325,358.035766054,111.77364042,-2.38207465,111.77364042,-2.19757052,111.77364042,-2.20287182,111.77453983,-2.38129574,111.77453983,-2.38129574,111.77230627,-2.37935054
Tromso,69.65,18.96,10.0,2026-03-20T12:00:00,2461120.000000000,star_ori_alnitak,STAR,85.190000,-1.940000,1.77,358.034399236,358.034177256,358.035988325,358.035766054,110.87723519,5.49098297,110.87723519,5.63549416,110.87723519,5.63307902,110.87830057,5.63903784,110.87830057,5.63889586,110.87596337,5.64565208
Tromso,69.65,18.96,10.0,2026-03-20T12:00:00,2461120.000000000,star_ori_alnilam,STAR,84.053000,-1.202000,1.69,358.034399236,358.034177256,358.035988325,358.035766054,111.71523449,6.55975267,111.71523449,6.68600700,111.71523449,6.68399753,111.71623528,6.68804953,111.71623528,6.68792641,111.71388697,6.69310495
Tromso,69.65,18.96,10.0,2026-03-20T12:00:00,2461120.000000000,star_ori_mintaka,STAR,83.002000,-0.299000,2.23,358.034399236,358.034177256,358.035988325,358.035766054,112.42156101,7.75516496,112.42156101,7.86497280,112.42156101,7.86327956,112.42250859,7.86645054,112.42250859,7.86634363,112.42014801,7.87044645
Tromso,69.65,18.96,10.0,2026-03-20T12:00:00,2461120.000000000,star_tau_aldebaran,STAR,68.980000,16.509000,0.85,358.034399236,358.034177256,358.035988325,358.035766054,120.64550981,28.08850906,120.64550981,28.11855089,120.64550981,28.11811948,120.64561864,28.11750870,120.64561864,28.11747895,120.64312910,28.11948040
Tromso,69.65,18.96,10.0,2026-03-20T12:00:00,2461120.000000000,star_tau_elnath,STAR,81.573000,28.608000,1.65,358.034399236,358.034177256,358.035988325,358.035766054,102.83596919,35.33145634,102.83596919,35.35412250,102.83596919,35.35379769,102.83827480,35.35219931,102.83827480,35.35217683,102.83528451,35.35393785
Tromso,69.65,18.96,10.0,2026-03-20T12:00:00,2461120.000000000,star_aur_capella,STAR,79.172000,45.998000,0.08,358.034399236,358.034177256,358.035988325,358.035766054,94.51249688,51.78196859,94.51249688,51.79464472,94.51249688,51.79446340,94.51673002,51.79099398,94.51673002,51.79098140,94.51284631,51.79258567
Tromso,69.65,18.96,10.0,2026-03-20T12:00:00,2461120.000000000,star_umi_polaris,STAR,37.954000,89.264000,1.98,358.034399236,358.034177256,358.035988325,358.035766054,0.89192420,70.19084016,0.89192420,70.19664270,0.89192420,70.19655976,0.91351419,70.19973362,0.91351419,70.19972787,0.90692666,70.19833766
Tromso,69.65,18.96,10.0,2026-03-20T12:00:00,2461120.000000000,star_uma_dubhe,STAR,165.932000,61.751000,1.79,358.034399236,358.034177256,358.035988325,358.035766054,19.36798813,43.04405718,19.36798813,43.06128095,19.36798813,43.06103441,19.37875392,43.06393496,19.37875392,43.06391787,19.37470328,43.06306256
Tromso,69.65,18.96,10.0,2026-03-20T12:00:00,2461120.000000000,star_uma_merak,STAR,165.460000,56.380000,2.37,358.034399236,358.034177256,358.035988325,358.035766054,21.34758272,37.88215393,21.34758272,37.90281623,21.34758272,37.90252027,21.35749764,37.90562386,21.35749764,37.90560336,21.35372445,37.90481246
Tromso,69.65,18.96,10.0,2026-03-20T12:00:00,2461120.000000000,star_uma_alioth,STAR,193.507000,55.960000,1.77,358.034399236,358.034177256,358.035988325,358.035766054,2.20052730,35.48581912,2.20052730,35.50835706,2.20052730,35.50803409,2.20999288,35.51294669,2.20999288,35.51292435,2.20659671,35.51153943
Tromso,69.65,18.96,10.0,2026-03-20T12:00:00,2461120.000000000,star_uma_mizar,STAR,200.981000,54.925000,2.23,358.034399236,358.034177256,358.035988325,358.035766054,357.02204315,34.47283128,357.02204315,34.49622871,357.02204315,34.49589336,357.03121499,34.50127061,357.03121499,34.50124742,357.02794817,34.49972542
Tromso,69.65,18.96,10.0,2026-03-20T12:00:00,2461120.000000000,star_uma_alkaid,STAR,206.885000,49.313000,1.85,358.034399236,358.034177256,358.035988325,358.035766054,352.42007963,29.06118587,352.42007963,29.09004864,352.42007963,29.08963431,352.42851822,29.09560994,352.42851822,29.09558136,352.42551110,29.09395790
Tromso,69.65,18.96,10.0,2026-03-20T12:00:00,2461120.000000000,star_cas_schedar,STAR,10.127000,56.537000,2.24,358.034399236,358.034177256,358.035988325,358.035766054,195.71921362,76.72102075,195.71921362,76.72482294,195.71921362,76.72476860,195.69101525,76.72529412,195.69101525,76.72529037,195.69661948,76.72621660
Tromso,69.65,18.96,10.0,2026-03-20T12:00:00,2461120.000000000,star_cas_caph,STAR,2.293000,59.150000,2.28,358.034399236,358.034177256,358.035988325,358.035766054,217.56509493,78.00344111,217.56509493,78.00686460,217.56509493,78.00681568,217.53566393,78.00985138,217.53566393,78.00984800,217.54314745,78.01001804
Tromso,69.65,18.96,10.0,2026-03-20T12:00:00,2461120.000000000,star_per_mirfak,STAR,51.080000,49.860000,1.79,358.034399236,358.034177256,358.035988325,358.035766054,122.29357199,64.42761352,122.29357199,64.43532110,122.29357199,64.43521092,122.29150412,64.43040827,122.29150412,64.43040062,122.28847945,64.43242472
Tromso,69.65,18.96,10.0,2026-03-20T12:00:00,2461120.000000000,star_per_algol,STAR,47.040000,40.960000,2.12,358.034399236,358.034177256,358.035988325,358.035766054,134.89101306,57.33878424,134.89101306,57.34910665,134.89101306,57.34895905,134.88722605,57.34531594,134.88722605,57.34530570,134.88510382,57.34735164
Tromso,69.65,18.96,10.0,2026-03-20T12:00:00,2461120.000000000,star_boo_arcturus,STAR,213.915000,19.182000,-0.05,358.034399236,358.034177256,358.035988325,358.035766054,343.73763911,-0.44847577,343.73763911,-0.26341801,343.73763911,-0.26874379,343.74426163,0.10035493,343.74426163,0.09983255,343.74200606,0.23480333
Tromso,69.65,18.96,10.0,2026-03-20T12:00:00,2461120.000000000,star_vir_spica,STAR,201.298000,-11.161000,0.98,358.034399236,358.034177256,358.035988325,358.035766054,354.64064536,-31.57456523,354.64064536,-31.44505386,354.64064536,-31.44793057,354.64746108,-31.57134179,354.64746108,-31.57134179,354.64605607,-31.57287968
Tromso,69.65,18.96,10.0,2026-03-20T12:00:00,2461120.000000000,star_sco_antares,STAR,247.352000,-26.432000,0.96,358.034399236,358.034177256,358.035988325,358.035766054,298.45489990,-37.95766859,298.45489990,-37.85110334,298.45489990,-37.85326875,298.45946933,-37.95625409,298.45946933,-37.95625409,298.45681532,-37.95827120
Tromso,69.65,18.96,10.0,2026-03-20T12:00:00,2461120.000000000,star_sco_shaula,STAR,263.402000,-37.104000,1.62,358.034399236,358.034177256,358.035988325,358.035766054,276.53482492,-42.44127195,276.53482492,-42.35194327,276.53482492,-42.35364745,276.53776577,-42.44078573,276.53776577,-42.44078573,276.53438897,-42.44247032
Tromso,69.65,18.96,10.0,2026-03-20T12:00:00,2461120.000000000,star_leo_regulus,STAR,152.093000,11.967000,1.36,358.034399236,358.034177256,358.035988325,358.035766054,43.42719558,-2.88031016,43.42719558,-2.69600673,43.42719558,-2.70129805,43.43327613,-2.87764357,43.43327613,-2.87764357,43.43111661,-2.87760542
Tromso,69.65,18.96,10.0,2026-03-20T12:00:00,2461120.000000000,star_gem_pollux,STAR,116.329000,28.026000,1.14,358.034399236,358.034177256,358.035988325,358.035766054,70.79588535,22.80854780,70.79588535,22.84655913,70.79588535,22.84601165,70.80128266,22.84728891,70.80128266,22.84725134,70.79825007,22.84825004
Tromso,69.65,18.96,10.0,2026-03-20T12:00:00,2461120.000000000,star_gem_castor,STAR,113.650000,31.888000,1.58,358.034399236,358.034177256,358.035988325,358.035766054,71.53278735,27.26460405,71.53278735,27.29570371,71.53278735,27.29525694,71.53838459,27.29584293,71.53838459,27.29581214,71.53518535,27.29679652
Tromso,69.65,18.96,10.0,2026-03-20T12:00:00,2461120.000000000,star_psa_fomalhaut,STAR,344.413000,-29.622000,1.17,358.034399236,358.034177256,358.035988325,358.035766054,208.31627528,-11.85063340,208.31627528,-11.67412596,208.31627528,-11.67899557,208.31399788,-11.84874802,208.31399788,-11.84874802,208.31131101,-11.84824289
Tromso,69.65,18.96,10.0,2026-03-20T12:00:00,2461120.000000000,star_eri_achernar,STAR,24.429000,-57.237000,0.45,358.034399236,358.034177256,358.035988325,358.035766054,174.80027894,-36.87666954,174.80027894,-36.76604924,174.80027894,-36.76833157,174.79746907,-36.87534549,174.79746907,-36.87534549,174.79415363,-36.87381124
Tromso,69.65,18.96,10.0,2026-03-20T12:00:00,2461120.000000000,dso_m31_andromeda,GALAXY,10.684000,41.269000,3.44,358.034399236,358.034177256,358.035988325,358.035766054,189.41975581,61.59229317,189.41975581,61.60100415,189.41975581,61.60087961,189.40773789,61.60155970,189.40773789,61.60155106,189.40869745,61.60265715
Tromso,69.65,18.96,10.0,2026-03-20T12:00:00,2461120.000000000,dso_lmc,GALAXY,80.894000,-69.756000,0.9,358.034399236,358.034177256,358.035988325,358.035766054,146.48312847,-55.73648685,146.48312847,-55.69612006,146.48312847,-55.69676686,146.47957573,-55.73431396,146.47957573,-55.73431396,146.47656879,-55.73229839
Tromso,69.65,18.96,10.0,2026-03-20T12:00:00,2461120.000000000,dso_smc,GALAXY,13.187000,-72.829000,2.7,358.034399236,358.034177256,358.035988325,358.035766054,181.74778626,-52.35669379,181.74778626,-52.30485634,181.74778626,-52.30572209,181.74401219,-52.35592304,181.74401219,-52.35592304,181.73970378,-52.35456957
Tromso,69.65,18.96,10.0,2026-03-20T12:00:00,2461120.000000000,dso_m33_triangulum,GALAXY,23.462000,30.660000,5.72,358.034399236,358.034177256,358.035988325,358.035766054,170.66576448,50.95124185,170.66576448,50.96429981,170.66576448,50.96411303,170.65845612,50.96360007,170.65845612,50.96358711,170.65777915,50.96518126
Tromso,69.65,18.96,10.0,2026-03-20T12:00:00,2461120.000000000,dso_m45_pleiades,STAR_CLUSTER,56.871000,24.105000,1.6,358.034399236,358.034177256,358.035988325,358.035766054,130.86992552,38.77080062,130.86992552,38.79081741,130.86992552,38.79053074,130.86850463,38.78873129,130.86850463,38.78871143,130.86619660,38.79074158
Tromso,69.65,18.96,10.0,2026-03-20T12:00:00,2461120.000000000,dso_hyades,STAR_CLUSTER,66.750000,15.870000,0.5,358.034399236,358.034177256,358.035988325,358.035766054,123.17886213,28.14435253,123.17886213,28.17432468,123.17886213,28.17389428,123.17868780,28.17330503,123.17868780,28.17327535,123.17624606,28.17529324
Tromso,69.65,18.96,10.0,2026-03-20T12:00:00,2461120.000000000,dso_m44_beehive,STAR_CLUSTER,130.100000,19.670000,3.7,358.034399236,358.034177256,358.035988325,358.035766054,61.53199870,10.57804961,61.53199870,10.66095408,61.53199870,10.65972094,61.53752453,10.66347784,61.53752453,10.66339688,61.53489391,10.66500136
Tromso,69.65,18.96,10.0,2026-03-20T12:00:00,2461120.000000000,dso_double_cluster,STAR_CLUSTER,34.740000,57.130000,3.7,358.034399236,358.034177256,358.035988325,358.035766054,138.25124075,75.30098163,138.25124075,75.30520784,138.25124075,75.30514744,138.23932751,75.30010951,138.23932751,75.30010533,138.23787191,75.30216353
Tromso,69.65,18.96,10.0,2026-03-20T12:00:00,2461120.000000000,dso_coma_cluster,STAR_CLUSTER,185.600000,26.100000,1.8,358.034399236,358.034177256,358.035988325,358.035766054,9.98568246,5.93591048,9.98568246,6.07238595,9.98568246,6.07015862,9.99300095,6.07871654,9.99300095,6.07858309,9.99055443,6.08159121
Tromso,69.65,18.96,10.0,2026-03-20T12:00:00,2461120.000000000,dso_omega_centauri,GLOBULAR_CLUSTER,201.700000,-47.470000,3.9,358.034399236,358.034177256,358.035988325,358.035766054,350.85686030,-67.81543340,350.85686030,-67.80537177,350.85686030,-67.80551424,350.86795384,-67.81416504,350.86795384,-67.81416504,350.86886152,-67.81579169
Tromso,69.65,18.96,10.0,2026-03-20T12:00:00,2461120.000000000,dso_47_tucanae,GLOBULAR_CLUSTER,6.020000,-72.080000,4.1,358.034399236,358.034177256,358.035988325,358.035766054,185.33482231,-51.75839831,185.33482231,-51.70443135,185.33482231,-51.70533954,185.33116644,-51.75774124,185.33116644,-51.75774124,185.32679805,-51.75648909
Tromso,69.65,18.96,10.0,2026-03-20T12:00:00,2461120.000000000,dso_m13_hercules,GLOBULAR_CLUSTER,250.420000,36.460000,5.8,358.034399236,358.034177256,358.035988325,358.035766054,315.22842719,22.99084375,315.22842719,23.02852442,315.22842719,23.02798177,315.23386910,23.03589716,315.23386910,23.03585993,315.23156125,23.03379724
Tromso,69.65,18.96,10.0,2026-03-20T12:00:00,2461120.000000000,dso_m42_orion_nebula,NEBULA,83.822000,-5.391000,4.0,358.034399236,358.034177256,358.035988325,358.035766054,113.29725757,2.67151718,113.29725757,2.85671520,113.29725757,2.85139788,113.29808265,2.91178625,113.29808265,2.91155599,113.29578697,2.93104249
Tromso,69.65,18.96,10.0,2026-03-20T12:00:00,2461120.000000000,dso_m8_lagoon,NEBULA,270.920000,-24.380000,6.0,358.034399236,358.034177256,358.035988325,358.035766054,275.67483829,-28.20204474,275.67483829,-28.06165367,275.67483829,-28.06491613,275.67729582,-28.20017547,275.67729582,-28.20017547,275.67436583,-28.20184159
Tromso,69.65,18.96,10.0,2026-03-20T12:00:00,2461120.000000000,dso_eta_carinae_nebula,NEBULA,161.260000,-59.870000,1.0,358.034399236,358.034177256,358.035988325,358.035766054,74.49736108,-72.48088373,74.49736108,-72.47724470,74.49736108,-72.47729444,74.50048043,-72.47699536,74.50048043,-72.47699536,74.50379060,-72.47589035
CapeTown,-33.93,18.42,25.0,2000-01-01T12:00:00,2451545.000000000,star_cma_sirius,STAR,101.287000,-16.716000,-1.46,280.462105800,280.460618370,280.458555730,280.457067272,158.85496853,-36.65097086,158.85496853,-36.53951097,158.85496853,-36.54196610,158.85271769,-36.65206487,158.85271769,-36.65206487,158.84980710,-36.64995852
CapeTown,-33.93,18.42,25.0,2000-01-01T12:00:00,2451545.000000000,star_cma_adhara,STAR,104.656000,-28.972000,1.5,280.462105800,280.460618370,280.458555730,280.457067272,166.20663705,-25.67445837,166.20663705,-25.52661702,166.20663705,-25.53036254,166.20400350,-25.67520613,166.20400350,-25.67520613,166.20192945,-25.67357961
CapeTown,-33.93,18.42,25.0,2000-01-01T12:00:00,2451545.000000000,star_cma_wezen,STAR,107.098000,-26.393000,1.83,280.462105800,280.460618370,280.458555730,280.457067272,167.97544203,-28.64935798,167.97544203,-28.51035051,167.97544203,-28.51374699,167.97300684,-28.65006904,167.97300684,-28.65006904,167.97065345,-28.64856227
CapeTown,-33.93,18.42,25.0,2000-01-01T12:00:00,2451545.000000000,star_cma_mirzam,STAR,95.675000,-17.956000,1.98,280.462105800,280.460618370,280.458555730,280.457067272,153.26100742,-33.59865288,153.26100742,-33.47612719,153.26100742,-33.47893692,153.25855950,-33.59988284,153.25855950,-33.59988284,153.25608477,-33.59743418
CapeTown,-33.93,18.42,25.0,2000-01-01T12:00:00,2451545.000000000,star_cmi_procyon,STAR,114.825000,5.225000,0.34,280.462105800,280.460618370,280.458555730,280.457067272,171.64194875,-61.04823610,171.64194875,-61.02350111,171.64194875,-61.02390673,171.64098393,-61.04956512,171.64098393,-61.04956512,171.63354812,-61.04831094
CapeTown,-33.93,18.42,25.0,2000-01-01T12:00:00,2451545.000000000,star_car_canopus,STAR,95.987000,-52.695000,-0.74,280.462105800,280.460618370,280.458555730,280.457067272,166.36680517,-1.10371635,166.36680517,-0.91880614,166.36680517,-0.92437062,166.36247622,-0.44990513,166.36247622,-0.45147424,166.36218070,-1.10266484
CapeTown,-33.93,18.42,25.0,2000-01-01T12:00:00,2451545.000000000,star_car_miaplacidus,STAR,138.300000,-69.720000,1.67,280.462105800,280.460618370,280.458555730,280.457067272,186.84668691,14.61524938,186.84668691,14.67578233,186.84668691,14.67481413,186.84108210,14.67897064,186.84108210,14.67882211,186.84195113,14.67938578
CapeTown,-33.93,18.42,25.0,2000-01-01T12:00:00,2451545.000000000,star_cen_rigil_kent,STAR,219.900000,-60.833000,-0.01,280.462105800,280.460618370,280.458555730,280.457067272,215.43153461,34.37682711,215.43153461,34.40030826,215.43153461,34.39993843,215.42512215,34.40712689,215.42512215,34.40706873,215.42746624,34.40520402
CapeTown,-33.93,18.42,25.0,2000-01-01T12:00:00,2451545.000000000,star_cen_hadar,STAR,210.956000,-60.373000,0.61,280.462105800,280.460618370,280.458555730,280.457067272,214.78977493,29.99980105,214.78977493,30.02759126,214.78977493,30.02715310,214.78399805,30.03423372,214.78399805,30.03416495,214.78595363,30.03235642
CapeTown,-33.93,18.42,25.0,2000-01-01T12:00:00,2451545.000000000,star_lyr_vega,STAR,279.234000,38.783000,0.03,280.462105800,280.460618370,280.458555730,280.457067272,344.24770932,15.03806657,344.24770932,15.09688991,344.24770932,15.09595005,344.25591630,15.10170983,344.25591630,15.10156544,344.25467486,15.10018086
CapeTown,-33.93,18.42,25.0,2000-01-01T12:00:00,2451545.000000000,star_cyg_deneb,STAR,310.358000,45.280000,1.25,280.462105800,280.460618370,280.458555730,280.457067272,8.17153514,10.10851984,8.17153514,10.19502835,8.17153514,10.19361549,8.17882060,10.19735869,8.17882060,10.19714776,8.17785360,10.19826943
CapeTown,-33.93,18.42,25.0,2000-01-01T12:00:00,2451545.000000000,star_cyg_sadr,STAR,305.557000,40.260000,2.23,280.462105800,280.460618370,280.458555730,280.457067272,5.27885314,15.55321847,5.27885314,15.61007413,5.27885314,15.60916677,5.28689327,15.61244372,5.28689327,15.61230406,5.28551020,15.61235434
CapeTown,-33.93,18.42,25.0,2000-01-01T12:00:00,2451545.000000000,star_cyg_albireo,STAR,292.680000,27.960000,3.05,280.462105800,280.460618370,280.458555730,280.457067272,353.80018406,27.83011184,353.80018406,27.86047935,353.80018406,27.86000021,353.81027609,27.86350124,353.81027609,27.86342612,353.80792425,27.86234107
CapeTown,-33.93,18.42,25.0,2000-01-01T12:00:00,2451545.000000000,star_aql_altair,STAR,297.696000,8.868000,0.76,280.462105800,280.460618370,280.458555730,280.457067272,358.26796178,47.18646867,358.26796178,47.20137773,358.26796178,47.20114328,358.28276257,47.20273328,358.28276257,47.20269630,358.27810569,47.20189461
CapeTown,-33.93,18.42,25.0,2000-01-01T12:00:00,2451545.000000000,star_ori_betelgeuse,STAR,88.793000,7.407000,0.5,280.462105800,280.460618370,280.458555730,280.457067272,126.81169555,-51.61951307,126.81169555,-51.56504805,126.81169555,-51.56603786,126.80914770,-51.62062082,126.80914770,-51.62062082,126.80646923,-51.61691764
CapeTown,-33.93,18.42,25.0,2000-01-01T12:00:00,2451545.000000000,star_ori_rigel,STAR,78.634000,-8.202000,0.13,280.462105800,280.460618370,280.458555730,280.457067272,130.18788279,-33.17517091,130.18788279,-33.05115814,130.18788279,-33.05401776,130.18548197,-33.17678545,130.18548197,-33.17678545,130.18384797,-33.17320334
CapeTown,-33.93,18.42,25.0,2000-01-01T12:00:00,2451545.000000000,star_ori_bellatrix,STAR,81.283000,6.350000,1.64,280.462105800,280.460618370,280.458555730,280.457067272,119.84150051,-45.65295210,119.84150051,-45.57609503,119.84150051,-45.57759908,119.83915284,-45.65411828,119.83915284,-45.65411828,119.83741493,-45.65020629
CapeTown,-33.93,18.42,25.0,2000-01-01T12:00:00,2451545.000000000,star_ori_saiph,STAR,86.939000,-9.670000,2.07,280.462105800,280.460618370,280.458555730,280.457067272,139.30428304,-36.89380495,139.30428304,-36.78324850,139.30428304,-36.78567590,139.30185624,-36.89523972,139.30185624,-36.89523972,139.29960733,-36.89204525
CapeTown,-33.93,18.42,25.0,2000-01-01T12:00:00,2451545.000000000,star_ori_alnitak,STAR,85.190000,-1.940000,1.77,280.462105800,280.460618370,280.458555730,280.457067272,131.60856188,-42.15076678,131.60856188,-42.06030927,131.60856188,-42.06216190,131.60618582,-42.15211750,131.60618582,-42.15211750,131.60392874,-42.14859006
CapeTown,-33.93,18.42,25.0,2000-01-01T12:00:00,2451545.000000000,star_ori_alnilam,STAR,84.053000,-1.202000,1.69,280.462105800,280.460618370,280.458555730,280.457067272,129.79265973,-42.00909479,129.79265973,-41.91808705,129.79265973,-41.91995441,129.79029108,-42.01044521,129.79029108,-42.01044521,129.78814579,-42.00684828
CapeTown,-33.93,18.42,25.0,2000-01-01T12:00:00,2451545.000000000,star_ori_mintaka,STAR,83.002000,-0.299000,2.23,280.462105800,280.460618370,280.458555730,280.457067272,127.92774208,-42.01923605,127.92774208,-41.92826769,127.92774208,-41.93013400,127.92538425,-42.02057993,127.92538425,-42.02057993,127.92334476,-42.01691537
CapeTown,-33.93,18.42,25.0,2000-01-01T12:00:00,2451545.000000000,star_tau_aldebaran,STAR,68.980000,16.509000,0.85,280.462105800,280.460618370,280.458555730,280.457067272,98.45255757,-42.14776269,98.45255757,-42.05729352,98.45255757,-42.05914645,98.45083801,-42.14868244,98.45083801,-42.14868244,98.45065857,-42.14449920
CapeTown,-33.93,18.42,25.0,2000-01-01T12:00:00,2451545.000000000,star_tau_elnath,STAR,81.573000,28.608000,1.65,280.462105800,280.460618370,280.458555730,280.457067272,89.19569872,-57.85190403,89.19569872,-57.81815086,89.19569872,-57.81872264,89.19311936,-57.85191533,89.19311936,-57.85191533,89.19404127,-57.84779399
CapeTown,-33.93,18.42,25.0,2000-01-01T12:00:00,2451545.000000000,star_aur_capella,STAR,79.172000,45.998000,0.08,280.462105800,280.460618370,280.458555730,280.457067272,56.07453209,-57.66783380,56.07453209,-57.63352448,56.07453209,-57.63410682,56.07351170,-57.66670142,56.07351170,-57.66670142,56.07779824,-57.66364214
CapeTown,-33.93,18.42,25.0,2000-01-01T12:00:00,2451545.000000000,star_umi_polaris,STAR,37.954000,89.264000,1.98,280.462105800,280.460618370,280.458555730,280.457067272,0.87311454,-34.04555835,0.87311454,-33.92461575,0.87311454,-33.92737297,0.87711355,-34.04300351,0.87711355,-34.04300351,0.87968984,-34.04360049
CapeTown,-33.93,18.42,25.0,2000-01-01T12:00:00,2451545.000000000,star_uma_dubhe,STAR,165.932000,61.751000,1.79,280.462105800,280.460618370,280.458555730,280.457067272,327.83007252,-49.40131803,327.83007252,-49.33872840,327.83007252,-49.33989683,327.83453091,-49.39830297,327.83453091,-49.39830297,327.83797960,-49.40106113
CapeTown,-33.93,18.42,25.0,2000-01-01T12:00:00,2451545.000000000,star_uma_merak,STAR,165.460000,56.380000,2.37,280.462105800,280.460618370,280.458555730,280.457067272,319.94939174,-51.31481377,319.94939174,-51.25925132,319.94939174,-51.26026475,319.95403158,-51.31188988,319.95403158,-51.31188988,319.95722915,-51.31505327
CapeTown,-33.93,18.42,25.0,2000-01-01T12:00:00,2451545.000000000,star_uma_alioth,STAR,193.507000,55.960000,1.77,280.462105800,280.460618370,280.458555730,280.457067272,318.24477855,-35.85176318,318.24477855,-35.73735191,318.24477855,-35.73989885,318.24948280,-35.84810580,318.24948280,-35.84810580,318.25117077,-35.85134926
CapeTown,-33.93,18.42,25.0,2000-01-01T12:00:00,2451545.000000000,star_uma_mizar,STAR,200.981000,54.925000,2.23,280.462105800,280.460618370,280.458555730,280.457067272,318.12192280,-31.49155949,318.12192280,-31.36176849,318.12192280,-31.36482746,318.12670959,-31.48768311,318.12670959,-31.48768311,318.12810265,-31.49093223
CapeTown,-33.93,18.42,25.0,2000-01-01T12:00:00,2451545.000000000,star_uma_alkaid,STAR,206.885000,49.313000,1.85,280.462105800,280.460618370,280.458555730,280.457067272,313.41322618,-26.23966602,313.41322618,-26.09343507,313.41322618,-26.09711492,313.41806443,-26.23542840,313.41806443,-26.23542840,313.41900625,-26.23888290
CapeTown,-33.93,18.42,25.0,2000-01-01T12:00:00,2451545.000000000,star_cas_schedar,STAR,10.127000,56.537000,2.24,280.462105800,280.460618370,280.458555730,280.457067272,33.42118901,-18.57827185,33.42118901,-18.41310887,33.42118901,-18.41762761,33.42461849,-18.57802786,33.42461849,-18.57802786,33.42567834,-18.57630345
CapeTown,-33.93,18.42,25.0,2000-01-01T12:00:00,2451545.000000000,star_cas_caph,STAR,2.293000,59.150000,2.28,280.462105800,280.460618370,280.458555730,280.457067272,28.61555732,-16.78659200,28.61555732,-16.61792681,28.61555732,-16.62261885,28.61940754,-16.78614158,28.61940754,-16.78614158,28.62037561,-16.78474252
CapeTown,-33.93,18.42,25.0,2000-01-01T12:00:00,2451545.000000000,star_per_mirfak,STAR,51.080000,49.860000,1.79,280.462105800,280.460618370,280.458555730,280.457067272,50.14025602,-38.96511327,50.14025602,-38.86237166,50.14025602,-38.86456633,50.14125156,-38.96453743,50.14125156,-38.96453743,50.14358143,-38.96178950
CapeTown,-33.93,18.42,25.0,2000-01-01T12:00:00,2451545.000000000,star_per_algol,STAR,47.040000,40.960000,2.12,280.462105800,280.460618370,280.458555730,280.457067272,60.10482246,-34.14018359,60.10482246,-34.01957796,60.10482246,-34.02232408,60.10551916,-34.14031753,60.10551916,-34.14031753,60.10708216,-34.13706525
CapeTown,-33.93,18.42,25.0,2000-01-01T12:00:00,2451545.000000000,star_boo_arcturus,STAR,213.915000,19.182000,-0.05,280.462105800,280.460618370,280.458555730,280.457067272,288.72118514,-6.58570415,288.72118514,-6.40364803,288.72118514,-6.40906010,288.72527614,-6.57964828,288.72527614,-6.57964828,288.72513580,-6.58377267
CapeTown,-33.93,18.42,25.0,2000-01-01T12:00:00,2451545.000000000,star_vir_spica,STAR,201.298000,-11.161000,0.98,280.462105800,280.460618370,280.458555730,280.457067272,256.53474349,0.03256628,256.53474349,0.21770629,256.53474349,0.21213321,256.53599437,0.50956656,256.53599437,0.50843802,256.53577422,0.60219641
CapeTown,-33.93,18.42,25.0,2000-01-01T12:00:00,2451545.000000000,star_sco_antares,STAR,247.352000,-26.432000,0.96,280.462105800,280.460618370,280.458555730,280.457067272,265.24003979,45.28421828,265.24003979,45.30014938,265.24003979,45.29989882,265.24140714,45.31076373,265.24140714,45.31072423,265.24219700,45.30664627
CapeTown,-33.93,18.42,25.0,2000-01-01T12:00:00,2451545.000000000,star_sco_shaula,STAR,263.402000,-37.104000,1.62,280.462105800,280.460618370,280.458555730,280.457067272,253.40042222,61.10881102,253.40042222,61.11769832,253.40042222,61.11755866,253.39725016,61.12840689,253.39725016,61.12838487,253.40031581,61.12460430
CapeTown,-33.93,18.42,25.0,2000-01-01T12:00:00,2451545.000000000,star_leo_regulus,STAR,152.093000,11.967000,1.36,280.462105800,280.460618370,280.458555730,280.457067272,242.00927779,-52.63777727,242.00927779,-52.58693095,242.00927779,-52.58784393,242.01235513,-52.63688921,242.01235513,-52.63688921,242.00883086,-52.64022714
CapeTown,-33.93,18.42,25.0,2000-01-01T12:00:00,2451545.000000000,star_gem_pollux,STAR,116.329000,28.026000,1.14,280.462105800,280.460618370,280.458555730,280.457067272,159.03279579,-83.70371048,159.03279579,-83.70490305,159.03279579,-83.70488605,159.02626552,-83.70549492,159.02626552,-83.70549492,158.99322818,-83.70339858
CapeTown,-33.93,18.42,25.0,2000-01-01T12:00:00,2451545.000000000,star_gem_castor,STAR,113.650000,31.888000,1.58,280.462105800,280.460618370,280.458555730,280.457067272,113.53862276,-85.16006657,113.53862276,-85.16110818,113.53862276,-85.16109338,113.51663984,-85.16074112,113.51663984,-85.16074112,113.50411175,-85.15668956
CapeTown,-33.93,18.42,25.0,2000-01-01T12:00:00,2451545.000000000,star_psa_fomalhaut,STAR,344.413000,-29.622000,1.17,280.462105800,280.460618370,280.458555730,280.457067272,96.45996978,51.37213294,96.45996978,51.38499635,96.45996978,51.38479411,96.45798722,51.37688826,96.45798722,51.37685635,96.45752634,51.38101660
CapeTown,-33.93,18.42,25.0,2000-01-01T12:00:00,2451545.000000000,star_eri_achernar,STAR,24.429000,-57.237000,0.45,280.462105800,280.460618370,280.458555730,280.457067272,141.34209768,30.28247274,141.34209768,30.30995159,141.34209768,30.30951838,141.33517764,30.30702673,141.33517764,30.30695870,141.33659895,30.31005433
CapeTown,-33.93,18.42,25.0,2000-01-01T12:00:00,2451545.000000000,dso_m31_andromeda,GALAXY,10.684000,41.269000,3.44,280.462105800,280.460618370,280.458555730,280.457067272,46.46893198,-9.98791741,46.46893198,-9.80912271,46.46893198,-9.81435229,46.47205306,-9.98912124,46.47205306,-9.98912124,46.47241723,-9.98658087
CapeTown,-33.93,18.42,25.0,2000-01-01T12:00:00,2451545.000000000,dso_lmc,GALAXY,80.894000,-69.756000,0.9,280.462105800,280.460618370,280.458555730,280.457067272,167.11844756,17.30263487,167.11844756,17.35361731,167.11844756,17.35280628,167.11219772,17.35444773,167.11219772,17.35432228,167.11318514,17.35610668
CapeTown,-33.93,18.42,25.0,2000-01-01T12:00:00,2451545.000000000,dso_smc,GALAXY,13.187000,-72.829000,2.7,280.462105800,280.460618370,280.458555730,280.457067272,159.20799673,36.83904544,159.20799673,36.86049872,159.20799673,36.86016097,159.19868907,36.85942585,159.19868907,36.85937268,159.20118523,36.86144135
CapeTown,-33.93,18.42,25.0,2000-01-01T12:00:00,2451545.000000000,dso_m33_triangulum,GALAXY,23.462000,30.660000,5.72,280.462105800,280.460618370,280.458555730,280.457067272,61.32018736,-12.54775036,61.32018736,-12.37219228,61.32018736,-12.37724434,61.32199364,-12.54958941,61.32199364,-12.54958941,61.32234264,-12.54628202
CapeTown,-33.93,18.42,25.0,2000-01-01T12:00:00,2451545.000000000,dso_m45_pleiades,STAR_CLUSTER,56.871000,24.105000,1.6,280.462105800,280.460618370,280.458555730,280.457067272,82.94813323,-35.69324320,82.94813323,-35.57825074,82.94813323,-35.58081600,82.94739992,-35.69411638,82.94739992,-35.69411638,82.94801389,-35.69009766
CapeTown,-33.93,18.42,25.0,2000-01-01T12:00:00,2451545.000000000,dso_hyades,STAR_CLUSTER,66.750000,15.870000,0.5,280.462105800,280.460618370,280.458555730,280.457067272,97.70612291,-39.98478731,97.70612291,-39.88595150,97.70612291,-39.88803440,97.70452033,-39.98580188,97.70452033,-39.98580188,97.70438351,-39.98161959
CapeTown,-33.93,18.42,25.0,2000-01-01T12:00:00,2451545.000000000,dso_m44_beehive,STAR_CLUSTER,130.100000,19.670000,3.7,280.462105800,280.460618370,280.458555730,280.457067272,217.79531131,-72.60025270,217.79531131,-72.59673938,217.79531131,-72.59679188,217.79984551,-72.60134132,217.79984551,-72.60134132,217.78791440,-72.60335107
CapeTown,-33.93,18.42,25.0,2000-01-01T12:00:00,2451545.000000000,dso_double_cluster,STAR_CLUSTER,34.740000,57.130000,3.7,280.462105800,280.460618370,280.458555730,280.457067272,39.03039433,-30.98586964,39.03039433,-30.85438738,39.03039433,-30.85750641,39.03262655,-30.98521806,39.03262655,-30.98521806,39.03458200,-30.98312940
CapeTown,-33.93,18.42,25.0,2000-01-01T12:00:00,2451545.000000000,dso_coma_cluster,STAR_CLUSTER,185.600000,26.100000,1.8,280.462105800,280.460618370,280.458555730,280.457067272,281.43649459,-32.68855394,281.43649459,-32.56284863,281.43649459,-32.56576572,281.44028835,-32.68477397,281.44028835,-32.68477397,281.44017760,-32.68895393
CapeTown,-33.93,18.42,25.0,2000-01-01T12:00:00,2451545.000000000,dso_omega_centauri,GLOBULAR_CLUSTER,201.700000,-47.470000,3.9,280.462105800,280.460618370,280.458555730,280.457067272,225.52482678,19.94759269,225.52482678,19.99151797,225.52482678,19.99082152,225.52149727,19.99896681,225.52149727,19.99885855,225.52249788,19.99650727
CapeTown,-33.93,18.42,25.0,2000-01-01T12:00:00,2451545.000000000,dso_47_tucanae,GLOBULAR_CLUSTER,6.020000,-72.080000,4.1,280.462105800,280.460618370,280.458555730,280.457067272,158.59034226,39.07168597,158.59034226,39.09148976,158.59034226,39.09117809,158.58055653,39.09022789,158.58055653,39.09017880,158.58326167,39.09228433
CapeTown,-33.93,18.42,25.0,2000-01-01T12:00:00,2451545.000000000,dso_m13_hercules,GLOBULAR_CLUSTER,250.420000,36.460000,5.8,280.462105800,280.460618370,280.458555730,280.457067272,322.71424029,6.35896665,322.71424029,6.48837922,322.71424029,6.48612671,322.72095924,6.49581863,322.72095924,6.49550328,322.72041611,6.49622483
CapeTown,-33.93,18.42,25.0,2000-01-01T12:00:00,2451545.000000000,dso_m42_orion_nebula,NEBULA,83.822000,-5.391000,4.0,280.462105800,280.460618370,280.458555730,280.457067272,132.98229802,-38.59000372,132.98229802,-38.48583391,132.98229802,-38.48807019,132.97991102,-38.59144213,132.97991102,-38.59144213,132.97782802,-38.58796963
CapeTown,-33.93,18.42,25.0,2000-01-01T12:00:00,2451545.000000000,dso_m8_lagoon,NEBULA,270.920000,-24.380000,6.0,280.462105800,280.460618370,280.458555730,280.457067272,284.00573200,63.87915904,284.00573200,63.88705686,284.00573200,63.88693275,284.01421884,63.89761474,284.01421884,63.89759518,284.01326398,63.89341859
CapeTown,-33.93,18.42,25.0,2000-01-01T12:00:00,2451545.000000000,dso_eta_carinae_nebula,NEBULA,161.260000,-59.870000,1.0,280.462105800,280.460618370,280.458555730,280.457067272,200.10540681,10.08261904,200.10540681,10.16933468,200.10540681,10.16791814,200.10097653,10.17384695,200.10097653,10.17363556,200.10148570,10.17403727
Honolulu,21.31,-157.86,5.0,2000-01-01T12:00:00,2451545.000000000,star_cma_sirius,STAR,101.287000,-16.716000,-1.46,280.462105800,280.460618370,280.458555730,280.457067272,210.44033267,46.61189485,210.44033267,46.62710588,210.44033267,46.62689542,210.44342060,46.62828473,210.44342060,46.62827718,210.44615208,46.62570661
Honolulu,21.31,-157.86,5.0,2000-01-01T12:00:00,2451545.000000000,star_cma_adhara,STAR,104.656000,-28.972000,1.5,280.462105800,280.460618370,280.458555730,280.457067272,199.67060169,36.82492846,199.67060169,36.84639270,199.67060169,36.84609534,199.67385232,36.84748958,199.67385232,36.84747893,199.67588454,36.84555485
Honolulu,21.31,-157.86,5.0,2000-01-01T12:00:00,2451545.000000000,star_cma_wezen,STAR,107.098000,-26.393000,1.83,280.462105800,280.460618370,280.458555730,280.457067272,198.20197873,39.98755511,198.20197873,40.00672698,198.20197873,40.00646152,198.20506316,40.00775441,198.20506316,40.00774490,198.20746550,40.00591706
Honolulu,21.31,-157.86,5.0,2000-01-01T12:00:00,2451545.000000000,star_cma_mirzam,STAR,95.675000,-17.956000,1.98,280.462105800,280.460618370,280.458555730,280.457067272,215.87705730,42.69984075,215.87705730,42.71727262,215.87705730,42.71703133,215.88029151,42.71858301,215.88029151,42.71857436,215.88234758,42.71570194
Honolulu,21.31,-157.86,5.0,2000-01-01T12:00:00,2451545.000000000,star_cmi_procyon,STAR,114.825000,5.225000,0.34,280.462105800,280.460618370,280.458555730,280.457067272,206.19247817,72.23643350,206.19247817,72.24159447,206.19247817,72.24152314,206.19570674,72.24282152,206.19570674,72.24281897,206.20573063,72.24052999
Honolulu,21.31,-157.86,5.0,2000-01-01T12:00:00,2451545.000000000,star_car_canopus,STAR,95.987000,-52.695000,-0.74,280.462105800,280.460618370,280.458555730,280.457067272,196.13687166,12.45925916,196.13687166,12.53012967,196.13687166,12.52912082,196.14149556,12.53164666,196.14149556,12.53161195,196.14160981,12.53050140
Honolulu,21.31,-157.86,5.0,2000-01-01T12:00:00,2451545.000000000,star_car_miaplacidus,STAR,138.300000,-69.720000,1.67,280.462105800,280.460618370,280.458555730,280.457067272,174.60924787,-1.71874557,174.60924787,-1.53401120,174.60924787,-1.53924197,174.61476559,-1.72071339,174.61476559,-1.72071339,174.61391921,-1.72084818
Honolulu,21.31,-157.86,5.0,2000-01-01T12:00:00,2451545.000000000,star_cen_rigil_kent,STAR,219.900000,-60.833000,-0.01,280.462105800,280.460618370,280.458555730,280.457067272,148.56286272,-22.02171115,148.56286272,-21.86427131,148.56286272,-21.86814981,148.56923515,-22.02733360,148.56923515,-22.02733360,148.56698963,-22.02564370
Honolulu,21.31,-157.86,5.0,2000-01-01T12:00:00,2451545.000000000,star_cen_hadar,STAR,210.956000,-60.373000,0.61,280.462105800,280.460618370,280.458555730,280.457067272,148.76416823,-17.61522377,148.76416823,-17.44813443,148.76416823,-17.45245166,148.77001169,-17.62059724,148.77001169,-17.62059724,148.76809169,-17.61892055
Honolulu,21.31,-157.86,5.0,2000-01-01T12:00:00,2451545.000000000,star_lyr_vega,STAR,279.234000,38.783000,0.03,280.462105800,280.460618370,280.458555730,280.457067272,20.13284459,-26.03886761,20.13284459,-25.89206080,20.13284459,-25.89550336,20.12443186,-26.04332685,20.12443186,-26.04332685,20.12549991,-26.04142893
Honolulu,21.31,-157.86,5.0,2000-01-01T12:00:00,2451545.000000000,star_cyg_deneb,STAR,310.358000,45.280000,1.25,280.462105800,280.460618370,280.458555730,280.457067272,354.08139685,-23.03453690,354.08139685,-22.87961559,354.08139685,-22.88338665,354.07346765,-23.03562983,354.07346765,-23.03562983,354.07449936,-23.03553395
Honolulu,21.31,-157.86,5.0,2000-01-01T12:00:00,2451545.000000000,star_cyg_sadr,STAR,305.557000,40.260000,2.23,280.462105800,280.460618370,280.458555730,280.457067272,357.44214861,-28.36688668,357.44214861,-28.22700328,357.44214861,-28.23018479,357.43322839,-28.36822158,357.43322839,-28.36822158,357.43472671,-28.36788408
Honolulu,21.31,-157.86,5.0,2000-01-01T12:00:00,2451545.000000000,star_cyg_albireo,STAR,292.680000,27.960000,3.05,280.462105800,280.460618370,280.458555730,280.457067272,11.43259715,-39.80367712,11.43259715,-39.70414531,11.43259715,-39.70607176,11.42114058,-39.80671976,11.42114058,-39.80671976,11.42367583,-39.80539810
Honolulu,21.31,-157.86,5.0,2000-01-01T12:00:00,2451545.000000000,star_aql_altair,STAR,297.696000,8.868000,0.76,280.462105800,280.460618370,280.458555730,280.457067272,9.57668759,-59.43838870,9.57668759,-59.40926651,9.57668759,-59.40970114,9.55699157,-59.44057486,9.55699157,-59.44057486,9.56295898,-59.43938095
Honolulu,21.31,-157.86,5.0,2000-01-01T12:00:00,2451545.000000000,star_ori_betelgeuse,STAR,88.793000,7.407000,0.5,280.462105800,280.460618370,280.458555730,280.457067272,251.98799315,54.53976848,251.98799315,54.55123607,251.98799315,54.55107750,251.99131285,54.55196444,251.99131285,54.55195875,251.99167110,54.54786814
Honolulu,21.31,-157.86,5.0,2000-01-01T12:00:00,2451545.000000000,star_ori_rigel,STAR,78.634000,-8.202000,0.13,280.462105800,280.460618370,280.458555730,280.457067272,240.30302369,37.72381258,240.30302369,37.74459257,240.30302369,37.74430474,240.30610653,37.74624182,240.30610653,37.74623152,240.30660230,37.74236403
Honolulu,21.31,-157.86,5.0,2000-01-01T12:00:00,2451545.000000000,star_ori_bellatrix,STAR,81.283000,6.350000,1.64,280.462105800,280.460618370,280.458555730,280.457067272,255.61514790,47.36159665,255.61514790,47.37641477,255.61514790,47.37620976,255.61805646,47.37738169,255.61805646,47.37737433,255.61788980,47.37323438
Honolulu,21.31,-157.86,5.0,2000-01-01T12:00:00,2451545.000000000,star_ori_saiph,STAR,86.939000,-9.670000,2.07,280.462105800,280.460618370,280.458555730,280.457067272,232.08393926,43.24725717,232.08393926,43.26435934,232.08393926,43.26412264,232.08715507,43.26574076,232.08715507,43.26573227,232.08841158,43.26213251
Honolulu,21.31,-157.86,5.0,2000-01-01T12:00:00,2451545.000000000,star_ori_alnitak,STAR,85.190000,-1.940000,1.77,280.462105800,280.460618370,280.458555730,280.457067272,242.20085604,46.66003266,242.20085604,46.67521817,242.20085604,46.67500807,242.20399801,46.67640448,242.20399801,46.67639694,242.20480963,46.67248651
Honolulu,21.31,-157.86,5.0,2000-01-01T12:00:00,2451545.000000000,star_ori_alnilam,STAR,84.053000,-1.202000,1.69,280.462105800,280.460618370,280.458555730,280.457067272,244.00657171,46.12564921,244.00657171,46.14112025,244.00657171,46.14090619,244.00967622,46.14231215,244.00967622,46.14230447,244.01033207,46.13834977
Honolulu,21.31,-157.86,5.0,2000-01-01T12:00:00,2451545.000000000,star_ori_mintaka,STAR,83.002000,-0.299000,2.23,280.462105800,280.460618370,280.458555730,280.457067272,245.91244151,45.72262487,245.91244151,45.73831464,245.91244151,45.73809754,245.91550498,45.73950465,245.91550498,45.73949686,245.91600753,45.73549984
Honolulu,21.31,-157.86,5.0,2000-01-01T12:00:00,2451545.000000000,star_tau_aldebaran,STAR,68.980000,16.509000,0.85,280.462105800,280.460618370,280.458555730,280.457067272,274.29928644,39.27955265,274.29928644,39.29921088,274.29928644,39.29893866,274.30119383,39.30028328,274.30119383,39.30027353,274.29979517,39.29617815
Honolulu,21.31,-157.86,5.0,2000-01-01T12:00:00,2451545.000000000,star_tau_elnath,STAR,81.573000,28.608000,1.65,280.462105800,280.460618370,280.458555730,280.457067272,289.61440208,52.28458099,289.61440208,52.29703029,289.61440208,52.29685812,289.61642378,52.29686242,289.61642378,52.29685624,289.61328955,52.29313576
Honolulu,21.31,-157.86,5.0,2000-01-01T12:00:00,2451545.000000000,star_aur_capella,STAR,79.172000,45.998000,0.08,280.462105800,280.460618370,280.458555730,280.457067272,315.54943301,47.00888685,315.54943301,47.02388864,315.54943301,47.02368109,315.54969541,47.02309544,315.54969541,47.02308799,315.54544712,47.02054685
Honolulu,21.31,-157.86,5.0,2000-01-01T12:00:00,2451545.000000000,star_umi_polaris,STAR,37.954000,89.264000,1.98,280.462105800,280.460618370,280.458555730,280.457067272,359.21662495,21.37964115,359.21662495,21.42042362,359.21662495,21.41985475,359.21307344,21.41885496,359.21307344,21.41883481,359.21074597,21.41931201
Honolulu,21.31,-157.86,5.0,2000-01-01T12:00:00,2451545.000000000,star_uma_dubhe,STAR,165.932000,61.751000,1.79,280.462105800,280.460618370,280.458555730,280.457067272,25.03449064,39.85899639,25.03449064,39.87825552,25.03449064,39.87798884,25.03146968,39.87537322,25.03146968,39.87536367,25.02783483,39.87751138
Honolulu,21.31,-157.86,5.0,2000-01-01T12:00:00,2451545.000000000,star_uma_merak,STAR,165.460000,56.380000,2.37,280.462105800,280.460618370,280.458555730,280.457067272,30.94379915,42.90317197,30.94379915,42.92048059,30.94379915,42.92024102,30.94079977,42.91755749,30.94079977,42.91754890,30.93706356,42.92004664
Honolulu,21.31,-157.86,5.0,2000-01-01T12:00:00,2451545.000000000,star_uma_alioth,STAR,193.507000,55.960000,1.77,280.462105800,280.460618370,280.458555730,280.457067272,36.86783310,28.14906121,36.86783310,28.17902750,36.86783310,28.17861134,36.86436000,28.17563273,36.86436000,28.17561789,36.86205271,28.17844127
Honolulu,21.31,-157.86,5.0,2000-01-01T12:00:00,2451545.000000000,star_uma_mizar,STAR,200.981000,54.925000,2.23,280.462105800,280.460618370,280.458555730,280.457067272,38.00581052,23.90913550,38.00581052,23.94522108,38.00581052,23.94471877,38.00218890,23.94171601,38.00218890,23.94169816,38.00017886,23.94460497
Honolulu,21.31,-157.86,5.0,2000-01-01T12:00:00,2451545.000000000,star_uma_alkaid,STAR,206.885000,49.313000,1.85,280.462105800,280.460618370,280.458555730,280.457067272,43.53379871,19.63958467,43.53379871,19.68424111,43.53379871,19.68361700,43.53012651,19.68047334,43.53012651,19.68045131,43.52847321,19.68368928
Honolulu,21.31,-157.86,5.0,2000-01-01T12:00:00,2451545.000000000,star_cas_schedar,STAR,10.127000,56.537000,2.24,280.462105800,280.460618370,280.458555730,280.457067272,329.17498014,6.13317937,329.17498014,6.26629160,329.17498014,6.26419912,329.17156721,6.26867514,329.17156721,6.26861010,329.17043837,6.27074068
Honolulu,21.31,-157.86,5.0,2000-01-01T12:00:00,2451545.000000000,star_cas_caph,STAR,2.293000,59.150000,2.28,280.462105800,280.460618370,280.458555730,280.457067272,333.65455885,4.06809918,333.65455885,4.24128606,333.65455885,4.23802216,333.65070526,4.25232967,333.65070526,4.25224112,333.64970551,4.25970280
Honolulu,21.31,-157.86,5.0,2000-01-01T12:00:00,2451545.000000000,star_per_mirfak,STAR,51.080000,49.860000,1.79,280.462105800,280.460618370,280.458555730,280.457067272,316.21745637,27.91913084,316.21745637,27.94938553,316.21745637,27.94896532,316.21636858,27.94983320,316.21636858,27.94981822,316.21388909,27.94732035
Honolulu,21.31,-157.86,5.0,2000-01-01T12:00:00,2451545.000000000,star_per_algol,STAR,47.040000,40.960000,2.12,280.462105800,280.460618370,280.458555730,280.457067272,306.55776376,24.43742508,306.55776376,24.47264298,306.55776376,24.47215292,306.55706476,24.47389304,306.55706476,24.47387562,306.55504418,24.47087874
Honolulu,21.31,-157.86,5.0,2000-01-01T12:00:00,2451545.000000000,star_boo_arcturus,STAR,213.915000,19.182000,-0.05,280.462105800,280.460618370,280.458555730,280.457067272,71.60833433,5.69812110,71.60833433,5.83881416,71.60833433,5.83655448,71.60568277,5.83516696,71.60568277,5.83509792,71.60488083,5.84349404
Honolulu,21.31,-157.86,5.0,2000-01-01T12:00:00,2451545.000000000,star_vir_spica,STAR,201.298000,-11.161000,0.98,280.462105800,280.460618370,280.458555730,280.457067272,104.57695824,6.24898094,104.57695824,6.38017587,104.57695824,6.37812368,104.57703251,6.37611412,104.57703251,6.37605000,104.57647797,6.38340879
Honolulu,21.31,-157.86,5.0,2000-01-01T12:00:00,2451545.000000000,star_sco_antares,STAR,247.352000,-26.432000,0.96,280.462105800,280.460618370,280.458555730,280.457067272,107.30029298,-39.58374850,107.30029298,-39.48337276,107.30029298,-39.48532171,107.30274135,-39.59380018,107.30274135,-39.59380018,107.30060040,-39.59004692
Honolulu,21.31,-157.86,5.0,2000-01-01T12:00:00,2451545.000000000,star_sco_shaula,STAR,263.402000,-37.104000,1.62,280.462105800,280.460618370,280.458555730,280.457067272,123.79076755,-52.65216895,123.79076755,-52.60137321,123.79076755,-52.60219616,123.79871223,-52.66167439,123.79871223,-52.66167439,123.79443724,-52.65856258
Honolulu,21.31,-157.86,5.0,2000-01-01T12:00:00,2451545.000000000,star_leo_regulus,STAR,152.093000,11.967000,1.36,280.462105800,280.460618370,280.458555730,280.457067272,103.57368227,60.29891378,103.57368227,60.30810015,103.57368227,60.30797315,103.57078707,60.30708824,103.57078707,60.30708368,103.57263706,60.31090854
Honolulu,21.31,-157.86,5.0,2000-01-01T12:00:00,2451545.000000000,star_gem_pollux,STAR,116.329000,28.026000,1.14,280.462105800,280.460618370,280.458555730,280.457067272,320.95742161,81.19912307,320.95742161,81.20161752,320.95742161,81.20158305,320.96461928,81.20009840,320.96461928,81.20009717,320.94124877,81.19792119
Honolulu,21.31,-157.86,5.0,2000-01-01T12:00:00,2451545.000000000,star_gem_castor,STAR,113.650000,31.888000,1.58,280.462105800,280.460618370,280.458555730,280.457067272,324.81524260,76.75218893,324.81524260,76.75598187,324.81524260,76.75592946,324.81935727,76.75434766,324.81935727,76.75434579,324.80315200,76.75240480
Honolulu,21.31,-157.86,5.0,2000-01-01T12:00:00,2451545.000000000,star_psa_fomalhaut,STAR,344.413000,-29.622000,1.17,280.462105800,280.460618370,280.458555730,280.457067272,248.77434863,-51.56347825,248.77434863,-51.50881189,248.77434863,-51.50971017,248.78123167,-51.55582571,248.78123167,-51.55582571,248.77925486,-51.55983036
Honolulu,21.31,-157.86,5.0,2000-01-01T12:00:00,2451545.000000000,star_eri_achernar,STAR,24.429000,-57.237000,0.45,280.462105800,280.460618370,280.458555730,280.457067272,215.33142165,-22.16485678,215.33142165,-22.00776613,215.33142165,-22.01162957,215.33870068,-22.16226568,215.33870068,-22.16226568,215.33674076,-22.16505860
Honolulu,21.31,-157.86,5.0,2000-01-01T12:00:00,2451545.000000000,dso_m31_andromeda,GALAXY,10.684000,41.269000,3.44,280.462105800,280.460618370,280.458555730,280.457067272,315.77782145,-1.24037251,315.77782145,-1.05549825,315.77782145,-1.06073522,315.77479642,-0.56364679,315.77479642,-0.56397082,315.77414532,-1.24130390
Honolulu,21.31,-157.86,5.0,2000-01-01T12:00:00,2451545.000000000,dso_lmc,GALAXY,80.894000,-69.756000,0.9,280.462105800,280.460618370,280.458555730,280.457067272,193.37113100,-5.75569934,193.37113100,-5.57302320,193.37113100,-5.57814756,193.37730143,-5.75584264,193.37730143,-5.75584264,193.37618964,-5.75729684
Honolulu,21.31,-157.86,5.0,2000-01-01T12:00:00,2451545.000000000,dso_smc,GALAXY,13.187000,-72.829000,2.7,280.462105800,280.460618370,280.458555730,280.457067272,198.04094729,-26.01646202,198.04094729,-25.86959121,198.04094729,-25.87303626,198.04960715,-26.01578113,198.04960715,-26.01578113,198.04706381,-26.01754502
Honolulu,21.31,-157.86,5.0,2000-01-01T12:00:00,2451545.000000000,dso_m33_triangulum,GALAXY,23.462000,30.660000,5.72,280.462105800,280.460618370,280.458555730,280.457067272,301.70983926,3.32803664,301.70983926,3.51330287,301.70983926,3.50911566,301.70831394,3.54069282,301.70831394,3.54059177,301.70744055,3.54998378
Honolulu,21.31,-157.86,5.0,2000-01-01T12:00:00,2451545.000000000,dso_m45_pleiades,STAR_CLUSTER,56.871000,24.105000,1.6,280.462105800,280.460618370,280.458555730,280.457067272,286.34937641,29.86822162,286.34937641,29.89615856,286.34937641,29.89577083,286.35023608,29.89768415,286.35023608,29.89767031,286.34856464,29.89384251
Honolulu,21.31,-157.86,5.0,2000-01-01T12:00:00,2451545.000000000,dso_hyades,STAR_CLUSTER,66.750000,15.870000,0.5,280.462105800,280.460618370,280.458555730,280.457067272,274.20238553,37.04588510,274.20238553,37.06717854,274.20238553,37.06688356,274.20420621,37.06842391,274.20420621,37.06841334,274.20286486,37.06431581
Honolulu,21.31,-157.86,5.0,2000-01-01T12:00:00,2451545.000000000,dso_m44_beehive,STAR_CLUSTER,130.100000,19.670000,3.7,280.462105800,280.460618370,280.458555730,280.457067272,101.81465416,82.78385173,101.81465416,82.78589173,101.81465416,82.78586354,101.80108869,82.78596582,101.80108869,82.78596482,101.81101397,82.78986331
Honolulu,21.31,-157.86,5.0,2000-01-01T12:00:00,2451545.000000000,dso_double_cluster,STAR_CLUSTER,34.740000,57.130000,3.7,280.462105800,280.460618370,280.458555730,280.457067272,325.02095150,18.91394725,325.02095150,18.96041307,325.02095150,18.95976305,325.01873776,18.96118960,325.01873776,18.96116668,325.01676376,18.95931972
Honolulu,21.31,-157.86,5.0,2000-01-01T12:00:00,2451545.000000000,dso_coma_cluster,STAR_CLUSTER,185.600000,26.100000,1.8,280.462105800,280.460618370,280.458555730,280.457067272,71.89109984,32.66510322,71.89109984,32.69014856,71.89109984,32.68980126,71.88858569,32.68655553,71.88858569,32.68654312,71.88736504,32.69053652
Honolulu,21.31,-157.86,5.0,2000-01-01T12:00:00,2451545.000000000,dso_omega_centauri,GLOBULAR_CLUSTER,201.700000,-47.470000,3.9,280.462105800,280.460618370,280.458555730,280.457067272,137.83197539,-8.54896078,137.83197539,-8.36864400,137.83197539,-8.37364010,137.83595373,-8.55480970,137.83595373,-8.55480970,137.83472226,-8.55244827
Honolulu,21.31,-157.86,5.0,2000-01-01T12:00:00,2451545.000000000,dso_47_tucanae,GLOBULAR_CLUSTER,6.020000,-72.080000,4.1,280.462105800,280.460618370,280.458555730,280.457067272,198.20213404,-28.29708153,198.20213404,-28.15698283,198.20213404,-28.16017222,198.21116678,-28.29632531,198.21116678,-28.29632531,198.20843852,-28.29809972
Honolulu,21.31,-157.86,5.0,2000-01-01T12:00:00,2451545.000000000,dso_m13_hercules,GLOBULAR_CLUSTER,250.420000,36.460000,5.8,280.462105800,280.460618370,280.458555730,280.457067272,40.92703704,-14.08754469,40.92703704,-13.91426644,40.92703704,-13.91888999,40.92116834,-14.09405550,40.92116834,-14.09405550,40.92113665,-14.09098027
Honolulu,21.31,-157.86,5.0,2000-01-01T12:00:00,2451545.000000000,dso_m42_orion_nebula,NEBULA,83.822000,-5.391000,4.0,280.462105800,280.460618370,280.458555730,280.457067272,239.33816762,43.54634174,239.33816762,43.56326656,239.33816762,43.56303232,239.34130197,43.56461439,239.34130197,43.56460599,239.34213724,43.56076941
Honolulu,21.31,-157.86,5.0,2000-01-01T12:00:00,2451545.000000000,dso_m8_lagoon,NEBULA,270.920000,-24.380000,6.0,280.462105800,280.460618370,280.458555730,280.457067272,102.13474565,-60.69829998,102.13474565,-60.67263902,102.13474565,-60.67301669,102.13773324,-60.70929481,102.13773324,-60.70929481,102.13456828,-60.70540237
Honolulu,21.31,-157.86,5.0,2000-01-01T12:00:00,2451545.000000000,dso_eta_carinae_nebula,NEBULA,161.260000,-59.870000,1.0,280.462105800,280.460618370,280.458555730,280.457067272,161.69487516,2.91714512,161.69487516,3.10294897,161.69487516,3.09786586,161.69944548,3.14248409,161.69944548,3.14237451,161.69892921,3.15852390
Quito,0.0,-78.5,2850.0,2000-01-01T12:00:00,2451545.000000000,star_cma_sirius,STAR,101.287000,-16.716000,-1.46,280.462105800,280.460618370,280.458555730,280.457067272,253.00512216,-10.21271112,253.00512216,-10.03417336,253.00512216,-10.07929419,253.00670270,-10.21422486,253.00670270,-10.21422486,253.00525499,-10.21702835
Quito,0.0,-78.5,2850.0,2000-01-01T12:00:00,2451545.000000000,star_cma_adhara,STAR,104.656000,-28.972000,1.5,280.462105800,280.460618370,280.458555730,280.457067272,240.82872659,-6.38103054,240.82872659,-6.19881521,240.82872659,-6.24489453,240.82991161,-6.38331106,240.82991161,-6.38331106,240.82860860,-6.38542362
Quito,0.0,-78.5,2850.0,2000-01-01T12:00:00,2451545.000000000,star_cma_wezen,STAR,107.098000,-26.393000,1.83,280.462105800,280.460618370,280.458555730,280.457067272,243.52368640,-4.34948773,243.52368640,-4.16591542,243.52368640,-4.21234620,243.52476848,-4.35155431,243.52476848,-4.35155431,243.52359857,-4.35382914
Quito,0.0,-78.5,2850.0,2000-01-01T12:00:00,2451545.000000000,star_cma_mirzam,STAR,95.675000,-17.956000,1.98,280.462105800,280.460618370,280.458555730,280.457067272,251.34283043,-15.46701802,251.34283043,-15.29599856,251.34283043,-15.33915225,251.34472928,-15.46862421,251.34472928,-15.46862421,251.34297202,-15.47134019
Quito,0.0,-78.5,2850.0,2000-01-01T12:00:00,2451545.000000000,star_cmi_procyon,STAR,114.825000,5.225000,0.34,280.462105800,280.460618370,280.458555730,280.457067272,275.23014890,2.85639285,275.23014890,3.04156995,275.23014890,2.99474144,275.23151609,3.08703210,275.23151609,3.03012365,275.23068932,3.09928589
Quito,0.0,-78.5,2850.0,2000-01-01T12:00:00,2451545.000000000,star_car_canopus,STAR,95.987000,-52.695000,-0.74,280.462105800,280.460618370,280.458555730,280.457067272,216.22268834,-9.59447467,216.22268834,-9.41524279,216.22268834,-9.46054489,216.22379696,-9.59878261,216.22379696,-9.59878261,216.22219859,-9.59924557
Quito,0.0,-78.5,2850.0,2000-01-01T12:00:00,2451545.000000000,star_car_miaplacidus,STAR,138.300000,-69.720000,1.67,280.462105800,280.460618370,280.458555730,280.457067272,198.32276229,8.85319347,198.32276229,8.95088903,198.32276229,8.92611009,198.32187182,8.94672919,198.32187182,8.92228422,198.32158450,8.94897478
Quito,0.0,-78.5,2850.0,2000-01-01T12:00:00,2451545.000000000,star_cen_rigil_kent,STAR,219.900000,-60.833000,-0.01,280.462105800,280.460618370,280.458555730,280.457067272,170.24674077,27.63077076,170.24674077,27.66139325,170.24674077,27.65355339,170.24387505,27.65472420,170.24387505,27.64693986,170.24461550,27.65726162
Quito,0.0,-78.5,2850.0,2000-01-01T12:00:00,2451545.000000000,star_cen_hadar,STAR,210.956000,-60.373000,0.61,280.462105800,280.460618370,280.458555730,280.457067272,174.91982466,29.23385372,174.91982466,29.26251457,174.91982466,29.25517600,174.91667854,29.25630944,174.91667854,29.24902084,174.91764585,29.25857714
Quito,0.0,-78.5,2850.0,2000-01-01T12:00:00,2451545.000000000,star_lyr_vega,STAR,279.234000,38.783000,0.03,280.462105800,280.460618370,280.458555730,280.457067272,50.51755356,9.89401346,50.51755356,9.98226500,50.51755356,9.95983842,50.51970740,9.97538789,50.51970740,9.95327043,50.51812990,9.97787253
Quito,0.0,-78.5,2850.0,2000-01-01T12:00:00,2451545.000000000,star_cyg_deneb,STAR,310.358000,45.280000,1.25,280.462105800,280.460618370,280.458555730,280.457067272,43.21728122,-12.82599000,43.21728122,-12.65082518,43.21728122,-12.69506405,43.21763206,-12.83328954,43.21763206,-12.83328954,43.21762652,-12.83233529
Quito,0.0,-78.5,2850.0,2000-01-01T12:00:00,2451545.000000000,star_cyg_sadr,STAR,305.557000,40.260000,2.23,280.462105800,280.460618370,280.458555730,280.457067272,48.93412025,-10.32931098,48.93412025,-10.15090854,48.93412025,-10.19599402,48.93462124,-10.33718418,48.93462124,-10.33718418,48.93441421,-10.33583860
Quito,0.0,-78.5,2850.0,2000-01-01T12:00:00,2451545.000000000,star_cyg_albireo,STAR,292.680000,27.960000,3.05,280.462105800,280.460618370,280.458555730,280.457067272,62.03706358,-0.62937625,62.03706358,-0.44435513,62.03706358,-0.49115537,62.03811114,-0.06199112,62.03811114,-0.20401301,62.03723830,0.09475191
Quito,0.0,-78.5,2850.0,2000-01-01T12:00:00,2451545.000000000,star_aql_altair,STAR,297.696000,8.868000,0.76,280.462105800,280.460618370,280.458555730,280.457067272,81.08762164,-5.65993670,81.08762164,-5.47719340,81.08762164,-5.52340972,81.08804365,-5.67010402,81.08804365,-5.67010402,81.08738577,-5.66690989
Quito,0.0,-78.5,2850.0,2000-01-01T12:00:00,2451545.000000000,star_ori_betelgeuse,STAR,88.793000,7.407000,0.5,280.462105800,280.460618370,280.458555730,280.457067272,278.04627122,-22.95930192,278.04627122,-22.80418971,278.04627122,-22.84318202,278.04832319,-22.95965977,278.04832319,-22.95965977,278.04677205,-22.96345968
Quito,0.0,-78.5,2850.0,2000-01-01T12:00:00,2451545.000000000,star_ori_rigel,STAR,78.634000,-8.202000,0.13,280.462105800,280.460618370,280.458555730,280.457067272,260.20988851,-32.93785018,260.20988851,-32.81300976,260.20988851,-32.84414022,260.21284937,-32.93860240,260.21284937,-32.93860240,260.21025250,-32.94175712
Quito,0.0,-78.5,2850.0,2000-01-01T12:00:00,2451545.000000000,star_ori_bellatrix,STAR,81.283000,6.350000,1.64,280.462105800,280.460618370,280.458555730,280.457067272,277.37011057,-30.46561891,277.37011057,-30.33241922,277.37011057,-30.36571104,277.37242462,-30.46578906,277.37242462,-30.46578906,277.37059859,-30.46957090
Quito,0.0,-78.5,2850.0,2000-01-01T12:00:00,2451545.000000000,star_ori_saiph,STAR,86.939000,-9.670000,2.07,280.462105800,280.460618370,280.458555730,280.457067272,259.34819587,-24.63768845,259.34819587,-24.48697893,259.34819587,-24.52482228,259.35062771,-24.63872438,259.35062771,-24.63872438,259.34850151,-24.64183960
Quito,0.0,-78.5,2850.0,2000-01-01T12:00:00,2451545.000000000,star_ori_alnitak,STAR,85.190000,-1.940000,1.77,280.462105800,280.460618370,280.458555730,280.457067272,267.82497737,-26.74990247,267.82497737,-26.60515317,267.82497737,-26.64144379,267.82738122,-26.75050323,267.82738122,-26.75050323,267.82538083,-26.75397486
Quito,0.0,-78.5,2850.0,2000-01-01T12:00:00,2451545.000000000,star_ori_alnilam,STAR,84.053000,-1.202000,1.69,280.462105800,280.460618370,280.458555730,280.457067272,268.63747257,-27.89685321,268.63747257,-27.75552910,268.63747257,-27.79092894,268.63991573,-27.89739080,268.63991573,-27.89739080,268.63788672,-27.90089272
Quito,0.0,-78.5,2850.0,2000-01-01T12:00:00,2451545.000000000,star_ori_mintaka,STAR,83.002000,-0.299000,2.23,280.462105800,280.460618370,280.458555730,280.457067272,269.65581591,-28.95416773,269.65581591,-28.81611390,269.65581591,-28.85066437,269.65828652,-28.95463559,269.65828652,-28.95463559,269.65624177,-28.95817448
Quito,0.0,-78.5,2850.0,2000-01-01T12:00:00,2451545.000000000,star_tau_aldebaran,STAR,68.980000,16.509000,0.85,280.462105800,280.460618370,280.458555730,280.457067272,292.05112319,-40.81428564,292.05112319,-40.71864805,292.05112319,-40.74229407,292.05303255,-40.81375690,292.05303255,-40.81375690,292.05164994,-40.81780934
Quito,0.0,-78.5,2850.0,2000-01-01T12:00:00,2451545.000000000,star_tau_elnath,STAR,81.573000,28.608000,1.65,280.462105800,280.460618370,280.458555730,280.457067272,302.30096759,-26.36213076,302.30096759,-26.21625303,302.30096759,-26.25283737,302.30243909,-26.36223005,302.30243909,-26.36223005,302.30161904,-26.36631493
Quito,0.0,-78.5,2850.0,2000-01-01T12:00:00,2451545.000000000,star_aur_capella,STAR,79.172000,45.998000,0.08,280.462105800,280.460618370,280.458555730,280.457067272,320.92513492,-22.09553933,320.92513492,-21.93827931,320.92513492,-21.97783269,320.92620674,-22.09624529,320.92620674,-22.09624529,320.92589594,-22.10005749
Quito,0.0,-78.5,2850.0,2000-01-01T12:00:00,2451545.000000000,star_umi_polaris,STAR,37.954000,89.264000,1.98,280.462105800,280.460618370,280.458555730,280.457067272,359.79515002,-0.70380926,359.79515002,-0.51880412,359.79515002,-0.56560041,359.79715847,-0.11932426,359.79715847,-0.26420851,359.79629101,0.04151625
Quito,0.0,-78.5,2850.0,2000-01-01T12:00:00,2451545.000000000,star_uma_dubhe,STAR,165.932000,61.751000,1.79,280.462105800,280.460618370,280.458555730,280.457067272,342.45919566,22.50845026,342.45919566,22.54701666,342.45919566,22.53714887,342.46318596,22.54628905,342.46318596,22.53650656,342.46112489,22.54326915
Quito,0.0,-78.5,2850.0,2000-01-01T12:00:00,2451545.000000000,star_uma_merak,STAR,165.460000,56.380000,2.37,280.462105800,280.460618370,280.458555730,280.457067272,338.41836527,26.43100816,338.41836527,26.46323863,338.41836527,26.45498800,338.42262433,26.46285779,338.42262433,26.45466985,338.42044238,26.45961726
Quito,0.0,-78.5,2850.0,2000-01-01T12:00:00,2451545.000000000,star_uma_alioth,STAR,193.507000,55.960000,1.77,280.462105800,280.460618370,280.458555730,280.457067272,354.32546536,33.62331232,354.32546536,33.64746495,354.32546536,33.64127912,354.33101282,33.64581726,354.33101282,33.63967084,354.32788519,33.64338315
Quito,0.0,-78.5,2850.0,2000-01-01T12:00:00,2451545.000000000,star_uma_mizar,STAR,200.981000,54.925000,2.23,280.462105800,280.460618370,280.458555730,280.457067272,359.30886217,35.07202194,359.30886217,35.09490580,359.30886217,35.08904455,359.31471034,35.09280957,359.31471034,35.08698464,359.31132351,35.09067367
Quito,0.0,-78.5,2850.0,2000-01-01T12:00:00,2451545.000000000,star_uma_alkaid,STAR,206.885000,49.313000,1.85,280.462105800,280.460618370,280.458555730,280.457067272,4.21705822,40.50822270,4.21705822,40.52704587,4.21705822,40.52222381,4.22385587,40.52462425,4.22385587,40.51983005,4.21979197,40.52280121
Quito,0.0,-78.5,2850.0,2000-01-01T12:00:00,2451545.000000000,star_cas_schedar,STAR,10.127000,56.537000,2.24,280.462105800,280.460618370,280.458555730,280.457067272,7.71788886,-32.65910115,7.71788886,-32.53329396,7.71788886,-32.56467398,7.71673054,-32.66230933,7.71673054,-32.66230933,7.71824969,-32.66384141
Quito,0.0,-78.5,2850.0,2000-01-01T12:00:00,2451545.000000000,star_cas_caph,STAR,2.293000,59.150000,2.28,280.462105800,280.460618370,280.458555730,280.457067272,11.36557429,-28.87039970,11.36557429,-28.73208292,11.36557429,-28.76670164,11.36475562,-28.87413447,11.36475562,-28.87413447,11.36598451,-28.87542224
Quito,0.0,-78.5,2850.0,2000-01-01T12:00:00,2451545.000000000,star_per_mirfak,STAR,51.080000,49.860000,1.79,280.462105800,280.460618370,280.458555730,280.457067272,337.68664336,-34.27350188,337.68664336,-34.15337202,337.68664336,-34.18328810,337.68636479,-34.27449612,337.68636479,-34.27449612,337.68716791,-34.27771987
Quito,0.0,-78.5,2850.0,2000-01-01T12:00:00,2451545.000000000,star_per_algol,STAR,47.040000,40.960000,2.12,280.462105800,280.460618370,280.458555730,280.457067272,333.97167144,-43.15293769,333.97167144,-43.06637635,333.97167144,-43.08771850,333.97080775,-43.15319947,333.97080775,-43.15319947,333.97205411,-43.15657944
Quito,0.0,-78.5,2850.0,2000-01-01T12:00:00,2451545.000000000,star_boo_arcturus,STAR,213.915000,19.182000,-0.05,280.462105800,280.460618370,280.458555730,280.457067272,30.76144224,67.51965959,30.76144224,67.52632534,30.76144224,67.52461716,30.77722366,67.52259700,30.77722366,67.52090034,30.76643457,67.52264770
Quito,0.0,-78.5,2850.0,2000-01-01T12:00:00,2451545.000000000,star_vir_spica,STAR,201.298000,-11.161000,0.98,280.462105800,280.460618370,280.458555730,280.457067272,183.36749217,78.82205270,183.36749217,78.82523635,183.36749217,78.82442047,183.33661425,78.82307902,183.33661425,78.82227228,183.35423930,78.82488764
Quito,0.0,-78.5,2850.0,2000-01-01T12:00:00,2451545.000000000,star_sco_antares,STAR,247.352000,-26.432000,0.96,280.462105800,280.460618370,280.458555730,280.457067272,124.92456686,38.97234433,124.92456686,38.99221815,124.92456686,38.98712715,124.92314609,38.98283409,124.92314609,38.97777173,124.92253458,38.98683787
Quito,0.0,-78.5,2850.0,2000-01-01T12:00:00,2451545.000000000,star_sco_shaula,STAR,263.402000,-37.104000,1.62,280.462105800,280.460618370,280.458555730,280.457067272,130.73459138,22.42025584,130.73459138,22.45898797,130.73459138,22.44907791,130.73360061,22.44963749,130.73360061,22.43980928,130.73301142,22.45362212
Quito,0.0,-78.5,2850.0,2000-01-01T12:00:00,2451545.000000000,star_leo_regulus,STAR,152.093000,11.967000,1.36,280.462105800,280.460618370,280.458555730,280.457067272,285.49407672,39.09235524,285.49407672,39.11214451,285.49407672,39.10707516,285.49549351,39.11442911,285.49549351,39.10939031,285.49539867,39.11040304
Quito,0.0,-78.5,2850.0,2000-01-01T12:00:00,2451545.000000000,star_gem_pollux,STAR,116.329000,28.026000,1.14,280.462105800,280.460618370,280.458555730,280.457067272,298.09343169,3.85864937,298.09343169,4.03589753,298.09343169,3.99184110,298.09530730,4.04971568,298.09530730,4.00259584,298.09440385,4.05534498
Quito,0.0,-78.5,2850.0,2000-01-01T12:00:00,2451545.000000000,star_gem_castor,STAR,113.650000,31.888000,1.58,280.462105800,280.460618370,280.458555730,280.457067272,301.89731445,1.43770626,301.89731445,1.62296001,301.89731445,1.57610593,301.89922095,1.75603685,301.89922095,1.67754266,301.89830578,1.78849641
Quito,0.0,-78.5,2850.0,2000-01-01T12:00:00,2451545.000000000,star_psa_fomalhaut,STAR,344.413000,-29.622000,1.17,280.462105800,280.460618370,280.458555730,280.457067272,133.01569998,-43.56278132,133.01569998,-43.47781405,133.01569998,-43.49875271,133.01704453,-43.57147831,133.01704453,-43.57147831,133.01523880,-43.56749886
Quito,0.0,-78.5,2850.0,2000-01-01T12:00:00,2451545.000000000,star_eri_achernar,STAR,24.429000,-57.237000,0.45,280.462105800,280.460618370,280.458555730,280.457067272,181.58705550,-32.72192372,181.58705550,-32.59633391,181.58705550,-32.62765780,181.58989194,-32.72869584,181.58989194,-32.72869584,181.58666325,-32.72676774
Quito,0.0,-78.5,2850.0,2000-01-01T12:00:00,2451545.000000000,dso_m31_andromeda,GALAXY,10.684000,41.269000,3.44,280.462105800,280.460618370,280.458555730,280.457067272,12.56148734,-47.48410302,12.56148734,-47.41427996,12.56148734,-47.43140273,12.55811527,-47.48664422,12.55811527,-47.48664422,12.56146578,-47.48785081
Quito,0.0,-78.5,2850.0,2000-01-01T12:00:00,2451545.000000000,dso_lmc,GALAXY,80.894000,-69.756000,0.9,280.462105800,280.460618370,280.458555730,280.457067272,197.53117049,-10.27868411,197.53117049,-10.10022275,197.53117049,-10.14532362,197.53208025,-10.28468537,197.53208025,-10.28468537,197.53044376,-10.28382189
Quito,0.0,-78.5,2850.0,2000-01-01T12:00:00,2451545.000000000,dso_smc,GALAXY,13.187000,-72.829000,2.7,280.462105800,280.460618370,280.458555730,280.457067272,177.30143342,-16.95645975,177.30143342,-16.78811147,177.30143342,-16.83056573,177.30263830,-16.96412010,177.30263830,-16.96412010,177.30067416,-16.96192785
Quito,0.0,-78.5,2850.0,2000-01-01T12:00:00,2451545.000000000,dso_m33_triangulum,GALAXY,23.462000,30.660000,5.72,280.462105800,280.460618370,280.458555730,280.457067272,357.46844526,-59.30626149,357.46844526,-59.27676500,357.46844526,-59.28389162,357.46331944,-59.30667837,357.46331944,-59.30667837,357.46823383,-59.30886071
Quito,0.0,-78.5,2850.0,2000-01-01T12:00:00,2451545.000000000,dso_m45_pleiades,STAR_CLUSTER,56.871000,24.105000,1.6,280.462105800,280.460618370,280.458555730,280.457067272,308.01553845,-48.46209283,308.01553845,-48.39598004,308.01553845,-48.41217285,308.01623309,-48.46116407,308.01623309,-48.46116407,308.01598766,-48.46521033
Quito,0.0,-78.5,2850.0,2000-01-01T12:00:00,2451545.000000000,dso_hyades,STAR_CLUSTER,66.750000,15.870000,0.5,280.462105800,280.460618370,280.458555730,280.457067272,291.97261309,-43.04848860,291.97261309,-42.96152101,291.97261309,-42.98296604,291.97455877,-43.04783991,291.97455877,-43.04783991,291.97313251,-43.05189161
Quito,0.0,-78.5,2850.0,2000-01-01T12:00:00,2451545.000000000,dso_m44_beehive,STAR_CLUSTER,130.100000,19.670000,3.7,280.462105800,280.460618370,280.458555730,280.457067272,290.61270364,17.05044511,290.61270364,17.10220559,290.61270364,17.08897892,290.61444488,17.10381934,290.61444488,17.09073879,290.61373210,17.09990395
Quito,0.0,-78.5,2850.0,2000-01-01T12:00:00,2451545.000000000,dso_double_cluster,STAR_CLUSTER,34.740000,57.130000,3.7,280.462105800,280.460618370,280.458555730,280.457067272,351.86394865,-31.95500653,351.86394865,-31.82678394,351.86394865,-31.85878793,351.86333926,-31.95703880,351.86333926,-31.95703880,351.86444205,-31.95954827
Quito,0.0,-78.5,2850.0,2000-01-01T12:00:00,2451545.000000000,dso_coma_cluster,STAR_CLUSTER,185.600000,26.100000,1.8,280.462105800,280.460618370,280.458555730,280.457067272,330.09791874,59.50425578,330.09791874,59.51374028,330.09791874,59.51130988,330.10699158,59.51556350,330.10699158,59.51314783,330.10256877,59.51200111
Quito,0.0,-78.5,2850.0,2000-01-01T12:00:00,2451545.000000000,dso_omega_centauri,GLOBULAR_CLUSTER,201.700000,-47.470000,3.9,280.462105800,280.460618370,280.458555730,280.457067272,180.24106890,42.53524734,180.24106890,42.55277967,180.24106890,42.54828806,180.23580434,42.54760328,180.23580434,42.54313677,180.23815816,42.54955317
Quito,0.0,-78.5,2850.0,2000-01-01T12:00:00,2451545.000000000,dso_47_tucanae,GLOBULAR_CLUSTER,6.020000,-72.080000,4.1,280.462105800,280.460618370,280.458555730,280.457067272,174.92464808,-17.20141480,174.92464808,-17.03352908,174.92464808,-17.07586223,174.92583067,-17.20925805,174.92583067,-17.20925805,174.92387945,-17.20692455
Quito,0.0,-78.5,2850.0,2000-01-01T12:00:00,2451545.000000000,dso_m13_hercules,GLOBULAR_CLUSTER,250.420000,36.460000,5.8,280.462105800,280.460618370,280.458555730,280.457067272,45.36693015,32.23738982,45.36693015,32.26284859,45.36693015,32.25632870,45.37155018,32.25609852,45.37155018,32.24961999,45.36815642,32.25713277
Quito,0.0,-78.5,2850.0,2000-01-01T12:00:00,2451545.000000000,dso_m42_orion_nebula,NEBULA,83.822000,-5.391000,4.0,280.462105800,280.460618370,280.458555730,280.457067272,263.88922294,-27.99889751,263.88922294,-27.85788438,263.88922294,-27.89320341,263.89177687,-27.99963194,263.89177687,-27.99963194,263.88959276,-28.00294709
Quito,0.0,-78.5,2850.0,2000-01-01T12:00:00,2451545.000000000,dso_m8_lagoon,NEBULA,270.920000,-24.380000,6.0,280.462105800,280.460618370,280.458555730,280.457067272,115.89965916,19.09544815,115.89965916,19.14144948,115.89965916,19.12968733,115.89948662,19.13175549,115.89948662,19.12010448,115.89848100,19.13586503
Quito,0.0,-78.5,2850.0,2000-01-01T12:00:00,2451545.000000000,dso_eta_carinae_nebula,NEBULA,161.260000,-59.870000,1.0,280.462105800,280.460618370,280.458555730,280.457067272,200.73105012,22.37408887,200.73105012,22.41290823,200.73105012,22.40297593,200.72874800,22.40913474,200.72874800,22.39928727,200.72949886,22.40975183
Sydney,-33.87,151.21,40.0,2000-01-01T12:00:00,2451545.000000000,star_cma_sirius,STAR,101.287000,-16.716000,-1.46,280.462105800,280.460618370,280.458555730,280.457067272,64.56234455,58.38581423,64.56234455,58.39572666,64.56234455,58.39555683,64.55816582,58.39625009,64.55816582,58.39621079,64.55664958,58.39925353
Sydney,-33.87,151.21,40.0,2000-01-01T12:00:00,2451545.000000000,star_cma_adhara,STAR,104.656000,-28.972000,1.5,280.462105800,280.460618370,280.458555730,280.457067272,89.18919061,61.54850979,89.18919061,61.55723667,89.18919061,61.55708717,89.18518501,61.55929645,89.18518501,61.55926186,89.18605022,61.56170568
Sydney,-33.87,151.21,40.0,2000-01-01T12:00:00,2451545.000000000,star_cma_wezen,STAR,107.098000,-26.393000,1.83,280.462105800,280.460618370,280.458555730,280.457067272,85.85335804,58.62196485,85.85335804,58.63178609,85.85335804,58.63161782,85.84987717,58.63363596,85.84987717,58.63359702,85.85009789,58.63615120
Sydney,-33.87,151.21,40.0,2000-01-01T12:00:00,2451545.000000000,star_cma_mirzam,STAR,95.675000,-17.956000,1.98,280.462105800,280.460618370,280.458555730,280.457067272,59.46796368,63.29645471,59.46796368,63.30455660,59.46796368,63.30441781,59.46249073,63.30470502,59.46249073,63.30467291,59.46071239,63.30777275
Sydney,-33.87,151.21,40.0,2000-01-01T12:00:00,2451545.000000000,star_cmi_procyon,STAR,114.825000,5.225000,0.34,280.462105800,280.460618370,280.458555730,280.457067272,54.80410381,33.53346134,54.80410381,33.55769578,54.80410381,33.55727973,54.80259815,33.55777899,54.80259815,33.55768299,54.79998824,33.56083783
Sydney,-33.87,151.21,40.0,2000-01-01T12:00:00,2451545.000000000,star_car_canopus,STAR,95.987000,-52.695000,-0.74,280.462105800,280.460618370,280.458555730,280.457067272,144.70838099,64.39839931,144.70838099,64.40611698,144.70838099,64.40598477,144.71057451,64.41075925,144.71057451,64.41072866,144.71433479,64.41048811
Sydney,-33.87,151.21,40.0,2000-01-01T12:00:00,2451545.000000000,star_car_miaplacidus,STAR,138.300000,-69.720000,1.67,280.462105800,280.460618370,280.458555730,280.457067272,155.61917461,39.55727483,155.61917461,39.57674056,155.61917461,39.57640667,155.62438776,39.58162973,155.62438776,39.58155258,155.62411531,39.58073495
Sydney,-33.87,151.21,40.0,2000-01-01T12:00:00,2451545.000000000,star_cen_rigil_kent,STAR,219.900000,-60.833000,-0.01,280.462105800,280.460618370,280.458555730,280.457067272,164.96829166,8.19553082,164.96829166,8.30017847,164.96829166,8.29828727,164.97580369,8.30502726,164.97580369,8.30462028,164.97344092,8.30551530
Sydney,-33.87,151.21,40.0,2000-01-01T12:00:00,2451545.000000000,star_cen_hadar,STAR,210.956000,-60.373000,0.61,280.462105800,280.460618370,280.458555730,280.457067272,160.88223380,9.97741215,160.88223380,10.06497848,160.88223380,10.06342448,160.88939068,10.06962714,160.88939068,10.06928585,160.88713406,10.06954704
Sydney,-33.87,151.21,40.0,2000-01-01T12:00:00,2451545.000000000,star_lyr_vega,STAR,279.234000,38.783000,0.03,280.462105800,280.460618370,280.458555730,280.457067272,290.51595940,-67.35424016,290.51595940,-67.34337989,290.51595940,-67.34356237,290.51180971,-67.34561679,290.51180971,-67.34561679,290.51556559,-67.34717572
Sydney,-33.87,151.21,40.0,2000-01-01T12:00:00,2451545.000000000,star_cyg_deneb,STAR,310.358000,45.280000,1.25,280.462105800,280.460618370,280.458555730,280.457067272,302.71840792,-44.40221350,302.71840792,-44.32050914,302.71840792,-44.32224202,302.71664540,-44.39497524,302.71664540,-44.39497524,302.71680228,-44.39592290
Sydney,-33.87,151.21,40.0,2000-01-01T12:00:00,2451545.000000000,star_cyg_sadr,STAR,305.557000,40.260000,2.23,280.462105800,280.460618370,280.458555730,280.457067272,294.88330600,-47.19555496,294.88330600,-47.12463023,294.88330600,-47.12608473,294.88251935,-47.18764141,294.88251935,-47.18764141,294.88280699,-47.18898820
Sydney,-33.87,151.21,40.0,2000-01-01T12:00:00,2451545.000000000,star_cyg_albireo,STAR,292.680000,27.960000,3.05,280.462105800,280.460618370,280.458555730,280.457067272,271.76064041,-54.56513078,271.76064041,-54.52090492,271.76064041,-54.52173949,271.76419248,-54.55607166,271.76419248,-54.55607166,271.76434024,-54.55842382
Sydney,-33.87,151.21,40.0,2000-01-01T12:00:00,2451545.000000000,star_aql_altair,STAR,297.696000,8.868000,0.76,280.462105800,280.460618370,280.458555730,280.457067272,250.31323821,-40.96594753,250.31323821,-40.87089632,250.31323821,-40.87299957,250.32087173,-40.95750884,250.32087173,-40.95750884,250.31903163,-40.96045842
Sydney,-33.87,151.21,40.0,2000-01-01T12:00:00,2451545.000000000,star_ori_betelgeuse,STAR,88.793000,7.407000,0.5,280.462105800,280.460618370,280.458555730,280.457067272,24.69117104,45.64643405,24.69117104,45.66216550,24.69117104,45.66189581,24.68947066,45.66114090,24.68947066,45.66107851,24.68530951,45.66391347
Sydney,-33.87,151.21,40.0,2000-01-01T12:00:00,2451545.000000000,star_ori_rigel,STAR,78.634000,-8.202000,0.13,280.462105800,280.460618370,280.458555730,280.457067272,15.63410373,63.54302235,15.63410373,63.55103764,15.63410373,63.55090033,15.63142166,63.54898600,15.63142166,63.54895423,15.62506047,63.55153742
Sydney,-33.87,151.21,40.0,2000-01-01T12:00:00,2451545.000000000,star_ori_bellatrix,STAR,81.283000,6.350000,1.64,280.462105800,280.460618370,280.458555730,280.457067272,14.58835895,48.76370671,14.58835895,48.77781459,14.58835895,48.77757278,14.58710331,48.77644264,14.58710331,48.77638669,14.58223950,48.77893821
Sydney,-33.87,151.21,40.0,2000-01-01T12:00:00,2451545.000000000,star_ori_saiph,STAR,86.939000,-9.670000,2.07,280.462105800,280.460618370,280.458555730,280.457067272,33.62400060,62.03430797,33.62400060,62.04285915,33.62400060,62.04271266,33.61991762,62.04159481,33.61991762,62.04156091,33.61544787,62.04456890
Sydney,-33.87,151.21,40.0,2000-01-01T12:00:00,2451545.000000000,star_ori_alnitak,STAR,85.190000,-1.940000,1.77,280.462105800,280.460618370,280.458555730,280.457067272,24.47581878,55.66020264,24.47581878,55.67120275,24.47581878,55.67101427,24.47338007,55.66979089,24.47338007,55.66974726,24.46860519,55.67257376
Sydney,-33.87,151.21,40.0,2000-01-01T12:00:00,2451545.000000000,star_ori_alnilam,STAR,84.053000,-1.202000,1.69,280.462105800,280.460618370,280.458555730,280.457067272,22.15229772,55.33682108,22.15229772,55.34795482,22.15229772,55.34776404,22.15005929,55.34647889,22.15005929,55.34643473,22.14514440,55.34920353
Sydney,-33.87,151.21,40.0,2000-01-01T12:00:00,2451545.000000000,star_ori_mintaka,STAR,83.002000,-0.299000,2.23,280.462105800,280.460618370,280.458555730,280.457067272,19.93041932,54.78814447,19.93041932,54.79950734,19.93041932,54.79931263,19.92839790,54.79798641,19.92839790,54.79794135,19.92337575,54.80065074
Sydney,-33.87,151.21,40.0,2000-01-01T12:00:00,2451545.000000000,star_tau_aldebaran,STAR,68.980000,16.509000,0.85,280.462105800,280.460618370,280.458555730,280.457067272,356.65773835,39.55747061,356.65773835,39.57693621,356.65773835,39.57660232,356.65784869,39.57604728,356.65784869,39.57597012,356.65298682,39.57784287
Sydney,-33.87,151.21,40.0,2000-01-01T12:00:00,2451545.000000000,star_tau_elnath,STAR,81.573000,28.608000,1.65,280.462105800,280.460618370,280.458555730,280.457067272,9.74430598,26.82327908,9.74430598,26.85496948,9.74430598,26.85442446,9.74344526,26.85478812,9.74344526,26.85466278,9.73963959,26.85711490
Sydney,-33.87,151.21,40.0,2000-01-01T12:00:00,2451545.000000000,star_aur_capella,STAR,79.172000,45.998000,0.08,280.462105800,280.460618370,280.458555730,280.457067272,5.28510032,9.84507114,5.28510032,9.93372935,5.28510032,9.93215439,5.28383624,9.93466986,5.28383624,9.93432425,5.28067719,9.93792907
Sydney,-33.87,151.21,40.0,2000-01-01T12:00:00,2451545.000000000,star_umi_polaris,STAR,37.954000,89.264000,1.98,280.462105800,280.460618370,280.458555730,280.457067272,359.51656466,-33.25761495,359.51656466,-33.13389067,359.51656466,-33.13690503,359.51149415,-33.25680954,359.51149415,-33.25680954,359.51031532,-33.25482414
Sydney,-33.87,151.21,40.0,2000-01-01T12:00:00,2451545.000000000,star_uma_dubhe,STAR,165.932000,61.751000,1.79,280.462105800,280.460618370,280.458555730,280.457067272,33.55233507,-31.34035253,33.55233507,-31.21005360,33.55233507,-31.21330378,33.54840017,-31.34298374,33.54840017,-31.34298374,33.54617707,-31.33997718
Sydney,-33.87,151.21,40.0,2000-01-01T12:00:00,2451545.000000000,star_uma_merak,STAR,165.460000,56.380000,2.37,280.462105800,280.460618370,280.458555730,280.457067272,39.46953477,-29.63370917,39.46953477,-29.49781227,39.46953477,-29.50127273,39.46619870,-29.63673158,39.46619870,-29.63673158,39.46376025,-29.63364782
Sydney,-33.87,151.21,40.0,2000-01-01T12:00:00,2451545.000000000,star_uma_alioth,STAR,193.507000,55.960000,1.77,280.462105800,280.460618370,280.458555730,280.457067272,42.25926261,-44.98798044,42.25926261,-44.90854918,42.25926261,-44.91022189,42.25419481,-44.99197439,42.25419481,-44.99197439,42.25185961,-44.98886561
Sydney,-33.87,151.21,40.0,2000-01-01T12:00:00,2451545.000000000,star_uma_mizar,STAR,200.981000,54.925000,2.23,280.462105800,280.460618370,280.458555730,280.457067272,43.01516623,-49.31904223,43.01516623,-49.25614572,43.01516623,-49.25740386,43.00935879,-49.32332517,43.00935879,-49.32332517,43.00704774,-49.32021089
Sydney,-33.87,151.21,40.0,2000-01-01T12:00:00,2451545.000000000,star_uma_alkaid,STAR,206.885000,49.313000,1.85,280.462105800,280.460618370,280.458555730,280.457067272,51.01706061,-53.77988169,51.01706061,-53.73299707,51.01706061,-53.73388927,51.01154092,-53.78509507,51.01154092,-53.78509507,51.00871293,-53.78195574
Sydney,-33.87,151.21,40.0,2000-01-01T12:00:00,2451545.000000000,star_cas_schedar,STAR,10.127000,56.537000,2.24,280.462105800,280.460618370,280.458555730,280.457067272,329.98594415,-14.28880068,329.98594415,-14.11583917,329.98594415,-14.12098186,329.98474538,-14.28565580,329.98474538,-14.28565580,329.98275963,-14.28512689
Sydney,-33.87,151.21,40.0,2000-01-01T12:00:00,2451545.000000000,star_cas_caph,STAR,2.293000,59.150000,2.28,280.462105800,280.460618370,280.458555730,280.457067272,329.46322334,-19.17959719,329.46322334,-19.01568884,329.46322334,-19.02036465,329.46158175,-19.17611049,329.46158175,-19.17611049,329.45988586,-19.17560985
Sydney,-33.87,151.21,40.0,2000-01-01T12:00:00,2451545.000000000,star_per_mirfak,STAR,51.080000,49.860000,1.79,280.462105800,280.460618370,280.458555730,280.457067272,346.86134252,4.30230496,346.86134252,4.47072355,346.86134252,4.46713520,346.86054676,4.48041012,346.86054676,4.47972996,346.85756171,4.48956667
Sydney,-33.87,151.21,40.0,2000-01-01T12:00:00,2451545.000000000,star_per_algol,STAR,47.040000,40.960000,2.12,280.462105800,280.460618370,280.458555730,280.457067272,341.24692900,11.80838869,341.24692900,11.88303995,341.24692900,11.88172908,341.24692499,11.88511212,341.24692499,11.88482028,341.24353825,11.88681510
Sydney,-33.87,151.21,40.0,2000-01-01T12:00:00,2451545.000000000,star_boo_arcturus,STAR,213.915000,19.182000,-0.05,280.462105800,280.460618370,280.458555730,280.457067272,103.91848179,-53.42673241,103.91848179,-53.37863439,103.91848179,-53.37955319,103.92483440,-53.43304257,103.92483440,-53.43304257,103.91865243,-53.43118110
Sydney,-33.87,151.21,40.0,2000-01-01T12:00:00,2451545.000000000,star_vir_spica,STAR,201.298000,-11.161000,0.98,280.462105800,280.460618370,280.458555730,280.457067272,123.98342936,-24.30985186,123.98342936,-24.15825883,123.98342936,-24.16236265,123.99011447,-24.31218530,123.99011447,-24.31218530,123.98597937,-24.31130428
Sydney,-33.87,151.21,40.0,2000-01-01T12:00:00,2451545.000000000,star_sco_antares,STAR,247.352000,-26.432000,0.96,280.462105800,280.460618370,280.458555730,280.457067272,175.54613066,-29.56137813,175.54613066,-29.42524964,175.54613066,-29.42871900,175.55760829,-29.55908208,175.55760829,-29.55908208,175.55338077,-29.56089498
Sydney,-33.87,151.21,40.0,2000-01-01T12:00:00,2451545.000000000,star_sco_shaula,STAR,263.402000,-37.104000,1.62,280.462105800,280.460618370,280.458555730,280.457067272,189.82047463,-18.19340224,189.82047463,-18.02745716,189.82047463,-18.03223432,189.83079973,-18.18923856,189.83079973,-18.18923856,189.82735658,-18.19162747
Sydney,-33.87,151.21,40.0,2000-01-01T12:00:00,2451545.000000000,star_leo_regulus,STAR,152.093000,11.967000,1.36,280.462105800,280.460618370,280.458555730,280.457067272,74.75795408,1.12158423,74.75795408,1.30682883,74.75795408,1.30101046,74.75832090,1.46560760,74.75832090,1.46428088,74.75557261,1.51260935
Sydney,-33.87,151.21,40.0,2000-01-01T12:00:00,2451545.000000000,star_gem_pollux,STAR,116.329000,28.026000,1.14,280.462105800,280.460618370,280.458555730,280.457067272,39.97949570,15.03884454,39.97949570,15.09766482,39.97949570,15.09664220,39.97811378,15.09764818,39.97811378,15.09741722,39.97518909,15.10094541
Sydney,-33.87,151.21,40.0,2000-01-01T12:00:00,2451545.000000000,star_gem_castor,STAR,113.650000,31.888000,1.58,280.462105800,280.460618370,280.458555730,280.457067272,35.70246655,13.27789750,35.70246655,13.34448601,35.70246655,13.34332309,35.70100992,13.34450841,35.70100992,13.34424751,35.69804960,13.34791114
Sydney,-33.87,151.21,40.0,2000-01-01T12:00:00,2451545.000000000,star_psa_fomalhaut,STAR,344.413000,-29.622000,1.17,280.462105800,280.460618370,280.458555730,280.457067272,245.95966775,18.05702716,245.95966775,18.10580227,245.95966775,18.10495841,245.96728474,18.11194132,245.96728474,18.11174934,245.96423430,18.10899806
Sydney,-33.87,151.21,40.0,2000-01-01T12:00:00,2451545.000000000,star_eri_achernar,STAR,24.429000,-57.237000,0.45,280.462105800,280.460618370,280.458555730,280.457067272,218.83065731,50.68603790,218.83065731,50.69921963,218.83065731,50.69899372,218.84036403,50.70338153,218.84036403,50.70332926,218.83835115,50.70025606
Sydney,-33.87,151.21,40.0,2000-01-01T12:00:00,2451545.000000000,dso_m31_andromeda,GALAXY,10.684000,41.269000,3.44,280.462105800,280.460618370,280.458555730,280.457067272,318.80144898,-3.72329360,318.80144898,-3.53938417,318.80144898,-3.54514138,318.80203687,-3.72000750,318.80203687,-3.72000750,318.79946719,-3.72008883
Sydney,-33.87,151.21,40.0,2000-01-01T12:00:00,2451545.000000000,dso_lmc,GALAXY,80.894000,-69.756000,0.9,280.462105800,280.460618370,280.458555730,280.457067272,174.60905598,53.74755951,174.60905598,53.75936552,174.60905598,53.75916321,174.61574476,53.76442792,174.61574476,53.76438111,174.61650710,53.76261294
Sydney,-33.87,151.21,40.0,2000-01-01T12:00:00,2451545.000000000,dso_smc,GALAXY,13.187000,-72.829000,2.7,280.462105800,280.460618370,280.458555730,280.457067272,199.57838267,41.34264040,199.57838267,41.36091977,199.57838267,41.36060628,199.58674976,41.36612544,199.58674976,41.36605299,199.58538642,41.36336474
Sydney,-33.87,151.21,40.0,2000-01-01T12:00:00,2451545.000000000,dso_m33_triangulum,GALAXY,23.462000,30.660000,5.72,280.462105800,280.460618370,280.458555730,280.457067272,319.19623545,11.05686090,319.19623545,11.13636313,319.19623545,11.13496192,319.19780401,11.13981101,319.19780401,11.13950059,319.19441676,11.14048518
Sydney,-33.87,151.21,40.0,2000-01-01T12:00:00,2451545.000000000,dso_m45_pleiades,STAR_CLUSTER,56.871000,24.105000,1.6,280.462105800,280.460618370,280.458555730,280.457067272,344.32861569,30.34258722,344.32861569,30.37000052,344.32861569,30.36952956,344.32934307,30.37013983,344.32934307,30.37003131,344.32489101,30.37135194
Sydney,-33.87,151.21,40.0,2000-01-01T12:00:00,2451545.000000000,dso_hyades,STAR_CLUSTER,66.750000,15.870000,0.5,280.462105800,280.460618370,280.458555730,280.457067272,353.81754530,40.04122075,353.81754530,40.06035633,353.81754530,40.06002812,353.81787904,40.05946314,353.81787904,40.05938728,353.81290610,40.06113180
Sydney,-33.87,151.21,40.0,2000-01-01T12:00:00,2451545.000000000,dso_m44_beehive,STAR_CLUSTER,130.100000,19.670000,3.7,280.462105800,280.460618370,280.458555730,280.457067272,55.36555732,12.81069089,55.36555732,12.87966302,55.36555732,12.87845662,55.36462358,12.87965077,55.36462358,12.87938070,55.36191302,12.88319758
Sydney,-33.87,151.21,40.0,2000-01-01T12:00:00,2451545.000000000,dso_double_cluster,STAR_CLUSTER,34.740000,57.130000,3.7,280.462105800,280.460618370,280.458555730,280.457067272,340.85458315,-6.19309849,340.85458315,-6.01074062,340.85458315,-6.01641058,340.85336073,-6.19135544,340.85336073,-6.19135544,340.85090584,-6.19025250
Sydney,-33.87,151.21,40.0,2000-01-01T12:00:00,2451545.000000000,dso_coma_cluster,STAR_CLUSTER,185.600000,26.100000,1.8,280.462105800,280.460618370,280.458555730,280.457067272,78.81725316,-33.20190720,78.81725316,-33.07798794,78.81725316,-33.08100913,78.81819683,-33.20680865,78.81819683,-33.20680865,78.81444159,-33.20405036
Sydney,-33.87,151.21,40.0,2000-01-01T12:00:00,2451545.000000000,dso_omega_centauri,GLOBULAR_CLUSTER,201.700000,-47.470000,3.9,280.462105800,280.460618370,280.458555730,280.457067272,148.78043094,2.84527346,148.78043094,3.03045190,148.78043094,3.02464751,148.78722782,3.07868233,148.78722782,3.07779489,148.78460850,3.09408690
Sydney,-33.87,151.21,40.0,2000-01-01T12:00:00,2451545.000000000,dso_47_tucanae,GLOBULAR_CLUSTER,6.020000,-72.080000,4.1,280.462105800,280.460618370,280.458555730,280.457067272,201.28211359,39.46140974,201.28211359,39.48094167,201.28211359,39.48060664,201.29051241,39.48620771,201.29051241,39.48613030,201.28899163,39.48339866
Sydney,-33.87,151.21,40.0,2000-01-01T12:00:00,2451545.000000000,dso_m13_hercules,GLOBULAR_CLUSTER,250.420000,36.460000,5.8,280.462105800,280.460618370,280.458555730,280.457067272,21.29462140,-87.21346038,21.29462140,-87.21413004,21.29462140,-87.21411969,21.12876729,-87.21666168,21.12876729,-87.21666168,21.15742608,-87.21391953
Sydney,-33.87,151.21,40.0,2000-01-01T12:00:00,2451545.000000000,dso_m42_orion_nebula,NEBULA,83.822000,-5.391000,4.0,280.462105800,280.460618370,280.458555730,280.457067272,24.29682668,59.37020133,24.29682668,59.37973660,24.29682668,59.37957324,24.29393696,59.37817224,24.29393696,59.37813443,24.28883935,59.38095660
Sydney,-33.87,151.21,40.0,2000-01-01T12:00:00,2451545.000000000,dso_m8_lagoon,NEBULA,270.920000,-24.380000,6.0,280.462105800,280.460618370,280.458555730,280.457067272,200.06033145,-28.94646405,200.06033145,-28.80838600,200.06033145,-28.81193092,200.07170916,-28.94158674,200.07170916,-28.94158674,200.06806167,-28.94429977
Sydney,-33.87,151.21,40.0,2000-01-01T12:00:00,2451545.000000000,dso_eta_carinae_nebula,NEBULA,161.260000,-59.870000,1.0,280.462105800,280.460618370,280.458555730,280.457067272,144.96781064,29.00726630,144.96781064,29.03619258,144.96781064,29.03569545,144.97267728,29.04052457,144.97267728,29.04041012,144.97163876,29.04020539
Tehran,35.69,51.39,1200.0,2000-01-01T12:00:00,2451545.000000000,star_cma_sirius,STAR,101.287000,-16.716000,-1.46,280.462105800,280.460618370,280.458555730,280.457067272,80.68388699,-41.45118303,80.68388699,-41.35801071,80.68388699,-41.36922360,80.68312840,-41.44914062,80.68312840,-41.44914062,80.68664823,-41.44742922
Tehran,35.69,51.39,1200.0,2000-01-01T12:00:00,2451545.000000000,star_cma_adhara,STAR,104.656000,-28.972000,1.5,280.462105800,280.460618370,280.458555730,280.457067272,94.15054031,-49.94895206,94.15054031,-49.88839574,94.15054031,-49.89552676,94.15001511,-49.94647561,94.15001511,-49.94647561,94.15297106,-49.94488771
Tehran,35.69,51.39,1200.0,2000-01-01T12:00:00,2451545.000000000,star_cma_wezen,STAR,107.098000,-26.393000,1.83,280.462105800,280.460618370,280.458555730,280.457067272,89.08231086,-50.90024294,89.08231086,-50.84317722,89.08231086,-50.84988134,89.08206332,-50.89798560,89.08206332,-50.89798560,89.08516593,-50.89634050
Tehran,35.69,51.39,1200.0,2000-01-01T12:00:00,2451545.000000000,star_cma_mirzam,STAR,95.675000,-17.956000,1.98,280.462105800,280.460618370,280.458555730,280.457067272,85.76205963,-37.58998502,85.76205963,-37.48203452,85.76205963,-37.49515561,85.76093456,-37.58776777,85.76093456,-37.58776777,85.76437601,-37.58609214
Tehran,35.69,51.39,1200.0,2000-01-01T12:00:00,2451545.000000000,star_cmi_procyon,STAR,114.825000,5.225000,0.34,280.462105800,280.460618370,280.458555730,280.457067272,48.11092354,-36.34506743,48.11092354,-36.23247381,48.11092354,-36.24620267,48.11019813,-36.34377804,48.11019813,-36.34377804,48.11448220,-36.34215911
Tehran,35.69,51.39,1200.0,2000-01-01T12:00:00,2451545.000000000,star_car_canopus,STAR,95.987000,-52.695000,-0.74,280.462105800,280.460618370,280.458555730,280.457067272,131.74583969,-47.76055359,131.74583969,-47.69178319,131.74583969,-47.69992623,131.74292559,-47.75663771,131.74292559,-47.75663771,131.74504236,-47.75581738
Tehran,35.69,51.39,1200.0,2000-01-01T12:00:00,2451545.000000000,star_car_miaplacidus,STAR,138.300000,-69.720000,1.67,280.462105800,280.460618370,280.458555730,280.457067272,171.83196895,-55.18090198,171.83196895,-55.13872132,171.83196895,-55.14362588,171.82614342,-55.17623715,171.82614342,-55.17623715,171.82750281,-55.17659945
Tehran,35.69,51.39,1200.0,2000-01-01T12:00:00,2451545.000000000,star_cen_rigil_kent,STAR,219.900000,-60.833000,-0.01,280.462105800,280.460618370,280.458555730,280.457067272,216.86828857,-41.10423495,216.86828857,-41.00971879,216.86828857,-41.02110361,216.85988109,-41.09924421,216.85988109,-41.09924421,216.86286363,-41.10070624
Tehran,35.69,51.39,1200.0,2000-01-01T12:00:00,2451545.000000000,star_cen_hadar,STAR,210.956000,-60.373000,0.61,280.462105800,280.460618370,280.458555730,280.457067272,217.25615370,-45.50576848,217.25615370,-45.42834234,217.25615370,-45.43756326,217.24760718,-45.50100481,217.24760718,-45.50100481,217.25046202,-45.50247323
Tehran,35.69,51.39,1200.0,2000-01-01T12:00:00,2451545.000000000,star_lyr_vega,STAR,279.234000,38.783000,0.03,280.462105800,280.460618370,280.458555730,280.457067272,290.58712233,48.56931990,290.58712233,48.58352442,290.58712233,48.58179110,290.58276230,48.59217572,290.58276230,48.59055678,290.58528265,48.59080341
Tehran,35.69,51.39,1200.0,2000-01-01T12:00:00,2451545.000000000,star_cyg_deneb,STAR,310.358000,45.280000,1.25,280.462105800,280.460618370,280.458555730,280.457067272,307.12424792,71.13072550,307.12424792,71.13623133,307.12424792,71.13555939,307.12668100,71.14360226,307.12668100,71.14297601,307.12619855,71.14264234
Tehran,35.69,51.39,1200.0,2000-01-01T12:00:00,2451545.000000000,star_cyg_sadr,STAR,305.557000,40.260000,2.23,280.462105800,280.460618370,280.458555730,280.457067272,290.40748415,68.85373747,290.40748415,68.85996823,290.40748415,68.85920782,290.40404937,68.86789359,290.40404937,68.86718450,290.40492749,68.86654830
Tehran,35.69,51.39,1200.0,2000-01-01T12:00:00,2451545.000000000,star_cyg_albireo,STAR,292.680000,27.960000,3.05,280.462105800,280.460618370,280.458555730,280.457067272,268.08635448,56.06232391,268.08635448,56.07315926,268.08635448,56.07183698,268.07800716,56.08143513,268.07800716,56.08020026,268.08100560,56.07973933
Tehran,35.69,51.39,1200.0,2000-01-01T12:00:00,2451545.000000000,star_aql_altair,STAR,297.696000,8.868000,0.76,280.462105800,280.460618370,280.458555730,280.457067272,237.62496570,48.93444294,237.62496570,48.94846641,237.62496570,48.94675518,237.61327732,48.95551891,237.61327732,48.95392050,237.61751017,48.95376416
Tehran,35.69,51.39,1200.0,2000-01-01T12:00:00,2451545.000000000,star_ori_betelgeuse,STAR,88.793000,7.407000,0.5,280.462105800,280.460618370,280.458555730,280.457067272,67.46232841,-16.84518852,67.46232841,-16.67663230,67.46232841,-16.69806563,67.46115480,-16.84360453,67.46115480,-16.84360453,67.46498628,-16.84186342
Tehran,35.69,51.39,1200.0,2000-01-01T12:00:00,2451545.000000000,star_ori_rigel,STAR,78.634000,-8.202000,0.13,280.462105800,280.460618370,280.458555730,280.457067272,86.92710121,-18.38688669,86.92710121,-18.22133275,86.92710121,-18.24233151,86.92525104,-18.38499354,86.92525104,-18.38499354,86.92889046,-18.38332798
Tehran,35.69,51.39,1200.0,2000-01-01T12:00:00,2451545.000000000,star_ori_bellatrix,STAR,81.283000,6.350000,1.64,280.462105800,280.460618370,280.458555730,280.457067272,73.21261035,-11.77677788,73.21261035,-11.60017286,73.21261035,-11.62278460,73.21122049,-11.77528362,73.21122049,-11.77528362,73.21500876,-11.77354407
Tehran,35.69,51.39,1200.0,2000-01-01T12:00:00,2451545.000000000,star_ori_saiph,STAR,86.939000,-9.670000,2.07,280.462105800,280.460618370,280.458555730,280.457067272,83.13776283,-25.94819399,83.13776283,-25.80112849,83.13776283,-25.81951005,83.13626144,-25.94618474,83.13626144,-25.94618474,83.13987595,-25.94448896
Tehran,35.69,51.39,1200.0,2000-01-01T12:00:00,2451545.000000000,star_ori_alnitak,STAR,85.190000,-1.940000,1.77,280.462105800,280.460618370,280.458555730,280.457067272,77.49531939,-19.96276700,77.49531939,-19.80055248,77.49531939,-19.82107113,77.49387592,-19.96100074,77.49387592,-19.96100074,77.49760118,-19.95927373
Tehran,35.69,51.39,1200.0,2000-01-01T12:00:00,2451545.000000000,star_ori_alnilam,STAR,84.053000,-1.202000,1.69,280.462105800,280.460618370,280.458555730,280.457067272,77.60798987,-18.61176555,77.60798987,-18.44667139,77.60798987,-18.46760385,77.60651881,-18.61003080,77.60651881,-18.61003080,77.61024908,-18.60830425
Tehran,35.69,51.39,1200.0,2000-01-01T12:00:00,2451545.000000000,star_ori_mintaka,STAR,83.002000,-0.299000,2.23,280.462105800,280.460618370,280.458555730,280.457067272,77.52778396,-17.22826415,77.52778396,-17.06042953,77.52778396,-17.08175816,77.52629381,-17.22656734,77.52629381,-17.22656734,77.53003113,-17.22484046
Tehran,35.69,51.39,1200.0,2000-01-01T12:00:00,2451545.000000000,star_tau_aldebaran,STAR,68.980000,16.509000,0.85,280.462105800,280.460618370,280.458555730,280.457067272,72.48545368,3.96082604,72.48545368,4.13612674,72.48545368,4.11487773,72.48412848,4.14956612,72.48412848,4.12885554,72.48794380,4.16035406
Tehran,35.69,51.39,1200.0,2000-01-01T12:00:00,2451545.000000000,star_tau_elnath,STAR,81.573000,28.608000,1.65,280.462105800,280.460618370,280.458555730,280.457067272,55.79421488,2.21537741,55.79421488,2.40061302,55.79421488,2.37674938,55.79351492,2.48130346,55.79351492,2.45212361,55.79730828,2.50533978
Tehran,35.69,51.39,1200.0,2000-01-01T12:00:00,2451545.000000000,star_aur_capella,STAR,79.172000,45.998000,0.08,280.462105800,280.460618370,280.458555730,280.457067272,43.25240710,14.57278515,43.25240710,14.63349480,43.25240710,14.62610723,43.25249203,14.63619989,43.25249203,14.62935221,43.25609906,14.63800741
Tehran,35.69,51.39,1200.0,2000-01-01T12:00:00,2451545.000000000,star_umi_polaris,STAR,37.954000,89.264000,1.98,280.462105800,280.460618370,280.458555730,280.457067272,0.82984655,35.98128409,0.82984655,36.00341681,0.82984655,36.00071668,0.83163427,36.00811466,0.83163427,36.00559395,0.83426268,36.00867119
Tehran,35.69,51.39,1200.0,2000-01-01T12:00:00,2451545.000000000,star_uma_dubhe,STAR,165.932000,61.751000,1.79,280.462105800,280.460618370,280.458555730,280.457067272,353.31969609,8.10520633,353.31969609,8.21087739,353.31969609,8.19808769,353.31869383,8.21647021,353.31869383,8.20465801,353.32226210,8.21870921
Tehran,35.69,51.39,1200.0,2000-01-01T12:00:00,2451545.000000000,star_uma_merak,STAR,165.460000,56.380000,2.37,280.462105800,280.460618370,280.458555730,280.457067272,352.50455395,2.79053236,352.50455395,2.97571729,352.50455395,2.95186444,352.50321067,3.02840275,352.50321067,3.00261588,352.50693740,3.04505871
Tehran,35.69,51.39,1200.0,2000-01-01T12:00:00,2451545.000000000,star_uma_alioth,STAR,193.507000,55.960000,1.77,280.462105800,280.460618370,280.458555730,280.457067272,337.91627980,8.26108872,337.91627980,8.36500446,337.91627980,8.35242421,337.91443596,8.37146947,337.91443596,8.35985343,337.91799266,8.37315690
Tehran,35.69,51.39,1200.0,2000-01-01T12:00:00,2451545.000000000,star_uma_mizar,STAR,200.981000,54.925000,2.23,280.462105800,280.460618370,280.458555730,280.457067272,333.82451395,9.90359506,333.82451395,9.99176738,333.82451395,9.98107085,333.82250026,9.99850096,333.82250026,9.98862492,333.82600724,9.99935815
Tehran,35.69,51.39,1200.0,2000-01-01T12:00:00,2451545.000000000,star_uma_alkaid,STAR,206.885000,49.313000,1.85,280.462105800,280.460618370,280.458555730,280.457067272,327.35232527,7.98261083,327.35232527,8.08969932,327.35232527,8.07674058,327.34976363,8.09673872,327.34976363,8.08477066,327.35333458,8.09827967
Tehran,35.69,51.39,1200.0,2000-01-01T12:00:00,2451545.000000000,star_cas_schedar,STAR,10.127000,56.537000,2.24,280.462105800,280.460618370,280.458555730,280.457067272,38.78210618,56.95572438,38.78210618,56.96619917,38.78210618,56.96492088,38.78805146,56.96619584,38.78805146,56.96500174,38.79047994,56.96764811
Tehran,35.69,51.39,1200.0,2000-01-01T12:00:00,2451545.000000000,star_cas_caph,STAR,2.293000,59.150000,2.28,280.462105800,280.460618370,280.458555730,280.457067272,30.59344519,59.30601324,30.59344519,59.31557286,30.59344519,59.31440624,30.60070808,59.31619874,30.60070808,59.31510913,30.60266135,59.31751152
Tehran,35.69,51.39,1200.0,2000-01-01T12:00:00,2451545.000000000,star_per_mirfak,STAR,51.080000,49.860000,1.79,280.462105800,280.460618370,280.458555730,280.457067272,48.99340294,32.94290621,48.99340294,32.96768806,48.99340294,32.96466505,48.99454908,32.96870544,48.99454908,32.96588394,48.99795723,32.97026466
Tehran,35.69,51.39,1200.0,2000-01-01T12:00:00,2451545.000000000,star_per_algol,STAR,47.040000,40.960000,2.12,280.462105800,280.460618370,280.458555730,280.457067272,60.09952194,32.62854955,60.09952194,32.65362984,60.09952194,32.65057047,60.09997274,32.65402577,60.09997274,32.65117038,60.10359399,32.65567387
Tehran,35.69,51.39,1200.0,2000-01-01T12:00:00,2451545.000000000,star_boo_arcturus,STAR,213.915000,19.182000,-0.05,280.462105800,280.460618370,280.458555730,280.457067272,302.17969447,-9.65582997,302.17969447,-9.47666522,302.17969447,-9.49965511,302.17461178,-9.65047527,302.17461178,-9.65047527,302.17865612,-9.65153972
Tehran,35.69,51.39,1200.0,2000-01-01T12:00:00,2451545.000000000,star_vir_spica,STAR,201.298000,-11.161000,0.98,280.462105800,280.460618370,280.458555730,280.457067272,286.08682719,-39.12280641,286.08682719,-39.02066668,286.08682719,-39.03303281,286.07950100,-39.11962176,286.07950100,-39.11962176,286.08414881,-39.12102698
Tehran,35.69,51.39,1200.0,2000-01-01T12:00:00,2451545.000000000,star_sco_antares,STAR,247.352000,-26.432000,0.96,280.462105800,280.460618370,280.458555730,280.457067272,245.21899792,-10.95457188,245.21899792,-10.77691911,245.21899792,-10.79968550,245.21089109,-10.94826170,245.21089109,-10.94826170,245.21467368,-10.94999865
Tehran,35.69,51.39,1200.0,2000-01-01T12:00:00,2451545.000000000,star_sco_shaula,STAR,263.402000,-37.104000,1.62,280.462105800,280.460618370,280.458555730,280.457067272,228.30786609,-6.55020147,228.30786609,-6.36811744,228.30786609,-6.39153880,228.29935839,-6.54388319,228.29935839,-6.54388319,228.30309475,-6.54550425
Tehran,35.69,51.39,1200.0,2000-01-01T12:00:00,2451545.000000000,star_leo_regulus,STAR,152.093000,11.967000,1.36,280.462105800,280.460618370,280.458555730,280.457067272,359.67708190,-42.34326014,359.67708190,-42.25355054,359.67708190,-42.26432184,359.67449881,-42.34243263,359.67449881,-42.34243263,359.67980216,-42.34184092
Tehran,35.69,51.39,1200.0,2000-01-01T12:00:00,2451545.000000000,star_gem_pollux,STAR,116.329000,28.026000,1.14,280.462105800,280.460618370,280.458555730,280.457067272,32.63686743,-18.02605373,32.63686743,-17.85977367,32.63686743,-17.88087728,32.63593662,-18.02432567,32.63593662,-18.02432567,32.64008906,-18.02293744
Tehran,35.69,51.39,1200.0,2000-01-01T12:00:00,2451545.000000000,star_gem_castor,STAR,113.650000,31.888000,1.58,280.462105800,280.460618370,280.458555730,280.457067272,32.68504689,-13.52103449,32.68504689,-13.34688802,32.68504689,-13.36913786,32.68420221,-13.51921602,32.68420221,-13.51921602,32.68826488,-13.51782690
Tehran,35.69,51.39,1200.0,2000-01-01T12:00:00,2451545.000000000,star_psa_fomalhaut,STAR,344.413000,-29.622000,1.17,280.462105800,280.460618370,280.458555730,280.457067272,168.09576103,23.62363946,168.09576103,23.66020875,168.09576103,23.65575047,168.08669191,23.66365349,168.08669191,23.65950134,168.09125597,23.66336901
Tehran,35.69,51.39,1200.0,2000-01-01T12:00:00,2451545.000000000,star_eri_achernar,STAR,24.429000,-57.237000,0.45,280.462105800,280.460618370,280.458555730,280.457067272,153.84077527,-12.91985776,153.84077527,-12.74482747,153.84077527,-12.76720723,153.83467119,-12.91599404,153.83467119,-12.91599404,153.83808347,-12.91581217
Tehran,35.69,51.39,1200.0,2000-01-01T12:00:00,2451545.000000000,dso_m31_andromeda,GALAXY,10.684000,41.269000,3.44,280.462105800,280.460618370,280.458555730,280.457067272,67.60928517,59.35448057,67.60928517,59.36402180,67.60928517,59.36285742,67.61249857,59.36150420,67.61249857,59.36041655,67.61619473,59.36320827
Tehran,35.69,51.39,1200.0,2000-01-01T12:00:00,2451545.000000000,dso_lmc,GALAXY,80.894000,-69.756000,0.9,280.462105800,280.460618370,280.458555730,280.457067272,154.83890534,-39.72738131,154.83890534,-39.62755658,154.83890534,-39.63962363,154.83385747,-39.72280273,154.83385747,-39.72280273,154.83622478,-39.72265110
Tehran,35.69,51.39,1200.0,2000-01-01T12:00:00,2451545.000000000,dso_smc,GALAXY,13.187000,-72.829000,2.7,280.462105800,280.460618370,280.458555730,280.457067272,167.85064634,-22.17560989,167.85064634,-22.01854556,167.85064634,-22.03833036,167.84409967,-22.17090632,167.84409967,-22.17090632,167.84720622,-22.17114940
Tehran,35.69,51.39,1200.0,2000-01-01T12:00:00,2451545.000000000,dso_m33_triangulum,GALAXY,23.462000,30.660000,5.72,280.462105800,280.460618370,280.458555730,280.457067272,81.35280039,46.99978296,81.35280039,47.01478952,81.35280039,47.01295837,81.35222034,47.01282350,81.35222034,47.01111258,81.35640347,47.01447471
Tehran,35.69,51.39,1200.0,2000-01-01T12:00:00,2451545.000000000,dso_m45_pleiades,STAR_CLUSTER,56.871000,24.105000,1.6,280.462105800,280.460618370,280.458555730,280.457067272,72.57022642,17.61206044,72.57022642,17.66211639,72.57022642,17.65601959,72.56913825,17.66350769,72.56913825,17.65784429,72.57297445,17.66532973
Tehran,35.69,51.39,1200.0,2000-01-01T12:00:00,2451545.000000000,dso_hyades,STAR_CLUSTER,66.750000,15.870000,0.5,280.462105800,280.460618370,280.458555730,280.457067272,74.26407336,5.32186542,74.26407336,5.46959030,74.26407336,5.45179300,74.26267208,5.47418931,74.26267208,5.45748314,74.26649436,5.48094051
Tehran,35.69,51.39,1200.0,2000-01-01T12:00:00,2451545.000000000,dso_m44_beehive,STAR_CLUSTER,130.100000,19.670000,3.7,280.462105800,280.460618370,280.458555730,280.457067272,24.00066442,-30.93112613,24.00066442,-30.79946207,24.00066442,-30.81573226,23.99938635,-30.92976174,23.99938635,-30.92976174,24.00394494,-30.92854742
Tehran,35.69,51.39,1200.0,2000-01-01T12:00:00,2451545.000000000,dso_double_cluster,STAR_CLUSTER,34.740000,57.130000,3.7,280.462105800,280.460618370,280.458555730,280.457067272,41.92691089,43.69751814,41.92691089,43.71435406,41.92691089,43.71229978,41.92971498,43.71506205,41.92971498,43.71314300,41.93274562,43.71654130
Tehran,35.69,51.39,1200.0,2000-01-01T12:00:00,2451545.000000000,dso_coma_cluster,STAR_CLUSTER,185.600000,26.100000,1.8,280.462105800,280.460618370,280.458555730,280.457067272,327.82284408,-20.47631759,327.82284408,-20.31525043,327.82284408,-20.33560492,327.81901459,-20.47286209,327.81901459,-20.47286209,327.82346067,-20.47322457
Tehran,35.69,51.39,1200.0,2000-01-01T12:00:00,2451545.000000000,dso_omega_centauri,GLOBULAR_CLUSTER,201.700000,-47.470000,3.9,280.462105800,280.460618370,280.458555730,280.457067272,236.33636802,-51.62305453,236.33636802,-51.56860222,236.33636802,-51.57498794,236.32700431,-51.61915428,236.32700431,-51.61915428,236.33030047,-51.62084874
Tehran,35.69,51.39,1200.0,2000-01-01T12:00:00,2451545.000000000,dso_47_tucanae,GLOBULAR_CLUSTER,6.020000,-72.080000,4.1,280.462105800,280.460618370,280.458555730,280.457067272,169.38203736,-20.39071202,169.38203736,-20.22945159,169.38203736,-20.24983370,169.37533933,-20.38599987,169.37533933,-20.38599987,169.37851043,-20.38628897
Tehran,35.69,51.39,1200.0,2000-01-01T12:00:00,2451545.000000000,dso_m13_hercules,GLOBULAR_CLUSTER,250.420000,36.460000,5.8,280.462105800,280.460618370,280.458555730,280.457067272,297.43087318,26.35589236,297.43087318,26.38822792,297.43087318,26.38428485,297.42662110,26.39692141,297.42662110,26.39324698,297.42979306,26.39569453
Tehran,35.69,51.39,1200.0,2000-01-01T12:00:00,2451545.000000000,dso_m42_orion_nebula,NEBULA,83.822000,-5.391000,4.0,280.462105800,280.460618370,280.458555730,280.457067272,81.31610805,-20.94170896,81.31610805,-20.78170662,81.31610805,-20.80190910,81.31454552,-20.93985125,81.31454552,-20.93985125,81.31822242,-20.93814357
Tehran,35.69,51.39,1200.0,2000-01-01T12:00:00,2451545.000000000,dso_m8_lagoon,NEBULA,270.920000,-24.380000,6.0,280.462105800,280.460618370,280.458555730,280.457067272,233.30419609,6.80730416,233.30419609,6.92983032,233.30419609,6.91503411,233.29545470,6.93834319,233.29545470,6.92464030,233.29932365,6.93956789
Tehran,35.69,51.39,1200.0,2000-01-01T12:00:00,2451545.000000000,dso_eta_carinae_nebula,NEBULA,161.260000,-59.870000,1.0,280.462105800,280.460618370,280.458555730,280.457067272,191.23598675,-65.06745145,191.23598675,-65.05219103,191.23598675,-65.05392863,191.22810473,-65.06324681,191.22810473,-65.06324681,191.22871548,-65.06415476
Tromso,69.65,18.96,10.0,2000-01-01T12:00:00,2451545.000000000,star_cma_sirius,STAR,101.287000,-16.716000,-1.46,280.462105800,280.460618370,280.458555730,280.457067272,21.58204810,-35.88952632,21.58204810,-35.77525370,21.58204810,-35.77764436,21.58351327,-35.88774459,21.58351327,-35.88774459,21.58724152,-35.88861990
Tromso,69.65,18.96,10.0,2000-01-01T12:00:00,2451545.000000000,star_cma_adhara,STAR,104.656000,-28.972000,1.5,280.462105800,280.460618370,280.458555730,280.457067272,19.63320510,-48.44867719,19.63320510,-48.38251377,19.63320510,-48.38367634,19.63621327,-48.44712668,19.63621327,-48.44712668,19.63971735,-48.44798545
Tromso,69.65,18.96,10.0,2000-01-01T12:00:00,2451545.000000000,star_cma_wezen,STAR,107.098000,-26.393000,1.83,280.462105800,280.460618370,280.458555730,280.457067272,16.01026981,-46.14791135,16.01026981,-46.07296457,16.01026981,-46.07432296,16.01297017,-46.14658953,16.01297017,-46.14658953,16.01646260,-46.14741490
Tromso,69.65,18.96,10.0,2000-01-01T12:00:00,2451545.000000000,star_cma_mirzam,STAR,95.675000,-17.956000,1.98,280.462105800,280.460618370,280.458555730,280.457067272,28.36945280,-36.29150318,28.36945280,-36.17871154,28.36945280,-36.18105792,28.37078525,-36.28934727,28.37078525,-36.28934727,28.37458683,-36.29027220
Tromso,69.65,18.96,10.0,2000-01-01T12:00:00,2451545.000000000,star_cmi_procyon,STAR,114.825000,5.225000,0.34,280.462105800,280.460618370,280.458555730,280.457067272,4.73561979,-15.06041611,4.73561979,-14.88870946,4.73561979,-14.89332931,4.73593623,-15.05903116,4.73593623,-15.05903116,4.73981611,-15.05973217
Tromso,69.65,18.96,10.0,2000-01-01T12:00:00,2451545.000000000,star_car_canopus,STAR,95.987000,-52.695000,-0.74,280.462105800,280.460618370,280.458555730,280.457067272,44.54574684,-69.91369909,44.54574684,-69.90689573,44.54574684,-69.90699046,44.55400656,-69.91032788,44.55400656,-69.91032788,44.55782248,-69.91131790
Tromso,69.65,18.96,10.0,2000-01-01T12:00:00,2451545.000000000,star_car_miaplacidus,STAR,138.300000,-69.720000,1.67,280.462105800,280.460618370,280.458555730,280.457067272,260.55239253,-83.46477952,260.55239253,-83.46598562,260.55239253,-83.46596996,260.52997339,-83.46993128,260.52997339,-83.46993128,260.52961878,-83.46907557
Tromso,69.65,18.96,10.0,2000-01-01T12:00:00,2451545.000000000,star_cen_rigil_kent,STAR,219.900000,-60.833000,-0.01,280.462105800,280.460618370,280.458555730,280.457067272,231.10437535,-51.98427661,231.10437535,-51.93111672,231.10437535,-51.93200876,231.09183964,-51.98662271,231.09183964,-51.98662271,231.09588298,-51.98562856
Tromso,69.65,18.96,10.0,2000-01-01T12:00:00,2451545.000000000,star_cen_hadar,STAR,210.956000,-60.373000,0.61,280.462105800,280.460618370,280.458555730,280.457067272,237.51924451,-54.13132819,237.51924451,-54.08564035,237.51924451,-54.08638673,237.50708943,-54.13413744,237.50708943,-54.13413744,237.51097718,-54.13315181
Tromso,69.65,18.96,10.0,2000-01-01T12:00:00,2451545.000000000,star_lyr_vega,STAR,279.234000,38.783000,0.03,280.462105800,280.460618370,280.458555730,280.457067272,209.89237121,57.32067891,209.89237121,57.33100849,209.89237121,57.33086079,209.87640326,57.33231804,209.87640326,57.33230779,209.87994187,57.33321220
Tromso,69.65,18.96,10.0,2000-01-01T12:00:00,2451545.000000000,star_cyg_deneb,STAR,310.358000,45.280000,1.25,280.462105800,280.460618370,280.458555730,280.457067272,161.58007794,65.02270458,161.58007794,65.03020769,161.58007794,65.03010043,161.56454774,65.02732965,161.56454774,65.02732221,161.56663367,65.02766852
Tromso,69.65,18.96,10.0,2000-01-01T12:00:00,2451545.000000000,star_cyg_sadr,STAR,305.557000,40.260000,2.23,280.462105800,280.460618370,280.458555730,280.457067272,170.49409946,60.43508366,170.49409946,60.44421941,170.49409946,60.44408880,170.47890589,60.44220295,170.47890589,60.44219389,170.48146639,60.44267359
Tromso,69.65,18.96,10.0,2000-01-01T12:00:00,2451545.000000000,star_cyg_albireo,STAR,292.680000,27.960000,3.05,280.462105800,280.460618370,280.458555730,280.457067272,188.94458168,48.12819658,188.94458168,48.14262254,188.94458168,48.14241615,188.93082337,48.14253292,188.93082337,48.14251860,188.93416554,48.14322958
Tromso,69.65,18.96,10.0,2000-01-01T12:00:00,2451545.000000000,star_aql_altair,STAR,297.696000,8.868000,0.76,280.462105800,280.460618370,280.458555730,280.457067272,181.95987999,29.20829445,181.95987999,29.23698505,181.95987999,29.23657322,181.94827885,29.23743632,181.94827885,29.23740790,181.95193561,29.23803799
Tromso,69.65,18.96,10.0,2000-01-01T12:00:00,2451545.000000000,star_ori_betelgeuse,STAR,88.793000,7.407000,0.5,280.462105800,280.460618370,280.458555730,280.457067272,30.87387205,-10.13206393,30.87387205,-9.95343339,30.87387205,-9.95841719,30.87399780,-10.13013068,30.87399780,-10.13013068,30.87800947,-10.13107067
Tromso,69.65,18.96,10.0,2000-01-01T12:00:00,2451545.000000000,star_ori_rigel,STAR,78.634000,-8.202000,0.13,280.462105800,280.460618370,280.458555730,280.457067272,44.71177875,-23.22996434,44.71177875,-23.07554175,44.71177875,-23.07936041,44.71166973,-23.22737802,44.71166973,-23.22737802,44.71570070,-23.22836829
Tromso,69.65,18.96,10.0,2000-01-01T12:00:00,2451545.000000000,star_ori_bellatrix,STAR,81.283000,6.350000,1.64,280.462105800,280.460618370,280.458555730,280.457067272,38.50493674,-9.68260126,38.50493674,-9.50346592,38.50493674,-9.50847715,38.50481517,-9.68058932,38.50481517,-9.68058932,38.50885125,-9.68156405
Tromso,69.65,18.96,10.0,2000-01-01T12:00:00,2451545.000000000,star_ori_saiph,STAR,86.939000,-9.670000,2.07,280.462105800,280.460618370,280.458555730,280.457067272,36.27400811,-26.53361571,36.27400811,-26.38823514,36.27400811,-26.39168712,36.27443154,-26.53121547,36.27443154,-26.53121547,36.27838414,-26.53218181
Tromso,69.65,18.96,10.0,2000-01-01T12:00:00,2451545.000000000,star_ori_alnitak,STAR,85.190000,-1.940000,1.77,280.462105800,280.460618370,280.458555730,280.457067272,36.38160325,-18.61093739,36.38160325,-18.44584154,36.38160325,-18.45013759,36.38173151,-18.60871112,36.38173151,-18.60871112,36.38572282,-18.60967790
Tromso,69.65,18.96,10.0,2000-01-01T12:00:00,2451545.000000000,star_ori_alnilam,STAR,84.053000,-1.202000,1.69,280.462105800,280.460618370,280.458555730,280.457067272,37.38910553,-17.65188101,37.38910553,-17.48486313,37.38910553,-17.48925096,37.38916964,-17.64965484,37.38916964,-17.64965484,37.39317068,-17.65062556
Tromso,69.65,18.96,10.0,2000-01-01T12:00:00,2451545.000000000,star_ori_mintaka,STAR,83.002000,-0.299000,2.23,280.462105800,280.460618370,280.458555730,280.457067272,38.26186953,-16.54550721,38.26186953,-16.37639770,38.26186953,-16.38088758,38.26187236,-16.54329201,38.26187236,-16.54329201,38.26588236,-16.54426590
Tromso,69.65,18.96,10.0,2000-01-01T12:00:00,2451545.000000000,star_tau_aldebaran,STAR,68.980000,16.509000,0.85,280.462105800,280.460618370,280.458555730,280.457067272,47.75126251,3.09788720,47.75126251,3.28446395,47.75126251,3.27974923,47.75074688,3.31946900,47.75074688,3.31925777,47.75481853,3.33241135
Tromso,69.65,18.96,10.0,2000-01-01T12:00:00,2451545.000000000,star_tau_elnath,STAR,81.573000,28.608000,1.65,280.462105800,280.460618370,280.458555730,280.457067272,33.41066243,11.99445313,33.41066243,12.06798640,33.41066243,12.06690264,33.41084651,12.07080059,33.41084651,12.07072863,33.41497613,12.07040836
Tromso,69.65,18.96,10.0,2000-01-01T12:00:00,2451545.000000000,star_aur_capella,STAR,79.172000,45.998000,0.08,280.462105800,280.460618370,280.458555730,280.457067272,30.98697701,29.34134378,30.98697701,29.36987999,30.98697701,29.36947039,30.98797805,29.37172397,30.98797805,29.37169571,30.99222891,29.37072075
Tromso,69.65,18.96,10.0,2000-01-01T12:00:00,2451545.000000000,star_umi_polaris,STAR,37.954000,89.264000,1.98,280.462105800,280.460618370,280.458555730,280.457067272,2.07164904,69.52590621,2.07164904,69.53192078,2.07164904,69.53183481,2.08148170,69.53455974,2.08148170,69.53455378,2.08752526,69.53387118
Tromso,69.65,18.96,10.0,2000-01-01T12:00:00,2451545.000000000,star_uma_dubhe,STAR,165.932000,61.751000,1.79,280.462105800,280.460618370,280.458555730,280.457067272,330.69130551,45.44681923,330.69130551,45.46266041,330.69130551,45.46243372,330.69094527,45.46738913,330.69094527,45.46737341,330.69600719,45.46714567
Tromso,69.65,18.96,10.0,2000-01-01T12:00:00,2451545.000000000,star_uma_merak,STAR,165.460000,56.380000,2.37,280.462105800,280.460618370,280.458555730,280.457067272,328.48153840,40.31959791,328.48153840,40.33854654,328.48153840,40.33827523,328.48058460,40.34324696,328.48058460,40.34322816,328.48548878,40.34303478
Tromso,69.65,18.96,10.0,2000-01-01T12:00:00,2451545.000000000,star_uma_alioth,STAR,193.507000,55.960000,1.77,280.462105800,280.460618370,280.458555730,280.457067272,308.75196886,46.34476283,308.75196886,46.36011619,308.75196886,46.35989649,308.74888507,46.36548738,308.74888507,46.36547214,308.75397734,46.36562346
Tromso,69.65,18.96,10.0,2000-01-01T12:00:00,2451545.000000000,star_uma_mizar,STAR,200.981000,54.925000,2.23,280.462105800,280.460618370,280.458555730,280.457067272,302.61236102,47.55664940,302.61236102,47.57136684,302.61236102,47.57115627,302.60843417,47.57684957,302.60843417,47.57683497,302.61354211,47.57709061
Tromso,69.65,18.96,10.0,2000-01-01T12:00:00,2451545.000000000,star_uma_alkaid,STAR,206.885000,49.313000,1.85,280.462105800,280.460618370,280.458555730,280.457067272,294.05846470,44.49755345,294.05846470,44.51392682,294.05846470,44.51369249,294.05330186,44.51931742,294.05330186,44.51930117,294.05825091,44.51969195
Tromso,69.65,18.96,10.0,2000-01-01T12:00:00,2451545.000000000,star_cas_schedar,STAR,10.127000,56.537000,2.24,280.462105800,280.460618370,280.458555730,280.457067272,77.08571340,57.73080609,77.08571340,57.74097390,77.08571340,57.74082851,77.08660432,57.73806077,77.08660432,57.73805068,77.08995475,57.73713752
Tromso,69.65,18.96,10.0,2000-01-01T12:00:00,2451545.000000000,star_cas_caph,STAR,2.293000,59.150000,2.28,280.462105800,280.460618370,280.458555730,280.457067272,80.13547278,62.40712982,80.13547278,62.41554722,80.13547278,62.41542688,80.13684054,62.41213539,80.13684054,62.41212704,80.13995247,62.41124466
Tromso,69.65,18.96,10.0,2000-01-01T12:00:00,2451545.000000000,star_per_mirfak,STAR,51.080000,49.860000,1.79,280.462105800,280.460618370,280.458555730,280.457067272,50.77990759,39.34659715,50.77990759,39.36620870,50.77990759,39.36592786,50.78093249,39.36626268,50.78093249,39.36624323,50.78498969,39.36520408
Tromso,69.65,18.96,10.0,2000-01-01T12:00:00,2451545.000000000,star_per_algol,STAR,47.040000,40.960000,2.12,280.462105800,280.460618370,280.458555730,280.457067272,58.42645722,32.35205888,58.42645722,32.37740587,58.42645722,32.37704238,58.42639050,32.37763147,58.42639050,32.37760635,58.43036683,32.37658145
Tromso,69.65,18.96,10.0,2000-01-01T12:00:00,2451545.000000000,star_boo_arcturus,STAR,213.915000,19.182000,-0.05,280.462105800,280.460618370,280.458555730,280.457067272,272.73220337,19.49810170,272.73220337,19.54310115,272.73220337,19.54245092,272.72501869,19.54706546,272.72501869,19.54702108,272.72932765,19.54782276
Tromso,69.65,18.96,10.0,2000-01-01T12:00:00,2451545.000000000,star_vir_spica,STAR,201.298000,-11.161000,0.98,280.462105800,280.460618370,280.458555730,280.457067272,273.69430077,-13.27731247,273.69430077,-13.10280305,273.69430077,-13.10756722,273.68765349,-13.27764103,273.68765349,-13.27764103,273.69156076,-13.27692309
Tromso,69.65,18.96,10.0,2000-01-01T12:00:00,2451545.000000000,star_sco_antares,STAR,247.352000,-26.432000,0.96,280.462105800,280.460618370,280.458555730,280.457067272,226.47957068,-13.05647953,226.47957068,-12.88164671,226.47957068,-12.88642781,226.46915055,-13.05662177,226.46915055,-13.05662177,226.47323400,-13.05562920
Tromso,69.65,18.96,10.0,2000-01-01T12:00:00,2451545.000000000,star_sco_shaula,STAR,263.402000,-37.104000,1.62,280.462105800,280.460618370,280.458555730,280.457067272,209.93884896,-19.95450531,209.93884896,-19.79227256,209.93884896,-19.79643533,209.92761386,-19.95456181,209.92761386,-19.95456181,209.93180684,-19.95362731
Tromso,69.65,18.96,10.0,2000-01-01T12:00:00,2451545.000000000,star_leo_regulus,STAR,152.093000,11.967000,1.36,280.462105800,280.460618370,280.458555730,280.457067272,327.96916975,-5.27690717,327.96916975,-5.09390420,327.96916975,-5.09912692,327.96748286,-5.27575467,327.96748286,-5.27575467,327.97146157,-5.27589408
Tromso,69.65,18.96,10.0,2000-01-01T12:00:00,2451545.000000000,star_gem_pollux,STAR,116.329000,28.026000,1.14,280.462105800,280.460618370,280.458555730,280.457067272,2.75040123,7.69984909,2.75040123,7.81033647,2.75040123,7.80863081,2.75048251,7.81383054,2.75048251,7.81372300,2.75465073,7.81526906
Tromso,69.65,18.96,10.0,2000-01-01T12:00:00,2451545.000000000,star_gem_castor,STAR,113.650000,31.888000,1.58,280.462105800,280.460618370,280.458555730,280.457067272,4.99696982,11.62343959,4.99696982,11.69923343,4.99696982,11.69811403,4.99716583,11.70265262,4.99716583,11.70257849,5.00137988,11.70257270
Tromso,69.65,18.96,10.0,2000-01-01T12:00:00,2451545.000000000,star_psa_fomalhaut,STAR,344.413000,-29.622000,1.17,280.462105800,280.460618370,280.458555730,280.457067272,140.60758789,-14.45856283,140.60758789,-14.28587188,140.60758789,-14.29054193,140.59882442,-14.45675773,140.59882442,-14.45675773,140.60315039,-14.45674574
Tromso,69.65,18.96,10.0,2000-01-01T12:00:00,2451545.000000000,star_eri_achernar,STAR,24.429000,-57.237000,0.45,280.462105800,280.460618370,280.458555730,280.457067272,121.98334058,-50.54465957,121.98334058,-50.48629559,121.98334058,-50.48729323,121.97489404,-50.53997168,121.97489404,-50.53997168,121.98011296,-50.54027784
Tromso,69.65,18.96,10.0,2000-01-01T12:00:00,2451545.000000000,dso_m31_andromeda,GALAXY,10.684000,41.269000,3.44,280.462105800,280.460618370,280.458555730,280.457067272,89.75664526,44.62044724,89.75664526,44.63675072,89.75664526,44.63651740,89.75428126,44.63443941,89.75428126,44.63442323,89.75772223,44.63361774
Tromso,69.65,18.96,10.0,2000-01-01T12:00:00,2451545.000000000,dso_lmc,GALAXY,80.894000,-69.756000,0.9,280.462105800,280.460618370,280.458555730,280.457067272,108.59229694,-76.86366775,108.59229694,-76.86347599,108.59229694,-76.86347854,108.58346168,-76.85798185,108.58346168,-76.85798185,108.59116951,-76.85849878
Tromso,69.65,18.96,10.0,2000-01-01T12:00:00,2451545.000000000,dso_smc,GALAXY,13.187000,-72.829000,2.7,280.462105800,280.460618370,280.458555730,280.457067272,145.32970686,-60.12745117,145.32970686,-60.10024642,145.32970686,-60.10066115,145.31642695,-60.12350406,145.31642695,-60.12350406,145.32221975,-60.12341032
Tromso,69.65,18.96,10.0,2000-01-01T12:00:00,2451545.000000000,dso_m33_triangulum,GALAXY,23.462000,30.660000,5.72,280.462105800,280.460618370,280.458555730,280.457067272,83.75508305,30.60874043,83.75508305,30.63586626,83.75508305,30.63547707,83.75267310,30.63525381,83.75267310,30.63522693,83.75641512,30.63436292
Tromso,69.65,18.96,10.0,2000-01-01T12:00:00,2451545.000000000,dso_m45_pleiades,STAR_CLUSTER,56.871000,24.105000,1.6,280.462105800,280.460618370,280.458555730,280.457067272,56.47793422,13.68369836,56.47793422,13.74833604,56.47793422,13.74739041,56.47714241,13.75046115,56.47714241,13.75039774,56.48118434,13.74981398
Tromso,69.65,18.96,10.0,2000-01-01T12:00:00,2451545.000000000,dso_hyades,STAR_CLUSTER,66.750000,15.870000,0.5,280.462105800,280.460618370,280.458555730,280.457067272,49.98925317,3.06720721,49.98925317,3.25378753,49.98925317,3.24900377,49.98862280,3.29009196,49.98862280,3.28987945,49.99269235,3.30325582
Tromso,69.65,18.96,10.0,2000-01-01T12:00:00,2451545.000000000,dso_m44_beehive,STAR_CLUSTER,130.100000,19.670000,3.7,280.462105800,280.460618370,280.458555730,280.457067272,349.94734326,-0.35648253,349.94734326,-0.17140733,349.94734326,-0.17673371,349.94693945,0.17515688,349.94693945,0.17464829,349.95100374,0.30222315
Tromso,69.65,18.96,10.0,2000-01-01T12:00:00,2451545.000000000,dso_double_cluster,STAR_CLUSTER,34.740000,57.130000,3.7,280.462105800,280.460618370,280.458555730,280.457067272,57.87544538,50.35314119,57.87544538,50.36647961,57.87544538,50.36628881,57.87734351,50.36527449,57.87734351,50.36526125,57.88124678,50.36423988
Tromso,69.65,18.96,10.0,2000-01-01T12:00:00,2451545.000000000,dso_coma_cluster,STAR_CLUSTER,185.600000,26.100000,1.8,280.462105800,280.460618370,280.458555730,280.457067272,300.97135882,16.63802792,300.97135882,16.69110755,300.97135882,16.69033713,300.96712429,16.69526670,300.96712429,16.69521447,300.97147502,16.69571596
Tromso,69.65,18.96,10.0,2000-01-01T12:00:00,2451545.000000000,dso_omega_centauri,GLOBULAR_CLUSTER,201.700000,-47.470000,3.9,280.462105800,280.460618370,280.458555730,280.457067272,255.67546777,-46.25781153,255.67546777,-46.18328812,255.67546777,-46.18463682,255.66636622,-46.26085830,255.66636622,-46.26085830,255.66998428,-46.25996275
Tromso,69.65,18.96,10.0,2000-01-01T12:00:00,2451545.000000000,dso_47_tucanae,GLOBULAR_CLUSTER,6.020000,-72.080000,4.1,280.462105800,280.460618370,280.458555730,280.457067272,147.64031614,-58.17314073,147.64031614,-58.14034895,147.64031614,-58.14085974,147.62718348,-58.16938230,147.62718348,-58.16938230,147.63284041,-58.16924873
Tromso,69.65,18.96,10.0,2000-01-01T12:00:00,2451545.000000000,dso_m13_hercules,GLOBULAR_CLUSTER,250.420000,36.460000,5.8,280.462105800,280.460618370,280.458555730,280.457067272,244.62087745,47.78550890,244.62087745,47.80010900,244.62087745,47.79990012,244.60914147,47.80398114,244.60914147,47.80396665,244.61348928,47.80488829
Tromso,69.65,18.96,10.0,2000-01-01T12:00:00,2451545.000000000,dso_m42_orion_nebula,NEBULA,83.822000,-5.391000,4.0,280.462105800,280.460618370,280.458555730,280.457067272,38.58239094,-21.69415641,38.58239094,-21.53592591,38.58239094,-21.53990893,38.58252558,-21.69179244,38.58252558,-21.69179244,38.58651752,-21.69276743
Tromso,69.65,18.96,10.0,2000-01-01T12:00:00,2451545.000000000,dso_m8_lagoon,NEBULA,270.920000,-24.380000,6.0,280.462105800,280.460618370,280.458555730,280.457067272,205.93365820,-6.23810434,205.93365820,-6.05578029,205.93365820,-6.06096608,205.92260585,-6.23778824,205.92260585,-6.23778824,205.92671965,-6.23687974
Tromso,69.65,18.96,10.0,2000-01-01T12:00:00,2451545.000000000,dso_eta_carinae_nebula,NEBULA,161.260000,-59.870000,1.0,280.462105800,280.460618370,280.458555730,280.457067272,278.47237025,-70.20682456,278.47237025,-70.20042775,278.47237025,-70.20051662,278.46622882,-70.21177416,278.46622882,-70.21177416,278.46822675,-70.21111602
CapeTown,-33.93,18.42,25.0,2030-06-21T00:00:00,2462673.500000000,star_cma_sirius,STAR,101.287000,-16.716000,-1.46,269.237017385,269.237370140,269.241346540,269.241700357,172.55631084,-38.99337442,172.55631084,-38.89074062,172.55631084,-38.89293217,172.55812458,-38.99501916,172.55812458,-38.99501916,172.56296379,-38.99432906
CapeTown,-33.93,18.42,25.0,2030-06-21T00:00:00,2462673.500000000,star_cma_adhara,STAR,104.656000,-28.972000,1.5,269.237017385,269.237370140,269.241346540,269.241700357,177.34158680,-27.00055376,177.34158680,-26.85654189,177.34158680,-26.86013278,177.34396617,-27.00260769,177.34396617,-27.00260769,177.34738969,-27.00153685
CapeTown,-33.93,18.42,25.0,2030-06-21T00:00:00,2462673.500000000,star_cma_wezen,STAR,107.098000,-26.393000,1.83,269.237017385,269.237370140,269.241346540,269.241700357,179.73637196,-29.62412859,179.73637196,-29.48820099,179.73637196,-29.49148184,179.73860642,-29.62621157,179.73860642,-29.62621157,179.74226935,-29.62495282
CapeTown,-33.93,18.42,25.0,2030-06-21T00:00:00,2462673.500000000,star_cma_mirzam,STAR,95.675000,-17.956000,1.98,269.237017385,269.237370140,269.241346540,269.241700357,166.09488790,-36.92066876,166.09488790,-36.81021244,166.09488790,-36.81263678,166.09675024,-36.92216774,166.09675024,-36.92216774,166.10135854,-36.92199891
CapeTown,-33.93,18.42,25.0,2030-06-21T00:00:00,2462673.500000000,star_cmi_procyon,STAR,114.825000,5.225000,0.34,269.237017385,269.237370140,269.241346540,269.241700357,195.38748326,-60.37671203,195.38748326,-60.35018641,195.38748326,-60.35062427,195.38873409,-60.37790706,195.38873409,-60.37790706,195.39682839,-60.37548876
CapeTown,-33.93,18.42,25.0,2030-06-21T00:00:00,2462673.500000000,star_car_canopus,STAR,95.987000,-52.695000,-0.74,269.237017385,269.237370140,269.241346540,269.241700357,173.04732737,-2.77533475,173.04732737,-2.59098705,173.04732737,-2.59652436,173.05131161,-2.77748640,173.05131161,-2.77748640,173.05265463,-2.77675693
CapeTown,-33.93,18.42,25.0,2030-06-21T00:00:00,2462673.500000000,star_car_miaplacidus,STAR,138.300000,-69.720000,1.67,269.237017385,269.237370140,269.241346540,269.241700357,190.55390229,16.16046436,190.55390229,16.21514885,190.55390229,16.21427721,190.55927825,16.21244758,190.55927825,16.21231313,190.55919495,16.21466771
CapeTown,-33.93,18.42,25.0,2030-06-21T00:00:00,2462673.500000000,star_cen_rigil_kent,STAR,219.900000,-60.833000,-0.01,269.237017385,269.237370140,269.241346540,269.241700357,215.79229073,40.11670588,215.79229073,40.13579056,215.79229073,40.13549024,215.79865238,40.12894763,215.79865238,40.12890030,215.79735230,40.13252993
CapeTown,-33.93,18.42,25.0,2030-06-21T00:00:00,2462673.500000000,star_cen_hadar,STAR,210.956000,-60.373000,0.61,269.237017385,269.237370140,269.241346540,269.241700357,216.04212235,35.71015603,216.04212235,35.73250930,216.04212235,35.73215732,216.04777482,35.72591304,216.04777482,35.72585764,216.04684164,35.72950381
CapeTown,-33.93,18.42,25.0,2030-06-21T00:00:00,2462673.500000000,star_lyr_vega,STAR,279.234000,38.783000,0.03,269.237017385,269.237370140,269.241346540,269.241700357,353.36220250,16.86652255,353.36220250,16.91886397,353.36220250,16.91803074,353.35375079,16.91964540,353.35375079,16.91951666,353.35626074,16.91901138
CapeTown,-33.93,18.42,25.0,2030-06-21T00:00:00,2462673.500000000,star_cyg_deneb,STAR,310.358000,45.280000,1.25,269.237017385,269.237370140,269.241346540,269.241700357,16.06410471,7.99860089,16.06410471,8.10550263,16.06410471,8.10371352,16.05728943,8.10849061,16.05728943,8.10823060,16.05896318,8.10796219
CapeTown,-33.93,18.42,25.0,2030-06-21T00:00:00,2462673.500000000,star_cyg_sadr,STAR,305.557000,40.260000,2.23,269.237017385,269.237370140,269.241346540,269.241700357,14.17239157,13.84150373,14.17239157,13.90541080,14.17239157,13.90438641,14.16492974,13.90838384,14.16492974,13.90822717,14.16703986,13.90638213
CapeTown,-33.93,18.42,25.0,2030-06-21T00:00:00,2462673.500000000,star_cyg_albireo,STAR,292.680000,27.960000,3.05,269.237017385,269.237370140,269.241346540,269.241700357,5.32606338,27.83800471,5.32606338,27.86836218,5.32606338,27.86788321,5.31638788,27.87044275,5.31638788,27.87036765,5.31979362,27.86869802
CapeTown,-33.93,18.42,25.0,2030-06-21T00:00:00,2462673.500000000,star_aql_altair,STAR,297.696000,8.868000,0.76,269.237017385,269.237370140,269.241346540,269.241700357,14.88934026,45.99722113,14.88934026,46.01276155,14.88934026,46.01251715,14.87649939,46.01641705,14.87649939,46.01637852,14.88174837,46.01397898
CapeTown,-33.93,18.42,25.0,2030-06-21T00:00:00,2462673.500000000,star_ori_betelgeuse,STAR,88.793000,7.407000,0.5,269.237017385,269.237370140,269.241346540,269.241700357,143.09393478,-58.47904936,143.09393478,-58.44716206,143.09393478,-58.44769869,143.09452416,-58.48009446,143.09452416,-58.48009446,143.10271924,-58.48175269
CapeTown,-33.93,18.42,25.0,2030-06-21T00:00:00,2462673.500000000,star_ori_rigel,STAR,78.634000,-8.202000,0.13,269.237017385,269.237370140,269.241346540,269.241700357,141.77103671,-39.89194529,141.77103671,-39.79275258,141.77103671,-39.79484557,141.77226809,-39.89278777,141.77226809,-39.89278777,141.77698237,-39.89454580
CapeTown,-33.93,18.42,25.0,2030-06-21T00:00:00,2462673.500000000,star_ori_bellatrix,STAR,81.283000,6.350000,1.64,269.237017385,269.237370140,269.241346540,269.241700357,133.05359082,-53.44610514,133.05359082,-53.39807396,133.05359082,-53.39892832,133.05401432,-53.44701488,133.05401432,-53.44701488,133.06050733,-53.44940417
CapeTown,-33.93,18.42,25.0,2030-06-21T00:00:00,2462673.500000000,star_ori_saiph,STAR,86.939000,-9.670000,2.07,269.237017385,269.237370140,269.241346540,269.241700357,152.36374120,-42.31086311,152.36374120,-42.22102761,152.36374120,-42.22286363,152.36514717,-42.31199038,152.36514717,-42.31199038,152.37040875,-42.31292814
CapeTown,-33.93,18.42,25.0,2030-06-21T00:00:00,2462673.500000000,star_ori_alnitak,STAR,85.190000,-1.940000,1.77,269.237017385,269.237370140,269.241346540,269.241700357,145.40197179,-48.55754332,145.40197179,-48.49179049,145.40197179,-48.49303086,145.40295668,-48.55857223,145.40295668,-48.55857223,145.40906289,-48.56005445
CapeTown,-33.93,18.42,25.0,2030-06-21T00:00:00,2462673.500000000,star_ori_alnilam,STAR,84.053000,-1.202000,1.69,269.237017385,269.237370140,269.241346540,269.241700357,143.35808923,-48.65821110,143.35808923,-48.59283747,143.35808923,-48.59406914,143.35901295,-48.65920776,143.35901295,-48.65920776,143.36507359,-48.66084603
CapeTown,-33.93,18.42,25.0,2030-06-21T00:00:00,2462673.500000000,star_ori_mintaka,STAR,83.002000,-0.299000,2.23,269.237017385,269.237370140,269.241346540,269.241700357,141.28956958,-48.90757523,141.28956958,-48.84313884,141.28956958,-48.84434911,141.29042309,-48.90854126,141.29042309,-48.90854126,141.29645625,-48.91033534
CapeTown,-33.93,18.42,25.0,2030-06-21T00:00:00,2462673.500000000,star_tau_aldebaran,STAR,68.980000,16.509000,0.85,269.237017385,269.237370140,269.241346540,269.241700357,107.19215247,-51.60599291,107.19215247,-51.55147933,107.19215247,-51.55247017,107.19159526,-51.60654040,107.19159526,-51.60654040,107.19592362,-51.61042785
CapeTown,-33.93,18.42,25.0,2030-06-21T00:00:00,2462673.500000000,star_tau_elnath,STAR,81.573000,28.608000,1.65,269.237017385,269.237370140,269.241346540,269.241700357,96.64967699,-67.54725609,96.64967699,-67.53673370,96.64967699,-67.53689664,96.64812655,-67.54807472,96.64812655,-67.54807472,96.65357325,-67.55236161
CapeTown,-33.93,18.42,25.0,2030-06-21T00:00:00,2462673.500000000,star_aur_capella,STAR,79.172000,45.998000,0.08,269.237017385,269.237370140,269.241346540,269.241700357,51.92832427,-65.60220097,51.92832427,-65.58803496,51.92832427,-65.58825783,51.92509899,-65.60265137,51.92509899,-65.60265137,51.92236775,-65.60695499
CapeTown,-33.93,18.42,25.0,2030-06-21T00:00:00,2462673.500000000,star_umi_polaris,STAR,37.954000,89.264000,1.98,269.237017385,269.237370140,269.241346540,269.241700357,0.64171938,-34.23878513,0.64171938,-34.11853126,0.64171938,-34.12126583,0.63719704,-34.23921694,0.63719704,-34.23921694,0.63528840,-34.24054544
CapeTown,-33.93,18.42,25.0,2030-06-21T00:00:00,2462673.500000000,star_uma_dubhe,STAR,165.932000,61.751000,1.79,269.237017385,269.237370140,269.241346540,269.241700357,325.50912640,-44.09291041,325.50912640,-44.01000431,325.50912640,-44.01165973,325.50545500,-44.09402192,325.50545500,-44.09402192,325.50230844,-44.09254723
CapeTown,-33.93,18.42,25.0,2030-06-21T00:00:00,2462673.500000000,star_uma_merak,STAR,165.460000,56.380000,2.37,269.237017385,269.237370140,269.241346540,269.241700357,318.06418241,-44.96565745,318.06418241,-44.88613965,318.06418241,-44.88770958,318.06076914,-44.96687709,318.06076914,-44.96687709,318.05771851,-44.96484417
CapeTown,-33.93,18.42,25.0,2030-06-21T00:00:00,2462673.500000000,star_uma_alioth,STAR,193.507000,55.960000,1.77,269.237017385,269.237370140,269.241346540,269.241700357,319.86981880,-29.51855295,319.86981880,-29.38228756,319.86981880,-29.38558095,319.86565884,-29.52056114,319.86565884,-29.52056114,319.86437964,-29.51866083
CapeTown,-33.93,18.42,25.0,2030-06-21T00:00:00,2462673.500000000,star_uma_mizar,STAR,200.981000,54.925000,2.23,269.237017385,269.237370140,269.241346540,269.241700357,320.48941364,-25.19152366,320.48941364,-25.04233237,320.48941364,-25.04613367,320.48501054,-25.19373971,320.48501054,-25.19373971,320.48412786,-25.19188534
CapeTown,-33.93,18.42,25.0,2030-06-21T00:00:00,2462673.500000000,star_uma_alkaid,STAR,206.885000,49.313000,1.85,269.237017385,269.237370140,269.241346540,269.241700357,316.86157066,-19.41907012,316.86157066,-19.25567252,316.86157066,-19.26010626,316.85699178,-19.42177553,316.85699178,-19.42177553,316.85665533,-19.41965542
CapeTown,-33.93,18.42,25.0,2030-06-21T00:00:00,2462673.500000000,star_cas_schedar,STAR,10.127000,56.537000,2.24,269.237017385,269.237370140,269.241346540,269.241700357,36.68408456,-24.22256492,36.68408456,-24.07073856,36.68408456,-24.07465076,36.68009067,-24.22164125,36.68009067,-24.22164125,36.67994382,-24.22533417
CapeTown,-33.93,18.42,25.0,2030-06-21T00:00:00,2462673.500000000,star_cas_caph,STAR,2.293000,59.150000,2.28,269.237017385,269.237370140,269.241346540,269.241700357,32.06124158,-21.76077009,32.06124158,-21.60269944,32.06124158,-21.60688571,32.05695514,-21.75985519,32.05695514,-21.75985519,32.05683600,-21.76330905
CapeTown,-33.93,18.42,25.0,2030-06-21T00:00:00,2462673.500000000,star_per_mirfak,STAR,51.080000,49.860000,1.79,269.237017385,269.237370140,269.241346540,269.241700357,50.82972193,-46.51573764,50.82972193,-46.44220661,50.82972193,-46.44362980,50.82672054,-46.51569469,50.82672054,-46.51569469,50.82591255,-46.51996407
CapeTown,-33.93,18.42,25.0,2030-06-21T00:00:00,2462673.500000000,star_per_algol,STAR,47.040000,40.960000,2.12,269.237017385,269.237370140,269.241346540,269.241700357,62.82884870,-42.71348676,62.82884870,-42.62521635,62.82884870,-42.62701089,62.82635327,-42.71327091,62.82635327,-42.71327091,62.82664163,-42.71782725
CapeTown,-33.93,18.42,25.0,2030-06-21T00:00:00,2462673.500000000,star_boo_arcturus,STAR,213.915000,19.182000,-0.05,269.237017385,269.237370140,269.241346540,269.241700357,294.95963956,2.41853490,294.95963956,2.60375623,294.95963956,2.59819118,294.95510542,2.66660676,294.95510542,2.66599888,294.95635429,2.68996977
CapeTown,-33.93,18.42,25.0,2030-06-21T00:00:00,2462673.500000000,star_vir_spica,STAR,201.298000,-11.161000,0.98,269.237017385,269.237370140,269.241346540,269.241700357,262.75946743,9.61248887,262.75946743,9.70312707,262.75946743,9.70164040,262.75782517,9.69740320,262.75782517,9.69718218,262.75906518,9.70309192
CapeTown,-33.93,18.42,25.0,2030-06-21T00:00:00,2462673.500000000,star_sco_antares,STAR,247.352000,-26.432000,0.96,269.237017385,269.237370140,269.241346540,269.241700357,271.34279855,55.01366779,271.34279855,55.02493610,271.34279855,55.02475898,271.33764825,55.01534382,271.33764825,55.01531587,271.34074432,55.01973265
CapeTown,-33.93,18.42,25.0,2030-06-21T00:00:00,2462673.500000000,star_sco_shaula,STAR,263.402000,-37.104000,1.62,269.237017385,269.237370140,269.241346540,269.241700357,253.78363043,70.47920979,253.78363043,70.48492093,253.78363043,70.48483120,253.78439150,70.47453973,253.78439150,70.47452558,253.78545922,70.47916302
CapeTown,-33.93,18.42,25.0,2030-06-21T00:00:00,2462673.500000000,star_leo_regulus,STAR,152.093000,11.967000,1.36,269.237017385,269.237370140,269.241346540,269.241700357,252.50836348,-43.64299260,252.50836348,-43.55833727,252.50836348,-43.56003754,252.50789681,-43.64524782,252.50789681,-43.64524782,252.50913385,-43.64060479
CapeTown,-33.93,18.42,25.0,2030-06-21T00:00:00,2462673.500000000,star_gem_pollux,STAR,116.329000,28.026000,1.14,269.237017385,269.237370140,269.241346540,269.241700357,235.08354222,-80.14897415,235.08354222,-80.14995620,235.08354222,-80.14994206,235.08609374,-80.14898965,235.08609374,-80.14898965,235.09588731,-80.14459608
CapeTown,-33.93,18.42,25.0,2030-06-21T00:00:00,2462673.500000000,star_gem_castor,STAR,113.650000,31.888000,1.58,269.237017385,269.237370140,269.241346540,269.241700357,250.56405796,-84.16833384,250.56405796,-84.16949055,250.56405796,-84.16947409,250.56794709,-84.16804643,250.56794709,-84.16804643,250.57179987,-84.16341020
CapeTown,-33.93,18.42,25.0,2030-06-21T00:00:00,2462673.500000000,star_psa_fomalhaut,STAR,344.413000,-29.622000,1.17,269.237017385,269.237370140,269.241346540,269.241700357,101.17201447,41.76861911,101.17201447,41.78662770,101.17201447,41.78634436,101.17538187,41.79398376,101.17538187,41.79393912,101.17460857,41.78979153
CapeTown,-33.93,18.42,25.0,2030-06-21T00:00:00,2462673.500000000,star_eri_achernar,STAR,24.429000,-57.237000,0.45,269.237017385,269.237370140,269.241346540,269.241700357,143.67658502,24.40701097,143.67658502,24.44227788,143.67658502,24.44172058,143.68282022,24.44480978,143.68282022,24.44472264,143.68196442,24.44315726
CapeTown,-33.93,18.42,25.0,2030-06-21T00:00:00,2462673.500000000,dso_m31_andromeda,GALAXY,10.684000,41.269000,3.44,269.237017385,269.237370140,269.241346540,269.241700357,51.29408296,-17.35941128,51.29408296,-17.19182741,51.29408296,-17.19646526,51.29069591,-17.35770161,51.29069591,-17.35770161,51.29125552,-17.36198569
CapeTown,-33.93,18.42,25.0,2030-06-21T00:00:00,2462673.500000000,dso_lmc,GALAXY,80.894000,-69.756000,0.9,269.237017385,269.237370140,269.241346540,269.241700357,170.65530324,15.49322495,170.65530324,15.55030359,170.65530324,15.54939256,170.66109794,15.54977582,170.66109794,15.54963560,170.66093976,15.55050172
CapeTown,-33.93,18.42,25.0,2030-06-21T00:00:00,2462673.500000000,dso_smc,GALAXY,13.187000,-72.829000,2.7,269.237017385,269.237370140,269.241346540,269.241700357,159.13080992,33.43402970,159.13080992,33.45835513,159.13080992,33.45797192,159.13925543,33.45899669,159.13925543,33.45893643,159.13732055,33.45853411
CapeTown,-33.93,18.42,25.0,2030-06-21T00:00:00,2462673.500000000,dso_m33_triangulum,GALAXY,23.462000,30.660000,5.72,269.237017385,269.237370140,269.241346540,269.241700357,66.40136741,-21.30365278,66.40136741,-21.14449499,66.40136741,-21.14873071,66.39902040,-21.30205216,66.39902040,-21.30205216,66.39990085,-21.30665582
CapeTown,-33.93,18.42,25.0,2030-06-21T00:00:00,2462673.500000000,dso_m45_pleiades,STAR_CLUSTER,56.871000,24.105000,1.6,269.237017385,269.237370140,269.241346540,269.241700357,88.76837356,-45.38539581,88.76837356,-45.30750395,88.76837356,-45.30903349,88.76710998,-45.38547312,88.76710998,-45.38547312,88.76942933,-45.38996464
CapeTown,-33.93,18.42,25.0,2030-06-21T00:00:00,2462673.500000000,dso_hyades,STAR_CLUSTER,66.750000,15.870000,0.5,269.237017385,269.237370140,269.241346540,269.241700357,106.12526965,-49.47649571,106.12526965,-49.41418617,106.12526965,-49.41534830,106.12472918,-49.47695569,106.12472918,-49.47695569,106.12873825,-49.48088979
CapeTown,-33.93,18.42,25.0,2030-06-21T00:00:00,2462673.500000000,dso_m44_beehive,STAR_CLUSTER,130.100000,19.670000,3.7,269.237017385,269.237370140,269.241346540,269.241700357,240.54934573,-65.12431273,240.54934573,-65.10917057,240.54934573,-65.10940977,240.54977809,-65.12503914,240.54977809,-65.12503914,240.55323085,-65.12052216
CapeTown,-33.93,18.42,25.0,2030-06-21T00:00:00,2462673.500000000,dso_double_cluster,STAR_CLUSTER,34.740000,57.130000,3.7,269.237017385,269.237370140,269.241346540,269.241700357,40.35182472,-37.25431406,40.35182472,-37.14510421,40.35182472,-37.14749061,40.34831753,-37.25395249,40.34831753,-37.25395249,40.34747963,-37.25781806
CapeTown,-33.93,18.42,25.0,2030-06-21T00:00:00,2462673.500000000,dso_coma_cluster,STAR_CLUSTER,185.600000,26.100000,1.8,269.237017385,269.237370140,269.241346540,269.241700357,286.52280100,-23.27137552,286.52280100,-23.11705914,286.52280100,-23.12107867,286.51999761,-23.27499406,286.51999761,-23.27499406,286.52004464,-23.27107699
CapeTown,-33.93,18.42,25.0,2030-06-21T00:00:00,2462673.500000000,dso_omega_centauri,GLOBULAR_CLUSTER,201.700000,-47.470000,3.9,269.237017385,269.237370140,269.241346540,269.241700357,229.02491809,27.15161297,229.02491809,27.18286221,229.02491809,27.18236903,229.02793218,27.17595725,229.02793218,27.17587994,229.02804669,27.18010435
CapeTown,-33.93,18.42,25.0,2030-06-21T00:00:00,2462673.500000000,dso_47_tucanae,GLOBULAR_CLUSTER,6.020000,-72.080000,4.1,269.237017385,269.237370140,269.241346540,269.241700357,158.02187095,35.52827425,158.02187095,35.55077708,158.02187095,35.55042274,158.03071233,35.55158253,158.03071233,35.55152678,158.02853451,35.55103075
CapeTown,-33.93,18.42,25.0,2030-06-21T00:00:00,2462673.500000000,dso_m13_hercules,GLOBULAR_CLUSTER,250.420000,36.460000,5.8,269.237017385,269.237370140,269.241346540,269.241700357,330.38726009,11.67373912,330.38726009,11.74921905,330.38726009,11.74799866,330.37974550,11.74766546,330.37974550,11.74748091,330.38179840,11.74936485
CapeTown,-33.93,18.42,25.0,2030-06-21T00:00:00,2462673.500000000,dso_m42_orion_nebula,NEBULA,83.822000,-5.391000,4.0,269.237017385,269.237370140,269.241346540,269.241700357,145.98612911,-44.86807329,145.98612911,-44.78817708,145.98612911,-44.78975647,145.98727310,-44.86908137,145.98727310,-44.86908137,145.99279025,-44.87051863
CapeTown,-33.93,18.42,25.0,2030-06-21T00:00:00,2462673.500000000,dso_m8_lagoon,NEBULA,270.920000,-24.380000,6.0,269.237017385,269.237370140,269.241346540,269.241700357,299.72444205,72.91879260,299.72444205,72.92374287,299.72444205,72.92366510,299.69989776,72.91594124,299.69989776,72.91592898,299.71183004,72.91916851
CapeTown,-33.93,18.42,25.0,2030-06-21T00:00:00,2462673.500000000,dso_eta_carinae_nebula,NEBULA,161.260000,-59.870000,1.0,269.237017385,269.237370140,269.241346540,269.241700357,204.55737782,13.85132217,204.55737782,13.91518428,204.55737782,13.91416064,204.56170536,13.91131755,204.56170536,13.91116092,204.56195587,13.91464252
Honolulu,21.31,-157.86,5.0,2030-06-21T00:00:00,2462673.500000000,star_cma_sirius,STAR,101.287000,-16.716000,-1.46,269.237017385,269.237370140,269.241346540,269.241700357,194.86136873,50.75540986,194.86136873,50.76855913,194.86136873,50.76837726,194.85976406,50.77080157,194.85976406,50.77079504,194.85372477,50.77059224
Honolulu,21.31,-157.86,5.0,2030-06-21T00:00:00,2462673.500000000,star_cma_adhara,STAR,104.656000,-28.972000,1.5,269.237017385,269.237370140,269.241346540,269.241700357,187.26796706,39.29242277,187.26796706,39.31207203,187.26796706,39.31179994,187.26568164,39.31495707,187.26568164,39.31494732,187.26163057,39.31410378
Honolulu,21.31,-157.86,5.0,2030-06-21T00:00:00,2462673.500000000,star_cma_wezen,STAR,107.098000,-26.393000,1.83,269.237017385,269.237370140,269.241346540,269.241700357,184.79862111,42.08943766,184.79862111,42.10724524,184.79862111,42.10699874,184.79645543,42.11007465,184.79645543,42.11006582,184.79203897,42.10902244
Honolulu,21.31,-157.86,5.0,2030-06-21T00:00:00,2462673.500000000,star_cma_mirzam,STAR,95.675000,-17.956000,1.98,269.237017385,269.237370140,269.241346540,269.241700357,202.10607839,47.92831637,202.10607839,47.94284368,202.10607839,47.94264271,202.10447472,47.94501962,202.10447472,47.94501241,202.09901046,47.94540872
Honolulu,21.31,-157.86,5.0,2030-06-21T00:00:00,2462673.500000000,star_cmi_procyon,STAR,114.825000,5.225000,0.34,269.237017385,269.237370140,269.241346540,269.241700357,166.45814786,73.41682528,166.45814786,73.42162274,166.45814786,73.42155644,166.45652197,73.42300558,166.45652197,73.42300321,166.44248644,73.42058068
Honolulu,21.31,-157.86,5.0,2030-06-21T00:00:00,2462673.500000000,star_car_canopus,STAR,95.987000,-52.695000,-0.74,269.237017385,269.237370140,269.241346540,269.241700357,189.47532363,14.79726836,189.47532363,14.85705440,189.47532363,14.85621095,189.47158262,14.86094423,189.47158262,14.86091486,189.47013334,14.86057809
Honolulu,21.31,-157.86,5.0,2030-06-21T00:00:00,2462673.500000000,star_car_miaplacidus,STAR,138.300000,-69.720000,1.67,269.237017385,269.237370140,269.241346540,269.241700357,170.99145223,-3.16726388,170.99145223,-2.98308688,170.99145223,-2.98829053,170.98651664,-3.16308183,170.98651664,-3.16308183,170.98655598,-3.16515857
Honolulu,21.31,-157.86,5.0,2030-06-21T00:00:00,2462673.500000000,star_cen_rigil_kent,STAR,219.900000,-60.833000,-0.01,269.237017385,269.237370140,269.241346540,269.241700357,148.78851515,-27.76510434,148.78851515,-27.62338023,148.78851515,-27.62662955,148.78244115,-27.75811188,148.78244115,-27.75811188,148.78392448,-27.76165896
Honolulu,21.31,-157.86,5.0,2030-06-21T00:00:00,2462673.500000000,star_cen_hadar,STAR,210.956000,-60.373000,0.61,269.237017385,269.237370140,269.241346540,269.241700357,148.14497542,-23.39248948,148.14497542,-23.23848477,148.14497542,-23.24221741,148.13944763,-23.38560210,148.13944763,-23.38560210,148.14061376,-23.38918481
Honolulu,21.31,-157.86,5.0,2030-06-21T00:00:00,2462673.500000000,star_lyr_vega,STAR,279.234000,38.783000,0.03,269.237017385,269.237370140,269.241346540,269.241700357,10.55496548,-28.85643443,10.55496548,-28.71807387,10.55496548,-28.72120013,10.56391724,-28.85509841,10.56391724,-28.85509841,10.56110405,-28.85458191
Honolulu,21.31,-157.86,5.0,2030-06-21T00:00:00,2462673.500000000,star_cyg_deneb,STAR,310.358000,45.280000,1.25,269.237017385,269.237370140,269.241346540,269.241700357,345.63959968,-21.03826076,345.63959968,-20.87848231,345.63959968,-20.88246308,345.64666524,-21.03972107,345.64666524,-21.03972107,345.64489519,-21.03725326
Honolulu,21.31,-157.86,5.0,2030-06-21T00:00:00,2462673.500000000,star_cyg_sadr,STAR,305.557000,40.260000,2.23,269.237017385,269.237370140,269.241346540,269.241700357,347.68438469,-26.87774188,347.68438469,-26.73336790,347.68438469,-26.73671684,347.69234662,-26.87923125,347.69234662,-26.87923125,347.69003384,-26.87691087
Honolulu,21.31,-157.86,5.0,2030-06-21T00:00:00,2462673.500000000,star_cyg_albireo,STAR,292.680000,27.960000,3.05,269.237017385,269.237370140,269.241346540,269.241700357,358.12097627,-40.63912708,358.12097627,-40.54281284,358.12097627,-40.54465473,358.13210732,-40.63979290,358.13210732,-40.63979290,358.12802679,-40.63826681
Honolulu,21.31,-157.86,5.0,2030-06-21T00:00:00,2462673.500000000,star_aql_altair,STAR,297.696000,8.868000,0.76,269.237017385,269.237370140,269.241346540,269.241700357,347.07395164,-59.03635630,347.07395164,-59.00608868,347.07395164,-59.00654245,347.09102476,-59.03940821,347.09102476,-59.03940821,347.08391392,-59.03704399
Honolulu,21.31,-157.86,5.0,2030-06-21T00:00:00,2462673.500000000,star_ori_betelgeuse,STAR,88.793000,7.407000,0.5,269.237017385,269.237370140,269.241346540,269.241700357,240.29127966,64.47129959,240.29127966,64.47899210,240.29127966,64.47888577,240.29181924,64.48020488,240.29181924,64.48020106,240.28437134,64.48346186
Honolulu,21.31,-157.86,5.0,2030-06-21T00:00:00,2462673.500000000,star_ori_rigel,STAR,78.634000,-8.202000,0.13,269.237017385,269.237370140,269.241346540,269.241700357,230.55392091,46.64620827,230.55392091,46.66140110,230.55392091,46.66119090,230.55306610,46.66289306,230.55306610,46.66288552,230.54866467,46.66548983
Honolulu,21.31,-157.86,5.0,2030-06-21T00:00:00,2462673.500000000,star_ori_bellatrix,STAR,81.283000,6.350000,1.64,269.237017385,269.237370140,269.241346540,269.241700357,246.86517157,57.63609342,246.86517157,57.64629846,246.86517157,57.64615737,246.86548778,57.64746123,246.86548778,57.64745617,246.86045604,57.65108226
Honolulu,21.31,-157.86,5.0,2030-06-21T00:00:00,2462673.500000000,star_ori_saiph,STAR,86.939000,-9.670000,2.07,269.237017385,269.237370140,269.241346540,269.241700357,219.76337772,51.03030272,219.76337772,51.04332396,219.76337772,51.04314386,219.76240820,51.04503828,219.76240820,51.04503182,219.75677657,51.04685226
Honolulu,21.31,-157.86,5.0,2030-06-21T00:00:00,2462673.500000000,star_ori_alnitak,STAR,85.190000,-1.940000,1.77,269.237017385,269.237370140,269.241346540,269.241700357,230.52893189,55.69120697,230.52893189,55.70219432,230.52893189,55.70204239,230.52857116,55.70364789,230.52857116,55.70364243,230.52255571,55.70625689
Honolulu,21.31,-157.86,5.0,2030-06-21T00:00:00,2462673.500000000,star_ori_alnilam,STAR,84.053000,-1.202000,1.69,269.237017385,269.237370140,269.241346540,269.241700357,232.85395737,55.36729302,232.85395737,55.37841412,232.85395737,55.37826034,232.85365668,55.37982778,232.85365668,55.37982226,232.84787182,55.38259506
Honolulu,21.31,-157.86,5.0,2030-06-21T00:00:00,2462673.500000000,star_ori_mintaka,STAR,83.002000,-0.299000,2.23,269.237017385,269.237370140,269.241346540,269.241700357,235.26167840,55.17149017,235.26167840,55.18269263,235.26167840,55.18253772,235.26144900,55.18406332,235.26144900,55.18405776,235.25587942,55.18698984
Honolulu,21.31,-157.86,5.0,2030-06-21T00:00:00,2462673.500000000,star_tau_aldebaran,STAR,68.980000,16.509000,0.85,269.237017385,269.237370140,269.241346540,269.241700357,270.59596139,50.13814136,270.59596139,50.15158178,270.59596139,50.15139587,270.59676754,50.15231017,270.59676754,50.15230350,270.59497622,50.15684201
Honolulu,21.31,-157.86,5.0,2030-06-21T00:00:00,2462673.500000000,star_tau_elnath,STAR,81.573000,28.608000,1.65,269.237017385,269.237370140,269.241346540,269.241700357,291.38122171,62.50449657,291.38122171,62.51287918,291.38122171,62.51276330,291.38308095,62.51346135,291.38308095,62.51345719,291.38361988,62.51818619
Honolulu,21.31,-157.86,5.0,2030-06-21T00:00:00,2462673.500000000,star_aur_capella,STAR,79.172000,45.998000,0.08,269.237017385,269.237370140,269.241346540,269.241700357,321.35872927,54.31014178,321.35872927,54.32170677,321.35872927,54.32154685,321.36092140,54.32215256,321.36092140,54.32214682,321.36449617,54.32603655
Honolulu,21.31,-157.86,5.0,2030-06-21T00:00:00,2462673.500000000,star_umi_polaris,STAR,37.954000,89.264000,1.98,269.237017385,269.237370140,269.241346540,269.241700357,359.40919564,21.58434525,359.40919564,21.62470999,359.40919564,21.62414706,359.41301109,21.62654435,359.41301109,21.62652441,359.41461548,21.62795567
Honolulu,21.31,-157.86,5.0,2030-06-21T00:00:00,2462673.500000000,star_uma_dubhe,STAR,165.932000,61.751000,1.79,269.237017385,269.237370140,269.241346540,269.241700357,28.42299770,35.01402286,28.42299770,35.03695577,28.42299770,35.03663795,28.42568902,35.03939772,28.42568902,35.03938635,28.42876633,35.03836634
Honolulu,21.31,-157.86,5.0,2030-06-21T00:00:00,2462673.500000000,star_uma_merak,STAR,165.460000,56.380000,2.37,269.237017385,269.237370140,269.241346540,269.241700357,34.57474572,37.05787195,34.57474572,37.07915618,34.57474572,37.07886133,34.57715759,37.08167716,34.57715759,37.08166660,34.58039164,37.08015160
Honolulu,21.31,-157.86,5.0,2030-06-21T00:00:00,2462673.500000000,star_uma_alioth,STAR,193.507000,55.960000,1.77,269.237017385,269.237370140,269.241346540,269.241700357,36.84380616,21.67022615,36.84380616,21.71041781,36.84380616,21.70985733,36.84705315,21.71430919,36.84705315,21.71428934,36.84863666,21.71266264
Honolulu,21.31,-157.86,5.0,2030-06-21T00:00:00,2462673.500000000,star_uma_mizar,STAR,200.981000,54.925000,2.23,269.237017385,269.237370140,269.241346540,269.241700357,37.17603299,17.31963005,37.17603299,17.37056081,37.17603299,17.36984650,37.17954602,17.37485411,37.17954602,17.37482903,37.18074316,17.37329269
Honolulu,21.31,-157.86,5.0,2030-06-21T00:00:00,2462673.500000000,star_uma_alkaid,STAR,206.885000,49.313000,1.85,269.237017385,269.237370140,269.241346540,269.241700357,41.74779380,12.31431842,41.74779380,12.38600004,41.74779380,12.38497890,41.75145995,12.39096096,41.75145995,12.39092587,41.75220651,12.38946176
Honolulu,21.31,-157.86,5.0,2030-06-21T00:00:00,2462673.500000000,star_cas_schedar,STAR,10.127000,56.537000,2.24,269.237017385,269.237370140,269.241346540,269.241700357,326.54443554,11.99272116,326.54443554,12.06626470,326.54443554,12.06521524,326.54793508,12.06648782,326.54793508,12.06645182,326.54838560,12.07069051
Honolulu,21.31,-157.86,5.0,2030-06-21T00:00:00,2462673.500000000,star_cas_caph,STAR,2.293000,59.150000,2.28,269.237017385,269.237370140,269.241346540,269.241700357,330.67639848,9.22249325,330.67639848,9.31663709,330.67639848,9.31526210,330.68022544,9.31693366,330.68022544,9.31688777,330.68056472,9.32162408
Honolulu,21.31,-157.86,5.0,2030-06-21T00:00:00,2462673.500000000,star_per_mirfak,STAR,51.080000,49.860000,1.79,269.237017385,269.237370140,269.241346540,269.241700357,316.98181289,35.45872523,316.98181289,35.48128560,316.98181289,35.48097297,316.98416843,35.48159781,316.98416843,35.48158662,316.98568106,35.48565185
Honolulu,21.31,-157.86,5.0,2030-06-21T00:00:00,2462673.500000000,star_per_algol,STAR,47.040000,40.960000,2.12,269.237017385,269.237370140,269.241346540,269.241700357,305.98360190,33.25666228,305.98360190,33.28115119,305.98360190,33.28081166,305.98559153,33.28130969,305.98559153,33.28129755,305.98642351,33.28574531
Honolulu,21.31,-157.86,5.0,2030-06-21T00:00:00,2462673.500000000,star_boo_arcturus,STAR,213.915000,19.182000,-0.05,269.237017385,269.237370140,269.241346540,269.241700357,67.55499075,-4.47427502,67.55499075,-4.29077444,67.55499075,-4.29594294,67.55814162,-4.46798314,67.55814162,-4.46798314,67.55770741,-4.47168172
Honolulu,21.31,-157.86,5.0,2030-06-21T00:00:00,2462673.500000000,star_vir_spica,STAR,201.298000,-11.161000,0.98,269.237017385,269.237370140,269.241346540,269.241700357,100.45092598,-4.38986254,100.45092598,-4.20631328,100.45092598,-4.21148435,100.45102264,-4.38244487,100.45102264,-4.38244487,100.45078405,-4.38718960
Honolulu,21.31,-157.86,5.0,2030-06-21T00:00:00,2462673.500000000,star_sco_antares,STAR,247.352000,-26.432000,0.96,269.237017385,269.237370140,269.241346540,269.241700357,106.26764658,-50.03458532,106.26764658,-49.97434544,106.26764658,-49.97535555,106.26674369,-50.02431214,106.26674369,-50.02431214,106.26649501,-50.02908572
Honolulu,21.31,-157.86,5.0,2030-06-21T00:00:00,2462673.500000000,star_sco_shaula,STAR,263.402000,-37.104000,1.62,269.237017385,269.237370140,269.241346540,269.241700357,129.69758044,-61.46600006,129.69758044,-61.44234995,129.69758044,-61.44269517,129.68841426,-61.45653079,129.68841426,-61.45653079,129.69163366,-61.46092779
Honolulu,21.31,-157.86,5.0,2030-06-21T00:00:00,2462673.500000000,star_leo_regulus,STAR,152.093000,11.967000,1.36,269.237017385,269.237370140,269.241346540,269.241700357,96.83917464,49.58469845,96.83917464,49.59840437,96.83917464,49.59821478,96.83868392,49.60124427,96.83868392,49.60123746,96.83945285,49.59649294
Honolulu,21.31,-157.86,5.0,2030-06-21T00:00:00,2462673.500000000,star_gem_pollux,STAR,116.329000,28.026000,1.14,269.237017385,269.237370140,269.241346540,269.241700357,35.47138222,81.73577257,35.47138222,81.73811272,35.47138222,81.73808038,35.47048087,81.73782245,35.47048087,81.73782130,35.50140773,81.73628825
Honolulu,21.31,-157.86,5.0,2030-06-21T00:00:00,2462673.500000000,star_gem_castor,STAR,113.650000,31.888000,1.58,269.237017385,269.237370140,269.241346540,269.241700357,12.59682237,79.20737186,12.59682237,79.21044309,12.59682237,79.21040065,12.59785439,79.21021600,12.59785439,79.21021449,12.62263218,79.21055560
Honolulu,21.31,-157.86,5.0,2030-06-21T00:00:00,2462673.500000000,star_psa_fomalhaut,STAR,344.413000,-29.622000,1.17,269.237017385,269.237370140,269.241346540,269.241700357,248.91877361,-41.43424432,248.91877361,-41.34100634,248.91877361,-41.34276915,248.91295371,-41.43983560,248.91295371,-41.43983560,248.91534185,-41.43606662
Honolulu,21.31,-157.86,5.0,2030-06-21T00:00:00,2462673.500000000,star_eri_achernar,STAR,24.429000,-57.237000,0.45,269.237017385,269.237370140,269.241346540,269.241700357,214.36520603,-16.00194376,214.36520603,-15.83185576,214.36520603,-15.83631884,214.35925605,-16.00230938,214.35925605,-16.00230938,214.36036280,-16.00086704
Honolulu,21.31,-157.86,5.0,2030-06-21T00:00:00,2462673.500000000,dso_m31_andromeda,GALAXY,10.684000,41.269000,3.44,269.237017385,269.237370140,269.241346540,269.241700357,312.03774832,6.65577577,312.03774832,6.78056258,312.03774832,6.77864018,312.04064155,6.78042995,312.04064155,6.78036910,312.04068105,6.78771315
Honolulu,21.31,-157.86,5.0,2030-06-21T00:00:00,2462673.500000000,dso_lmc,GALAXY,80.894000,-69.756000,0.9,269.237017385,269.237370140,269.241346540,269.241700357,190.16871928,-3.61116373,190.16871928,-3.42719793,190.16871928,-3.43239078,190.16348779,-3.60871659,190.16348779,-3.60871659,190.16358860,-3.60926612
Honolulu,21.31,-157.86,5.0,2030-06-21T00:00:00,2462673.500000000,dso_smc,GALAXY,13.187000,-72.829000,2.7,269.237017385,269.237370140,269.241346540,269.241700357,198.65851220,-22.65764331,198.65851220,-22.50177182,198.65851220,-22.50558309,198.65114225,-22.65644710,198.65114225,-22.65644710,198.65293555,-22.65629063
Honolulu,21.31,-157.86,5.0,2030-06-21T00:00:00,2462673.500000000,dso_m33_triangulum,GALAXY,23.462000,30.660000,5.72,269.237017385,269.237370140,269.241346540,269.241700357,298.38032782,12.78290404,298.38032782,12.85202286,298.38032782,12.85104047,298.38216437,12.85148498,298.38216437,12.85145111,298.38218404,12.85657587
Honolulu,21.31,-157.86,5.0,2030-06-21T00:00:00,2462673.500000000,dso_m45_pleiades,STAR_CLUSTER,56.871000,24.105000,1.6,269.237017385,269.237370140,269.241346540,269.241700357,284.22919199,40.37345071,284.22919199,40.39236343,284.22919199,40.39210157,284.23028954,40.39272427,284.23028954,40.39271489,284.22991111,40.39742607
Honolulu,21.31,-157.86,5.0,2030-06-21T00:00:00,2462673.500000000,dso_hyades,STAR_CLUSTER,66.750000,15.870000,0.5,269.237017385,269.237370140,269.241346540,269.241700357,270.44894125,47.90544944,270.44894125,47.91998838,270.44894125,47.91978724,270.44966627,47.92068205,270.44966627,47.92067483,270.44798254,47.92520697
Honolulu,21.31,-157.86,5.0,2030-06-21T00:00:00,2462673.500000000,dso_m44_beehive,STAR_CLUSTER,130.100000,19.670000,3.7,269.237017385,269.237370140,269.241346540,269.241700357,92.14570233,71.97611959,92.14570233,71.98136136,92.14570233,71.98128891,92.14400120,71.98220512,92.14400120,71.98220252,92.14750771,71.97757002
Honolulu,21.31,-157.86,5.0,2030-06-21T00:00:00,2462673.500000000,dso_double_cluster,STAR_CLUSTER,34.740000,57.130000,3.7,269.237017385,269.237370140,269.241346540,269.241700357,324.52164645,25.26010237,324.52164645,25.29403535,324.52164645,25.29356341,324.52453453,25.29438762,324.52453453,25.29437083,324.52571538,25.29810893
Honolulu,21.31,-157.86,5.0,2030-06-21T00:00:00,2462673.500000000,dso_coma_cluster,STAR_CLUSTER,185.600000,26.100000,1.8,269.237017385,269.237370140,269.241346540,269.241700357,69.70525656,22.41650406,69.70525656,22.45524327,69.70525656,22.45470341,69.70694236,22.46057093,69.70694236,22.46055179,69.70793115,22.45674765
Honolulu,21.31,-157.86,5.0,2030-06-21T00:00:00,2462673.500000000,dso_omega_centauri,GLOBULAR_CLUSTER,201.700000,-47.470000,3.9,269.237017385,269.237370140,269.241346540,269.241700357,135.46972875,-16.08908708,135.46972875,-15.91915377,135.46972875,-15.92360921,135.46601055,-16.08163648,135.46601055,-16.08163648,135.46647310,-16.08582407
Honolulu,21.31,-157.86,5.0,2030-06-21T00:00:00,2462673.500000000,dso_47_tucanae,GLOBULAR_CLUSTER,6.020000,-72.080000,4.1,269.237017385,269.237370140,269.241346540,269.241700357,199.30695780,-24.86424433,199.30695780,-24.71415200,199.30695780,-24.71772446,199.29927291,-24.86319316,199.29927291,-24.86319316,199.30128466,-24.86298272
Honolulu,21.31,-157.86,5.0,2030-06-21T00:00:00,2462673.500000000,dso_m13_hercules,GLOBULAR_CLUSTER,250.420000,36.460000,5.8,269.237017385,269.237370140,269.241346540,269.241700357,34.10490243,-20.66815183,34.10490243,-20.50752070,34.10490243,-20.51153938,34.11195749,-20.66393658,34.11195749,-20.66393658,34.11004052,-20.66535913
Honolulu,21.31,-157.86,5.0,2030-06-21T00:00:00,2462673.500000000,dso_m42_orion_nebula,NEBULA,83.822000,-5.391000,4.0,269.237017385,269.237370140,269.241346540,269.241700357,228.03320114,52.28187809,228.03320114,52.29432860,228.03320114,52.29415641,228.03256481,52.29585625,228.03256481,52.29585007,228.02708949,52.29828465
Honolulu,21.31,-157.86,5.0,2030-06-21T00:00:00,2462673.500000000,dso_m8_lagoon,NEBULA,270.920000,-24.380000,6.0,269.237017385,269.237370140,269.241346540,269.241700357,103.27002113,-71.34825427,103.27002113,-71.34332868,103.27002113,-71.34339442,103.26955561,-71.33766044,103.26955561,-71.33766044,103.26849318,-71.34242528
Honolulu,21.31,-157.86,5.0,2030-06-21T00:00:00,2462673.500000000,dso_eta_carinae_nebula,NEBULA,161.260000,-59.870000,1.0,269.237017385,269.237370140,269.241346540,269.241700357,157.44118158,-0.96629086,157.44118158,-0.78134631,157.44118158,-0.78658620,157.43693729,-0.33016887,157.43693729,-0.33047168,157.43680106,-0.14346393
Quito,0.0,-78.5,2850.0,2030-06-21T00:00:00,2462673.500000000,star_cma_sirius,STAR,101.287000,-16.716000,-1.46,269.237017385,269.237370140,269.241346540,269.241700357,253.24692025,0.84662656,253.24692025,1.03185544,253.24692025,0.98500574,253.24841766,1.22051770,253.24841766,1.12879121,253.24729351,1.27718547
Quito,0.0,-78.5,2850.0,2030-06-21T00:00:00,2462673.500000000,star_cma_adhara,STAR,104.656000,-28.972000,1.5,269.237017385,269.237370140,269.241346540,269.241700357,240.91689202,3.68196775,240.91689202,3.86236495,240.91689202,3.81751895,240.91882215,3.88145302,240.91882215,3.83285549,240.91750916,3.89467510
Quito,0.0,-78.5,2850.0,2030-06-21T00:00:00,2462673.500000000,star_cma_wezen,STAR,107.098000,-26.393000,1.83,269.237017385,269.237370140,269.241346540,269.241700357,243.39937548,5.96412056,243.39937548,6.10010754,243.39937548,6.06594904,243.40140076,6.10466254,243.40140076,6.07052933,243.39995728,6.11163386
Quito,0.0,-78.5,2850.0,2030-06-21T00:00:00,2462673.500000000,star_cma_mirzam,STAR,95.675000,-17.956000,1.98,269.237017385,269.237370140,269.241346540,269.241700357,251.96802504,-4.50132352,251.96802504,-4.31783869,251.96802504,-4.36424689,251.96925754,-4.49964933,251.96925754,-4.49964933,251.96840912,-4.49605964
Quito,0.0,-78.5,2850.0,2030-06-21T00:00:00,2462673.500000000,star_cmi_procyon,STAR,114.825000,5.225000,0.34,269.237017385,269.237370140,269.241346540,269.241700357,275.32018978,14.42761730,275.32018978,14.48893818,275.32018978,14.47328681,275.32153271,14.49057213,275.32153271,14.47511706,275.32011772,14.49528993
Quito,0.0,-78.5,2850.0,2030-06-21T00:00:00,2462673.500000000,star_car_canopus,STAR,95.987000,-52.695000,-0.74,269.237017385,269.237370140,269.241346540,269.241700357,217.19673954,-2.78031059,217.19673954,-2.59596496,217.19673954,-2.64259450,217.19855176,-2.77620169,217.19855176,-2.77620169,217.19768756,-2.77494213
Quito,0.0,-78.5,2850.0,2030-06-21T00:00:00,2462673.500000000,star_car_miaplacidus,STAR,138.300000,-69.720000,1.67,269.237017385,269.237370140,269.241346540,269.241700357,196.20085792,12.14112348,196.20085792,12.21379694,196.20085792,12.19527857,196.20418337,12.22092657,196.20418337,12.20267335,196.20210457,12.22103099
Quito,0.0,-78.5,2850.0,2030-06-21T00:00:00,2462673.500000000,star_cen_rigil_kent,STAR,219.900000,-60.833000,-0.01,269.237017385,269.237370140,269.241346540,269.241700357,164.59598618,24.91662235,164.59598618,24.95108236,164.59598618,24.94226241,164.60019511,24.96019419,164.60019511,24.95144819,164.59738425,24.95735949
Quito,0.0,-78.5,2850.0,2030-06-21T00:00:00,2462673.500000000,star_cen_hadar,STAR,210.956000,-60.373000,0.61,269.237017385,269.237370140,269.241346540,269.241700357,168.66393109,27.39214046,168.66393109,27.42307261,168.66393109,27.41515363,168.66850932,27.43168317,168.66850932,27.42382570,168.66540095,27.42910552
Quito,0.0,-78.5,2850.0,2030-06-21T00:00:00,2462673.500000000,star_lyr_vega,STAR,279.234000,38.783000,0.03,269.237017385,269.237370140,269.241346540,269.241700357,51.18246835,0.96740353,51.18246835,1.15264020,51.18246835,1.10578889,51.18272811,1.33507077,51.18272811,1.24648164,51.18171545,1.38211058
Quito,0.0,-78.5,2850.0,2030-06-21T00:00:00,2462673.500000000,star_cyg_deneb,STAR,310.358000,45.280000,1.25,269.237017385,269.237370140,269.241346540,269.241700357,40.54098761,-20.48303814,40.54098761,-20.32198618,40.54098761,-20.36253089,40.54285814,-20.47647086,40.54285814,-20.47647086,40.54013396,-20.47798957
Quito,0.0,-78.5,2850.0,2030-06-21T00:00:00,2462673.500000000,star_cyg_sadr,STAR,305.557000,40.260000,2.23,269.237017385,269.237370140,269.241346540,269.241700357,46.81946204,-18.85800918,46.81946204,-18.69342490,46.81946204,-18.73489380,46.82121223,-18.85089676,46.82121223,-18.85089676,46.81869451,-18.85288744
Quito,0.0,-78.5,2850.0,2030-06-21T00:00:00,2462673.500000000,star_cyg_albireo,STAR,292.680000,27.960000,3.05,269.237017385,269.237370140,269.241346540,269.241700357,61.42251001,-10.79966642,61.42251001,-10.62182415,61.42251001,-10.66676326,61.42372751,-10.79121579,61.42372751,-10.79121579,61.42196577,-10.79420274
Quito,0.0,-78.5,2850.0,2030-06-21T00:00:00,2462673.500000000,star_aql_altair,STAR,297.696000,8.868000,0.76,269.237017385,269.237370140,269.241346540,269.241700357,80.63337901,-17.11311970,80.63337901,-16.94506649,80.63337901,-16.98744350,80.63501694,-17.10389931,80.63501694,-17.10389931,80.63320084,-17.10789427
Quito,0.0,-78.5,2850.0,2030-06-21T00:00:00,2462673.500000000,star_ori_betelgeuse,STAR,88.793000,7.407000,0.5,269.237017385,269.237370140,269.241346540,269.241700357,277.56026281,-11.43935373,277.56026281,-11.26231017,277.56026281,-11.30704048,277.56099213,-11.43859538,277.56099213,-11.43859538,277.56013744,-11.43407845
Quito,0.0,-78.5,2850.0,2030-06-21T00:00:00,2462673.500000000,star_ori_rigel,STAR,78.634000,-8.202000,0.13,269.237017385,269.237370140,269.241346540,269.241700357,261.21437761,-21.51077083,261.21437761,-21.35210279,261.21437761,-21.39202416,261.21471645,-21.50957386,261.21471645,-21.50957386,261.21455977,-21.50555492
Quito,0.0,-78.5,2850.0,2030-06-21T00:00:00,2462673.500000000,star_ori_bellatrix,STAR,81.283000,6.350000,1.64,269.237017385,269.237370140,269.241346540,269.241700357,276.74059510,-18.92803437,276.74059510,-18.76359630,276.74059510,-18.80502694,276.74115133,-18.92729618,276.74115133,-18.92729618,276.74047630,-18.92279574
Quito,0.0,-78.5,2850.0,2030-06-21T00:00:00,2462673.500000000,star_ori_saiph,STAR,86.939000,-9.670000,2.07,269.237017385,269.237370140,269.241346540,269.241700357,260.07105328,-13.24833070,260.07105328,-13.07377854,260.07105328,-13.11785708,260.07177681,-13.24700913,260.07177681,-13.24700913,260.07126652,-13.24303780
Quito,0.0,-78.5,2850.0,2030-06-21T00:00:00,2462673.500000000,star_ori_alnitak,STAR,85.190000,-1.940000,1.77,269.237017385,269.237370140,269.241346540,269.241700357,268.00355418,-15.15923463,268.00355418,-14.98769334,268.00355418,-15.03098367,268.00418948,-15.15822542,268.00418948,-15.15822542,268.00361056,-15.15395724
Quito,0.0,-78.5,2850.0,2030-06-21T00:00:00,2462673.500000000,star_ori_alnilam,STAR,84.053000,-1.202000,1.69,269.237017385,269.237370140,269.241346540,269.241700357,268.76478709,-16.29920572,268.76478709,-16.12964883,268.76478709,-16.17241956,268.76538295,-16.29822836,268.76538295,-16.29822836,268.76482725,-16.29393592
Quito,0.0,-78.5,2850.0,2030-06-21T00:00:00,2462673.500000000,star_ori_mintaka,STAR,83.002000,-0.299000,2.23,269.237017385,269.237370140,269.241346540,269.241700357,269.70723615,-17.35087252,269.70723615,-17.18327226,269.70723615,-17.22553067,269.70779843,-17.34993330,269.70779843,-17.34993330,269.70725662,-17.34561186
Quito,0.0,-78.5,2850.0,2030-06-21T00:00:00,2462673.500000000,star_tau_aldebaran,STAR,68.980000,16.509000,0.85,269.237017385,269.237370140,269.241346540,269.241700357,289.20245382,-29.88743577,289.20245382,-29.75235499,289.20245382,-29.78613426,289.20304080,-29.88709731,289.20304080,-29.88709731,289.20206639,-29.88244714
Quito,0.0,-78.5,2850.0,2030-06-21T00:00:00,2462673.500000000,star_tau_elnath,STAR,81.573000,28.608000,1.65,269.237017385,269.237370140,269.241346540,269.241700357,299.95529650,-16.33327765,299.95529650,-16.16378225,299.95529650,-16.20653688,299.95601302,-16.33263247,299.95601302,-16.33263247,299.95473101,-16.32802922
Quito,0.0,-78.5,2850.0,2030-06-21T00:00:00,2462673.500000000,star_aur_capella,STAR,79.172000,45.998000,0.08,269.237017385,269.237370140,269.241346540,269.241700357,317.99319406,-14.41271244,317.99319406,-14.23994811,317.99319406,-14.28355866,317.99397357,-14.41163016,317.99397357,-14.41163016,317.99235866,-14.40746515
Quito,0.0,-78.5,2850.0,2030-06-21T00:00:00,2462673.500000000,star_umi_polaris,STAR,37.954000,89.264000,1.98,269.237017385,269.237370140,269.241346540,269.241700357,359.62798499,-0.48916333,359.62798499,-0.30411353,359.62798499,-0.35092084,359.62793258,0.06563523,359.62793258,-0.07011882,359.62681464,0.20668439
Quito,0.0,-78.5,2850.0,2030-06-21T00:00:00,2462673.500000000,star_uma_dubhe,STAR,165.932000,61.751000,1.79,269.237017385,269.237370140,269.241346540,269.241700357,347.43030592,25.68948146,347.43030592,25.72277372,347.43030592,25.71425192,347.42811613,25.72588643,347.42811613,25.71743215,347.42888952,25.72843947
Quito,0.0,-78.5,2850.0,2030-06-21T00:00:00,2462673.500000000,star_uma_merak,STAR,165.460000,56.380000,2.37,269.237017385,269.237370140,269.241346540,269.241700357,344.31070181,30.30790447,344.31070181,30.33535556,344.31070181,30.32832624,344.30813531,30.33784395,344.30813531,30.33086368,344.30922141,30.34058818
Quito,0.0,-78.5,2850.0,2030-06-21T00:00:00,2462673.500000000,star_uma_alioth,STAR,193.507000,55.960000,1.77,269.237017385,269.237370140,269.241346540,269.241700357,2.10635764,34.14501294,2.10635764,34.16869793,2.10635764,34.16263172,2.10281449,34.17243736,2.10281449,34.16641065,2.10471071,34.17391307
Quito,0.0,-78.5,2850.0,2030-06-21T00:00:00,2462673.500000000,star_uma_mizar,STAR,200.981000,54.925000,2.23,269.237017385,269.237370140,269.241346540,269.241700357,7.36724716,34.54945218,7.36724716,34.57278308,7.36724716,34.56680746,7.36356954,34.57699164,7.36356954,34.57105476,7.36559608,34.57805876
Quito,0.0,-78.5,2850.0,2030-06-21T00:00:00,2462673.500000000,star_uma_alkaid,STAR,206.885000,49.313000,1.85,269.237017385,269.237370140,269.241346540,269.241700357,13.75331604,38.83819679,13.75331604,38.85816563,13.75331604,38.85305031,13.74893948,38.86266446,13.74893948,38.85758046,13.75157138,38.86322563
Quito,0.0,-78.5,2850.0,2030-06-21T00:00:00,2462673.500000000,star_cas_schedar,STAR,10.127000,56.537000,2.24,269.237017385,269.237370140,269.241346540,269.241700357,0.11420717,-33.29879329,0.11420717,-33.17521330,0.11420717,-33.20601856,0.11694874,-33.29595457,0.11694874,-33.29595457,0.11302121,-33.29425796
Quito,0.0,-78.5,2850.0,2030-06-21T00:00:00,2462673.500000000,star_cas_caph,STAR,2.293000,59.150000,2.28,269.237017385,269.237370140,269.241346540,269.241700357,4.74451181,-30.34981451,4.74451181,-30.21623570,4.74451181,-30.24962573,4.74704207,-30.34649329,4.74704207,-30.34649329,4.74335175,-30.34515204
Quito,0.0,-78.5,2850.0,2030-06-21T00:00:00,2462673.500000000,star_per_mirfak,STAR,51.080000,49.860000,1.79,269.237017385,269.237370140,269.241346540,269.241700357,331.19178226,-29.09894153,331.19178226,-28.96134366,331.19178226,-28.99577580,331.19349656,-29.09765605,331.19349656,-29.09765605,331.19076092,-29.09407517
Quito,0.0,-78.5,2850.0,2030-06-21T00:00:00,2462673.500000000,star_per_algol,STAR,47.040000,40.960000,2.12,269.237017385,269.237370140,269.241346540,269.241700357,325.49990254,-37.13271845,325.49990254,-37.02305371,325.49990254,-37.05028147,325.50193522,-37.13202614,325.50193522,-37.13202614,325.49888320,-37.12816812
Quito,0.0,-78.5,2850.0,2030-06-21T00:00:00,2462673.500000000,star_boo_arcturus,STAR,213.915000,19.182000,-0.05,269.237017385,269.237370140,269.241346540,269.241700357,49.16514985,60.06901886,49.16514985,60.07829099,49.16514985,60.07591500,49.15703411,60.08447627,49.15703411,60.08211519,49.16311326,60.08228088
Quito,0.0,-78.5,2850.0,2030-06-21T00:00:00,2462673.500000000,star_vir_spica,STAR,201.298000,-11.161000,0.98,269.237017385,269.237370140,269.241346540,269.241700357,136.46379995,74.28823998,136.46379995,74.29277194,136.46379995,74.29161054,136.47568409,74.29969184,136.47568409,74.29854115,136.46761502,74.29546036
Quito,0.0,-78.5,2850.0,2030-06-21T00:00:00,2462673.500000000,star_sco_antares,STAR,247.352000,-26.432000,0.96,269.237017385,269.237370140,269.241346540,269.241700357,120.70275631,29.09389641,120.70275631,29.12272077,120.70275631,29.11534041,120.70499276,29.13384359,120.70499276,29.12651881,120.70349678,29.12919204
Quito,0.0,-78.5,2850.0,2030-06-21T00:00:00,2462673.500000000,star_sco_shaula,STAR,263.402000,-37.104000,1.62,269.237017385,269.237370140,269.241346540,269.241700357,128.33315756,13.33076646,128.33315756,13.39709474,128.33315756,13.38017702,128.33533884,13.40880557,128.33533884,13.39212355,128.33393777,13.40474609
Quito,0.0,-78.5,2850.0,2030-06-21T00:00:00,2462673.500000000,star_leo_regulus,STAR,152.093000,11.967000,1.36,269.237017385,269.237370140,269.241346540,269.241700357,288.67467523,50.24517216,288.67467523,50.25856172,288.67467523,50.25513098,288.67542653,50.25668166,288.67542653,50.25327005,288.67406980,50.26127715
Quito,0.0,-78.5,2850.0,2030-06-21T00:00:00,2462673.500000000,star_gem_pollux,STAR,116.329000,28.026000,1.14,269.237017385,269.237370140,269.241346540,269.241700357,298.90441160,14.14331053,298.90441160,14.20586155,298.90441160,14.18989884,298.90475330,14.20741520,298.90475330,14.19165535,298.90382314,14.21230152
Quito,0.0,-78.5,2850.0,2030-06-21T00:00:00,2462673.500000000,star_gem_castor,STAR,113.650000,31.888000,1.58,269.237017385,269.237370140,269.241346540,269.241700357,302.53129553,11.35243016,302.53129553,11.42995733,302.53129553,11.41021782,302.53154991,11.43171653,302.53154991,11.41225892,302.53064740,11.43692561
Quito,0.0,-78.5,2850.0,2030-06-21T00:00:00,2462673.500000000,star_psa_fomalhaut,STAR,344.413000,-29.622000,1.17,269.237017385,269.237370140,269.241346540,269.241700357,142.27129182,-51.55894438,142.27129182,-51.50426173,142.27129182,-51.51760219,142.27058005,-51.55185458,142.27058005,-51.55185458,142.27249817,-51.55585309
Quito,0.0,-78.5,2850.0,2030-06-21T00:00:00,2462673.500000000,star_eri_achernar,STAR,24.429000,-57.237000,0.45,269.237017385,269.237370140,269.241346540,269.241700357,188.88198551,-31.83287385,188.88198551,-31.70423625,188.88198551,-31.73634751,188.88142158,-31.82709420,188.88142158,-31.82709420,188.88315910,-31.82811046
Quito,0.0,-78.5,2850.0,2030-06-21T00:00:00,2462673.500000000,dso_m31_andromeda,GALAXY,10.684000,41.269000,3.44,269.237017385,269.237370140,269.241346540,269.241700357,359.58656785,-48.56499974,359.58656785,-48.49927501,359.58656785,-48.51537066,359.59114155,-48.56314752,359.59114155,-48.56314752,359.58516901,-48.56141113
Quito,0.0,-78.5,2850.0,2030-06-21T00:00:00,2462673.500000000,dso_lmc,GALAXY,80.894000,-69.756000,0.9,269.237017385,269.237370140,269.241346540,269.241700357,199.14827621,-6.78179486,199.14827621,-6.59989517,199.14827621,-6.64589248,199.14990323,-6.77615614,199.14990323,-6.77615614,199.14937434,-6.77634663
Quito,0.0,-78.5,2850.0,2030-06-21T00:00:00,2462673.500000000,dso_smc,GALAXY,13.187000,-72.829000,2.7,269.237017385,269.237370140,269.241346540,269.241700357,180.84466534,-17.32300204,180.84466534,-17.15534836,180.84466534,-17.19762076,180.84552918,-17.31605936,180.84552918,-17.31605936,180.84580558,-17.31770058
Quito,0.0,-78.5,2850.0,2030-06-21T00:00:00,2462673.500000000,dso_m33_triangulum,GALAXY,23.462000,30.660000,5.72,269.237017385,269.237370140,269.241346540,269.241700357,339.11642412,-56.75134337,339.11642412,-56.71420912,339.11642412,-56.72320920,339.12119813,-56.75128041,339.12119813,-56.75128041,339.11487306,-56.74814364
Quito,0.0,-78.5,2850.0,2030-06-21T00:00:00,2462673.500000000,dso_m45_pleiades,STAR_CLUSTER,56.871000,24.105000,1.6,269.237017385,269.237370140,269.241346540,269.241700357,301.74103707,-38.82257255,301.74103707,-38.71928763,301.74103707,-38.74488321,301.74211397,-38.82255260,301.74211397,-38.82255260,301.74036652,-38.81797291
Quito,0.0,-78.5,2850.0,2030-06-21T00:00:00,2462673.500000000,dso_hyades,STAR_CLUSTER,66.750000,15.870000,0.5,269.237017385,269.237370140,269.241346540,269.241700357,288.91349560,-32.10844251,288.91349560,-31.98074298,288.91349560,-32.01261179,288.91405600,-32.10817529,288.91405600,-32.10817529,288.91310613,-32.10352611
Quito,0.0,-78.5,2850.0,2030-06-21T00:00:00,2462673.500000000,dso_m44_beehive,STAR_CLUSTER,130.100000,19.670000,3.7,269.237017385,269.237370140,269.241346540,269.241700357,292.26482975,27.91942191,292.26482975,27.94967624,292.26482975,27.94193045,292.26536729,27.94998327,292.26536729,27.94229413,292.26431900,27.95457084
Quito,0.0,-78.5,2850.0,2030-06-21T00:00:00,2462673.500000000,dso_double_cluster,STAR_CLUSTER,34.740000,57.130000,3.7,269.237017385,269.237370140,269.241346540,269.241700357,345.05128696,-29.46476769,345.05128696,-29.32833061,345.05128696,-29.36246158,345.05335856,-29.46274050,345.05335856,-29.46274050,345.05016235,-29.45997594
Quito,0.0,-78.5,2850.0,2030-06-21T00:00:00,2462673.500000000,dso_coma_cluster,STAR_CLUSTER,185.600000,26.100000,1.8,269.237017385,269.237370140,269.241346540,269.241700357,350.32622622,63.66562370,350.32622622,63.67359606,350.32622622,63.67155309,350.31601202,63.67357377,350.31601202,63.67154380,350.32297532,63.67595209
Quito,0.0,-78.5,2850.0,2030-06-21T00:00:00,2462673.500000000,dso_omega_centauri,GLOBULAR_CLUSTER,201.700000,-47.470000,3.9,269.237017385,269.237370140,269.241346540,269.241700357,169.75671256,41.33970399,169.75671256,41.35798523,169.75671256,41.35330190,169.76310587,41.36544761,169.76310587,41.36079275,169.75854162,41.36293845
Quito,0.0,-78.5,2850.0,2030-06-21T00:00:00,2462673.500000000,dso_47_tucanae,GLOBULAR_CLUSTER,6.020000,-72.080000,4.1,269.237017385,269.237370140,269.241346540,269.241700357,178.56776476,-18.04088916,178.56776476,-17.87463867,178.56776476,-17.91654372,178.56859088,-18.03379696,178.56859088,-18.03379696,178.56890504,-18.03560990
Quito,0.0,-78.5,2850.0,2030-06-21T00:00:00,2462673.500000000,dso_m13_hercules,GLOBULAR_CLUSTER,250.420000,36.460000,5.8,269.237017385,269.237370140,269.241346540,269.241700357,49.57558493,23.75988084,49.57558493,23.79621797,49.57558493,23.78691890,49.57389498,23.80508737,49.57389498,23.79586924,49.57462174,23.80286482
Quito,0.0,-78.5,2850.0,2030-06-21T00:00:00,2462673.500000000,dso_m42_orion_nebula,NEBULA,83.822000,-5.391000,4.0,269.237017385,269.237370140,269.241346540,269.241700357,264.39548146,-16.47153870,264.39548146,-16.30229413,264.39548146,-16.34498308,264.39606150,-16.47040890,264.39606150,-16.47040890,264.39560680,-16.46626593
Quito,0.0,-78.5,2850.0,2030-06-21T00:00:00,2462673.500000000,dso_m8_lagoon,NEBULA,270.920000,-24.380000,6.0,269.237017385,269.237370140,269.241346540,269.241700357,114.66460044,8.50344649,114.66460044,8.60473332,114.66460044,8.57906357,114.66621892,8.61669123,114.66621892,8.59139906,114.66509899,8.61370576
Quito,0.0,-78.5,2850.0,2030-06-21T00:00:00,2462673.500000000,dso_eta_carinae_nebula,NEBULA,161.260000,-59.870000,1.0,269.237017385,269.237370140,269.241346540,269.241700357,195.70030950,25.85131240,195.70030950,25.88436820,195.70030950,25.87590679,195.70507651,25.89064030,195.70507651,25.88224674,195.70175118,25.89012044
Sydney,-33.87,151.21,40.0,2030-06-21T00:00:00,2462673.500000000,star_cma_sirius,STAR,101.287000,-16.716000,-1.46,269.237017385,269.237370140,269.241346540,269.241700357,75.55537210,49.38354096,75.55537210,49.39734446,75.55537210,49.39710788,75.55469823,49.39580056,75.55469823,49.39574582,75.55917983,49.39327839
Sydney,-33.87,151.21,40.0,2030-06-21T00:00:00,2462673.500000000,star_cma_adhara,STAR,104.656000,-28.972000,1.5,269.237017385,269.237370140,269.241346540,269.241700357,95.14252508,52.01759465,95.14252508,52.03016405,95.14252508,52.02994865,95.14065132,52.02799830,95.14065132,52.02794844,95.14408612,52.02550581
Sydney,-33.87,151.21,40.0,2030-06-21T00:00:00,2462673.500000000,star_cma_wezen,STAR,107.098000,-26.393000,1.83,269.237017385,269.237370140,269.241346540,269.241700357,92.55225790,49.08143120,92.55225790,49.09538235,92.55225790,49.09514323,92.55040745,49.09339714,92.55040745,49.09334180,92.55403375,49.09088026
Sydney,-33.87,151.21,40.0,2030-06-21T00:00:00,2462673.500000000,star_cma_mirzam,STAR,95.675000,-17.956000,1.98,269.237017385,269.237370140,269.241346540,269.241700357,72.44018675,54.53752588,72.44018675,54.54899442,72.44018675,54.54879791,72.44010932,54.54739051,72.44010932,54.54734502,72.44486184,54.54489866
Sydney,-33.87,151.21,40.0,2030-06-21T00:00:00,2462673.500000000,star_cmi_procyon,STAR,114.825000,5.225000,0.34,269.237017385,269.237370140,269.241346540,269.241700357,64.12166226,25.27110172,64.12166226,25.30501803,64.12166226,25.30443437,64.12074007,25.30503310,64.12074007,25.30489903,64.12520706,25.30263611
Sydney,-33.87,151.21,40.0,2030-06-21T00:00:00,2462673.500000000,star_car_canopus,STAR,95.987000,-52.695000,-0.74,269.237017385,269.237370140,269.241346540,269.241700357,137.55001153,58.41813071,137.55001153,58.42803064,137.55001153,58.42786103,137.54446100,58.42507799,137.54446100,58.42503873,137.54525315,58.42357109
Sydney,-33.87,151.21,40.0,2030-06-21T00:00:00,2462673.500000000,star_car_miaplacidus,STAR,138.300000,-69.720000,1.67,269.237017385,269.237370140,269.241346540,269.241700357,155.50776622,35.66441288,155.50776622,35.68680364,155.50776622,35.68641937,155.50069950,35.68459453,155.50069950,35.68450580,155.50307099,35.68375162
Sydney,-33.87,151.21,40.0,2030-06-21T00:00:00,2462673.500000000,star_cen_rigil_kent,STAR,219.900000,-60.833000,-0.01,269.237017385,269.237370140,269.241346540,269.241700357,170.41183187,6.22913566,170.41183187,6.36065619,170.41183187,6.35817614,170.40329488,6.36065219,170.40329488,6.36013886,170.40709690,6.36407189
Sydney,-33.87,151.21,40.0,2030-06-21T00:00:00,2462673.500000000,star_cen_hadar,STAR,210.956000,-60.373000,0.61,269.237017385,269.237370140,269.241346540,269.241700357,166.11072540,7.33163268,166.11072540,7.44683391,166.11072540,7.44472211,166.10241429,7.44631260,166.10241429,7.44586430,166.10616992,7.44838325
Sydney,-33.87,151.21,40.0,2030-06-21T00:00:00,2462673.500000000,star_lyr_vega,STAR,279.234000,38.783000,0.03,269.237017385,269.237370140,269.241346540,269.241700357,290.45941819,-58.40319340,290.45941819,-58.37108284,290.45941819,-58.37166554,290.45767935,-58.41112036,290.45767935,-58.41112036,290.45991994,-58.40889324
Sydney,-33.87,151.21,40.0,2030-06-21T00:00:00,2462673.500000000,star_cyg_deneb,STAR,310.358000,45.280000,1.25,269.237017385,269.237370140,269.241346540,269.241700357,304.75206962,-36.47700671,304.75206962,-36.36490148,304.75206962,-36.36752538,304.75099176,-36.48375496,304.75099176,-36.48375496,304.75385115,-36.48187513
Sydney,-33.87,151.21,40.0,2030-06-21T00:00:00,2462673.500000000,star_cyg_sadr,STAR,305.557000,40.260000,2.23,269.237017385,269.237370140,269.241346540,269.241700357,297.51166713,-38.63766313,297.51166713,-38.53367450,297.51166713,-38.53604342,297.50974192,-38.64481067,297.50974192,-38.64481067,297.51270262,-38.64273883
Sydney,-33.87,151.21,40.0,2030-06-21T00:00:00,2462673.500000000,star_cyg_albireo,STAR,292.680000,27.960000,3.05,269.237017385,269.237370140,269.241346540,269.241700357,277.39625604,-45.03923883,277.39625604,-44.96000626,277.39625604,-44.96167375,277.39139018,-45.04702531,277.39139018,-45.04702531,277.39486840,-45.04460097
Sydney,-33.87,151.21,40.0,2030-06-21T00:00:00,2462673.500000000,star_aql_altair,STAR,297.696000,8.868000,0.76,269.237017385,269.237370140,269.241346540,269.241700357,258.76791664,-31.73037713,258.76791664,-31.60139217,258.76791664,-31.60459430,258.76064155,-31.73737645,258.76064155,-31.73737645,258.76484592,-31.73488914
Sydney,-33.87,151.21,40.0,2030-06-21T00:00:00,2462673.500000000,star_ori_betelgeuse,STAR,88.793000,7.407000,0.5,269.237017385,269.237370140,269.241346540,269.241700357,38.88059328,40.54028064,38.88059328,40.55908258,38.88059328,40.55876010,38.88080952,40.55873639,38.88080952,40.55866185,38.88638579,40.55690023
Sydney,-33.87,151.21,40.0,2030-06-21T00:00:00,2462673.500000000,star_ori_rigel,STAR,78.634000,-8.202000,0.13,269.237017385,269.237370140,269.241346540,269.241700357,37.86199245,59.13552737,37.86199245,59.14515185,37.86199245,59.14498696,37.86361442,59.14470968,37.86361442,59.14467152,37.87067958,59.14293138
Sydney,-33.87,151.21,40.0,2030-06-21T00:00:00,2462673.500000000,star_ori_bellatrix,STAR,81.283000,6.350000,1.64,269.237017385,269.237370140,269.241346540,269.241700357,30.61453866,45.01097431,30.61453866,45.02705767,30.61453866,45.02678193,30.61499096,45.02683121,30.61499096,45.02676743,30.62105890,45.02527135
Sydney,-33.87,151.21,40.0,2030-06-21T00:00:00,2462673.500000000,star_ori_saiph,STAR,86.939000,-9.670000,2.07,269.237017385,269.237370140,269.241346540,269.241700357,51.76174549,55.47062264,51.76174549,55.48170096,51.76174549,55.48151114,51.76267927,55.48077283,51.76267927,55.48072890,51.76866719,55.47861069
Sydney,-33.87,151.21,40.0,2030-06-21T00:00:00,2462673.500000000,star_ori_alnitak,STAR,85.190000,-1.940000,1.77,269.237017385,269.237370140,269.241346540,269.241700357,41.69078060,50.36074981,41.69078060,50.37408463,41.69078060,50.37385609,41.69146886,50.37353137,41.69146886,50.37347848,41.69755555,50.37162440
Sydney,-33.87,151.21,40.0,2030-06-21T00:00:00,2462673.500000000,star_ori_alnilam,STAR,84.053000,-1.202000,1.69,269.237017385,269.237370140,269.241346540,269.241700357,39.56679439,50.35066326,39.56679439,50.36400285,39.56679439,50.36377423,39.56750858,50.36351250,39.56750858,50.36345960,39.57367624,50.36166856
Sydney,-33.87,151.21,40.0,2030-06-21T00:00:00,2462673.500000000,star_ori_mintaka,STAR,83.002000,-0.299000,2.23,269.237017385,269.237370140,269.241346540,269.241700357,37.43170969,50.11677846,37.43170969,50.13022905,37.43170969,50.12999853,37.43242713,50.12980236,37.43242713,50.12974902,37.43865605,50.12802393
Sydney,-33.87,151.21,40.0,2030-06-21T00:00:00,2462673.500000000,star_tau_aldebaran,STAR,68.980000,16.509000,0.85,269.237017385,269.237370140,269.241346540,269.241700357,11.05662309,38.84241315,11.05662309,38.86237900,11.05662309,38.86203650,11.05665957,38.86245508,11.05665957,38.86237594,11.06265100,38.86164148
Sydney,-33.87,151.21,40.0,2030-06-21T00:00:00,2462673.500000000,star_tau_elnath,STAR,81.573000,28.608000,1.65,269.237017385,269.237370140,269.241346540,269.241700357,20.75624992,24.23862304,20.75624992,24.27416339,20.75624992,24.27355148,20.75638674,24.27431544,20.75638674,24.27417501,20.76146065,24.27313837
Sydney,-33.87,151.21,40.0,2030-06-21T00:00:00,2462673.500000000,star_aur_capella,STAR,79.172000,45.998000,0.08,269.237017385,269.237370140,269.241346540,269.241700357,13.39483453,8.22509442,13.39483453,8.32941090,13.39483453,8.32752645,13.39524736,8.32969361,13.39524736,8.32928771,13.39966075,8.33062775
Sydney,-33.87,151.21,40.0,2030-06-21T00:00:00,2462673.500000000,star_umi_polaris,STAR,37.954000,89.264000,1.98,269.237017385,269.237370140,269.241346540,269.241700357,359.84160535,-33.26974857,359.84160535,-33.14606679,359.84160535,-33.14907966,359.84485083,-33.27216655,359.84485083,-33.27216655,359.84729648,-33.27243776
Sydney,-33.87,151.21,40.0,2030-06-21T00:00:00,2462673.500000000,star_uma_dubhe,STAR,165.932000,61.751000,1.79,269.237017385,269.237370140,269.241346540,269.241700357,34.83210796,-36.77893267,34.83210796,-36.66794848,34.83210796,-36.67053635,34.83534900,-36.77802030,34.83534900,-36.77802030,34.83801955,-36.77966545
Sydney,-33.87,151.21,40.0,2030-06-21T00:00:00,2462673.500000000,star_uma_merak,STAR,165.460000,56.380000,2.37,269.237017385,269.237370140,269.241346540,269.241700357,41.41745562,-35.89546035,41.41745562,-35.78120953,41.41745562,-35.78390319,41.42016425,-35.89404585,41.42016425,-35.89404585,41.42302493,-35.89589545
Sydney,-33.87,151.21,40.0,2030-06-21T00:00:00,2462673.500000000,star_uma_alioth,STAR,193.507000,55.960000,1.77,269.237017385,269.237370140,269.241346540,269.241700357,40.90329992,-51.40381272,40.90329992,-51.34857148,40.90329992,-51.34965055,40.90873019,-51.40162151,40.90873019,-51.40162151,40.91068339,-51.40345606
Sydney,-33.87,151.21,40.0,2030-06-21T00:00:00,2462673.500000000,star_uma_mizar,STAR,200.981000,54.925000,2.23,269.237017385,269.237370140,269.241346540,269.241700357,40.34047526,-55.75288175,40.34047526,-55.71256803,40.34047526,-55.71331936,40.34717445,-55.75051676,40.34717445,-55.75051676,40.34873573,-55.75233462
Sydney,-33.87,151.21,40.0,2030-06-21T00:00:00,2462673.500000000,star_uma_alkaid,STAR,206.885000,49.313000,1.85,269.237017385,269.237370140,269.241346540,269.241700357,47.94944271,-61.12225324,47.94944271,-61.09771211,47.94944271,-61.09814619,47.95701217,-61.11885644,47.95701217,-61.11885644,47.95844836,-61.12088484
Sydney,-33.87,151.21,40.0,2030-06-21T00:00:00,2462673.500000000,star_cas_schedar,STAR,10.127000,56.537000,2.24,269.237017385,269.237370140,269.241346540,269.241700357,334.77306068,-9.90942369,334.77306068,-9.73054051,334.77306068,-9.73601171,334.77298922,-9.91312304,334.77298922,-9.91312304,334.77665029,-9.91231719
Sydney,-33.87,151.21,40.0,2030-06-21T00:00:00,2462673.500000000,star_cas_caph,STAR,2.293000,59.150000,2.28,269.237017385,269.237370140,269.241346540,269.241700357,333.50575242,-14.66679924,333.50575242,-14.49444442,333.50575242,-14.49955448,333.50589213,-14.67081300,333.50589213,-14.67081300,333.50935238,-14.66995510
Sydney,-33.87,151.21,40.0,2030-06-21T00:00:00,2462673.500000000,star_per_mirfak,STAR,51.080000,49.860000,1.79,269.237017385,269.237370140,269.241346540,269.241700357,354.30795977,5.80192285,354.30795977,5.94075286,354.30795977,5.93809286,354.30804931,5.94162929,354.30804931,5.94108586,354.31237679,5.94578422
Sydney,-33.87,151.21,40.0,2030-06-21T00:00:00,2462673.500000000,star_per_algol,STAR,47.040000,40.960000,2.12,269.237017385,269.237370140,269.241346540,269.241700357,349.99683351,14.11959462,349.99683351,14.18225028,349.99683351,14.18115864,349.99646771,14.18188753,349.99646771,14.18164176,350.00116824,14.18233842
Sydney,-33.87,151.21,40.0,2030-06-21T00:00:00,2462673.500000000,star_boo_arcturus,STAR,213.915000,19.182000,-0.05,269.237017385,269.237370140,269.241346540,269.241700357,115.83983233,-62.40312407,115.83983233,-62.38182477,115.83983233,-62.38219723,115.83108640,-62.39743407,115.83108640,-62.39743407,115.83770639,-62.39954577
Sydney,-33.87,151.21,40.0,2030-06-21T00:00:00,2462673.500000000,star_vir_spica,STAR,201.298000,-11.161000,0.98,269.237017385,269.237370140,269.241346540,269.241700357,133.83569632,-31.70788211,133.83569632,-31.57882103,133.83569632,-31.58202593,133.82742904,-31.70568971,133.82742904,-31.70568971,133.83268812,-31.70728686
Sydney,-33.87,151.21,40.0,2030-06-21T00:00:00,2462673.500000000,star_sco_antares,STAR,247.352000,-26.432000,0.96,269.237017385,269.237370140,269.241346540,269.241700357,187.56956346,-29.22736070,187.56956346,-29.09016891,187.56956346,-29.09367933,187.55806645,-29.22959607,187.55806645,-29.22959607,187.56349596,-29.22899420
Sydney,-33.87,151.21,40.0,2030-06-21T00:00:00,2462673.500000000,star_sco_shaula,STAR,263.402000,-37.104000,1.62,269.237017385,269.237370140,269.241346540,269.241700357,199.27127396,-15.71587984,199.27127396,-15.54528984,199.27127396,-15.55030608,199.26103224,-15.71930821,199.26103224,-15.71930821,199.26573947,-15.71822748
Sydney,-33.87,151.21,40.0,2030-06-21T00:00:00,2462673.500000000,star_leo_regulus,STAR,152.093000,11.967000,1.36,269.237017385,269.237370140,269.241346540,269.241700357,81.25327715,-8.23281084,81.25327715,-8.05218783,81.25327715,-8.05775839,81.25122130,-8.23166247,81.25122130,-8.23166247,81.25528040,-8.23415660
Sydney,-33.87,151.21,40.0,2030-06-21T00:00:00,2462673.500000000,star_gem_pollux,STAR,116.329000,28.026000,1.14,269.237017385,269.237370140,269.241346540,269.241700357,48.00519071,8.35067968,48.00519071,8.45360967,48.00519071,8.45175338,48.00503249,8.45474822,48.00503249,8.45434772,48.00931971,8.45443942
Sydney,-33.87,151.21,40.0,2030-06-21T00:00:00,2462673.500000000,star_gem_castor,STAR,113.650000,31.888000,1.58,269.237017385,269.237370140,269.241346540,269.241700357,43.63029032,7.12279832,43.63029032,7.24082724,43.63029032,7.23865429,43.63031941,7.24216723,43.63031941,7.24170791,43.63459372,7.24285421
Sydney,-33.87,151.21,40.0,2030-06-21T00:00:00,2462673.500000000,star_psa_fomalhaut,STAR,344.413000,-29.622000,1.17,269.237017385,269.237370140,269.241346540,269.241700357,251.16388519,26.97737296,251.16388519,27.00885510,251.16388519,27.00831370,251.15653967,27.00699429,251.15653967,27.00686976,251.16033968,27.00937212
Sydney,-33.87,151.21,40.0,2030-06-21T00:00:00,2462673.500000000,star_eri_achernar,STAR,24.429000,-57.237000,0.45,269.237017385,269.237370140,269.241346540,269.241700357,215.13822788,56.52058005,215.13822788,56.53122953,215.13822788,56.53104706,215.12831300,56.52980920,215.12831300,56.52976697,215.12956111,56.53142234
Sydney,-33.87,151.21,40.0,2030-06-21T00:00:00,2462673.500000000,dso_m31_andromeda,GALAXY,10.684000,41.269000,3.44,269.237017385,269.237370140,269.241346540,269.241700357,325.30852055,2.10652696,325.30852055,2.29176859,325.30852055,2.28595592,325.30724004,2.37469873,325.30724004,2.37365734,325.31139472,2.39979403
Sydney,-33.87,151.21,40.0,2030-06-21T00:00:00,2462673.500000000,dso_lmc,GALAXY,80.894000,-69.756000,0.9,269.237017385,269.237370140,269.241346540,269.241700357,168.59941492,52.41863120,168.59941492,52.43102052,168.59941492,52.43080821,168.59140106,52.42837625,168.59140106,52.42832711,168.59224419,52.42811087
Sydney,-33.87,151.21,40.0,2030-06-21T00:00:00,2462673.500000000,dso_smc,GALAXY,13.187000,-72.829000,2.7,269.237017385,269.237370140,269.241346540,269.241700357,197.79491959,44.48807157,197.79491959,44.50445035,197.79491959,44.50416954,197.78599523,44.50229314,197.78599523,44.50222819,197.78783242,44.50325607
Sydney,-33.87,151.21,40.0,2030-06-21T00:00:00,2462673.500000000,dso_m33_triangulum,GALAXY,23.462000,30.660000,5.72,269.237017385,269.237370140,269.241346540,269.241700357,327.72080456,16.69786536,327.72080456,16.75074987,327.72080456,16.74983320,327.71917813,16.74985120,327.71917813,16.74964319,327.72392566,16.75106244
Sydney,-33.87,151.21,40.0,2030-06-21T00:00:00,2462673.500000000,dso_m45_pleiades,STAR_CLUSTER,56.871000,24.105000,1.6,269.237017385,269.237370140,269.241346540,269.241700357,356.64269619,31.85762558,356.64269619,31.88345960,356.64269619,31.88301594,356.64225392,31.88346921,356.64225392,31.88336690,356.64787684,31.88326984
Sydney,-33.87,151.21,40.0,2030-06-21T00:00:00,2462673.500000000,dso_hyades,STAR_CLUSTER,66.750000,15.870000,0.5,269.237017385,269.237370140,269.241346540,269.241700357,8.43596560,39.78238711,8.43596560,39.80169845,8.43596560,39.80136721,8.43594839,39.80181116,8.43594839,39.80173461,8.44203152,39.80110805
Sydney,-33.87,151.21,40.0,2030-06-21T00:00:00,2462673.500000000,dso_m44_beehive,STAR_CLUSTER,130.100000,19.670000,3.7,269.237017385,269.237370140,269.241346540,269.241700357,62.72138639,4.58380264,62.72138639,4.74638349,62.72138639,4.74301992,62.72055189,4.75333019,62.72055189,4.75268022,62.72469716,4.75795762
Sydney,-33.87,151.21,40.0,2030-06-21T00:00:00,2462673.500000000,dso_double_cluster,STAR_CLUSTER,34.740000,57.130000,3.7,269.237017385,269.237370140,269.241346540,269.241700357,346.67831709,-3.58085470,346.67831709,-3.39687388,346.67831709,-3.40263498,346.67853756,-3.58360122,346.67853756,-3.58360122,346.68245632,-3.58330010
Sydney,-33.87,151.21,40.0,2030-06-21T00:00:00,2462673.500000000,dso_coma_cluster,STAR_CLUSTER,185.600000,26.100000,1.8,269.237017385,269.237370140,269.241346540,269.241700357,84.39700492,-42.66415349,84.39700492,-42.57569127,84.39700492,-42.57760793,84.39532236,-42.65992451,84.39532236,-42.65992451,84.39942796,-42.66242051
Sydney,-33.87,151.21,40.0,2030-06-21T00:00:00,2462673.500000000,dso_omega_centauri,GLOBULAR_CLUSTER,201.700000,-47.470000,3.9,269.237017385,269.237370140,269.241346540,269.241700357,155.31336111,-1.57266407,155.31336111,-1.38788466,155.31336111,-1.39368725,155.30522780,-1.57398543,155.30522780,-1.57398543,155.30936688,-1.57476929
Sydney,-33.87,151.21,40.0,2030-06-21T00:00:00,2462673.500000000,dso_47_tucanae,GLOBULAR_CLUSTER,6.020000,-72.080000,4.1,269.237017385,269.237370140,269.241346540,269.241700357,200.09436935,42.92002544,200.09436935,42.93732388,200.09436935,42.93702726,200.08546070,42.93519121,200.08546070,42.93512261,200.08745701,42.93624251
Sydney,-33.87,151.21,40.0,2030-06-21T00:00:00,2462673.500000000,dso_m13_hercules,GLOBULAR_CLUSTER,250.420000,36.460000,5.8,269.237017385,269.237370140,269.241346540,269.241700357,289.73618079,-81.24793478,289.73618079,-81.24908445,289.73618079,-81.24906648,289.74122053,-81.25572513,289.74122053,-81.25572513,289.73814773,-81.25348404
Sydney,-33.87,151.21,40.0,2030-06-21T00:00:00,2462673.500000000,dso_m42_orion_nebula,NEBULA,83.822000,-5.391000,4.0,269.237017385,269.237370140,269.241346540,269.241700357,42.98364378,53.98635141,42.98364378,53.99805470,42.98364378,53.99785416,42.98461851,53.99743540,42.98461851,53.99738898,42.99092804,53.99549673
Sydney,-33.87,151.21,40.0,2030-06-21T00:00:00,2462673.500000000,dso_m8_lagoon,NEBULA,270.920000,-24.380000,6.0,269.237017385,269.237370140,269.241346540,269.241700357,211.04911605,-24.74704808,211.04911605,-24.59663581,211.04911605,-24.60068816,211.03840965,-24.75128773,211.03840965,-24.75128773,211.04339742,-24.74977046
Sydney,-33.87,151.21,40.0,2030-06-21T00:00:00,2462673.500000000,dso_eta_carinae_nebula,NEBULA,161.260000,-59.870000,1.0,269.237017385,269.237370140,269.241346540,269.241700357,147.62382347,23.76239840,147.62382347,23.79873126,147.62382347,23.79810556,147.61703352,23.79740313,147.61703352,23.79725958,147.62011973,23.79627537
Tehran,35.69,51.39,1200.0,2030-06-21T00:00:00,2462673.500000000,star_cma_sirius,STAR,101.287000,-16.716000,-1.46,269.237017385,269.237370140,269.241346540,269.241700357,71.63959742,-50.57863573,71.63959742,-50.52039614,71.63959742,-50.52724362,71.63627491,-50.57902873,71.63627491,-50.57902873,71.63425949,-50.58263206
Tehran,35.69,51.39,1200.0,2030-06-21T00:00:00,2462673.500000000,star_cma_adhara,STAR,104.656000,-28.972000,1.5,269.237017385,269.237370140,269.241346540,269.241700357,87.70506358,-59.30709722,87.70506358,-59.27760310,87.70506358,-59.28100074,87.69993578,-59.30840990,87.69993578,-59.30840990,87.69993458,-59.31164273
Tehran,35.69,51.39,1200.0,2030-06-21T00:00:00,2462673.500000000,star_cma_wezen,STAR,107.098000,-26.393000,1.83,269.237017385,269.237370140,269.241346540,269.241700357,81.27934820,-60.24164751,81.27934820,-60.21475485,81.27934820,-60.21784661,81.27390300,-60.24247398,81.27390300,-60.24247398,81.27336468,-60.24588741
Tehran,35.69,51.39,1200.0,2030-06-21T00:00:00,2462673.500000000,star_cma_mirzam,STAR,95.675000,-17.956000,1.98,269.237017385,269.237370140,269.241346540,269.241700357,77.81044491,-46.87710544,77.81044491,-46.80496161,77.81044491,-46.81352332,77.80764036,-46.87793591,77.80764036,-46.87793591,77.80590996,-46.88142908
Tehran,35.69,51.39,1200.0,2030-06-21T00:00:00,2462673.500000000,star_cmi_procyon,STAR,114.825000,5.225000,0.34,269.237017385,269.237370140,269.241346540,269.241700357,35.55332841,-42.71156050,35.55332841,-42.62328261,35.55332841,-42.63387191,35.55208926,-42.71056773,35.55208926,-42.71056773,35.54772384,-42.71396882
Tehran,35.69,51.39,1200.0,2030-06-21T00:00:00,2462673.500000000,star_car_canopus,STAR,95.987000,-52.695000,-0.74,269.237017385,269.237370140,269.241346540,269.241700357,132.87111893,-54.60709480,132.87111893,-54.56300945,132.87111893,-54.56814239,132.87005370,-54.61154741,132.87005370,-54.61154741,132.87203726,-54.61255343
Tehran,35.69,51.39,1200.0,2030-06-21T00:00:00,2462673.500000000,star_car_miaplacidus,STAR,138.300000,-69.720000,1.67,269.237017385,269.237370140,269.241346540,269.241700357,178.61742859,-55.81525162,178.61742859,-55.77513950,178.61742859,-55.77979666,178.62187600,-55.82131172,178.62187600,-55.82131172,178.62356775,-55.81946480
Tehran,35.69,51.39,1200.0,2030-06-21T00:00:00,2462673.500000000,star_cen_rigil_kent,STAR,219.900000,-60.833000,-0.01,269.237017385,269.237370140,269.241346540,269.241700357,215.88524421,-35.40914724,215.88524421,-35.29311683,215.88524421,-35.30729822,215.89276850,-35.41559878,215.89276850,-35.41559878,215.89076026,-35.41218909
Tehran,35.69,51.39,1200.0,2030-06-21T00:00:00,2462673.500000000,star_cen_hadar,STAR,210.956000,-60.373000,0.61,269.237017385,269.237370140,269.241346540,269.241700357,217.17672287,-39.69978604,217.17672287,-39.59985539,217.17672287,-39.61193611,217.18444204,-39.70604671,217.18444204,-39.70604671,217.18254041,-39.70260563
Tehran,35.69,51.39,1200.0,2030-06-21T00:00:00,2462673.500000000,star_lyr_vega,STAR,279.234000,38.783000,0.03,269.237017385,269.237370140,269.241346540,269.241700357,288.00987075,57.38656964,288.00987075,57.39687314,288.00987075,57.39561575,288.01101457,57.38916106,288.01101457,57.38798616,288.01237258,57.39152919
Tehran,35.69,51.39,1200.0,2030-06-21T00:00:00,2462673.500000000,star_cyg_deneb,STAR,310.358000,45.280000,1.25,269.237017385,269.237370140,269.241346540,269.241700357,325.07309978,77.69661230,325.07309978,77.70012606,325.07309978,77.69969722,325.05148202,77.69508927,325.05148202,77.69469041,325.06537048,77.69531223
Tehran,35.69,51.39,1200.0,2030-06-21T00:00:00,2462673.500000000,star_cyg_sadr,STAR,305.557000,40.260000,2.23,269.237017385,269.237370140,269.241346540,269.241700357,296.29405565,77.46749821,296.29405565,77.47107951,296.29405565,77.47064243,296.28584456,77.46399885,296.28584456,77.46359219,296.29686224,77.46596833
Tehran,35.69,51.39,1200.0,2030-06-21T00:00:00,2462673.500000000,star_cyg_albireo,STAR,292.680000,27.960000,3.05,269.237017385,269.237370140,269.241346540,269.241700357,259.67233610,65.40621555,259.67233610,65.41358794,259.67233610,65.41268821,259.68028373,65.40587731,259.68028373,65.40503717,259.68015540,65.40930038
Tehran,35.69,51.39,1200.0,2030-06-21T00:00:00,2462673.500000000,star_aql_altair,STAR,297.696000,8.868000,0.76,269.237017385,269.237370140,269.241346540,269.241700357,223.03698461,56.26919630,223.03698461,56.27994750,223.03698461,56.27863549,223.04981659,56.27411578,223.04981659,56.27288987,223.04530090,56.27763439
Tehran,35.69,51.39,1200.0,2030-06-21T00:00:00,2462673.500000000,star_ori_betelgeuse,STAR,88.793000,7.407000,0.5,269.237017385,269.237370140,269.241346540,269.241700357,59.02091692,-25.27389970,59.02091692,-25.12493697,59.02091692,-25.14358270,59.01972858,-25.27390180,59.01972858,-25.27390180,59.01671389,-25.27759950
Tehran,35.69,51.39,1200.0,2030-06-21T00:00:00,2462673.500000000,star_ori_rigel,STAR,78.634000,-8.202000,0.13,269.237017385,269.237370140,269.241346540,269.241700357,79.65676436,-27.70212691,79.65676436,-27.56021218,79.65676436,-27.57788122,79.65574849,-27.70297351,79.65574849,-27.70297351,79.65341857,-27.70642576
Tehran,35.69,51.39,1200.0,2030-06-21T00:00:00,2462673.500000000,star_ori_bellatrix,STAR,81.283000,6.350000,1.64,269.237017385,269.237370140,269.241346540,269.241700357,65.42580737,-20.58932940,65.42580737,-20.42851863,65.42580737,-20.44883648,65.42483592,-20.58948728,65.42483592,-20.58948728,65.42197392,-20.59315930
Tehran,35.69,51.39,1200.0,2030-06-21T00:00:00,2462673.500000000,star_ori_saiph,STAR,86.939000,-9.670000,2.07,269.237017385,269.237370140,269.241346540,269.241700357,75.32132006,-35.17310461,75.32132006,-35.05621549,75.32132006,-35.07051030,75.31969598,-35.17381906,75.31969598,-35.17381906,75.31741750,-35.17736160
Tehran,35.69,51.39,1200.0,2030-06-21T00:00:00,2462673.500000000,star_ori_alnitak,STAR,85.190000,-1.940000,1.77,269.237017385,269.237370140,269.241346540,269.241700357,69.47981743,-28.98169057,69.47981743,-28.84372327,69.47981743,-28.86085069,69.47853029,-28.98208808,69.47853029,-28.98208808,69.47588912,-28.98572012
Tehran,35.69,51.39,1200.0,2030-06-21T00:00:00,2462673.500000000,star_ori_alnilam,STAR,84.053000,-1.202000,1.69,269.237017385,269.237370140,269.241346540,269.241700357,69.67388006,-27.63736777,69.67388006,-27.49525744,69.67388006,-27.51295341,69.67266755,-27.63776182,69.67266755,-27.63776182,69.67001181,-27.64139149
Tehran,35.69,51.39,1200.0,2030-06-21T00:00:00,2462673.500000000,star_ori_mintaka,STAR,83.002000,-0.299000,2.23,269.237017385,269.237370140,269.241346540,269.241700357,69.66161951,-26.25185777,69.66161951,-26.10566191,69.66161951,-26.12392270,69.66047720,-26.25223681,69.66047720,-26.25223681,69.65779957,-26.25586663
Tehran,35.69,51.39,1200.0,2030-06-21T00:00:00,2462673.500000000,star_tau_aldebaran,STAR,68.980000,16.509000,0.85,269.237017385,269.237370140,269.241346540,269.241700357,65.59732024,-4.83701574,65.59732024,-4.65373227,65.59732024,-4.67732982,65.59671255,-4.83680629,65.59671255,-4.83680629,65.59372469,-4.84047699
Tehran,35.69,51.39,1200.0,2030-06-21T00:00:00,2462673.500000000,star_tau_elnath,STAR,81.573000,28.608000,1.65,269.237017385,269.237370140,269.241346540,269.241700357,48.78095246,-5.28478541,48.78095246,-5.10178764,48.78095246,-5.12534336,48.77997045,-5.28454685,48.77997045,-5.28454685,48.77688607,-5.28818979
Tehran,35.69,51.39,1200.0,2030-06-21T00:00:00,2462673.500000000,star_aur_capella,STAR,79.172000,45.998000,0.08,269.237017385,269.237370140,269.241346540,269.241700357,37.82032308,8.37161313,37.82032308,8.47431518,37.82032308,8.46187981,37.81891483,8.47599970,37.81891483,8.46451252,37.81608272,8.47426914
Tehran,35.69,51.39,1200.0,2030-06-21T00:00:00,2462673.500000000,star_umi_polaris,STAR,37.954000,89.264000,1.98,269.237017385,269.237370140,269.241346540,269.241700357,0.75627341,35.71584573,0.75627341,35.73819434,0.75627341,35.73546790,0.75264663,35.73662525,0.75264663,35.73407946,0.75187305,35.73459449
Tehran,35.69,51.39,1200.0,2030-06-21T00:00:00,2462673.500000000,star_uma_dubhe,STAR,165.932000,61.751000,1.79,269.237017385,269.237370140,269.241346540,269.241700357,347.89440455,9.50455503,347.89440455,9.59613954,347.89440455,9.58503391,347.89402654,9.59483078,347.89402654,9.58457073,347.89158519,9.59480061
Tehran,35.69,51.39,1200.0,2030-06-21T00:00:00,2462673.500000000,star_uma_merak,STAR,165.460000,56.380000,2.37,269.237017385,269.237370140,269.241346540,269.241700357,346.22095209,4.39070801,346.22095209,4.55729731,346.22095209,4.53719209,346.22103975,4.56296591,346.22103975,4.54368381,346.21828457,4.56939388
Tehran,35.69,51.39,1200.0,2030-06-21T00:00:00,2462673.500000000,star_uma_alioth,STAR,193.507000,55.960000,1.77,269.237017385,269.237370140,269.241346540,269.241700357,332.59047702,12.06988833,332.59047702,12.14297707,332.59047702,12.13409445,332.59084531,12.14037539,332.59084531,12.13215516,332.58860820,12.14066737
Tehran,35.69,51.39,1200.0,2030-06-21T00:00:00,2462673.500000000,star_uma_mizar,STAR,200.981000,54.925000,2.23,269.237017385,269.237370140,269.241346540,269.241700357,328.73878616,14.29796169,328.73878616,14.35983803,328.73878616,14.35230933,328.73925021,14.35678285,328.73925021,14.34980306,328.73716664,14.35705664
Tehran,35.69,51.39,1200.0,2030-06-21T00:00:00,2462673.500000000,star_uma_alkaid,STAR,206.885000,49.313000,1.85,269.237017385,269.237370140,269.241346540,269.241700357,321.94014173,13.30554956,321.94014173,13.37200173,321.94014173,13.36391995,321.94119937,13.36852007,321.94119937,13.36103307,321.93904187,13.36932746
Tehran,35.69,51.39,1200.0,2030-06-21T00:00:00,2462673.500000000,star_cas_schedar,STAR,10.127000,56.537000,2.24,269.237017385,269.237370140,269.241346540,269.241700357,41.63400083,50.76978013,41.63400083,50.78292268,41.63400083,50.78131891,41.62881984,50.78523734,41.62881984,50.78373907,41.62712061,50.78165372
Tehran,35.69,51.39,1200.0,2030-06-21T00:00:00,2462673.500000000,star_cas_caph,STAR,2.293000,59.150000,2.28,269.237017385,269.237370140,269.241346540,269.241700357,35.60563047,54.03591663,35.60563047,54.04759867,35.60563047,54.04617309,35.59915404,54.04951415,35.59915404,54.04818240,35.59812448,54.04606863
Tehran,35.69,51.39,1200.0,2030-06-21T00:00:00,2462673.500000000,star_per_mirfak,STAR,51.080000,49.860000,1.79,269.237017385,269.237370140,269.241346540,269.241700357,45.66721331,25.95017590,45.66721331,25.98308858,45.66721331,25.97907526,45.66517613,25.98508684,45.66517613,25.98134627,45.66255507,25.98143768
Tehran,35.69,51.39,1200.0,2030-06-21T00:00:00,2462673.500000000,star_per_algol,STAR,47.040000,40.960000,2.12,269.237017385,269.237370140,269.241346540,269.241700357,55.88764300,24.60336225,55.88764300,24.63831465,55.88764300,24.63405309,55.88622986,24.64073253,55.88622986,24.63676217,55.88328612,24.63700235
Tehran,35.69,51.39,1200.0,2030-06-21T00:00:00,2462673.500000000,star_boo_arcturus,STAR,213.915000,19.182000,-0.05,269.237017385,269.237370140,269.241346540,269.241700357,294.85871211,-1.47879808,294.85871211,-1.29399081,294.85871211,-1.31780699,294.86286863,-0.77674477,294.86286863,-0.85475698,294.85976338,-1.48241505
Tehran,35.69,51.39,1200.0,2030-06-21T00:00:00,2462673.500000000,star_vir_spica,STAR,201.298000,-11.161000,0.98,269.237017385,269.237370140,269.241346540,269.241700357,277.77797175,-29.97989752,277.77797175,-29.84511557,277.77797175,-29.86180865,277.78499000,-29.98410988,277.78499000,-29.98410988,277.78061811,-29.98124124
Tehran,35.69,51.39,1200.0,2030-06-21T00:00:00,2462673.500000000,star_sco_antares,STAR,247.352000,-26.432000,0.96,269.237017385,269.237370140,269.241346540,269.241700357,238.84906277,-2.59905114,238.84906277,-2.41463148,238.84906277,-2.43839332,238.85636652,-2.60642855,238.85636652,-2.60642855,238.85334028,-2.60273080
Tehran,35.69,51.39,1200.0,2030-06-21T00:00:00,2462673.500000000,star_sco_shaula,STAR,263.402000,-37.104000,1.62,269.237017385,269.237370140,269.241346540,269.241700357,221.79138750,0.19840258,221.79138750,0.38356582,221.79138750,0.35970305,221.79902829,0.64085899,221.79902829,0.59128627,221.79599901,0.72928168
Tehran,35.69,51.39,1200.0,2030-06-21T00:00:00,2462673.500000000,star_leo_regulus,STAR,152.093000,11.967000,1.36,269.237017385,269.237370140,269.241346540,269.241700357,344.48224861,-41.18678718,344.48224861,-41.09259059,344.48224861,-41.10393449,344.48515782,-41.18619661,344.48515782,-41.18619661,344.47901913,-41.18720494
Tehran,35.69,51.39,1200.0,2030-06-21T00:00:00,2462673.500000000,star_gem_pollux,STAR,116.329000,28.026000,1.14,269.237017385,269.237370140,269.241346540,269.241700357,22.72826025,-22.50966738,22.72826025,-22.35342702,22.72826025,-22.37309513,22.72785700,-22.50941816,22.72785700,-22.50941816,22.72393202,-22.51241230
Tehran,35.69,51.39,1200.0,2030-06-21T00:00:00,2462673.500000000,star_gem_castor,STAR,113.650000,31.888000,1.58,269.237017385,269.237370140,269.241346540,269.241700357,23.49888714,-18.06247031,23.49888714,-17.89626288,23.49888714,-17.91735599,23.49837883,-18.06237402,23.49837883,-18.06237402,23.49465862,-18.06539707
Tehran,35.69,51.39,1200.0,2030-06-21T00:00:00,2462673.500000000,star_psa_fomalhaut,STAR,344.413000,-29.622000,1.17,269.237017385,269.237370140,269.241346540,269.241700357,157.52021486,20.98823590,157.52021486,21.02983798,157.52021486,21.02476773,157.52746748,21.02856584,157.52746748,21.02384734,157.52304036,21.02913409
Tehran,35.69,51.39,1200.0,2030-06-21T00:00:00,2462673.500000000,star_eri_achernar,STAR,24.429000,-57.237000,0.45,269.237017385,269.237370140,269.241346540,269.241700357,149.21113005,-17.26100824,149.21113005,-17.09323605,149.21113005,-17.11455562,149.21501791,-17.26552645,149.21501791,-17.26552645,149.21314148,-17.26549056
Tehran,35.69,51.39,1200.0,2030-06-21T00:00:00,2462673.500000000,dso_m31_andromeda,GALAXY,10.684000,41.269000,3.44,269.237017385,269.237370140,269.241346540,269.241700357,65.86523221,50.67707571,65.86523221,50.69026164,65.86523221,50.68865258,65.86298547,50.69410878,65.86298547,50.69260565,65.85939375,50.69039214
Tehran,35.69,51.39,1200.0,2030-06-21T00:00:00,2462673.500000000,dso_lmc,GALAXY,80.894000,-69.756000,0.9,269.237017385,269.237370140,269.241346540,269.241700357,155.60073945,-43.53014194,155.60073945,-43.44504773,155.60073945,-43.45523357,155.60332305,-43.53571554,155.60332305,-43.53571554,155.60378501,-43.53526837
Tehran,35.69,51.39,1200.0,2030-06-21T00:00:00,2462673.500000000,dso_smc,GALAXY,13.187000,-72.829000,2.7,269.237017385,269.237370140,269.241346540,269.241700357,164.90305410,-24.23970272,164.90305410,-24.08792210,164.90305410,-24.10696197,164.90766558,-24.24533523,164.90766558,-24.24533523,164.90623871,-24.24430055
Tehran,35.69,51.39,1200.0,2030-06-21T00:00:00,2462673.500000000,dso_m33_triangulum,GALAXY,23.462000,30.660000,5.72,269.237017385,269.237370140,269.241346540,269.241700357,76.04226692,37.78166359,76.04226692,37.80240048,76.04226692,37.79987052,76.04213180,37.80583721,76.04213180,37.80347485,76.03824978,37.80224454
Tehran,35.69,51.39,1200.0,2030-06-21T00:00:00,2462673.500000000,dso_m45_pleiades,STAR_CLUSTER,56.871000,24.105000,1.6,269.237017385,269.237370140,269.241346540,269.241700357,66.44648700,8.78684586,66.44648700,8.88520507,66.44648700,8.87328857,66.44598607,8.88744842,66.44598607,8.87644327,66.44288297,8.88529721
Tehran,35.69,51.39,1200.0,2030-06-21T00:00:00,2462673.500000000,dso_hyades,STAR_CLUSTER,66.750000,15.870000,0.5,269.237017385,269.237370140,269.241346540,269.241700357,67.44538433,-3.57315423,67.44538433,-3.38916960,67.44538433,-3.41286908,67.44485754,-3.57292388,67.44485754,-3.57292388,67.44186716,-3.57657827
Tehran,35.69,51.39,1200.0,2030-06-21T00:00:00,2462673.500000000,dso_m44_beehive,STAR_CLUSTER,130.100000,19.670000,3.7,269.237017385,269.237370140,269.241346540,269.241700357,11.48159602,-33.92825832,11.48159602,-33.80689887,11.48159602,-33.82178656,11.48198685,-33.92757291,11.48198685,-33.92757291,11.47713667,-33.93008635
Tehran,35.69,51.39,1200.0,2030-06-21T00:00:00,2462673.500000000,dso_double_cluster,STAR_CLUSTER,34.740000,57.130000,3.7,269.237017385,269.237370140,269.241346540,269.241700357,41.00747909,37.37291505,41.00747909,37.39395884,41.00747909,37.39139147,41.00424431,37.39583433,41.00424431,37.39343698,41.00207520,37.39224668
Tehran,35.69,51.39,1200.0,2030-06-21T00:00:00,2462673.500000000,dso_coma_cluster,STAR_CLUSTER,185.600000,26.100000,1.8,269.237017385,269.237370140,269.241346540,269.241700357,318.52529328,-14.96002147,318.52529328,-14.78814791,318.52529328,-14.81006464,318.52855570,-14.96309828,318.52855570,-14.96309828,318.52455720,-14.96244782
Tehran,35.69,51.39,1200.0,2030-06-21T00:00:00,2462673.500000000,dso_omega_centauri,GLOBULAR_CLUSTER,201.700000,-47.470000,3.9,269.237017385,269.237370140,269.241346540,269.241700357,235.13728637,-43.77929329,235.13728637,-43.69516799,235.13728637,-43.70523138,235.14597816,-43.78473664,235.14597816,-43.78473664,235.14316966,-43.78104582
Tehran,35.69,51.39,1200.0,2030-06-21T00:00:00,2462673.500000000,dso_47_tucanae,GLOBULAR_CLUSTER,6.020000,-72.080000,4.1,269.237017385,269.237370140,269.241346540,269.241700357,166.09870092,-22.23610677,166.09870092,-22.07919077,166.09870092,-22.09895455,166.10350925,-22.24173524,166.10350925,-22.24173524,166.10192617,-22.24062669
Tehran,35.69,51.39,1200.0,2030-06-21T00:00:00,2462673.500000000,dso_m13_hercules,GLOBULAR_CLUSTER,250.420000,36.460000,5.8,269.237017385,269.237370140,269.241346540,269.241700357,292.99960278,34.78971048,292.99960278,34.81283442,292.99960278,34.81001347,293.00183942,34.80589536,293.00183942,34.80326106,293.00090064,34.80798097
Tehran,35.69,51.39,1200.0,2030-06-21T00:00:00,2462673.500000000,dso_m42_orion_nebula,NEBULA,83.822000,-5.391000,4.0,269.237017385,269.237370140,269.241346540,269.241700357,73.54337772,-30.11193182,73.54337772,-29.97757793,73.54337772,-29.99421281,73.54208076,-30.11252068,73.54208076,-30.11252068,73.53960596,-30.11609440
Tehran,35.69,51.39,1200.0,2030-06-21T00:00:00,2462673.500000000,dso_m8_lagoon,NEBULA,270.920000,-24.380000,6.0,269.237017385,269.237370140,269.241346540,269.241700357,225.31971635,14.02181502,225.31971635,14.08490555,225.31971635,14.07723002,225.32769570,14.07895948,225.32769570,14.07184363,225.32445718,14.08284496
Tehran,35.69,51.39,1200.0,2030-06-21T00:00:00,2462673.500000000,dso_eta_carinae_nebula,NEBULA,161.260000,-59.870000,1.0,269.237017385,269.237370140,269.241346540,269.241700357,202.46074976,-62.16626338,202.46074976,-62.14438083,202.46074976,-62.14688655,202.46866913,-62.17191376,202.46866913,-62.17191376,202.46977935,-62.16892938
Tromso,69.65,18.96,10.0,2030-06-21T00:00:00,2462673.500000000,star_cma_sirius,STAR,101.287000,-16.716000,-1.46,269.237017385,269.237370140,269.241346540,269.241700357,7.88628773,-36.94395298,7.88628773,-36.83358347,7.88628773,-36.83585847,7.88426776,-36.94255435,7.88426776,-36.94255435,7.87976321,-36.94384294
Tromso,69.65,18.96,10.0,2030-06-21T00:00:00,2462673.500000000,star_cma_adhara,STAR,104.656000,-28.972000,1.5,269.237017385,269.237370140,269.241346540,269.241700357,4.36051023,-49.32432703,4.36051023,-49.26145024,4.36051023,-49.26254231,4.35709850,-49.32243385,4.35709850,-49.32243385,4.35255318,-49.32372774
Tromso,69.65,18.96,10.0,2030-06-21T00:00:00,2462673.500000000,star_cma_wezen,STAR,107.098000,-26.393000,1.83,269.237017385,269.237370140,269.241346540,269.241700357,1.04089459,-46.79286871,1.04089459,-46.72040186,1.04089459,-46.72170384,1.03808595,-46.79080754,1.03808595,-46.79080754,1.03345622,-46.79210193
Tromso,69.65,18.96,10.0,2030-06-21T00:00:00,2462673.500000000,star_cma_mirzam,STAR,95.675000,-17.956000,1.98,269.237017385,269.237370140,269.241346540,269.241700357,14.72519803,-37.78149689,14.72519803,-37.67426719,14.72519803,-37.67645153,14.72288522,-37.78050629,14.72288522,-37.78050629,14.71850182,-37.78177074
Tromso,69.65,18.96,10.0,2030-06-21T00:00:00,2462673.500000000,star_cmi_procyon,STAR,114.825000,5.225000,0.34,269.237017385,269.237370140,269.241346540,269.241700357,352.75148444,-15.04364020,352.75148444,-14.87190559,352.75148444,-14.87652685,352.75123727,-15.04232573,352.75123727,-15.04232573,352.74658037,-15.04360247
Tromso,69.65,18.96,10.0,2030-06-21T00:00:00,2462673.500000000,star_car_canopus,STAR,95.987000,-52.695000,-0.74,269.237017385,269.237370140,269.241346540,269.241700357,24.40638806,-72.17368284,24.40638806,-72.16971169,24.40638806,-72.16976608,24.39179808,-72.17326110,24.39179808,-72.17326110,24.38871257,-72.17446085
Tromso,69.65,18.96,10.0,2030-06-21T00:00:00,2462673.500000000,star_car_miaplacidus,STAR,138.300000,-69.720000,1.67,269.237017385,269.237370140,269.241346540,269.241700357,254.72042360,-79.66116049,254.72042360,-79.66203459,254.72042360,-79.66202311,254.74903887,-79.65709446,254.74903887,-79.65709446,254.73767649,-79.65670373
Tromso,69.65,18.96,10.0,2030-06-21T00:00:00,2462673.500000000,star_cen_rigil_kent,STAR,219.900000,-60.833000,-0.01,269.237017385,269.237370140,269.241346540,269.241700357,223.28528889,-49.08909959,223.28528889,-49.02534358,223.28528889,-49.02645437,223.29886748,-49.08868919,223.29886748,-49.08868919,223.29328843,-49.08771188
Tromso,69.65,18.96,10.0,2030-06-21T00:00:00,2462673.500000000,star_cen_hadar,STAR,210.956000,-60.373000,0.61,269.237017385,269.237370140,269.241346540,269.241700357,229.49935029,-50.97011651,229.49935029,-50.91330496,229.49935029,-50.91427073,229.51296873,-50.96913216,229.51296873,-50.96913216,229.50719777,-50.96825251
Tromso,69.65,18.96,10.0,2030-06-21T00:00:00,2462673.500000000,star_lyr_vega,STAR,279.234000,38.783000,0.03,269.237017385,269.237370140,269.241346540,269.241700357,193.15928525,58.81417390,193.15928525,58.82392125,193.15928525,58.82378188,193.17467463,58.82300948,193.17467463,58.82299980,193.17047867,58.82424311
Tromso,69.65,18.96,10.0,2030-06-21T00:00:00,2462673.500000000,star_cyg_deneb,STAR,310.358000,45.280000,1.25,269.237017385,269.237370140,269.241346540,269.241700357,143.42632721,63.28016584,143.42632721,63.28827346,143.42632721,63.28815755,143.44027315,63.29133775,143.44027315,63.29132971,143.43405967,63.29231484
Tromso,69.65,18.96,10.0,2030-06-21T00:00:00,2462673.500000000,star_cyg_sadr,STAR,305.557000,40.260000,2.23,269.237017385,269.237370140,269.241346540,269.241700357,153.12759689,59.28114457,153.12759689,59.29071364,153.12759689,59.29057683,153.14150980,59.29297907,153.14150980,59.29296957,153.13584858,59.29407249
Tromso,69.65,18.96,10.0,2030-06-21T00:00:00,2462673.500000000,star_cyg_albireo,STAR,292.680000,27.960000,3.05,269.237017385,269.237370140,269.241346540,269.241700357,173.63317721,48.28359379,173.63317721,48.29794141,173.63317721,48.29773614,173.64608016,48.29843600,173.64608016,48.29842176,173.64126225,48.29966185
Tromso,69.65,18.96,10.0,2030-06-21T00:00:00,2462673.500000000,star_aql_altair,STAR,297.696000,8.868000,0.76,269.237017385,269.237370140,269.241346540,269.241700357,168.84009570,28.96490044,168.84009570,28.99387676,168.84009570,28.99346078,168.85083689,28.99431469,168.85083689,28.99428599,168.84607096,28.99550947
Tromso,69.65,18.96,10.0,2030-06-21T00:00:00,2462673.500000000,star_ori_betelgeuse,STAR,88.793000,7.407000,0.5,269.237017385,269.237370140,269.241346540,269.241700357,19.25764190,-11.83897393,19.25764190,-11.66245105,19.25764190,-11.66732148,19.25679165,-11.83831870,19.25679165,-11.83831870,19.25227163,-11.83955719
Tromso,69.65,18.96,10.0,2030-06-21T00:00:00,2462673.500000000,star_ori_rigel,STAR,78.634000,-8.202000,0.13,269.237017385,269.237370140,269.241346540,269.241700357,32.41028731,-25.70290236,32.41028731,-25.55514127,32.41028731,-25.55868677,32.40892300,-25.70290068,32.40892300,-25.70290068,32.40463641,-25.70402082
Tromso,69.65,18.96,10.0,2030-06-21T00:00:00,2462673.500000000,star_ori_bellatrix,STAR,81.283000,6.350000,1.64,269.237017385,269.237370140,269.241346540,269.241700357,26.95181545,-11.83929766,26.95181545,-11.66277520,26.95181545,-11.66764561,26.95100139,-11.83885348,26.95100139,-11.83885348,26.94651542,-11.84003030
Tromso,69.65,18.96,10.0,2030-06-21T00:00:00,2462673.500000000,star_ori_saiph,STAR,86.939000,-9.670000,2.07,269.237017385,269.237370140,269.241346540,269.241700357,23.59894908,-28.53017799,23.59894908,-28.39080003,23.59894908,-28.39402503,23.59731799,-28.52974161,23.59731799,-28.52974161,23.59297440,-28.53094799
Tromso,69.65,18.96,10.0,2030-06-21T00:00:00,2462673.500000000,star_ori_alnitak,STAR,85.190000,-1.940000,1.77,269.237017385,269.237370140,269.241346540,269.241700357,24.25989392,-20.62987163,24.25989392,-20.46915317,24.25989392,-20.47324705,24.25872335,-20.62942295,24.25872335,-20.62942295,24.25430642,-20.63062383
Tromso,69.65,18.96,10.0,2030-06-21T00:00:00,2462673.500000000,star_ori_alnilam,STAR,84.053000,-1.202000,1.69,269.237017385,269.237370140,269.241346540,269.241700357,25.34025101,-19.73089406,25.34025101,-19.56817100,25.34025101,-19.57235631,25.33912786,-19.73048289,25.33912786,-19.73048289,25.33471040,-19.73167443
Tromso,69.65,18.96,10.0,2030-06-21T00:00:00,2462673.500000000,star_ori_mintaka,STAR,83.002000,-0.299000,2.23,269.237017385,269.237370140,269.241346540,269.241700357,26.29209751,-18.67647183,26.29209751,-18.51151101,26.29209751,-18.51580068,26.29102842,-18.67608847,26.29102842,-18.67608847,26.28660717,-18.67727143
Tromso,69.65,18.96,10.0,2030-06-21T00:00:00,2462673.500000000,star_tau_aldebaran,STAR,68.980000,16.509000,0.85,269.237017385,269.237370140,269.241346540,269.241700357,36.89859968,0.43225074,36.89859968,0.61744228,36.89859968,0.61211289,36.89825291,0.85166304,36.89825291,0.85126105,36.89364824,0.92257944
Tromso,69.65,18.96,10.0,2030-06-21T00:00:00,2462673.500000000,star_tau_elnath,STAR,81.573000,28.608000,1.65,269.237017385,269.237370140,269.241346540,269.241700357,23.13355639,10.09435247,23.13355639,10.18097417,23.13355639,10.17968048,23.13289738,10.18317160,23.13289738,10.18308707,23.12821632,10.18295196
Tromso,69.65,18.96,10.0,2030-06-21T00:00:00,2462673.500000000,star_aur_capella,STAR,79.172000,45.998000,0.08,269.237017385,269.237370140,269.241346540,269.241700357,21.91771851,27.54899681,21.91771851,27.57972487,21.91771851,27.57928350,21.91656154,27.58160571,21.91656154,27.58157529,21.91173578,27.58032909
Tromso,69.65,18.96,10.0,2030-06-21T00:00:00,2462673.500000000,star_umi_polaris,STAR,37.954000,89.264000,1.98,269.237017385,269.237370140,269.241346540,269.241700357,1.51172533,69.33797197,1.51172533,69.34404679,1.51172533,69.34395996,1.50122765,69.34389396,1.50122765,69.34388794,1.49667701,69.34257834
Tromso,69.65,18.96,10.0,2030-06-21T00:00:00,2462673.500000000,star_uma_dubhe,STAR,165.932000,61.751000,1.79,269.237017385,269.237370140,269.241346540,269.241700357,323.22231027,47.51591824,323.22231027,47.53065665,323.22231027,47.53044578,323.22146830,47.52838491,323.22146830,47.52837028,323.21776046,47.52732596
Tromso,69.65,18.96,10.0,2030-06-21T00:00:00,2462673.500000000,star_uma_merak,STAR,165.460000,56.380000,2.37,269.237017385,269.237370140,269.241346540,269.241700357,320.36529897,42.53175876,320.36529897,42.54929322,320.36529897,42.54904222,320.36528096,42.54720518,320.36528096,42.54718778,320.36147563,42.54618135
Tromso,69.65,18.96,10.0,2030-06-21T00:00:00,2462673.500000000,star_uma_alioth,STAR,193.507000,55.960000,1.77,269.237017385,269.237370140,269.241346540,269.241700357,300.31066410,49.51590394,300.31066410,49.52964317,300.31066410,49.52944662,300.31231230,49.52614015,300.31231230,49.52612651,300.30905217,49.52548098
Tromso,69.65,18.96,10.0,2030-06-21T00:00:00,2462673.500000000,star_uma_mizar,STAR,200.981000,54.925000,2.23,269.237017385,269.237370140,269.241346540,269.241700357,293.87095680,50.95636271,293.87095680,50.96941829,293.87095680,50.96923154,293.87338856,50.96559884,293.87338856,50.96558588,293.87027383,50.96507380
Tromso,69.65,18.96,10.0,2030-06-21T00:00:00,2462673.500000000,star_uma_alkaid,STAR,206.885000,49.313000,1.85,269.237017385,269.237370140,269.241346540,269.241700357,284.52187469,48.15078678,284.52187469,48.16520133,284.52187469,48.16499510,284.52581164,48.16135584,284.52581164,48.16134153,284.52262512,48.16102840
Tromso,69.65,18.96,10.0,2030-06-21T00:00:00,2462673.500000000,star_cas_schedar,STAR,10.127000,56.537000,2.24,269.237017385,269.237370140,269.241346540,269.241700357,67.78012901,53.99949875,67.78012901,54.01119640,67.78012901,54.01102910,67.78058043,54.01531319,67.78058043,54.01530158,67.77435996,54.01473114
Tromso,69.65,18.96,10.0,2030-06-21T00:00:00,2462673.500000000,star_cas_caph,STAR,2.293000,59.150000,2.28,269.237017385,269.237370140,269.241346540,269.241700357,70.80356513,58.62168482,70.80356513,58.63150617,70.80356513,58.63136574,70.80403348,58.63588347,70.80403348,58.63587373,70.79745899,58.63537134
Tromso,69.65,18.96,10.0,2030-06-21T00:00:00,2462673.500000000,star_per_mirfak,STAR,51.080000,49.860000,1.79,269.237017385,269.237370140,269.241346540,269.241700357,41.89339111,36.48587365,41.89339111,36.50760338,41.89339111,36.50729206,41.89256824,36.51025761,41.89256824,36.51023606,41.88735896,36.50919321
Tromso,69.65,18.96,10.0,2030-06-21T00:00:00,2462673.500000000,star_per_algol,STAR,47.040000,40.960000,2.12,269.237017385,269.237370140,269.241346540,269.241700357,48.82590884,29.18088574,48.82590884,29.20960830,48.82590884,29.20919600,48.82587211,29.21235710,48.82587211,29.21232865,48.82074837,29.21140384
Tromso,69.65,18.96,10.0,2030-06-21T00:00:00,2462673.500000000,star_boo_arcturus,STAR,213.915000,19.182000,-0.05,269.237017385,269.237370140,269.241346540,269.241700357,261.73149749,23.38674139,261.73149749,23.42372027,261.73149749,23.42318789,261.73853636,23.42198795,261.73853636,23.42195139,261.73448758,23.42219288
Tromso,69.65,18.96,10.0,2030-06-21T00:00:00,2462673.500000000,star_vir_spica,STAR,201.298000,-11.161000,0.98,269.237017385,269.237370140,269.241346540,269.241700357,262.75089694,-9.39304759,262.75089694,-9.21359803,262.75089694,-9.21862638,262.75842602,-9.39308790,262.75842602,-9.39308790,262.75361569,-9.39287305
Tromso,69.65,18.96,10.0,2030-06-21T00:00:00,2462673.500000000,star_sco_antares,STAR,247.352000,-26.432000,0.96,269.237017385,269.237370140,269.241346540,269.241700357,216.11679945,-10.43963878,216.11679945,-10.26136568,216.11679945,-10.26633011,216.12725455,-10.44103300,216.12725455,-10.44103300,216.12252265,-10.43995732
Tromso,69.65,18.96,10.0,2030-06-21T00:00:00,2462673.500000000,star_sco_shaula,STAR,263.402000,-37.104000,1.62,269.237017385,269.237370140,269.241346540,269.241700357,200.18591881,-18.24473977,200.18591881,-18.07889807,200.18591881,-18.08322951,200.19685436,-18.24650114,200.19685436,-18.24650114,200.19212414,-18.24526900
Tromso,69.65,18.96,10.0,2030-06-21T00:00:00,2462673.500000000,star_leo_regulus,STAR,152.093000,11.967000,1.36,269.237017385,269.237370140,269.241346540,269.241700357,316.80099975,-2.95918862,316.80099975,-2.77491915,316.80099975,-2.78020876,316.80325126,-2.95865912,316.80325126,-2.95865912,316.79860439,-2.95956648
Tromso,69.65,18.96,10.0,2030-06-21T00:00:00,2462673.500000000,star_gem_pollux,STAR,116.329000,28.026000,1.14,269.237017385,269.237370140,269.241346540,269.241700357,352.33983731,7.79940292,352.33983731,7.90867251,352.33983731,7.90698907,352.33962980,7.91060711,352.33962980,7.91050074,352.33506138,7.91138570
Tromso,69.65,18.96,10.0,2030-06-21T00:00:00,2462673.500000000,star_gem_castor,STAR,113.650000,31.888000,1.58,269.237017385,269.237370140,269.241346540,269.241700357,354.85509931,11.56164523,354.85509931,11.63782800,354.85509931,11.63670244,354.85472508,11.63955880,354.85472508,11.63948429,354.85016032,11.63891492
Tromso,69.65,18.96,10.0,2030-06-21T00:00:00,2462673.500000000,star_psa_fomalhaut,STAR,344.413000,-29.622000,1.17,269.237017385,269.237370140,269.241346540,269.241700357,130.45015977,-17.12681455,130.45015977,-16.95878726,130.45015977,-16.96322406,130.45704057,-17.12967804,130.45704057,-17.12967804,130.45275526,-17.12887832
Tromso,69.65,18.96,10.0,2030-06-21T00:00:00,2462673.500000000,star_eri_achernar,STAR,24.429000,-57.237000,0.45,269.237017385,269.237370140,269.241346540,269.241700357,113.44272267,-53.94269020,113.44272267,-53.89636135,113.44272267,-53.89711995,113.44691680,-53.94796766,113.44691680,-53.94796766,113.44397662,-53.94750078
Tromso,69.65,18.96,10.0,2030-06-21T00:00:00,2462673.500000000,dso_m31_andromeda,GALAXY,10.684000,41.269000,3.44,269.237017385,269.237370140,269.241346540,269.241700357,79.09723559,40.74186234,79.09723559,40.76053140,79.09723559,40.76026411,79.09973679,40.76426763,79.09973679,40.76424911,79.09405179,40.76390834
Tromso,69.65,18.96,10.0,2030-06-21T00:00:00,2462673.500000000,dso_lmc,GALAXY,80.894000,-69.756000,0.9,269.237017385,269.237370140,269.241346540,269.241700357,103.33695704,-80.57267173,103.33695704,-80.57373047,103.33695704,-80.57371661,103.33152504,-80.57847195,103.33152504,-80.57847195,103.33458435,-80.57822436
Tromso,69.65,18.96,10.0,2030-06-21T00:00:00,2462673.500000000,dso_smc,GALAXY,13.187000,-72.829000,2.7,269.237017385,269.237370140,269.241346540,269.241700357,140.08566837,-62.42058126,140.08566837,-62.39932466,140.08566837,-62.39964106,140.09532890,-62.42597924,140.09532890,-62.42597924,140.09239559,-62.42502033
Tromso,69.65,18.96,10.0,2030-06-21T00:00:00,2462673.500000000,dso_m33_triangulum,GALAXY,23.462000,30.660000,5.72,269.237017385,269.237370140,269.241346540,269.241700357,73.19918825,26.78546487,73.19918825,26.81720671,73.19918825,26.81675062,73.20119865,26.82022338,73.20119865,26.82019197,73.19598190,26.81974458
Tromso,69.65,18.96,10.0,2030-06-21T00:00:00,2462673.500000000,dso_m45_pleiades,STAR_CLUSTER,56.871000,24.105000,1.6,269.237017385,269.237370140,269.241346540,269.241700357,46.04928856,10.61031170,46.04928856,10.69297859,46.04928856,10.69174929,46.04937721,10.69532179,46.04937721,10.69524106,46.04461039,10.69523212
Tromso,69.65,18.96,10.0,2030-06-21T00:00:00,2462673.500000000,dso_hyades,STAR_CLUSTER,66.750000,15.870000,0.5,269.237017385,269.237370140,269.241346540,269.241700357,39.12909969,0.29346506,39.12909969,0.47864044,39.12909969,0.47331130,39.12882818,0.73020639,39.12882818,0.72978773,39.12422509,0.80875575
Tromso,69.65,18.96,10.0,2030-06-21T00:00:00,2462673.500000000,dso_m44_beehive,STAR_CLUSTER,130.100000,19.670000,3.7,269.237017385,269.237370140,269.241346540,269.241700357,339.01539745,0.61825903,339.01539745,0.80346936,339.01539745,0.79813980,339.01595365,1.01588182,339.01595365,1.01550076,339.01136006,1.07773363
Tromso,69.65,18.96,10.0,2030-06-21T00:00:00,2462673.500000000,dso_double_cluster,STAR_CLUSTER,34.740000,57.130000,3.7,269.237017385,269.237370140,269.241346540,269.241700357,49.50125535,47.17701789,49.50125535,47.19193187,49.50125535,47.19171848,49.50019955,47.19513180,49.50019955,47.19511700,49.49457548,47.19419737
Tromso,69.65,18.96,10.0,2030-06-21T00:00:00,2462673.500000000,dso_coma_cluster,STAR_CLUSTER,185.600000,26.100000,1.8,269.237017385,269.237370140,269.241346540,269.241700357,290.60533657,20.11093860,290.60533657,20.15448452,290.60533657,20.15385575,290.60949463,20.15359185,290.60949463,20.15354887,290.60534556,20.15320240
Tromso,69.65,18.96,10.0,2030-06-21T00:00:00,2462673.500000000,dso_omega_centauri,GLOBULAR_CLUSTER,201.700000,-47.470000,3.9,269.237017385,269.237370140,269.241346540,269.241700357,245.90494041,-42.57169521,245.90494041,-42.48287352,245.90494041,-42.48456495,245.91598491,-42.56994676,245.91598491,-42.56994676,245.91032049,-42.56937119
Tromso,69.65,18.96,10.0,2030-06-21T00:00:00,2462673.500000000,dso_47_tucanae,GLOBULAR_CLUSTER,6.020000,-72.080000,4.1,269.237017385,269.237370140,269.241346540,269.241700357,142.08960044,-60.34663328,142.08960044,-60.32002612,142.08960044,-60.32043079,142.09937811,-60.35190651,142.09937811,-60.35190651,142.09624747,-60.35091777
Tromso,69.65,18.96,10.0,2030-06-21T00:00:00,2462673.500000000,dso_m13_hercules,GLOBULAR_CLUSTER,250.420000,36.460000,5.8,269.237017385,269.237370140,269.241346540,269.241700357,231.31690260,51.12288552,231.31690260,51.13586386,231.31690260,51.13567821,231.32806602,51.13260886,231.32806602,51.13259597,231.32467906,51.13340839
Tromso,69.65,18.96,10.0,2030-06-21T00:00:00,2462673.500000000,dso_m42_orion_nebula,NEBULA,83.822000,-5.391000,4.0,269.237017385,269.237370140,269.241346540,269.241700357,26.28344038,-23.83381232,26.28344038,-23.68095662,26.28344038,-23.68470944,26.28211349,-23.83348061,26.28211349,-23.83348061,26.27774675,-23.83466365
Tromso,69.65,18.96,10.0,2030-06-21T00:00:00,2462673.500000000,dso_m8_lagoon,NEBULA,270.920000,-24.380000,6.0,269.237017385,269.237370140,269.241346540,269.241700357,195.32159015,-4.80290183,195.32159015,-4.61959740,195.32159015,-4.62483637,195.33215574,-4.80481474,195.33215574,-4.80481474,195.32753210,-4.80355332
Tromso,69.65,18.96,10.0,2030-06-21T00:00:00,2462673.500000000,dso_eta_carinae_nebula,NEBULA,161.260000,-59.870000,1.0,269.237017385,269.237370140,269.241346540,269.241700357,266.88563997,-66.33924615,266.88563997,-66.32652318,266.88563997,-66.32670564,266.89847356,-66.33487383,266.89847356,-66.33487383,266.89093330,-66.33475168
CapeTown,-33.93,18.42,25.0,2015-12-31T23:59:59,2457388.499988426,star_cma_sirius,STAR,101.287000,-16.716000,-1.46,100.087167452,100.086835163,100.086951151,100.086618981,314.12914555,66.99203908,314.12914555,66.99887915,314.12914555,66.99877168,314.12282973,66.99335579,314.12282973,66.99333884,314.11858882,66.99537601
CapeTown,-33.93,18.42,25.0,2015-12-31T23:59:59,2457388.499988426,star_cma_adhara,STAR,104.656000,-28.972000,1.5,100.087167452,100.086835163,100.086951151,100.086618981,289.21312698,77.34033402,289.21312698,77.34395285,289.21312698,77.34389600,289.21243606,77.33771889,289.21243606,77.33770995,289.20223158,77.33903110
CapeTown,-33.93,18.42,25.0,2015-12-31T23:59:59,2457388.499988426,star_cma_wezen,STAR,107.098000,-26.393000,1.83,100.087167452,100.086835163,100.086951151,100.086618981,304.74774255,77.73497390,304.74774255,77.73847636,304.74774255,77.73842134,304.73946452,77.73256089,304.73946452,77.73255224,304.73092741,77.73436335
CapeTown,-33.93,18.42,25.0,2015-12-31T23:59:59,2457388.499988426,star_cma_mirzam,STAR,95.675000,-17.956000,1.98,100.087167452,100.086835163,100.086951151,100.086618981,302.57572529,64.23379771,302.57572529,64.24157232,302.57572529,64.24145015,302.57264359,64.23566989,302.57264359,64.23565062,302.56796577,64.23739114
CapeTown,-33.93,18.42,25.0,2015-12-31T23:59:59,2457388.499988426,star_cmi_procyon,STAR,114.825000,5.225000,0.34,100.087167452,100.086835163,100.086951151,100.086618981,354.54227107,50.74855541,354.54227107,50.76170788,354.54227107,50.76150110,354.53483562,50.75883118,354.53483562,50.75879856,354.53401880,50.76115871
CapeTown,-33.93,18.42,25.0,2015-12-31T23:59:59,2457388.499988426,star_car_canopus,STAR,95.987000,-52.695000,-0.74,100.087167452,100.086835163,100.086951151,100.086618981,213.62736372,65.33628022,213.62736372,65.34367639,213.62736372,65.34356017,213.64235998,65.34157334,213.64235998,65.34155501,213.63722034,65.33992950
CapeTown,-33.93,18.42,25.0,2015-12-31T23:59:59,2457388.499988426,star_car_miaplacidus,STAR,138.300000,-69.720000,1.67,100.087167452,100.086835163,100.086951151,100.086618981,168.88131991,52.50980847,168.88131991,52.52215711,168.88131991,52.52196299,168.89183917,52.52409702,168.89183917,52.52406640,168.89041325,52.52164856
CapeTown,-33.93,18.42,25.0,2015-12-31T23:59:59,2457388.499988426,star_cen_rigil_kent,STAR,219.900000,-60.833000,-0.01,100.087167452,100.086835163,100.086951151,100.086618981,148.58966832,23.94567049,148.58966832,23.98169494,148.58966832,23.98112552,148.59635881,23.98420807,148.59635881,23.98411907,148.59541555,23.98187719
CapeTown,-33.93,18.42,25.0,2015-12-31T23:59:59,2457388.499988426,star_cen_hadar,STAR,210.956000,-60.373000,0.61,100.087167452,100.086835163,100.086951151,100.086618981,146.15886657,27.77602029,146.15886657,27.80645666,146.15886657,27.80597643,146.16550459,27.80908993,146.16550459,27.80901464,146.16467134,27.80676848
CapeTown,-33.93,18.42,25.0,2015-12-31T23:59:59,2457388.499988426,star_lyr_vega,STAR,279.234000,38.783000,0.03,100.087167452,100.086835163,100.086951151,100.086618981,66.91350747,-73.86773549,66.91350747,-73.86544327,66.91350747,-73.86547727,66.91753284,-73.87398213,66.91753284,-73.87398213,66.90805272,-73.87360764
CapeTown,-33.93,18.42,25.0,2015-12-31T23:59:59,2457388.499988426,star_cyg_deneb,STAR,310.358000,45.280000,1.25,100.087167452,100.086835163,100.086951151,100.086618981,324.74073546,-75.35817197,324.74073546,-75.35705788,324.74073546,-75.35707427,324.71870500,-75.35822371,324.71870500,-75.35822371,324.72076657,-75.35597986
CapeTown,-33.93,18.42,25.0,2015-12-31T23:59:59,2457388.499988426,star_cyg_sadr,STAR,305.557000,40.260000,2.23,100.087167452,100.086835163,100.086951151,100.086618981,320.21176528,-81.42601266,320.21176528,-81.42718015,320.21176528,-81.42716341,320.17360442,-81.42535420,320.17360442,-81.42535420,320.17926026,-81.42318616
CapeTown,-33.93,18.42,25.0,2015-12-31T23:59:59,2457388.499988426,star_cyg_albireo,STAR,292.680000,27.960000,3.05,100.087167452,100.086835163,100.086951151,100.086618981,139.15973561,-82.33179507,139.15973561,-82.33301573,139.15973561,-82.33299828,139.20548034,-82.33307402,139.20548034,-82.33307402,139.19619776,-82.33522398
CapeTown,-33.93,18.42,25.0,2015-12-31T23:59:59,2457388.499988426,star_aql_altair,STAR,297.696000,8.868000,0.76,100.087167452,100.086835163,100.086951151,100.086618981,178.54278929,-64.97517961,178.54278929,-64.95972632,178.54278929,-64.95997075,178.55677219,-64.97307269,178.55677219,-64.97307269,178.55664369,-64.97541981
CapeTown,-33.93,18.42,25.0,2015-12-31T23:59:59,2457388.499988426,star_ori_betelgeuse,STAR,88.793000,7.407000,0.5,100.087167452,100.086835163,100.086951151,100.086618981,320.33428000,40.10865908,320.33428000,40.12774918,320.33428000,40.12744878,320.33064946,40.12309818,320.33064946,40.12305085,320.32851544,40.12520320
CapeTown,-33.93,18.42,25.0,2015-12-31T23:59:59,2457388.499988426,star_ori_rigel,STAR,78.634000,-8.202000,0.13,100.087167452,100.086835163,100.086951151,100.086618981,295.91611718,45.36538153,295.91611718,45.38126768,295.91611718,45.38101782,295.91522051,45.37590769,295.91522051,45.37586829,295.91209496,45.37739710
CapeTown,-33.93,18.42,25.0,2015-12-31T23:59:59,2457388.499988426,star_ori_bellatrix,STAR,81.283000,6.350000,1.64,100.087167452,100.086835163,100.086951151,100.086618981,311.80613570,36.63365432,311.80613570,36.65526782,311.80613570,36.65492754,311.80349846,36.65057137,311.80349846,36.65051780,311.80123608,36.65249551
CapeTown,-33.93,18.42,25.0,2015-12-31T23:59:59,2457388.499988426,star_ori_saiph,STAR,86.939000,-9.670000,2.07,100.087167452,100.086835163,100.086951151,100.086618981,302.77737587,52.38215801,302.77737587,52.39456363,302.77737587,52.39436861,302.77527246,52.38897397,302.77527246,52.38894320,302.77187937,52.39068276
CapeTown,-33.93,18.42,25.0,2015-12-31T23:59:59,2457388.499988426,star_ori_alnitak,STAR,85.190000,-1.940000,1.77,100.087167452,100.086835163,100.086951151,100.086618981,308.81993505,45.51680525,308.81993505,45.53260787,308.81993505,45.53235933,308.81731534,45.52741471,308.81731534,45.52737552,308.81457909,45.52927629
CapeTown,-33.93,18.42,25.0,2015-12-31T23:59:59,2457388.499988426,star_ori_alnilam,STAR,84.053000,-1.202000,1.69,100.087167452,100.086835163,100.086951151,100.086618981,308.27886222,44.21700423,308.27886222,44.23353831,308.27886222,44.23327824,308.27636594,44.22839075,308.27636594,44.22834974,308.27367758,44.23023671
CapeTown,-33.93,18.42,25.0,2015-12-31T23:59:59,2457388.499988426,star_ori_mintaka,STAR,83.002000,-0.299000,2.23,100.087167452,100.086835163,100.086951151,100.086618981,307.99643982,42.84660780,307.99643982,42.86395062,307.99643982,42.86367779,307.99402974,42.85886147,307.99402974,42.85881846,307.99139947,42.86069832
CapeTown,-33.93,18.42,25.0,2015-12-31T23:59:59,2457388.499988426,star_tau_aldebaran,STAR,68.980000,16.509000,0.85,100.087167452,100.086835163,100.086951151,100.086618981,308.84347260,21.09199952,308.84347260,21.13338158,308.84347260,21.13272615,308.84127902,21.12978876,308.84127902,21.12968664,308.83945983,21.13170311
CapeTown,-33.93,18.42,25.0,2015-12-31T23:59:59,2457388.499988426,star_tau_elnath,STAR,81.573000,28.608000,1.65,100.087167452,100.086835163,100.086951151,100.086618981,326.44244777,18.47020211,326.44244777,18.51783904,326.44244777,18.51708248,326.43901836,18.51452686,326.43901836,18.51440950,326.43749062,18.51684727
CapeTown,-33.93,18.42,25.0,2015-12-31T23:59:59,2457388.499988426,star_aur_capella,STAR,79.172000,45.998000,0.08,100.087167452,100.086835163,100.086951151,100.086618981,334.03521089,2.63733749,334.03521089,2.82253901,334.03521089,2.81697647,334.03147051,2.87509089,334.03147051,2.87451089,334.03018732,2.89508290
CapeTown,-33.93,18.42,25.0,2015-12-31T23:59:59,2457388.499988426,star_umi_polaris,STAR,37.954000,89.264000,1.98,100.087167452,100.086835163,100.086951151,100.086618981,359.22638543,-33.75758089,359.22638543,-33.63561660,359.22638543,-33.63840763,359.22146489,-33.76177742,359.22146489,-33.76177742,359.21983300,-33.75943658
CapeTown,-33.93,18.42,25.0,2015-12-31T23:59:59,2457388.499988426,star_uma_dubhe,STAR,165.932000,61.751000,1.79,100.087167452,100.086835163,100.086951151,100.086618981,21.11669706,-13.06368536,21.11669706,-12.88886301,21.11669706,-12.89387544,21.11347003,-13.06809098,21.11347003,-13.06809098,21.11188731,-13.06612613
CapeTown,-33.93,18.42,25.0,2015-12-31T23:59:59,2457388.499988426,star_uma_merak,STAR,165.460000,56.380000,2.37,100.087167452,100.086835163,100.086951151,100.086618981,24.32537223,-8.70700724,24.32537223,-8.52684733,24.32537223,-8.53215308,24.32230267,-8.71121159,24.32230267,-8.71121159,24.32081296,-8.70932753
CapeTown,-33.93,18.42,25.0,2015-12-31T23:59:59,2457388.499988426,star_uma_alioth,STAR,193.507000,55.960000,1.77,100.087167452,100.086835163,100.086951151,100.086618981,35.26741361,-20.05216200,35.26741361,-19.89014511,35.26741361,-19.89451343,35.26517899,-20.05685282,35.26517899,-20.05685282,35.26325165,-20.05528703
CapeTown,-33.93,18.42,25.0,2015-12-31T23:59:59,2457388.499988426,star_uma_mizar,STAR,200.981000,54.925000,2.23,100.087167452,100.086835163,100.086951151,100.086618981,38.43940928,-23.26689693,38.43940928,-23.11256905,38.43940928,-23.11658909,38.43745664,-23.27174220,38.43745664,-23.27174220,38.43537453,-23.27027989
CapeTown,-33.93,18.42,25.0,2015-12-31T23:59:59,2457388.499988426,star_uma_alkaid,STAR,206.885000,49.313000,1.85,100.087167452,100.086835163,100.086951151,100.086618981,45.66910794,-24.13187460,45.66910794,-23.97980668,45.66910794,-23.98372918,45.66782893,-24.13672140,45.66782893,-24.13672140,45.66563675,-24.13551116
CapeTown,-33.93,18.42,25.0,2015-12-31T23:59:59,2457388.499988426,star_cas_schedar,STAR,10.127000,56.537000,2.24,100.087167452,100.086835163,100.086951151,100.086618981,318.81005785,-37.46643322,318.81005785,-37.35801859,318.81005785,-37.36038095,318.80476227,-37.46797099,318.80476227,-37.46797099,318.80434071,-37.46582855
CapeTown,-33.93,18.42,25.0,2015-12-31T23:59:59,2457388.499988426,star_cas_caph,STAR,2.293000,59.150000,2.28,100.087167452,100.086835163,100.086951151,100.086618981,321.98015538,-41.73410821,321.98015538,-41.64203308,321.98015538,-41.64392920,321.97420937,-41.73562410,321.97420937,-41.73562410,321.97381817,-41.73342441
CapeTown,-33.93,18.42,25.0,2015-12-31T23:59:59,2457388.499988426,star_per_mirfak,STAR,51.080000,49.860000,1.79,100.087167452,100.086835163,100.086951151,100.086618981,322.54663634,-12.67663690,322.54663634,-12.50125996,322.54663634,-12.50630224,322.54294942,-12.67984849,322.54294942,-12.67984849,322.54190324,-12.67763925
CapeTown,-33.93,18.42,25.0,2015-12-31T23:59:59,2457388.499988426,star_per_algol,STAR,47.040000,40.960000,2.12,100.087167452,100.086835163,100.086951151,100.086618981,313.60682498,-9.47448145,313.60682498,-9.29511940,313.60682498,-9.30038056,313.60370331,-9.47754548,313.60370331,-9.47754548,313.60265721,-9.47551110
CapeTown,-33.93,18.42,25.0,2015-12-31T23:59:59,2457388.499988426,star_boo_arcturus,STAR,213.915000,19.182000,-0.05,100.087167452,100.086835163,100.086951151,100.086618981,76.82089863,-15.01765589,76.82089863,-14.84587802,76.82089863,-14.85072948,76.82248372,-15.02102705,76.82248372,-15.02102705,76.82057773,-15.02106710
CapeTown,-33.93,18.42,25.0,2015-12-31T23:59:59,2457388.499988426,star_vir_spica,STAR,201.298000,-11.161000,0.98,100.087167452,100.086835163,100.086951151,100.086618981,95.57661251,12.00374063,95.57661251,12.07721891,95.57661251,12.07603282,95.57894442,12.07861487,95.57894442,12.07843518,95.57816550,12.07836246
CapeTown,-33.93,18.42,25.0,2015-12-31T23:59:59,2457388.499988426,star_sco_antares,STAR,247.352000,-26.432000,0.96,100.087167452,100.086835163,100.086951151,100.086618981,134.58074806,-12.68446481,134.58074806,-12.50909894,134.58074806,-12.51414061,134.58709622,-12.68510197,134.58709622,-12.68510197,134.58555453,-12.68715809
CapeTown,-33.93,18.42,25.0,2015-12-31T23:59:59,2457388.499988426,star_sco_shaula,STAR,263.402000,-37.104000,1.62,100.087167452,100.086835163,100.086951151,100.086618981,152.25081790,-11.90505437,152.25081790,-11.72861919,152.25081790,-11.73371887,152.25784552,-11.90500724,152.25784552,-11.90500724,152.25646566,-11.90734555
CapeTown,-33.93,18.42,25.0,2015-12-31T23:59:59,2457388.499988426,star_leo_regulus,STAR,152.093000,11.967000,1.36,100.087167452,100.086835163,100.086951151,100.086618981,41.06797592,34.03630725,41.06797592,34.06008865,41.06797592,34.05971407,41.06384483,34.06019771,41.06384483,34.06013879,41.06391866,34.06150156
CapeTown,-33.93,18.42,25.0,2015-12-31T23:59:59,2457388.499988426,star_gem_pollux,STAR,116.329000,28.026000,1.14,100.087167452,100.086835163,100.086951151,100.086618981,358.07342805,28.06035153,358.07342805,28.09042859,358.07342805,28.08995408,358.06852017,28.08771870,358.06852017,28.08764428,358.06753069,28.09000690
CapeTown,-33.93,18.42,25.0,2015-12-31T23:59:59,2457388.499988426,star_gem_castor,STAR,113.650000,31.888000,1.58,100.087167452,100.086835163,100.086951151,100.086618981,355.72480224,24.07917122,355.72480224,24.11497372,355.72480224,24.11440785,355.72015118,24.11220596,355.72015118,24.11211749,355.71907463,24.11453379
CapeTown,-33.93,18.42,25.0,2015-12-31T23:59:59,2457388.499988426,star_psa_fomalhaut,STAR,344.413000,-29.622000,1.17,100.087167452,100.086835163,100.086951151,100.086618981,220.06361117,-13.01354729,220.06361117,-12.83865221,220.06361117,-12.84366854,220.06857293,-13.01283169,220.06857293,-13.01283169,220.06776343,-13.01423901
CapeTown,-33.93,18.42,25.0,2015-12-31T23:59:59,2457388.499988426,star_eri_achernar,STAR,24.429000,-57.237000,0.45,100.087167452,100.086835163,100.086951151,100.086618981,217.00086803,25.98523472,217.00086803,26.01809688,217.00086803,26.01757799,217.00761743,26.01742549,217.00761743,26.01734423,217.00544394,26.01586660
CapeTown,-33.93,18.42,25.0,2015-12-31T23:59:59,2457388.499988426,dso_m31_andromeda,GALAXY,10.684000,41.269000,3.44,100.087167452,100.086835163,100.086951151,100.086618981,300.50877142,-33.85901856,300.50877142,-33.73741350,300.50877142,-33.74019261,300.50492962,-33.85955844,300.50492962,-33.85955844,300.50481773,-33.85786804
CapeTown,-33.93,18.42,25.0,2015-12-31T23:59:59,2457388.499988426,dso_lmc,GALAXY,80.894000,-69.756000,0.9,100.087167452,100.086835163,100.086951151,100.086618981,198.67396329,48.68918494,198.67396329,48.70332980,198.67396329,48.70310738,198.68427322,48.70285688,198.68427322,48.70282180,198.68152930,48.70078314
CapeTown,-33.93,18.42,25.0,2015-12-31T23:59:59,2457388.499988426,dso_smc,GALAXY,13.187000,-72.829000,2.7,100.087167452,100.086835163,100.086951151,100.086618981,198.90353038,27.94364610,198.90353038,27.97386984,198.90353038,27.97339300,198.91126739,27.97415019,198.91126739,27.97407541,198.90931110,27.97207609
CapeTown,-33.93,18.42,25.0,2015-12-31T23:59:59,2457388.499988426,dso_m33_triangulum,GALAXY,23.462000,30.660000,5.72,100.087167452,100.086835163,100.086951151,100.086618981,294.14257546,-20.19423601,294.14257546,-20.03253503,294.14257546,-20.03688851,294.14024699,-20.19556715,294.14024699,-20.19556715,294.13968125,-20.19407695
CapeTown,-33.93,18.42,25.0,2015-12-31T23:59:59,2457388.499988426,dso_m45_pleiades,STAR_CLUSTER,56.871000,24.105000,1.6,100.087167452,100.086835163,100.086951151,100.086618981,306.06307150,7.70728183,306.06307150,7.81767747,306.06307150,7.81582043,306.06093702,7.81533906,306.06093702,7.81507040,306.05946817,7.81926741
CapeTown,-33.93,18.42,25.0,2015-12-31T23:59:59,2457388.499988426,dso_hyades,STAR_CLUSTER,66.750000,15.870000,0.5,100.087167452,100.086835163,100.086951151,100.086618981,306.70775203,20.09288994,306.70775203,20.13647750,306.70775203,20.13578651,306.70573360,20.13298376,306.70573360,20.13287626,306.70391743,20.13486128
CapeTown,-33.93,18.42,25.0,2015-12-31T23:59:59,2457388.499988426,dso_m44_beehive,STAR_CLUSTER,130.100000,19.670000,3.7,100.087167452,100.086835163,100.086951151,100.086618981,13.68152643,35.28765049,13.68152643,35.31035322,13.68152643,35.30999571,13.67605582,35.30862839,13.67605582,35.30857213,13.67558961,35.31068670
CapeTown,-33.93,18.42,25.0,2015-12-31T23:59:59,2457388.499988426,dso_double_cluster,STAR_CLUSTER,34.740000,57.130000,3.7,100.087167452,100.086835163,100.086951151,100.086618981,323.67286151,-24.71787028,323.67286151,-24.56737858,323.67286151,-24.57123427,323.66850092,-24.72047082,323.66850092,-24.72047082,323.66765892,-24.71824328
CapeTown,-33.93,18.42,25.0,2015-12-31T23:59:59,2457388.499988426,dso_coma_cluster,STAR_CLUSTER,185.600000,26.100000,1.8,100.087167452,100.086835163,100.086951151,100.086618981,56.08175722,2.46952369,56.08175722,2.65474082,56.08175722,2.64917632,56.08071119,2.71750239,56.08071119,2.71690154,56.07954825,2.73775401
CapeTown,-33.93,18.42,25.0,2015-12-31T23:59:59,2457388.499988426,dso_omega_centauri,GLOBULAR_CLUSTER,201.700000,-47.470000,3.9,100.087167452,100.086835163,100.086951151,100.086618981,130.32253286,28.41653711,130.32253286,28.44617320,130.32253286,28.44570571,130.32791722,28.44907079,130.32791722,28.44899747,130.32741344,28.44705417
CapeTown,-33.93,18.42,25.0,2015-12-31T23:59:59,2457388.499988426,dso_47_tucanae,GLOBULAR_CLUSTER,6.020000,-72.080000,4.1,100.087167452,100.086835163,100.086951151,100.086618981,198.49693725,25.68751019,198.49693725,25.72080533,198.49693725,25.72027954,198.50452167,25.72123689,198.50452167,25.72115458,198.50263714,25.71916400
CapeTown,-33.93,18.42,25.0,2015-12-31T23:59:59,2457388.499988426,dso_m13_hercules,GLOBULAR_CLUSTER,250.420000,36.460000,5.8,100.087167452,100.086835163,100.086951151,100.086618981,72.18950019,-51.13183848,72.18950019,-51.07561396,72.18950019,-51.07664172,72.19232064,-51.13761787,72.19232064,-51.13761787,72.18808067,-51.13746356
CapeTown,-33.93,18.42,25.0,2015-12-31T23:59:59,2457388.499988426,dso_m42_orion_nebula,NEBULA,83.822000,-5.391000,4.0,100.087167452,100.086835163,100.086951151,100.086618981,304.00102656,47.16363351,304.00102656,47.17855446,304.00102656,47.17831982,303.99897278,47.17319442,303.99897278,47.17315741,303.99598071,47.17492993
CapeTown,-33.93,18.42,25.0,2015-12-31T23:59:59,2457388.499988426,dso_m8_lagoon,NEBULA,270.920000,-24.380000,6.0,100.087167452,100.086835163,100.086951151,100.086618981,152.21134623,-26.16238215,152.21134623,-26.01592907,152.21134623,-26.01961793,152.21908252,-26.16264324,152.21908252,-26.16264324,152.21754312,-26.16498117
CapeTown,-33.93,18.42,25.0,2015-12-31T23:59:59,2457388.499988426,dso_eta_carinae_nebula,NEBULA,161.260000,-59.870000,1.0,100.087167452,100.086835163,100.086951151,100.086618981,146.41494405,51.94507919,146.41494405,51.95768137,146.41494405,51.95748325,146.42331832,51.96104823,146.42331832,51.96101698,146.42308098,51.95873274
Honolulu,21.31,-157.86,5.0,2015-12-31T23:59:59,2457388.499988426,star_cma_sirius,STAR,101.287000,-16.716000,-1.46,100.087167452,100.086835163,100.086951151,100.086618981,80.44061213,-69.87044431,80.44061213,-69.86357995,80.44061213,-69.86367260,80.43677660,-69.86446551,80.43677660,-69.86446551,80.44413592,-69.86518425
Honolulu,21.31,-157.86,5.0,2015-12-31T23:59:59,2457388.499988426,star_cma_adhara,STAR,104.656000,-28.972000,1.5,100.087167452,100.086835163,100.086951151,100.086618981,119.54744533,-72.49609043,119.54744533,-72.49246752,119.54744533,-72.49251547,119.53224584,-72.49190322,119.53224584,-72.49190322,119.54046748,-72.49110551
Honolulu,21.31,-157.86,5.0,2015-12-31T23:59:59,2457388.499988426,star_cma_wezen,STAR,107.098000,-26.393000,1.83,100.087167452,100.086835163,100.086951151,100.086618981,113.41934032,-75.40837066,113.41934032,-75.40729156,113.41934032,-75.40730558,113.40310179,-75.40381095,113.40310179,-75.40381095,113.41302543,-75.40324428
Honolulu,21.31,-157.86,5.0,2015-12-31T23:59:59,2457388.499988426,star_cma_mirzam,STAR,95.675000,-17.956000,1.98,100.087167452,100.086835163,100.086951151,100.086618981,86.97550744,-64.97020226,86.97550744,-64.95473854,86.97550744,-64.95495640,86.97077821,-64.96435836,86.97077821,-64.96435836,86.97702230,-64.96482786
Honolulu,21.31,-157.86,5.0,2015-12-31T23:59:59,2457388.499988426,star_cmi_procyon,STAR,114.825000,5.225000,0.34,100.087167452,100.086835163,100.086951151,100.086618981,15.69456850,-62.58471003,15.69456850,-62.56385284,15.69456850,-62.56415373,15.70302911,-62.58064441,15.70302911,-62.58064441,15.70504121,-62.58289507
Honolulu,21.31,-157.86,5.0,2015-12-31T23:59:59,2457388.499988426,star_car_canopus,STAR,95.987000,-52.695000,-0.74,100.087167452,100.086835163,100.086951151,100.086618981,153.84137584,-52.73412916,153.84137584,-52.68362117,153.84137584,-52.68443860,153.83089162,-52.73257685,153.83089162,-52.73257685,153.83410088,-52.73072245
Honolulu,21.31,-157.86,5.0,2015-12-31T23:59:59,2457388.499988426,star_car_miaplacidus,STAR,138.300000,-69.720000,1.67,100.087167452,100.086835163,100.086951151,100.086618981,187.26200799,-40.56162813,187.26200799,-40.46501472,187.26200799,-40.46686439,187.25359450,-40.56227052,187.25359450,-40.56227052,187.25514790,-40.56000500
Honolulu,21.31,-157.86,5.0,2015-12-31T23:59:59,2457388.499988426,star_cen_rigil_kent,STAR,219.900000,-60.833000,-0.01,100.087167452,100.086835163,100.086951151,100.086618981,209.87564650,-14.75172968,209.87564650,-14.57951330,209.87564650,-14.58408282,209.86930628,-14.75207492,209.86930628,-14.75207492,209.87058970,-14.74995813
Honolulu,21.31,-157.86,5.0,2015-12-31T23:59:59,2457388.499988426,star_cen_hadar,STAR,210.956000,-60.373000,0.61,100.087167452,100.086835163,100.086951151,100.086618981,211.42209321,-18.90663612,211.42209321,-18.74215331,211.42209321,-18.74634755,211.41581006,-18.90719481,211.41581006,-18.90719481,211.41700986,-18.90510066
Honolulu,21.31,-157.86,5.0,2015-12-31T23:59:59,2457388.499988426,star_lyr_vega,STAR,279.234000,38.783000,0.03,100.087167452,100.086835163,100.086951151,100.086618981,316.82758008,63.72970942,316.82758008,63.73765938,316.82758008,63.73754949,316.83062942,63.74400074,316.83062942,63.74399679,316.83575015,63.74257898
Honolulu,21.31,-157.86,5.0,2015-12-31T23:59:59,2457388.499988426,star_cyg_deneb,STAR,310.358000,45.280000,1.25,100.087167452,100.086835163,100.086951151,100.086618981,13.84327749,65.02939627,13.84327749,65.03689710,13.84327749,65.03679342,13.85487241,65.03953207,13.85487241,65.03952835,13.85595115,65.03724684
Honolulu,21.31,-157.86,5.0,2015-12-31T23:59:59,2457388.499988426,star_cyg_sadr,STAR,305.557000,40.260000,2.23,100.087167452,100.086835163,100.086951151,100.086618981,8.04962382,70.76703861,8.04962382,70.77265885,8.04962382,70.77258117,8.06454856,70.77551967,8.06454856,70.77551688,8.06614322,70.77323484
Honolulu,21.31,-157.86,5.0,2015-12-31T23:59:59,2457388.499988426,star_cyg_albireo,STAR,292.680000,27.960000,3.05,100.087167452,100.086835163,100.086951151,100.086618981,309.96523046,79.16451933,309.96523046,79.16760305,309.96523046,79.16756043,309.97045143,79.17371011,309.97045143,79.17370859,309.98209846,79.17253460
Honolulu,21.31,-157.86,5.0,2015-12-31T23:59:59,2457388.499988426,star_aql_altair,STAR,297.696000,8.868000,0.76,100.087167452,100.086835163,100.086951151,100.086618981,199.29951709,76.91498057,199.29951709,76.91872524,199.29951709,76.91867349,199.27246749,76.91849432,199.27246749,76.91849247,199.27571533,76.92071301
Honolulu,21.31,-157.86,5.0,2015-12-31T23:59:59,2457388.499988426,star_ori_betelgeuse,STAR,88.793000,7.407000,0.5,100.087167452,100.086835163,100.086951151,100.086618981,52.18219803,-46.56064468,52.18219803,-46.48728624,52.18219803,-46.48857608,52.18386823,-46.55488416,52.18386823,-46.55488416,52.18700478,-46.55653483
Honolulu,21.31,-157.86,5.0,2015-12-31T23:59:59,2457388.499988426,star_ori_rigel,STAR,78.634000,-8.202000,0.13,100.087167452,100.086835163,100.086951151,100.086618981,79.28376796,-46.20375856,79.28376796,-46.12902697,79.28376796,-46.13034749,79.28184927,-46.19807616,79.28184927,-46.19807616,79.28557174,-46.19883816
Honolulu,21.31,-157.86,5.0,2015-12-31T23:59:59,2457388.499988426,star_ori_bellatrix,STAR,81.283000,6.350000,1.64,100.087167452,100.086835163,100.086951151,100.086618981,59.82950925,-41.40980289,59.82950925,-41.31647019,59.82950925,-41.31823541,59.83016860,-41.40410150,59.83016860,-41.40410150,59.83321629,-41.40553084
Honolulu,21.31,-157.86,5.0,2015-12-31T23:59:59,2457388.499988426,star_ori_saiph,STAR,86.939000,-9.670000,2.07,100.087167452,100.086835163,100.086951151,100.086618981,76.44257319,-54.33967043,76.44257319,-54.29468687,76.44257319,-54.29540021,76.44073847,-54.33373010,76.44073847,-54.33373010,76.44515317,-54.33459695
Honolulu,21.31,-157.86,5.0,2015-12-31T23:59:59,2457388.499988426,star_ori_alnitak,STAR,85.190000,-1.940000,1.77,100.087167452,100.086835163,100.086951151,100.086618981,66.60039756,-49.24830065,66.60039756,-49.18514001,66.60039756,-49.18621035,66.60017654,-49.24238940,66.60017654,-49.24238940,66.60389538,-49.24360141
Honolulu,21.31,-157.86,5.0,2015-12-31T23:59:59,2457388.499988426,star_ori_alnilam,STAR,84.053000,-1.202000,1.69,100.087167452,100.086835163,100.086951151,100.086618981,66.53398459,-47.89383379,66.53398459,-47.82556984,66.53398459,-47.82674820,66.53378076,-47.88795474,66.53378076,-47.88795474,66.53739464,-47.88916898
Honolulu,21.31,-157.86,5.0,2015-12-31T23:59:59,2457388.499988426,star_ori_mintaka,STAR,83.002000,-0.299000,2.23,100.087167452,100.086835163,100.086951151,100.086618981,66.20212757,-46.52668807,66.20212757,-46.45319913,66.20212757,-46.45449188,66.20197779,-46.52084338,66.20197779,-46.52084338,66.20548526,-46.52206868
Honolulu,21.31,-157.86,5.0,2015-12-31T23:59:59,2457388.499988426,star_tau_aldebaran,STAR,68.980000,16.509000,0.85,100.087167452,100.086835163,100.086951151,100.086618981,58.19812637,-25.71350895,58.19812637,-25.56577781,58.19812637,-25.56925651,58.19901899,-25.70843005,58.19901899,-25.70843005,58.20134263,-25.70990889
Honolulu,21.31,-157.86,5.0,2015-12-31T23:59:59,2457388.499988426,star_tau_elnath,STAR,81.573000,28.608000,1.65,100.087167452,100.086835163,100.086951151,100.086618981,39.53727616,-26.66507189,39.53727616,-26.52007443,39.53727616,-26.52344716,39.53972694,-26.65996739,39.53972694,-26.65996739,39.54180311,-26.66191802
Honolulu,21.31,-157.86,5.0,2015-12-31T23:59:59,2457388.499988426,star_aur_capella,STAR,79.172000,45.998000,0.08,100.087167452,100.086835163,100.086951151,100.086618981,28.85393177,-12.33516594,28.85393177,-12.15931292,28.85393177,-12.16406998,28.85692344,-12.33053482,28.85692344,-12.33053482,28.85858902,-12.33266558
Honolulu,21.31,-157.86,5.0,2015-12-31T23:59:59,2457388.499988426,star_umi_polaris,STAR,37.954000,89.264000,1.98,100.087167452,100.086835163,100.086951151,100.086618981,0.70031691,21.18064605,0.70031691,21.22184172,0.70031691,21.22126698,0.70422020,21.22748476,0.70422020,21.22746442,0.70584255,21.22524256
Honolulu,21.31,-157.86,5.0,2015-12-31T23:59:59,2457388.499988426,star_uma_dubhe,STAR,165.932000,61.751000,1.79,100.087167452,100.086835163,100.086951151,100.086618981,340.76385105,0.08309877,340.76385105,0.26824613,340.76385105,0.26299925,340.76694318,0.55128022,340.76694318,0.55105761,340.76844149,0.64202626
Honolulu,21.31,-157.86,5.0,2015-12-31T23:59:59,2457388.499988426,star_uma_merak,STAR,165.460000,56.380000,2.37,100.087167452,100.086835163,100.086951151,100.086618981,337.48905039,-4.18282437,337.48905039,-3.99915863,337.48905039,-4.00433584,337.49209218,-4.17872734,337.49209218,-4.17872734,337.49350250,-4.18066114
Honolulu,21.31,-157.86,5.0,2015-12-31T23:59:59,2457388.499988426,star_uma_alioth,STAR,193.507000,55.960000,1.77,100.087167452,100.086835163,100.086951151,100.086618981,327.53335837,7.73075761,327.53335837,7.84086439,327.53335837,7.83921663,327.53570203,7.84689814,327.53570203,7.84684456,327.53740227,7.84730220
Honolulu,21.31,-157.86,5.0,2015-12-31T23:59:59,2457388.499988426,star_uma_mizar,STAR,200.981000,54.925000,2.23,100.087167452,100.086835163,100.086951151,100.086618981,324.82617168,11.17939432,324.82617168,11.25806668,324.82617168,11.25693835,324.82830550,11.26414422,324.82830550,11.26410578,324.83011402,11.26323442
Honolulu,21.31,-157.86,5.0,2015-12-31T23:59:59,2457388.499988426,star_uma_alkaid,STAR,206.885000,49.313000,1.85,100.087167452,100.086835163,100.086951151,100.086618981,318.18685298,12.72089792,318.18685298,12.79034616,318.18685298,12.78935881,318.18850001,12.79642654,318.18850001,12.79639252,318.19039299,12.79544753
Honolulu,21.31,-157.86,5.0,2015-12-31T23:59:59,2457388.499988426,star_cas_schedar,STAR,10.127000,56.537000,2.24,100.087167452,100.086835163,100.086951151,100.086618981,35.96351559,29.62753697,35.96351559,29.65574529,35.96351559,29.65535377,35.96770481,29.65910442,35.96770481,29.65909044,35.96861551,29.65702372
Honolulu,21.31,-157.86,5.0,2015-12-31T23:59:59,2457388.499988426,star_cas_caph,STAR,2.293000,59.150000,2.28,100.087167452,100.086835163,100.086951151,100.086618981,32.08321944,33.26350294,32.08321944,33.28798551,32.08321944,33.28764607,32.08784621,33.29127376,32.08784621,33.29126162,32.08875817,33.28912391
Honolulu,21.31,-157.86,5.0,2015-12-31T23:59:59,2457388.499988426,star_per_mirfak,STAR,51.080000,49.860000,1.79,100.087167452,100.086835163,100.086951151,100.086618981,37.61107071,4.66236155,37.61107071,4.82331556,37.61107071,4.82051528,37.61391222,4.83349116,37.61391222,4.83341086,37.61532014,4.83820950
Honolulu,21.31,-157.86,5.0,2015-12-31T23:59:59,2457388.499988426,star_per_algol,STAR,47.040000,40.960000,2.12,100.087167452,100.086835163,100.086951151,100.086618981,46.85412977,3.18986898,46.85412977,3.37616876,46.85412977,3.37172833,46.85643127,3.40961366,46.85643127,3.40950994,46.85785026,3.42114569
Honolulu,21.31,-157.86,5.0,2015-12-31T23:59:59,2457388.499988426,star_boo_arcturus,STAR,213.915000,19.182000,-0.05,100.087167452,100.086835163,100.086951151,100.086618981,287.27777979,8.49491528,287.27777979,8.59629265,287.27777979,8.59479677,287.27689981,8.60133986,287.27689981,8.60129051,287.27873158,8.60263197
Honolulu,21.31,-157.86,5.0,2015-12-31T23:59:59,2457388.499988426,star_vir_spica,STAR,201.298000,-11.161000,0.98,100.087167452,100.086835163,100.086951151,100.086618981,263.17546865,-13.93333583,263.17546865,-13.75981783,263.17546865,-13.76445366,263.17321757,-13.93271609,263.17321757,-13.93271609,263.17417313,-13.93210066
Honolulu,21.31,-157.86,5.0,2015-12-31T23:59:59,2457388.499988426,star_sco_antares,STAR,247.352000,-26.432000,0.96,100.087167452,100.086835163,100.086951151,100.086618981,230.42271547,18.71021652,230.42271547,18.75721364,230.42271547,18.75655600,230.41656686,18.76036222,230.41656686,18.76033905,230.41857215,18.76210595
Honolulu,21.31,-157.86,5.0,2015-12-31T23:59:59,2457388.499988426,star_sco_shaula,STAR,263.402000,-37.104000,1.62,100.087167452,100.086835163,100.086951151,100.086618981,212.22105506,21.20357028,212.22105506,21.24471798,212.22105506,21.24414392,212.21391614,21.24696737,212.21391614,21.24694705,212.21576047,21.24904062
Honolulu,21.31,-157.86,5.0,2015-12-31T23:59:59,2457388.499988426,star_leo_regulus,STAR,152.093000,11.967000,1.36,100.087167452,100.086835163,100.086951151,100.086618981,315.52660062,-45.56204155,315.52660062,-45.48483303,315.52660062,-45.48620962,315.53141953,-45.56176937,315.53141953,-45.56176937,315.53106063,-45.56312077
Honolulu,21.31,-157.86,5.0,2015-12-31T23:59:59,2457388.499988426,star_gem_pollux,STAR,116.329000,28.026000,1.14,100.087167452,100.086835163,100.086951151,100.086618981,6.55071171,-40.40629453,6.55071171,-40.30908187,6.55071171,-40.31094718,6.55574365,-40.40226778,6.55574365,-40.40226778,6.55716047,-40.40453232
Honolulu,21.31,-157.86,5.0,2015-12-31T23:59:59,2457388.499988426,star_gem_castor,STAR,113.650000,31.888000,1.58,100.087167452,100.086835163,100.086951151,100.086618981,8.76241753,-36.24806320,8.76241753,-36.13511109,8.76241753,-36.13741216,8.76701285,-36.24383311,8.76701285,-36.24383311,8.76850487,-36.24609958
Honolulu,21.31,-157.86,5.0,2015-12-31T23:59:59,2457388.499988426,star_psa_fomalhaut,STAR,344.413000,-29.622000,1.17,100.087167452,100.086835163,100.086951151,100.086618981,139.74153294,24.79544150,139.74153294,24.83009064,139.74153294,24.82960861,139.73644780,24.82998317,139.73644780,24.82996603,139.73715199,24.83141782
Honolulu,21.31,-157.86,5.0,2015-12-31T23:59:59,2457388.499988426,star_eri_achernar,STAR,24.429000,-57.237000,0.45,100.087167452,100.086835163,100.086951151,100.086618981,146.40301896,-13.77322131,146.40301896,-13.59945709,146.40301896,-13.60410557,146.39677964,-13.77207256,146.39677964,-13.77207256,146.39865185,-13.77040238
Honolulu,21.31,-157.86,5.0,2015-12-31T23:59:59,2457388.499988426,dso_m31_andromeda,GALAXY,10.684000,41.269000,3.44,100.087167452,100.086835163,100.086951151,100.086618981,53.55118675,29.62898709,53.55118675,29.65719377,53.55118675,29.65680226,53.55447531,29.65948041,53.55447531,29.65946643,53.55506646,29.65780490
Honolulu,21.31,-157.86,5.0,2015-12-31T23:59:59,2457388.499988426,dso_lmc,GALAXY,80.894000,-69.756000,0.9,100.087167452,100.086835163,100.086951151,100.086618981,163.64964745,-35.66465125,163.64964745,-35.54955411,163.64964745,-35.55191858,163.64143745,-35.66382708,163.64143745,-35.66382708,163.64362887,-35.66177777
Honolulu,21.31,-157.86,5.0,2015-12-31T23:59:59,2457388.499988426,dso_smc,GALAXY,13.187000,-72.829000,2.7,100.087167452,100.086835163,100.086951151,100.086618981,163.12076342,-14.92378005,163.12076342,-14.75184650,163.12076342,-14.75640174,163.11383538,-14.92321084,163.11383538,-14.92321084,163.11559509,-14.92117053
Honolulu,21.31,-157.86,5.0,2015-12-31T23:59:59,2457388.499988426,dso_m33_triangulum,GALAXY,23.462000,30.660000,5.72,100.087167452,100.086835163,100.086951151,100.086618981,63.17134955,17.73530039,63.17134955,17.78499565,63.17134955,17.78429918,63.17317695,17.78815261,63.17317695,17.78812813,63.17408536,17.78691427
Honolulu,21.31,-157.86,5.0,2015-12-31T23:59:59,2457388.499988426,dso_m45_pleiades,STAR_CLUSTER,56.871000,24.105000,1.6,100.087167452,100.086835163,100.086951151,100.086618981,57.82518171,-12.06656642,57.82518171,-11.89034757,57.82518171,-11.89512388,57.82632683,-12.06225266,57.82632683,-12.06225266,57.82818851,-12.06374265
Honolulu,21.31,-157.86,5.0,2015-12-31T23:59:59,2457388.499988426,dso_hyades,STAR_CLUSTER,66.750000,15.870000,0.5,100.087167452,100.086835163,100.086951151,100.086618981,60.09066073,-24.28060067,60.09066073,-24.12892935,60.09066073,-24.13256572,60.09139735,-24.27561363,60.09139735,-24.27561363,60.09369030,-24.27703495
Honolulu,21.31,-157.86,5.0,2015-12-31T23:59:59,2457388.499988426,dso_m44_beehive,STAR_CLUSTER,130.100000,19.670000,3.7,100.087167452,100.086835163,100.086951151,100.086618981,348.47699090,-48.31956365,348.47699090,-48.25291261,348.47699090,-48.25405644,348.48343444,-48.31701073,348.48343444,-48.31701073,348.48404196,-48.31913444
Honolulu,21.31,-157.86,5.0,2015-12-31T23:59:59,2457388.499988426,dso_double_cluster,STAR_CLUSTER,34.740000,57.130000,3.7,100.087167452,100.086835163,100.086951151,100.086618981,34.30914390,16.30803669,34.30914390,16.36221602,34.30914390,16.36145461,34.31256303,16.36688008,34.31256303,16.36685343,34.31377542,16.36498335
Honolulu,21.31,-157.86,5.0,2015-12-31T23:59:59,2457388.499988426,dso_coma_cluster,STAR_CLUSTER,185.600000,26.100000,1.8,100.087167452,100.086835163,100.086951151,100.086618981,304.53689959,-12.31473641,304.53689959,-12.13885529,304.53689959,-12.14361383,304.53826669,-12.31230324,304.53826669,-12.31230324,304.53931728,-12.31328290
Honolulu,21.31,-157.86,5.0,2015-12-31T23:59:59,2457388.499988426,dso_omega_centauri,GLOBULAR_CLUSTER,201.700000,-47.470000,3.9,100.087167452,100.086835163,100.086951151,100.086618981,225.89967238,-22.35953764,225.89967238,-22.20292549,225.89967238,-22.20676838,225.89432973,-22.36035768,225.89432973,-22.36035768,225.89526580,-22.35854677
Honolulu,21.31,-157.86,5.0,2015-12-31T23:59:59,2457388.499988426,dso_47_tucanae,GLOBULAR_CLUSTER,6.020000,-72.080000,4.1,100.087167452,100.086835163,100.086951151,100.086618981,163.46459593,-12.66318237,163.46459593,-12.48778644,163.46459593,-12.49251955,163.45773707,-12.66267720,163.45773707,-12.66267720,163.45945274,-12.66063101
Honolulu,21.31,-157.86,5.0,2015-12-31T23:59:59,2457388.499988426,dso_m13_hercules,GLOBULAR_CLUSTER,250.420000,36.460000,5.8,100.087167452,100.086835163,100.086951151,100.086618981,300.50913441,42.89647351,300.50913441,42.91378618,300.50913441,42.91354655,300.50872332,42.92031622,300.50872332,42.92030763,300.51217865,42.91942212
Honolulu,21.31,-157.86,5.0,2015-12-31T23:59:59,2457388.499988426,dso_m42_orion_nebula,NEBULA,83.822000,-5.391000,4.0,100.087167452,100.086835163,100.086951151,100.086618981,72.26713978,-49.72668425,72.26713978,-49.66530465,72.26713978,-49.66633813,72.26609367,-49.72079542,72.26609367,-49.72079542,72.26998056,-49.72181243
Honolulu,21.31,-157.86,5.0,2015-12-31T23:59:59,2457388.499988426,dso_m8_lagoon,NEBULA,270.920000,-24.380000,6.0,100.087167452,100.086835163,100.086951151,100.086618981,215.13169400,35.23058345,215.13169400,35.25333393,215.13169400,35.25301866,215.12356581,35.25560688,215.12356581,35.25559560,215.12576915,35.25757092
Honolulu,21.31,-157.86,5.0,2015-12-31T23:59:59,2457388.499988426,dso_eta_carinae_nebula,NEBULA,161.260000,-59.870000,1.0,100.087167452,100.086835163,100.086951151,100.086618981,205.43672454,-42.53910504,205.43672454,-42.45015665,205.43672454,-42.45181196,205.42917938,-42.54072509,205.42917938,-42.54072509,205.43008539,-42.53855195
Quito,0.0,-78.5,2850.0,2015-12-31T23:59:59,2457388.499988426,star_cma_sirius,STAR,101.287000,-16.716000,-1.46,100.087167452,100.086835163,100.086951151,100.086618981,106.98564972,9.68246339,106.98564972,9.77249752,106.98564972,9.74962589,106.98295749,9.77951717,106.98295749,9.75698933,106.98562661,9.78051946
Quito,0.0,-78.5,2850.0,2015-12-31T23:59:59,2457388.499988426,star_cma_adhara,STAR,104.656000,-28.972000,1.5,100.087167452,100.086835163,100.086951151,100.086618981,119.16742358,5.91532187,119.16742358,6.05215545,119.16742358,6.01779267,119.16511000,6.06055941,119.16511000,6.02621929,119.16770055,6.06422103
Quito,0.0,-78.5,2850.0,2015-12-31T23:59:59,2457388.499988426,star_cma_wezen,STAR,107.098000,-26.393000,1.83,100.087167452,100.086835163,100.086951151,100.086618981,116.48682966,3.86762634,116.48682966,4.04470652,116.48682966,4.00069156,116.48449756,4.06415495,116.48449756,4.01715802,116.48705126,4.07337105
Quito,0.0,-78.5,2850.0,2015-12-31T23:59:59,2457388.499988426,star_cma_mirzam,STAR,95.675000,-17.956000,1.98,100.087167452,100.086835163,100.086951151,100.086618981,108.61978200,14.94414015,108.61978200,15.00333563,108.61978200,14.98822254,108.61700652,15.01037104,108.61700652,14.99544818,108.61978046,15.01045791
Quito,0.0,-78.5,2850.0,2015-12-31T23:59:59,2457388.499988426,star_cmi_procyon,STAR,114.825000,5.225000,0.34,100.087167452,100.086835163,100.086951151,100.086618981,84.80610761,-3.44147061,84.80610761,-3.25742183,84.80610761,-3.30397529,84.80317475,-3.43657968,84.80317475,-3.43657968,84.80559276,-3.43626635
Quito,0.0,-78.5,2850.0,2015-12-31T23:59:59,2457388.499988426,star_car_canopus,STAR,95.987000,-52.695000,-0.74,100.087167452,100.086835163,100.086951151,100.086618981,143.72556850,9.31887117,143.72556850,9.41212613,143.72556850,9.38845157,143.72374771,9.41989414,143.72374771,9.39657438,143.72636308,9.42039969
Quito,0.0,-78.5,2850.0,2015-12-31T23:59:59,2457388.499988426,star_car_miaplacidus,STAR,138.300000,-69.720000,1.67,100.087167452,100.086835163,100.086951151,100.086618981,161.80196893,-8.95562817,161.80196893,-8.77572015,161.80196893,-8.82119870,161.80078168,-8.94924871,161.80078168,-8.94924871,161.80317767,-8.95020968
Quito,0.0,-78.5,2850.0,2015-12-31T23:59:59,2457388.499988426,star_cen_rigil_kent,STAR,219.900000,-60.833000,-0.01,100.087167452,100.086835163,100.086951151,100.086618981,190.07797707,-27.44871556,190.07797707,-27.30603775,190.07797707,-27.34178951,190.07723057,-27.44254057,190.07723057,-27.44254057,190.07970000,-27.44364432
Quito,0.0,-78.5,2850.0,2015-12-31T23:59:59,2457388.499988426,star_cen_hadar,STAR,210.956000,-60.373000,0.61,100.087167452,100.086835163,100.086951151,100.086618981,185.43251988,-29.09762903,185.43251988,-28.96002702,185.43251988,-28.99446023,185.43184557,-29.09162102,185.43184557,-29.09162102,185.43426443,-29.09271926
Quito,0.0,-78.5,2850.0,2015-12-31T23:59:59,2457388.499988426,star_lyr_vega,STAR,279.234000,38.783000,0.03,100.087167452,100.086835163,100.086951151,100.086618981,309.44321425,-9.49935255,309.44321425,-9.32001736,309.44321425,-9.36534643,309.43997955,-9.49389103,309.43997955,-9.49389103,309.44262391,-9.49337020
Quito,0.0,-78.5,2850.0,2015-12-31T23:59:59,2457388.499988426,star_cyg_deneb,STAR,310.358000,45.280000,1.25,100.087167452,100.086835163,100.086951151,100.086618981,316.92831060,13.16171475,316.92831060,13.22888176,316.92831060,13.21175220,316.92539385,13.23505117,316.92539385,13.21815522,316.92766552,13.23608350
Quito,0.0,-78.5,2850.0,2015-12-31T23:59:59,2457388.499988426,star_cyg_sadr,STAR,305.557000,40.260000,2.23,100.087167452,100.086835163,100.086951151,100.086618981,311.18315064,10.71130704,311.18315064,10.79323822,311.18315064,10.77239334,311.18031996,10.79962477,311.18031996,10.77909044,311.18262039,10.80098341
Quito,0.0,-78.5,2850.0,2015-12-31T23:59:59,2457388.499988426,star_cyg_albireo,STAR,292.680000,27.960000,3.05,100.087167452,100.086835163,100.086951151,100.086618981,298.00288324,1.10235324,298.00288324,1.28759698,298.00288324,1.24074430,298.00015476,1.45498407,298.00015476,1.36948920,298.00261588,1.50010420
Quito,0.0,-78.5,2850.0,2015-12-31T23:59:59,2457388.499988426,star_aql_altair,STAR,297.696000,8.868000,0.76,100.087167452,100.086835163,100.086951151,100.086618981,278.96498046,6.21988220,278.96498046,6.35155497,278.96498046,6.31843956,278.96282098,6.35959834,278.96282098,6.32661657,278.96518222,6.36311234
Quito,0.0,-78.5,2850.0,2015-12-31T23:59:59,2457388.499988426,star_ori_betelgeuse,STAR,88.793000,7.407000,0.5,100.087167452,100.086835163,100.086951151,100.086618981,81.98763952,22.37332953,81.98763952,22.41215033,81.98763952,22.40221766,81.98408760,22.41826849,81.98408760,22.40842537,81.98699816,22.41861185
Quito,0.0,-78.5,2850.0,2015-12-31T23:59:59,2457388.499988426,star_ori_rigel,STAR,78.634000,-8.202000,0.13,100.087167452,100.086835163,100.086951151,100.086618981,99.70894894,32.38032505,99.70894894,32.40564458,99.70894894,32.39916030,99.70547928,32.41161643,99.70547928,32.40517631,99.70866082,32.41157931
Quito,0.0,-78.5,2850.0,2015-12-31T23:59:59,2457388.499988426,star_ori_bellatrix,STAR,81.283000,6.350000,1.64,100.087167452,100.086835163,100.086951151,100.086618981,82.65952239,29.87967758,82.65952239,29.90760169,82.65952239,29.90045144,82.65576558,29.91331533,82.65576558,29.90621639,82.65884833,29.91360292
Quito,0.0,-78.5,2850.0,2015-12-31T23:59:59,2457388.499988426,star_ori_saiph,STAR,86.939000,-9.670000,2.07,100.087167452,100.086835163,100.086951151,100.086618981,100.60075274,24.08302042,100.60075274,24.11881656,100.60075274,24.10965555,100.59755192,24.12527221,100.59755192,24.11618906,100.60052704,24.12524690
Quito,0.0,-78.5,2850.0,2015-12-31T23:59:59,2457388.499988426,star_ori_alnitak,STAR,85.190000,-1.940000,1.77,100.087167452,100.086835163,100.086951151,100.086618981,92.15714806,26.17345742,92.15714806,26.20605047,92.15714806,26.19770723,92.15369556,26.21219891,92.15369556,26.20392190,92.15671297,26.21232134
Quito,0.0,-78.5,2850.0,2015-12-31T23:59:59,2457388.499988426,star_ori_alnilam,STAR,84.053000,-1.202000,1.69,100.087167452,100.086835163,100.086951151,100.086618981,91.34627585,27.31896953,91.34627585,27.34999761,91.34627585,27.34205413,91.34277212,27.35606367,91.34277212,27.34818116,91.34581553,27.35619639
Quito,0.0,-78.5,2850.0,2015-12-31T23:59:59,2457388.499988426,star_ori_mintaka,STAR,83.002000,-0.299000,2.23,100.087167452,100.086835163,100.086951151,100.086618981,90.33124625,28.37464719,90.33124625,28.40433463,90.33124625,28.39673369,90.32768898,28.41031738,90.32768898,28.40277314,90.33075610,28.41046579
Quito,0.0,-78.5,2850.0,2015-12-31T23:59:59,2457388.499988426,star_tau_aldebaran,STAR,68.980000,16.509000,0.85,100.087167452,100.086835163,100.086951151,100.086618981,68.10290703,40.24512584,68.10290703,40.26412428,68.10290703,40.25925735,68.09855168,40.26881687,68.09855168,40.26397935,68.10181536,40.26935671
Quito,0.0,-78.5,2850.0,2015-12-31T23:59:59,2457388.499988426,star_tau_elnath,STAR,81.573000,28.608000,1.65,100.087167452,100.086835163,100.086951151,100.086618981,57.85061595,25.82695420,57.85061595,25.86004541,57.85061595,25.85157495,57.84663967,25.86544715,57.84663967,25.85704436,57.84950928,25.86615443
Quito,0.0,-78.5,2850.0,2015-12-31T23:59:59,2457388.499988426,star_aur_capella,STAR,79.172000,45.998000,0.08,100.087167452,100.086835163,100.086951151,100.086618981,39.26901279,21.66447769,39.26901279,21.70468089,39.26901279,21.69439573,39.26503126,21.71002767,39.26503126,21.69983739,39.26771859,21.71098935
Quito,0.0,-78.5,2850.0,2015-12-31T23:59:59,2457388.499988426,star_umi_polaris,STAR,37.954000,89.264000,1.98,100.087167452,100.086835163,100.086951151,100.086618981,0.24635989,0.61807906,0.24635989,0.80328937,0.24635989,0.75644373,0.24255453,1.01920262,0.24255453,0.92149425,0.24503381,1.08280308
Quito,0.0,-78.5,2850.0,2015-12-31T23:59:59,2457388.499988426,star_uma_dubhe,STAR,165.932000,61.751000,1.79,100.087167452,100.086835163,100.086951151,100.086618981,17.35537142,-22.76190691,17.35537142,-22.60629674,17.35537142,-22.64541911,17.35130899,-22.75799223,17.35130899,-22.75799223,17.35374167,-22.75689439
Quito,0.0,-78.5,2850.0,2015-12-31T23:59:59,2457388.499988426,star_uma_merak,STAR,165.460000,56.380000,2.37,100.087167452,100.086835163,100.086951151,100.086618981,21.36177265,-26.72089136,21.36177265,-26.57605711,21.36177265,-26.61236984,21.35769628,-26.71719393,21.35769628,-26.71719393,21.36008073,-26.71610692
Quito,0.0,-78.5,2850.0,2015-12-31T23:59:59,2457388.499988426,star_uma_alioth,STAR,193.507000,55.960000,1.77,100.087167452,100.086835163,100.086951151,100.086618981,5.32986442,-33.76195623,5.32986442,-33.64000741,5.32986442,-33.67039210,5.32544927,-33.75832868,5.32544927,-33.75832868,5.32800753,-33.75723065
Quito,0.0,-78.5,2850.0,2015-12-31T23:59:59,2457388.499988426,star_uma_mizar,STAR,200.981000,54.925000,2.23,100.087167452,100.086835163,100.086951151,100.086618981,0.31872212,-35.16056316,0.31872212,-35.04362850,0.31872212,-35.07272236,0.31422552,-35.15689655,0.31422552,-35.15689655,0.31685515,-35.15581274
Quito,0.0,-78.5,2850.0,2015-12-31T23:59:59,2457388.499988426,star_uma_alkaid,STAR,206.885000,49.313000,1.85,100.087167452,100.086835163,100.086951151,100.086618981,355.31801859,-40.54642586,355.31801859,-40.44975377,355.31801859,-40.47366307,355.31328145,-40.54292839,355.31328145,-40.54292839,355.31602297,-40.54186703
Quito,0.0,-78.5,2850.0,2015-12-31T23:59:59,2457388.499988426,star_cas_schedar,STAR,10.127000,56.537000,2.24,100.087167452,100.086835163,100.086951151,100.086618981,352.69245599,32.65219440,352.69245599,32.67725207,352.69245599,32.67083476,352.68891900,32.68142814,352.68891900,32.67505386,352.69117486,32.68240567
Quito,0.0,-78.5,2850.0,2015-12-31T23:59:59,2457388.499988426,star_cas_caph,STAR,2.293000,59.150000,2.28,100.087167452,100.086835163,100.086951151,100.086618981,348.99208535,28.90105660,348.99208535,28.93010857,348.99208535,28.92267004,348.98862630,28.93461953,348.98862630,28.92723529,348.99087655,28.93557701
Quito,0.0,-78.5,2850.0,2015-12-31T23:59:59,2457388.499988426,star_per_mirfak,STAR,51.080000,49.860000,1.79,100.087167452,100.086835163,100.086951151,100.086618981,22.68962505,33.97440005,22.68962505,33.99823660,22.68962505,33.99213162,22.68552332,34.00248743,22.68552332,33.99642244,22.68815189,34.00350060
Quito,0.0,-78.5,2850.0,2015-12-31T23:59:59,2457388.499988426,star_per_algol,STAR,47.040000,40.960000,2.12,100.087167452,100.086835163,100.086951151,100.086618981,26.51347224,42.82133489,26.51347224,42.83869300,26.51347224,42.83424600,26.50910666,42.84228584,26.50910666,42.83786499,26.51185683,42.84328940
Quito,0.0,-78.5,2850.0,2015-12-31T23:59:59,2457388.499988426,star_boo_arcturus,STAR,213.915000,19.182000,-0.05,100.087167452,100.086835163,100.086951151,100.086618981,327.97970702,-67.28891073,327.97970702,-67.27793493,327.97970702,-67.28056325,327.97225032,-67.28646421,327.97225032,-67.28646421,327.97654128,-67.28566098
Quito,0.0,-78.5,2850.0,2015-12-31T23:59:59,2457388.499988426,star_vir_spica,STAR,201.298000,-11.161000,0.98,100.087167452,100.086835163,100.086951151,100.086618981,179.60455497,-78.75767235,179.60455497,-78.75828817,179.60455497,-78.75814204,179.61172176,-78.75581160,179.61172176,-78.75581160,179.61307908,-78.75689274
Quito,0.0,-78.5,2850.0,2015-12-31T23:59:59,2457388.499988426,star_sco_antares,STAR,247.352000,-26.432000,0.96,100.087167452,100.086835163,100.086951151,100.086618981,235.32022050,-38.44864256,235.32022050,-38.34393587,235.32022050,-38.36989474,235.31861758,-38.44256364,235.31861758,-38.44256364,235.32170824,-38.44335742
Quito,0.0,-78.5,2850.0,2015-12-31T23:59:59,2457388.499988426,star_sco_shaula,STAR,263.402000,-37.104000,1.62,100.087167452,100.086835163,100.086951151,100.086618981,229.42801841,-21.92598036,229.42801841,-21.76830823,229.42801841,-21.80796931,229.42659192,-21.91928532,229.42659192,-21.91928532,229.42934783,-21.92015367
Quito,0.0,-78.5,2850.0,2015-12-31T23:59:59,2457388.499988426,star_leo_regulus,STAR,152.093000,11.967000,1.36,100.087167452,100.086835163,100.086951151,100.086618981,74.47929611,-39.67331814,74.47929611,-39.57328594,74.47929611,-39.59805137,74.47666153,-39.67057595,74.47666153,-39.67057595,74.47832596,-39.67007792
Quito,0.0,-78.5,2850.0,2015-12-31T23:59:59,2457388.499988426,star_gem_pollux,STAR,116.329000,28.026000,1.14,100.087167452,100.086835163,100.086951151,100.086618981,61.92683369,-4.40955234,61.92683369,-4.22601437,61.92683369,-4.27243629,61.92343147,-4.40504621,61.92343147,-4.40504621,61.92584730,-4.40434595
Quito,0.0,-78.5,2850.0,2015-12-31T23:59:59,2457388.499988426,star_gem_castor,STAR,113.650000,31.888000,1.58,100.087167452,100.086835163,100.086951151,100.086618981,58.13036312,-1.97419415,58.13036312,-1.78954346,58.13036312,-1.83625071,58.12686503,-1.96967908,58.12686503,-1.96967908,58.12931892,-1.96892384
Quito,0.0,-78.5,2850.0,2015-12-31T23:59:59,2457388.499988426,star_psa_fomalhaut,STAR,344.413000,-29.622000,1.17,100.087167452,100.086835163,100.086951151,100.086618981,226.69662669,44.04303739,226.69662669,44.05967192,226.69662669,44.05541018,226.69627110,44.06501050,226.69627110,44.06077390,226.69813399,44.06405173
Quito,0.0,-78.5,2850.0,2015-12-31T23:59:59,2457388.499988426,star_eri_achernar,STAR,24.429000,-57.237000,0.45,100.087167452,100.086835163,100.086951151,100.086618981,178.07268816,32.78758201,178.07268816,32.81251070,178.07268816,32.80612637,178.07138900,32.81945030,178.07138900,32.81310935,178.07403324,32.81830877
Quito,0.0,-78.5,2850.0,2015-12-31T23:59:59,2457388.499988426,dso_m31_andromeda,GALAXY,10.684000,41.269000,3.44,100.087167452,100.086835163,100.086951151,100.086618981,348.11137107,47.52536393,348.11137107,47.54009749,348.11137107,47.53632253,348.10794374,47.54289166,348.10794374,47.53913838,348.10995054,47.54385144
Quito,0.0,-78.5,2850.0,2015-12-31T23:59:59,2457388.499988426,dso_lmc,GALAXY,80.894000,-69.756000,0.9,100.087167452,100.086835163,100.086951151,100.086618981,162.39884417,10.18323038,162.39884417,10.26914646,162.39884417,10.24730368,162.39737002,10.27719114,162.39737002,10.25567919,162.39994747,10.27718504
Quito,0.0,-78.5,2850.0,2015-12-31T23:59:59,2457388.499988426,dso_smc,GALAXY,13.187000,-72.829000,2.7,100.087167452,100.086835163,100.086951151,100.086618981,182.55683589,17.06644133,182.55683589,17.11815183,182.55683589,17.10493785,182.55560931,17.12615133,182.55560931,17.11308821,182.55814238,17.12517181
Quito,0.0,-78.5,2850.0,2015-12-31T23:59:59,2457388.499988426,dso_m33_triangulum,GALAXY,23.462000,30.660000,5.72,100.087167452,100.086835163,100.086951151,100.086618981,3.53256491,59.19221330,3.53256491,59.20181619,3.53256491,59.19935546,3.52825764,59.20356030,3.52825764,59.20111442,3.53048912,59.20461698
Quito,0.0,-78.5,2850.0,2015-12-31T23:59:59,2457388.499988426,dso_m45_pleiades,STAR_CLUSTER,56.871000,24.105000,1.6,100.087167452,100.086835163,100.086951151,100.086618981,52.34346039,47.95274986,52.34346039,47.96726475,52.34346039,47.96354579,52.33864912,47.97098340,52.33864912,47.96728591,52.34193465,47.97176165
Quito,0.0,-78.5,2850.0,2015-12-31T23:59:59,2457388.499988426,dso_hyades,STAR_CLUSTER,66.750000,15.870000,0.5,100.087167452,100.086835163,100.086951151,100.086618981,68.19040985,42.47912002,68.19040985,42.49668675,68.19040985,42.49218634,68.18595525,42.50122291,68.18595525,42.49674917,68.18928375,42.50176400
Quito,0.0,-78.5,2850.0,2015-12-31T23:59:59,2457388.499988426,dso_m44_beehive,STAR_CLUSTER,130.100000,19.670000,3.7,100.087167452,100.086835163,100.086951151,100.086618981,69.38259080,-17.62253494,69.38259080,-17.45545984,69.38259080,-17.49758076,69.37951125,-17.61842669,69.37951125,-17.61842669,69.38169522,-17.61784311
Quito,0.0,-78.5,2850.0,2015-12-31T23:59:59,2457388.499988426,dso_double_cluster,STAR_CLUSTER,34.740000,57.130000,3.7,100.087167452,100.086835163,100.086951151,100.086618981,8.52016605,31.78840818,8.52016605,31.81431144,8.52016605,31.80767788,8.51630384,31.81860670,8.51630384,31.81201842,8.51875229,31.81964105
Quito,0.0,-78.5,2850.0,2015-12-31T23:59:59,2457388.499988426,dso_coma_cluster,STAR_CLUSTER,185.600000,26.100000,1.8,100.087167452,100.086835163,100.086951151,100.086618981,29.14439124,-59.86253249,29.14439124,-59.83459746,29.14439124,-59.84134231,29.13935125,-59.86124900,29.13935125,-59.86124900,29.14125003,-59.86019812
Quito,0.0,-78.5,2850.0,2015-12-31T23:59:59,2457388.499988426,dso_omega_centauri,GLOBULAR_CLUSTER,201.700000,-47.470000,3.9,100.087167452,100.086835163,100.086951151,100.086618981,180.32442005,-42.45137358,180.32442005,-42.36208416,180.32442005,-42.38411764,180.32424868,-42.44630869,180.32424868,-42.44630869,180.32653816,-42.44739253
Quito,0.0,-78.5,2850.0,2015-12-31T23:59:59,2457388.499988426,dso_47_tucanae,GLOBULAR_CLUSTER,6.020000,-72.080000,4.1,100.087167452,100.086835163,100.086951151,100.086618981,184.93236857,17.33516458,184.93236857,17.38604818,184.93236857,17.37304432,184.93117059,17.39403580,184.93117059,17.38117852,184.93369035,17.39303913
Quito,0.0,-78.5,2850.0,2015-12-31T23:59:59,2457388.499988426,dso_m13_hercules,GLOBULAR_CLUSTER,250.420000,36.460000,5.8,100.087167452,100.086835163,100.086951151,100.086618981,314.37598843,-31.88236249,314.37598843,-31.75389291,314.37598843,-31.78596074,314.37198803,-31.87734257,314.37198803,-31.87734257,314.37504488,-31.87673997
Quito,0.0,-78.5,2850.0,2015-12-31T23:59:59,2457388.499988426,dso_m42_orion_nebula,NEBULA,83.822000,-5.391000,4.0,100.087167452,100.086835163,100.086951151,100.086618981,96.06938646,27.43100726,96.06938646,27.46188865,96.06938646,27.45398264,96.06598439,27.46805902,96.06598439,27.46021355,96.06903673,27.46810124
Quito,0.0,-78.5,2850.0,2015-12-31T23:59:59,2457388.499988426,dso_m8_lagoon,NEBULA,270.920000,-24.380000,6.0,100.087167452,100.086835163,100.086951151,100.086618981,244.19541609,-18.53723457,244.19541609,-18.37198742,244.19541609,-18.41362982,244.19365875,-18.53054086,244.19365875,-18.53054086,244.19643549,-18.53120676
Quito,0.0,-78.5,2850.0,2015-12-31T23:59:59,2457388.499988426,dso_eta_carinae_nebula,NEBULA,161.260000,-59.870000,1.0,100.087167452,100.086835163,100.086951151,100.086618981,159.53956985,-22.49993099,159.53956985,-22.34366646,159.53956985,-22.38295975,159.53867156,-22.49414525,159.53867156,-22.49414525,159.54091255,-22.49508402
Sydney,-33.87,151.21,40.0,2015-12-31T23:59:59,2457388.499988426,star_cma_sirius,STAR,101.287000,-16.716000,-1.46,100.087167452,100.086835163,100.086951151,100.086618981,214.49527598,-31.79617655,214.49527598,-31.66741449,214.49527598,-31.67060851,214.49148302,-31.80140689,214.49148302,-31.80140689,214.48993550,-31.79912553
Sydney,-33.87,151.21,40.0,2015-12-31T23:59:59,2457388.499988426,star_cma_adhara,STAR,104.656000,-28.972000,1.5,100.087167452,100.086835163,100.086951151,100.086618981,210.84472070,-19.58806775,210.84472070,-19.42503440,210.84472070,-19.42966729,210.84090540,-19.59315528,210.84090540,-19.59315528,210.83974287,-19.59079842
Sydney,-33.87,151.21,40.0,2015-12-31T23:59:59,2457388.499988426,star_cma_wezen,STAR,107.098000,-26.393000,1.83,100.087167452,100.086835163,100.086951151,100.086618981,214.22093189,-20.71979772,214.22093189,-20.55928467,214.22093189,-20.56379600,214.21726725,-20.72491215,214.21726725,-20.72491215,214.21602803,-20.72262479
Sydney,-33.87,151.21,40.0,2015-12-31T23:59:59,2457388.499988426,star_cma_mirzam,STAR,95.675000,-17.956000,1.98,100.087167452,100.086835163,100.086951151,100.086618981,208.16996646,-33.12224102,208.16996646,-32.99804331,208.16996646,-33.00107427,208.16576716,-33.12733952,208.16576716,-33.12733952,208.16434775,-33.12493339
Sydney,-33.87,151.21,40.0,2015-12-31T23:59:59,2457388.499988426,star_cmi_procyon,STAR,114.825000,5.225000,0.34,100.087167452,100.086835163,100.086951151,100.086618981,244.67135427,-40.37087045,244.67135427,-40.27352121,244.67135427,-40.27569134,244.67009892,-40.37644152,244.67009892,-40.37644152,244.66743142,-40.37510198
Sydney,-33.87,151.21,40.0,2015-12-31T23:59:59,2457388.499988426,star_car_canopus,STAR,95.987000,-52.695000,-0.74,100.087167452,100.086835163,100.086951151,100.086618981,194.71739973,-0.76463948,194.71739973,-0.57964780,194.71739973,-0.58545993,194.71315083,-0.17095974,194.71315083,-0.17325539,194.71237809,-0.00023236
Sydney,-33.87,151.21,40.0,2015-12-31T23:59:59,2457388.499988426,star_car_miaplacidus,STAR,138.300000,-69.720000,1.67,100.087167452,100.086835163,100.086951151,100.086618981,200.43274439,24.27913179,200.43274439,24.31460604,200.43274439,24.31399528,200.42758536,24.31126021,200.42758536,24.31112001,200.42711871,24.31373460
Sydney,-33.87,151.21,40.0,2015-12-31T23:59:59,2457388.499988426,star_cen_rigil_kent,STAR,219.900000,-60.833000,-0.01,100.087167452,100.086835163,100.086951151,100.086618981,206.98384732,56.38618303,206.98384732,56.39688682,206.98384732,56.39670342,206.97380204,56.39459145,206.97380204,56.39454900,206.97446272,56.39697573
Sydney,-33.87,151.21,40.0,2015-12-31T23:59:59,2457388.499988426,star_cen_hadar,STAR,210.956000,-60.373000,0.61,100.087167452,100.086835163,100.086951151,100.086618981,211.80764988,52.96665514,211.80764988,52.97880145,211.80764988,52.97859331,211.79851031,52.97684072,211.79851031,52.97679255,211.79926723,52.97913127
Sydney,-33.87,151.21,40.0,2015-12-31T23:59:59,2457388.499988426,star_lyr_vega,STAR,279.234000,38.783000,0.03,100.087167452,100.086835163,100.086951151,100.086618981,22.08712083,12.81442869,22.08712083,12.88338113,22.08712083,12.88217510,22.09349609,12.88468221,22.09349609,12.88441224,22.09256072,12.88263319
Sydney,-33.87,151.21,40.0,2015-12-31T23:59:59,2457388.499988426,star_cyg_deneb,STAR,310.358000,45.280000,1.25,100.087167452,100.086835163,100.086951151,100.086618981,37.34317934,-5.59650125,37.34317934,-5.41371395,37.34317934,-5.41940836,37.34865313,-5.59668209,37.34865313,-5.59668209,37.34802026,-5.59889787
Sydney,-33.87,151.21,40.0,2015-12-31T23:59:59,2457388.499988426,star_cyg_sadr,STAR,305.557000,40.260000,2.23,100.087167452,100.086835163,100.086951151,100.086618981,38.31549743,0.45742696,38.31549743,0.64262124,38.31549743,0.63680250,38.32108801,0.87293974,38.32108801,0.87134476,38.32030959,0.94167978
Sydney,-33.87,151.21,40.0,2015-12-31T23:59:59,2457388.499988426,star_cyg_albireo,STAR,292.680000,27.960000,3.05,100.087167452,100.086835163,100.086951151,100.086618981,37.68066498,16.68687059,37.68066498,16.73979086,37.68066498,16.73887355,37.68697279,16.74022805,37.68697279,16.74001992,37.68579084,16.73815322
Sydney,-33.87,151.21,40.0,2015-12-31T23:59:59,2457388.499988426,star_aql_altair,STAR,297.696000,8.868000,0.76,100.087167452,100.086835163,100.086951151,100.086618981,54.75844347,28.51659357,54.75844347,28.54610758,54.75844347,28.54560028,54.76493484,28.54472574,54.76493484,28.54460894,54.76309685,28.54296223
Sydney,-33.87,151.21,40.0,2015-12-31T23:59:59,2457388.499988426,star_ori_betelgeuse,STAR,88.793000,7.407000,0.5,100.087167452,100.086835163,100.086951151,100.086618981,215.73664211,-58.88767278,215.73664211,-58.85697664,215.73664211,-58.85753106,215.73096583,-58.89275587,215.73096583,-58.89275587,215.72803183,-58.89050225
Sydney,-33.87,151.21,40.0,2015-12-31T23:59:59,2457388.499988426,star_ori_rigel,STAR,78.634000,-8.202000,0.13,100.087167452,100.086835163,100.086951151,100.086618981,191.04163827,-47.33860239,191.04163827,-47.26822418,191.04163827,-47.26966502,191.03554460,-47.34271854,191.03554460,-47.34271854,191.03450995,-47.34012476
Sydney,-33.87,151.21,40.0,2015-12-31T23:59:59,2457388.499988426,star_ori_bellatrix,STAR,81.283000,6.350000,1.64,100.087167452,100.086835163,100.086951151,100.086618981,201.23740017,-60.91225146,201.23740017,-60.88715849,201.23740017,-60.88760318,201.22961711,-60.91652869,201.22961711,-60.91652869,201.22758863,-60.91401947
Sydney,-33.87,151.21,40.0,2015-12-31T23:59:59,2457388.499988426,star_ori_saiph,STAR,86.939000,-9.670000,2.07,100.087167452,100.086835163,100.086951151,100.086618981,201.93692107,-43.93474068,201.93692107,-43.85121976,201.93692107,-43.85300132,201.93174778,-43.93949428,201.93174778,-43.93949428,201.93027494,-43.93699384
Sydney,-33.87,151.21,40.0,2015-12-31T23:59:59,2457388.499988426,star_ori_alnitak,STAR,85.190000,-1.940000,1.77,100.087167452,100.086835163,100.086951151,100.086618981,203.19367822,-51.81339917,203.19367822,-51.75962907,203.19367822,-51.76067460,203.18775678,-51.81803869,203.18775678,-51.81803869,203.18598898,-51.81555490
Sydney,-33.87,151.21,40.0,2015-12-31T23:59:59,2457388.499988426,star_ori_alnilam,STAR,84.053000,-1.202000,1.69,100.087167452,100.086835163,100.086951151,100.086618981,201.81645292,-52.87583499,201.81645292,-52.82582325,201.81645292,-52.82678435,201.81027578,-52.88037665,201.81027578,-52.88037665,201.80854806,-52.87787467
Sydney,-33.87,151.21,40.0,2015-12-31T23:59:59,2457388.499988426,star_ori_mintaka,STAR,83.002000,-0.299000,2.23,100.087167452,100.086835163,100.086951151,100.086618981,200.59122273,-54.05397515,200.59122273,-54.00802485,200.59122273,-54.00889670,200.58476953,-54.05841885,200.58476953,-54.05841885,200.58307366,-54.05590189
Sydney,-33.87,151.21,40.0,2015-12-31T23:59:59,2457388.499988426,star_tau_aldebaran,STAR,68.980000,16.509000,0.85,100.087167452,100.086835163,100.086951151,100.086618981,173.32370931,-72.56781330,173.32370931,-72.56426600,173.32370931,-72.56432359,173.30761712,-72.56951685,173.30761712,-72.56951685,173.30861757,-72.56697119
Sydney,-33.87,151.21,40.0,2015-12-31T23:59:59,2457388.499988426,star_tau_elnath,STAR,81.573000,28.608000,1.65,100.087167452,100.086835163,100.086951151,100.086618981,242.57674336,-79.58242414,242.57674336,-79.58327880,242.57674336,-79.58326537,242.57201166,-79.58789027,242.57201166,-79.58789027,242.55935932,-79.58646963
Sydney,-33.87,151.21,40.0,2015-12-31T23:59:59,2457388.499988426,star_aur_capella,STAR,79.172000,45.998000,0.08,100.087167452,100.086835163,100.086951151,100.086618981,335.24782197,-76.35141429,335.24782197,-76.35093778,335.24782197,-76.35094537,335.27032258,-76.35264662,335.27032258,-76.35264662,335.26413432,-76.35489523
Sydney,-33.87,151.21,40.0,2015-12-31T23:59:59,2457388.499988426,star_umi_polaris,STAR,37.954000,89.264000,1.98,100.087167452,100.086835163,100.086951151,100.086618981,0.37873086,-34.45695160,0.37873086,-34.33747836,0.37873086,-34.34034615,0.38568695,-34.45698303,0.38568695,-34.45698303,0.38475699,-34.45957767
Sydney,-33.87,151.21,40.0,2015-12-31T23:59:59,2457388.499988426,star_uma_dubhe,STAR,165.932000,61.751000,1.79,100.087167452,100.086835163,100.086951151,100.086618981,327.87505438,-27.19268494,327.87505438,-27.04924256,327.87505438,-27.05300168,327.88074019,-27.19427827,327.88074019,-27.19427827,327.87915378,-27.19633900
Sydney,-33.87,151.21,40.0,2015-12-31T23:59:59,2457388.499988426,star_uma_merak,STAR,165.460000,56.380000,2.37,100.087167452,100.086835163,100.086951151,100.086618981,322.23953163,-25.35537408,322.23953163,-25.20663809,322.23953163,-25.21061829,322.24478405,-25.35718608,322.24478405,-25.35718608,322.24316897,-25.35908027
Sydney,-33.87,151.21,40.0,2015-12-31T23:59:59,2457388.499988426,star_uma_alioth,STAR,193.507000,55.960000,1.77,100.087167452,100.086835163,100.086951151,100.086618981,330.99735564,-12.22998481,330.99735564,-12.05398762,330.99735564,-12.05929655,331.00244398,-12.23078202,331.00244398,-12.23078202,331.00135598,-12.23292652
Sydney,-33.87,151.21,40.0,2015-12-31T23:59:59,2457388.499988426,star_uma_mizar,STAR,200.981000,54.925000,2.23,100.087167452,100.086835163,100.086951151,100.086618981,333.43493642,-8.58634771,333.43493642,-8.40606780,333.43493642,-8.41161871,333.44002884,-8.58688171,333.44002884,-8.58688171,333.43905213,-8.58908720
Sydney,-33.87,151.21,40.0,2015-12-31T23:59:59,2457388.499988426,star_uma_alkaid,STAR,206.885000,49.313000,1.85,100.087167452,100.086835163,100.086951151,100.086618981,332.87035780,-1.93456394,332.87035780,-1.74989985,332.87035780,-1.75569683,332.87524358,-1.93475554,332.87524358,-1.93475554,332.87442874,-1.93694726
Sydney,-33.87,151.21,40.0,2015-12-31T23:59:59,2457388.499988426,star_cas_schedar,STAR,10.127000,56.537000,2.24,100.087167452,100.086835163,100.086951151,100.086618981,41.44571295,-43.41550413,41.44571295,-43.32996405,41.44571295,-43.33180033,41.45117246,-43.41366985,41.45117246,-43.41366985,41.45184877,-43.41578188
Sydney,-33.87,151.21,40.0,2015-12-31T23:59:59,2457388.499988426,star_cas_caph,STAR,2.293000,59.150000,2.28,100.087167452,100.086835163,100.086951151,100.086618981,37.99113092,-39.23807340,37.99113092,-39.13637416,37.99113092,-39.13867359,37.99671258,-39.23656299,37.99671258,-39.23656299,37.99708516,-39.23876312
Sydney,-33.87,151.21,40.0,2015-12-31T23:59:59,2457388.499988426,star_per_mirfak,STAR,51.080000,49.860000,1.79,100.087167452,100.086835163,100.086951151,100.086618981,36.37234565,-68.28621670,36.37234565,-68.27693956,36.37234565,-68.27709439,36.38200333,-68.28314276,36.38200333,-68.28314276,36.38458349,-68.28538132
Sydney,-33.87,151.21,40.0,2015-12-31T23:59:59,2457388.499988426,star_per_algol,STAR,47.040000,40.960000,2.12,100.087167452,100.086835163,100.086951151,100.086618981,62.33465370,-69.73663516,62.33465370,-69.72958048,62.33465370,-69.72969705,62.33887053,-69.73264965,62.33887053,-69.73264965,62.34400312,-69.73407883
Sydney,-33.87,151.21,40.0,2015-12-31T23:59:59,2457388.499988426,star_boo_arcturus,STAR,213.915000,19.182000,-0.05,100.087167452,100.086835163,100.086951151,100.086618981,320.42984039,26.26410400,320.42984039,26.29656870,320.42984039,26.29601025,320.43342678,26.29926773,320.43342678,26.29913937,320.43357146,26.29738060
Sydney,-33.87,151.21,40.0,2015-12-31T23:59:59,2457388.499988426,star_vir_spica,STAR,201.298000,-11.161000,0.98,100.087167452,100.086835163,100.086951151,100.086618981,284.30786862,39.37686561,284.30786862,39.39645613,284.30786862,39.39612009,284.30681858,39.39920292,284.30681858,39.39912527,284.30816529,39.39874407
Sydney,-33.87,151.21,40.0,2015-12-31T23:59:59,2457388.499988426,star_sco_antares,STAR,247.352000,-26.432000,0.96,100.087167452,100.086835163,100.086951151,100.086618981,335.66433442,81.93171409,335.66433442,81.93399801,335.66433442,81.93395890,335.68720077,81.93925519,335.68720077,81.93924622,335.69560494,81.93699470
Sydney,-33.87,151.21,40.0,2015-12-31T23:59:59,2457388.499988426,star_sco_shaula,STAR,263.402000,-37.104000,1.62,100.087167452,100.086835163,100.086951151,100.086618981,111.37022897,79.42920685,111.37022897,79.43221349,111.37022897,79.43216200,111.38014401,79.42579583,111.38014401,79.42578397,111.36594846,79.42649694
Sydney,-33.87,151.21,40.0,2015-12-31T23:59:59,2457388.499988426,star_leo_regulus,STAR,152.093000,11.967000,1.36,100.087167452,100.086835163,100.086951151,100.086618981,275.07373265,-13.98756542,275.07373265,-13.81413144,275.07373265,-13.81929969,275.07454576,-13.99089517,275.07454576,-13.99089517,275.07312940,-13.99087089
Sydney,-33.87,151.21,40.0,2015-12-31T23:59:59,2457388.499988426,star_gem_pollux,STAR,116.329000,28.026000,1.14,100.087167452,100.086835163,100.086951151,100.086618981,273.94826413,-51.02173989,273.94826413,-50.96511591,273.94826413,-50.96622676,273.95111497,-51.02700711,273.95111497,-51.02700711,273.94712853,-51.02693169
Sydney,-33.87,151.21,40.0,2015-12-31T23:59:59,2457388.499988426,star_gem_castor,STAR,113.650000,31.888000,1.58,100.087167452,100.086835163,100.086951151,100.086618981,278.86859447,-54.40277747,278.86859447,-54.35800646,278.86859447,-54.35885278,278.87247759,-54.40792824,278.87247759,-54.40792824,278.86807594,-54.40807651
Sydney,-33.87,151.21,40.0,2015-12-31T23:59:59,2457388.499988426,star_psa_fomalhaut,STAR,344.413000,-29.622000,1.17,100.087167452,100.086835163,100.086951151,100.086618981,116.73546691,13.46181986,116.73546691,13.52751101,116.73546691,13.52636441,116.73567966,13.52416584,116.73567966,13.52390832,116.73433088,13.52546004
Sydney,-33.87,151.21,40.0,2015-12-31T23:59:59,2457388.499988426,star_eri_achernar,STAR,24.429000,-57.237000,0.45,100.087167452,100.086835163,100.086951151,100.086618981,156.42741913,9.18332885,156.42741913,9.27783829,156.42741913,9.27614971,156.42429028,9.27398837,156.42429028,9.27362013,156.42331777,9.27754290
Sydney,-33.87,151.21,40.0,2015-12-31T23:59:59,2457388.499988426,dso_m31_andromeda,GALAXY,10.684000,41.269000,3.44,100.087167452,100.086835163,100.086951151,100.086618981,62.34371531,-42.54535299,62.34371531,-42.45642889,62.34371531,-42.45835839,62.34701939,-42.54335344,62.34701939,-42.54335344,62.34825163,-42.54478238
Sydney,-33.87,151.21,40.0,2015-12-31T23:59:59,2457388.499988426,dso_lmc,GALAXY,80.894000,-69.756000,0.9,100.087167452,100.086835163,100.086951151,100.086618981,183.40123026,13.85280388,183.40123026,13.91665920,183.40123026,13.91554588,183.39683733,13.91287936,183.39683733,13.91262891,183.39604533,13.91579038
Sydney,-33.87,151.21,40.0,2015-12-31T23:59:59,2457388.499988426,dso_smc,GALAXY,13.187000,-72.829000,2.7,100.087167452,100.086835163,100.086951151,100.086618981,164.06397949,23.68281581,164.06397949,23.71928396,164.06397949,23.71865590,164.06024589,23.71456971,164.06024589,23.71442561,164.05905904,23.71695383
Sydney,-33.87,151.21,40.0,2015-12-31T23:59:59,2457388.499988426,dso_m33_triangulum,GALAXY,23.462000,30.660000,5.72,100.087167452,100.086835163,100.086951151,100.086618981,80.91561630,-49.99882583,80.91561630,-49.93845386,80.91561630,-49.93965209,80.91643171,-49.99639338,80.91643171,-49.99639338,80.91866771,-49.99705411
Sydney,-33.87,151.21,40.0,2015-12-31T23:59:59,2457388.499988426,dso_m45_pleiades,STAR_CLUSTER,56.871000,24.105000,1.6,100.087167452,100.086835163,100.086951151,100.086618981,124.43774152,-74.27199945,124.43774152,-74.27005379,124.43774152,-74.27008508,124.42410545,-74.26958537,124.42410545,-74.26958537,124.43144251,-74.26832939
Sydney,-33.87,151.21,40.0,2015-12-31T23:59:59,2457388.499988426,dso_hyades,STAR_CLUSTER,66.750000,15.870000,0.5,100.087167452,100.086835163,100.086951151,100.086618981,166.73955218,-71.61736705,166.73955218,-71.61276263,166.73955218,-71.61283781,166.72414850,-71.61855540,166.72414850,-71.61855540,166.72591864,-71.61609016
Sydney,-33.87,151.21,40.0,2015-12-31T23:59:59,2457388.499988426,dso_m44_beehive,STAR_CLUSTER,130.100000,19.670000,3.7,100.087167452,100.086835163,100.086951151,100.086618981,270.60647113,-36.11748823,270.60647113,-36.00405439,270.60647113,-36.00672137,270.60791890,-36.12235870,270.60791890,-36.12235870,270.60525744,-36.12213156
Sydney,-33.87,151.21,40.0,2015-12-31T23:59:59,2457388.499988426,dso_double_cluster,STAR_CLUSTER,34.740000,57.130000,3.7,100.087167452,100.086835163,100.086951151,100.086618981,35.17565716,-56.21035055,35.17565716,-56.17150640,35.17565716,-56.17222693,35.18281074,-56.20798443,35.18281074,-56.20798443,35.18396516,-56.21025041
Sydney,-33.87,151.21,40.0,2015-12-31T23:59:59,2457388.499988426,dso_coma_cluster,STAR_CLUSTER,185.600000,26.100000,1.8,100.087167452,100.086835163,100.086951151,100.086618981,304.96255884,3.73224957,304.96255884,3.91178472,304.96255884,3.90761282,304.96524822,3.92728967,304.96524822,3.92653957,304.96462909,3.93621571
Sydney,-33.87,151.21,40.0,2015-12-31T23:59:59,2457388.499988426,dso_omega_centauri,GLOBULAR_CLUSTER,201.700000,-47.470000,3.9,100.087167452,100.086835163,100.086951151,100.086618981,234.33025013,50.91901050,234.33025013,50.93208345,234.33025013,50.93185941,234.32229756,50.93212848,234.32229756,50.93207664,234.32394114,50.93379728
Sydney,-33.87,151.21,40.0,2015-12-31T23:59:59,2457388.499988426,dso_47_tucanae,GLOBULAR_CLUSTER,6.020000,-72.080000,4.1,100.087167452,100.086835163,100.086951151,100.086618981,161.98635625,24.96259505,161.98635625,24.99698376,161.98635625,24.99639188,161.98273710,24.99215329,161.98273710,24.99201734,161.98148391,24.99449128
Sydney,-33.87,151.21,40.0,2015-12-31T23:59:59,2457388.499988426,dso_m13_hercules,GLOBULAR_CLUSTER,250.420000,36.460000,5.8,100.087167452,100.086835163,100.086951151,100.086618981,359.36681500,19.69567100,359.36681500,19.74019273,359.36681500,19.73942379,359.37305918,19.74217864,359.37305918,19.74200315,359.37239325,19.73962009
Sydney,-33.87,151.21,40.0,2015-12-31T23:59:59,2457388.499988426,dso_m42_orion_nebula,NEBULA,83.822000,-5.391000,4.0,100.087167452,100.086835163,100.086951151,100.086618981,199.50696884,-48.94062886,199.50696884,-48.87631648,199.50696884,-48.87760860,199.50114254,-48.94515258,199.50114254,-48.94515258,199.49965710,-48.94262333
Sydney,-33.87,151.21,40.0,2015-12-31T23:59:59,2457388.499988426,dso_m8_lagoon,NEBULA,270.920000,-24.380000,6.0,100.087167452,100.086835163,100.086951151,100.086618981,66.46995262,70.27335310,66.46995262,70.27912946,66.46995262,70.27903052,66.48684371,70.27557123,66.48684371,70.27554835,66.47973061,70.27428346
Sydney,-33.87,151.21,40.0,2015-12-31T23:59:59,2457388.499988426,dso_eta_carinae_nebula,NEBULA,161.260000,-59.870000,1.0,100.087167452,100.086835163,100.086951151,100.086618981,214.88920042,28.90371656,214.88920042,28.93276538,214.88920042,28.93226613,214.88376113,28.93033321,214.88376113,28.93021824,214.88369730,28.93254043
Tehran,35.69,51.39,1200.0,2015-12-31T23:59:59,2457388.499988426,star_cma_sirius,STAR,101.287000,-16.716000,-1.46,100.087167452,100.086835163,100.086951151,100.086618981,231.05348718,19.38363833,231.05348718,19.42891867,231.05348718,19.42340154,231.05994177,19.42880012,231.05994177,19.42366982,231.05812090,19.42684179
Tehran,35.69,51.39,1200.0,2015-12-31T23:59:59,2457388.499988426,star_cma_adhara,STAR,104.656000,-28.972000,1.5,100.087167452,100.086835163,100.086951151,100.086618981,220.53085362,11.81553097,220.53085362,11.89013873,220.53085362,11.88107303,220.53718434,11.89030685,220.53718434,11.88192075,220.53543130,11.88895320
Tehran,35.69,51.39,1200.0,2015-12-31T23:59:59,2457388.499988426,star_cma_wezen,STAR,107.098000,-26.393000,1.83,100.087167452,100.086835163,100.086951151,100.086618981,220.31624414,15.17441847,220.31624414,15.23270910,220.31624414,15.22561431,220.32259765,15.23285848,220.32259765,15.22627809,220.32087271,15.23112726
Tehran,35.69,51.39,1200.0,2015-12-31T23:59:59,2457388.499988426,star_cma_mirzam,STAR,95.675000,-17.956000,1.98,100.087167452,100.086835163,100.086951151,100.086618981,234.30967676,14.84991135,234.30967676,14.90948449,234.30967676,14.90223445,234.31601129,14.90945650,234.31601129,14.90273365,234.31415536,14.90770322
Tehran,35.69,51.39,1200.0,2015-12-31T23:59:59,2457388.499988426,star_cmi_procyon,STAR,114.825000,5.225000,0.34,100.087167452,100.086835163,100.086951151,100.086618981,236.32729780,44.70678539,236.32729780,44.72303995,236.32729780,44.72105658,236.33521050,44.72240450,236.33521050,44.72055153,236.33324450,44.72035426
Tehran,35.69,51.39,1200.0,2015-12-31T23:59:59,2457388.499988426,star_car_canopus,STAR,95.987000,-52.695000,-0.74,100.087167452,100.086835163,100.086951151,100.086618981,210.49048913,-10.63980608,210.49048913,-10.46177085,210.49048913,-10.48459375,210.49708280,-10.64140015,210.49708280,-10.64140015,210.49509982,-10.64324876
Tehran,35.69,51.39,1200.0,2015-12-31T23:59:59,2457388.499988426,star_car_miaplacidus,STAR,138.300000,-69.720000,1.67,100.087167452,100.086835163,100.086951151,100.086618981,184.67604918,-15.91052000,184.67604918,-15.74027060,184.67604918,-15.76195024,184.68224363,-15.91329314,184.68224363,-15.91329314,184.67997922,-15.91462850
Tehran,35.69,51.39,1200.0,2015-12-31T23:59:59,2457388.499988426,star_cen_rigil_kent,STAR,219.900000,-60.833000,-0.01,100.087167452,100.086835163,100.086951151,100.086618981,150.84653384,-21.49440960,150.84653384,-21.33570270,150.84653384,-21.35572070,150.85091909,-21.49916251,150.85091909,-21.49916251,150.84829935,-21.49944520
Tehran,35.69,51.39,1200.0,2015-12-31T23:59:59,2457388.499988426,star_cen_hadar,STAR,210.956000,-60.373000,0.61,100.087167452,100.086835163,100.086951151,100.086618981,153.40927598,-17.80241756,153.40927598,-17.63569466,153.40927598,-17.65686229,153.41365978,-17.80685699,153.41365978,-17.80685699,153.41118844,-17.80722778
Tehran,35.69,51.39,1200.0,2015-12-31T23:59:59,2457388.499988426,star_lyr_vega,STAR,279.234000,38.783000,0.03,100.087167452,100.086835163,100.086951151,100.086618981,37.97096709,-1.32523526,37.97096709,-1.14038422,37.97096709,-1.16420639,37.96796241,-0.64243154,37.96796241,-0.71830873,37.96613309,-1.32885873
Tehran,35.69,51.39,1200.0,2015-12-31T23:59:59,2457388.499988426,star_cyg_deneb,STAR,310.358000,45.280000,1.25,100.087167452,100.086835163,100.086951151,100.086618981,14.68605342,-6.77765442,14.68605342,-6.59575139,14.68605342,-6.61914607,14.68329065,-6.78247367,14.68329065,-6.78247367,14.68159582,-6.78090076
Tehran,35.69,51.39,1200.0,2015-12-31T23:59:59,2457388.499988426,star_cyg_sadr,STAR,305.557000,40.260000,2.23,100.087167452,100.086835163,100.086951151,100.086618981,19.70415757,-10.38052961,19.70415757,-10.20218706,19.70415757,-10.22505537,19.70112203,-10.38539084,19.70112203,-10.38539084,19.69948027,-10.38371636
Tehran,35.69,51.39,1200.0,2015-12-31T23:59:59,2457388.499988426,star_cyg_albireo,STAR,292.680000,27.960000,3.05,100.087167452,100.086835163,100.086951151,100.086618981,35.13121008,-16.63462065,35.13121008,-16.46567463,35.13121008,-16.48716459,35.12776808,-16.63988609,35.12776808,-16.63988609,35.12610725,-16.63798257
Tehran,35.69,51.39,1200.0,2015-12-31T23:59:59,2457388.499988426,star_aql_altair,STAR,297.696000,8.868000,0.76,100.087167452,100.086835163,100.086951151,100.086618981,42.05518066,-35.30937593,42.05518066,-35.19298215,42.05518066,-35.20721152,42.05069317,-35.31445848,42.05069317,-35.31445848,42.04911375,-35.31249612
Tehran,35.69,51.39,1200.0,2015-12-31T23:59:59,2457388.499988426,star_ori_betelgeuse,STAR,88.793000,7.407000,0.5,100.087167452,100.086835163,100.086951151,100.086618981,259.51119818,26.58785673,259.51119818,26.61986952,259.51119818,26.61596575,259.51730728,26.61850462,259.51730728,26.61486503,259.51501553,26.61667027
Tehran,35.69,51.39,1200.0,2015-12-31T23:59:59,2457388.499988426,star_ori_rigel,STAR,78.634000,-8.202000,0.13,100.087167452,100.086835163,100.086951151,100.086618981,253.05100815,9.01569698,253.05100815,9.11180050,253.05100815,9.10015379,253.05674765,9.11161508,253.05674765,9.10085682,253.05479642,9.11113303
Tehran,35.69,51.39,1200.0,2015-12-31T23:59:59,2457388.499988426,star_ori_bellatrix,STAR,81.283000,6.350000,1.64,100.087167452,100.086835163,100.086951151,100.086618981,263.36725590,19.94092832,263.36725590,19.98486920,263.36725590,19.97951476,263.37288730,19.98376424,263.37288730,19.97878362,263.37067681,19.98207041
Tehran,35.69,51.39,1200.0,2015-12-31T23:59:59,2457388.499988426,star_ori_saiph,STAR,86.939000,-9.670000,2.07,100.087167452,100.086835163,100.086951151,100.086618981,246.55135482,14.39997522,246.55135482,14.46141375,246.55135482,14.45393801,246.55743774,14.46115447,246.55743774,14.45422457,246.55547396,14.45949418
Tehran,35.69,51.39,1200.0,2015-12-31T23:59:59,2457388.499988426,star_ori_alnitak,STAR,85.190000,-1.940000,1.77,100.087167452,100.086835163,100.086951151,100.086618981,253.89087347,18.02423936,253.89087347,18.07310686,253.89087347,18.06715426,253.89682780,18.07244806,253.89682780,18.06691663,253.89475192,18.07066365
Tehran,35.69,51.39,1200.0,2015-12-31T23:59:59,2457388.499988426,star_ori_alnilam,STAR,84.053000,-1.202000,1.69,100.087167452,100.086835163,100.086951151,100.086618981,255.24097651,17.59496840,255.24097651,17.64507474,255.24097651,17.63897183,255.24686604,17.64440073,255.24686604,17.63873101,255.24478228,17.64264935
Tehran,35.69,51.39,1200.0,2015-12-31T23:59:59,2457388.499988426,star_ori_mintaka,STAR,83.002000,-0.299000,2.23,100.087167452,100.086835163,100.086951151,100.086618981,256.66567431,17.32500349,256.66567431,17.37591793,256.66567431,17.36971699,256.67149898,17.37521666,256.67149898,17.36945680,256.66940495,17.37349545
Tehran,35.69,51.39,1200.0,2015-12-31T23:59:59,2457388.499988426,star_tau_aldebaran,STAR,68.980000,16.509000,0.85,100.087167452,100.086835163,100.086951151,100.086618981,279.32028209,15.71795731,279.32028209,15.77420874,279.32028209,15.76736089,279.32484115,15.77285348,279.32484115,15.76649907,279.32259174,15.77166368
Tehran,35.69,51.39,1200.0,2015-12-31T23:59:59,2457388.499988426,star_tau_elnath,STAR,81.573000,28.608000,1.65,100.087167452,100.086835163,100.086951151,100.086618981,284.37175561,31.83206613,284.37175561,31.85792569,284.37175561,31.85477136,284.37679245,31.85514411,284.37679245,31.85220008,284.37397914,31.85383955
Tehran,35.69,51.39,1200.0,2015-12-31T23:59:59,2457388.499988426,star_aur_capella,STAR,79.172000,45.998000,0.08,100.087167452,100.086835163,100.086951151,100.086618981,304.80606771,36.44462131,304.80606771,36.46638364,304.80606771,36.46372866,304.80975774,36.46244937,304.80975774,36.45996993,304.80651369,36.46176866
Tehran,35.69,51.39,1200.0,2015-12-31T23:59:59,2457388.499988426,star_umi_polaris,STAR,37.954000,89.264000,1.98,100.087167452,100.086835163,100.086951151,100.086618981,359.22376275,35.48007190,359.22376275,35.50261459,359.22376275,35.49986449,359.22244869,35.49764618,359.22244869,35.49507804,359.21946382,35.49876538
Tehran,35.69,51.39,1200.0,2015-12-31T23:59:59,2457388.499988426,star_uma_dubhe,STAR,165.932000,61.751000,1.79,100.087167452,100.086835163,100.086951151,100.086618981,15.08357007,62.42556780,15.08357007,62.43397860,15.08357007,62.43295216,15.07900938,62.42931728,15.07900938,62.42835863,15.07483383,62.43086617
Tehran,35.69,51.39,1200.0,2015-12-31T23:59:59,2457388.499988426,star_uma_merak,STAR,165.460000,56.380000,2.37,100.087167452,100.086835163,100.086951151,100.086618981,20.65256948,67.25783132,20.65256948,67.26458341,20.65256948,67.26375938,20.64608945,67.26030484,20.64608945,67.25953572,20.64171965,67.26197184
Tehran,35.69,51.39,1200.0,2015-12-31T23:59:59,2457388.499988426,star_uma_alioth,STAR,193.507000,55.960000,1.77,100.087167452,100.086835163,100.086951151,100.086618981,41.24720867,55.13543560,41.24720867,55.14665308,41.24720867,55.14528418,41.24167531,55.14303341,41.24167531,55.14175439,41.23926427,55.14494650
Tehran,35.69,51.39,1200.0,2015-12-31T23:59:59,2457388.499988426,star_uma_mizar,STAR,200.981000,54.925000,2.23,100.087167452,100.086835163,100.086951151,100.086618981,44.51114519,51.23587900,44.51114519,51.24880513,44.51114519,51.24722777,44.50606898,51.24522320,44.50606898,51.24374929,44.50387296,51.24714965
Tehran,35.69,51.39,1200.0,2015-12-31T23:59:59,2457388.499988426,star_uma_alkaid,STAR,206.885000,49.313000,1.85,100.087167452,100.086835163,100.086951151,100.086618981,53.42180065,47.88302246,53.42180065,47.89757282,53.42180065,47.89579731,53.41694109,47.89435003,53.41694109,47.89269100,53.41512714,47.89629164
Tehran,35.69,51.39,1200.0,2015-12-31T23:59:59,2457388.499988426,star_cas_schedar,STAR,10.127000,56.537000,2.24,100.087167452,100.086835163,100.086951151,100.086618981,339.59223404,8.01566965,339.59223404,8.12237265,339.59223404,8.10945988,339.59187779,8.11954370,339.59187779,8.10760563,339.58976773,8.12201439
Tehran,35.69,51.39,1200.0,2015-12-31T23:59:59,2457388.499988426,star_cas_caph,STAR,2.293000,59.150000,2.28,100.087167452,100.086835163,100.086951151,100.086618981,344.54686657,8.36254585,344.54686657,8.46534653,344.54686657,8.45289939,344.54616985,8.46230416,344.54616985,8.45080025,344.54405640,8.46473144
Tehran,35.69,51.39,1200.0,2015-12-31T23:59:59,2457388.499988426,star_per_mirfak,STAR,51.080000,49.860000,1.79,100.087167452,100.086835163,100.086951151,100.086618981,317.31356538,20.77110943,317.31356538,20.81317847,317.31356538,20.80805147,317.31542107,20.80993932,317.31542107,20.80516796,317.31282612,20.80975526
Tehran,35.69,51.39,1200.0,2015-12-31T23:59:59,2457388.499988426,star_per_algol,STAR,47.040000,40.960000,2.12,100.087167452,100.086835163,100.086951151,100.086618981,311.21860550,13.46844528,311.21860550,13.53410453,311.21860550,13.52611853,311.22067796,13.53176384,311.22067796,13.52436525,311.21836834,13.53172691
Tehran,35.69,51.39,1200.0,2015-12-31T23:59:59,2457388.499988426,star_boo_arcturus,STAR,213.915000,19.182000,-0.05,100.087167452,100.086835163,100.086951151,100.086618981,89.15560401,32.94839751,89.15560401,32.97317420,89.15560401,32.97015182,89.15294196,32.97109017,89.15294196,32.96826892,89.15186953,32.97262710
Tehran,35.69,51.39,1200.0,2015-12-31T23:59:59,2457388.499988426,star_vir_spica,STAR,201.298000,-11.161000,0.98,100.087167452,100.086835163,100.086951151,100.086618981,124.97765487,23.45154949,124.97765487,23.48841557,124.97765487,23.48392118,124.97804611,23.48729942,124.97804611,23.48311299,124.97703000,23.48787373
Tehran,35.69,51.39,1200.0,2015-12-31T23:59:59,2457388.499988426,star_sco_antares,STAR,247.352000,-26.432000,0.96,100.087167452,100.086835163,100.086951151,100.086618981,108.98743793,-19.72044329,108.98743793,-19.55769745,108.98743793,-19.57829227,108.98798575,-19.72661989,108.98798575,-19.72661989,108.98554913,-19.72551125
Tehran,35.69,51.39,1200.0,2015-12-31T23:59:59,2457388.499988426,star_sco_shaula,STAR,263.402000,-37.104000,1.62,100.087167452,100.086835163,100.086951151,100.086618981,113.05840616,-36.62799054,113.05840616,-36.51644532,113.05840616,-36.53003659,113.05976893,-36.63475774,113.05976893,-36.63475774,113.05663744,-36.63376981
Tehran,35.69,51.39,1200.0,2015-12-31T23:59:59,2457388.499988426,star_leo_regulus,STAR,152.093000,11.967000,1.36,100.087167452,100.086835163,100.086951151,100.086618981,177.98178089,66.18383732,177.98178089,66.19094706,177.98178089,66.19007939,177.98773317,66.19371618,177.98773317,66.19290645,177.98958559,66.19253715
Tehran,35.69,51.39,1200.0,2015-12-31T23:59:59,2457388.499988426,star_gem_pollux,STAR,116.329000,28.026000,1.14,100.087167452,100.086835163,100.086951151,100.086618981,265.30629571,59.54279604,265.30629571,59.55226597,265.30629571,59.55111029,265.31614137,59.54993221,265.31614137,59.54885271,265.31247083,59.54821444
Tehran,35.69,51.39,1200.0,2015-12-31T23:59:59,2457388.499988426,star_gem_castor,STAR,113.650000,31.888000,1.58,100.087167452,100.086835163,100.086951151,100.086618981,273.94976951,58.72711539,273.94976951,58.73689617,273.94976951,58.73570256,273.95884253,58.73399540,273.95884253,58.73288039,273.95483420,58.73245710
Tehran,35.69,51.39,1200.0,2015-12-31T23:59:59,2457388.499988426,star_psa_fomalhaut,STAR,344.413000,-29.622000,1.17,100.087167452,100.086835163,100.086951151,100.086618981,295.36763514,-77.34662001,295.36763514,-77.34667014,295.36763514,-77.34666453,295.36633525,-77.34173340,295.36633525,-77.34173340,295.37239199,-77.34265054
Tehran,35.69,51.39,1200.0,2015-12-31T23:59:59,2457388.499988426,star_eri_achernar,STAR,24.429000,-57.237000,0.45,100.087167452,100.086835163,100.086951151,100.086618981,221.36565532,-48.99239218,221.36565532,-48.92827389,221.36565532,-48.93584248,221.37524339,-48.99244546,221.37524339,-48.99244546,221.37295082,-48.99440333
Tehran,35.69,51.39,1200.0,2015-12-31T23:59:59,2457388.499988426,dso_m31_andromeda,GALAXY,10.684000,41.269000,3.44,100.087167452,100.086835163,100.086951151,100.086618981,331.41538984,-4.89742219,331.41538984,-4.71417612,331.41538984,-4.73776819,331.41515292,-4.90061943,331.41515292,-4.90061943,331.41348104,-4.90031728
Tehran,35.69,51.39,1200.0,2015-12-31T23:59:59,2457388.499988426,dso_lmc,GALAXY,80.894000,-69.756000,0.9,100.087167452,100.086835163,100.086951151,100.086618981,201.49713739,-26.99705690,201.49713739,-26.85303469,201.49713739,-26.87099446,201.50450842,-26.99904580,201.50450842,-26.99904580,201.50214013,-27.00075368
Tehran,35.69,51.39,1200.0,2015-12-31T23:59:59,2457388.499988426,dso_smc,GALAXY,13.187000,-72.829000,2.7,100.087167452,100.086835163,100.086951151,100.086618981,197.00782073,-47.44220624,197.00782073,-47.37222340,197.00782073,-47.38051671,197.01751348,-47.44422572,197.01751348,-47.44422572,197.01440333,-47.44584741
Tehran,35.69,51.39,1200.0,2015-12-31T23:59:59,2457388.499988426,dso_m33_triangulum,GALAXY,23.462000,30.660000,5.72,100.087167452,100.086835163,100.086951151,100.086618981,316.76364842,-7.43939997,316.76364842,-7.25805279,316.76364842,-7.28136540,316.76447543,-7.44178465,316.76447543,-7.44178465,316.76289373,-7.44199155
Tehran,35.69,51.39,1200.0,2015-12-31T23:59:59,2457388.499988426,dso_m45_pleiades,STAR_CLUSTER,56.871000,24.105000,1.6,100.087167452,100.086835163,100.086951151,100.086618981,292.28201131,10.50582574,292.28201131,10.58926659,292.28201131,10.57913809,292.28546040,10.58784352,292.28546040,10.57848189,292.28330008,10.58770653
Tehran,35.69,51.39,1200.0,2015-12-31T23:59:59,2457388.499988426,dso_hyades,STAR_CLUSTER,66.750000,15.870000,0.5,100.087167452,100.086835163,100.086951151,100.086618981,279.99475938,13.58036514,279.99475938,13.64548957,279.99475938,13.63756820,279.99919255,13.64428088,279.99919255,13.63694210,279.99699711,13.64327989
Tehran,35.69,51.39,1200.0,2015-12-31T23:59:59,2457388.499988426,dso_m44_beehive,STAR_CLUSTER,130.100000,19.670000,3.7,100.087167452,100.086835163,100.086951151,100.086618981,234.76536129,65.41809490,234.76536129,65.42546325,234.76536129,65.42456401,234.77758575,65.42537528,234.77758575,65.42453590,234.77558732,65.42335312
Tehran,35.69,51.39,1200.0,2015-12-31T23:59:59,2457388.499988426,dso_double_cluster,STAR_CLUSTER,34.740000,57.130000,3.7,100.087167452,100.086835163,100.086951151,100.086618981,329.50540546,17.12812802,329.50540546,17.17964658,329.50540546,17.17337237,329.50612323,17.17635098,329.50612323,17.17052286,329.50367123,17.17669251
Tehran,35.69,51.39,1200.0,2015-12-31T23:59:59,2457388.499988426,dso_coma_cluster,STAR_CLUSTER,185.600000,26.100000,1.8,100.087167452,100.086835163,100.086951151,100.086618981,98.62535192,59.16648397,98.62535192,59.17609666,98.62535192,59.17492356,98.61994164,59.17637834,98.61994164,59.17528265,98.62050327,59.17773036
Tehran,35.69,51.39,1200.0,2015-12-31T23:59:59,2457388.499988426,dso_omega_centauri,GLOBULAR_CLUSTER,201.700000,-47.470000,3.9,100.087167452,100.086835163,100.086951151,100.086618981,148.51313928,-4.67434861,148.51313928,-4.49096620,148.51313928,-4.51457819,148.51653066,-4.67818366,148.51653066,-4.67818366,148.51452697,-4.67838561
Tehran,35.69,51.39,1200.0,2015-12-31T23:59:59,2457388.499988426,dso_47_tucanae,GLOBULAR_CLUSTER,6.020000,-72.080000,4.1,100.087167452,100.086835163,100.086951151,100.086618981,195.74463907,-49.56864967,195.74463907,-49.50668306,195.74463907,-49.51398710,195.75471035,-49.57072210,195.75471035,-49.57072210,195.75146001,-49.57231772
Tehran,35.69,51.39,1200.0,2015-12-31T23:59:59,2457388.499988426,dso_m13_hercules,GLOBULAR_CLUSTER,250.420000,36.460000,5.8,100.087167452,100.086835163,100.086951151,100.086618981,54.99637146,14.08375304,54.99637146,14.14656747,54.99637146,14.13892533,54.99344658,14.14272777,54.99344658,14.13564358,54.99162540,14.14501193
Tehran,35.69,51.39,1200.0,2015-12-31T23:59:59,2457388.499988426,dso_m42_orion_nebula,NEBULA,83.822000,-5.391000,4.0,100.087167452,100.086835163,100.086951151,100.086618981,251.99028373,14.79152587,251.99028373,14.85133522,251.99028373,14.84405659,251.99620444,14.85092089,251.99620444,14.84417165,251.99418923,14.84928286
Tehran,35.69,51.39,1200.0,2015-12-31T23:59:59,2457388.499988426,dso_m8_lagoon,NEBULA,270.920000,-24.380000,6.0,100.087167452,100.086835163,100.086951151,100.086618981,95.20345202,-37.38067785,95.20345202,-37.27194148,95.20345202,-37.28516515,95.20281131,-37.38758498,95.20281131,-37.38758498,95.19993946,-37.38611253
Tehran,35.69,51.39,1200.0,2015-12-31T23:59:59,2457388.499988426,dso_eta_carinae_nebula,NEBULA,161.260000,-59.870000,1.0,100.087167452,100.086835163,100.086951151,100.086618981,175.00970613,-5.99307277,175.00970613,-5.81056702,175.00970613,-5.83405049,175.01495672,-5.99588866,175.01495672,-5.99588866,175.01293832,-5.99695575
Tromso,69.65,18.96,10.0,2015-12-31T23:59:59,2457388.499988426,star_cma_sirius,STAR,101.287000,-16.716000,-1.46,100.087167452,100.086835163,100.086951151,100.086618981,196.82753811,2.72143379,196.82753811,2.90662648,196.82753811,2.90130978,196.83329597,2.96117001,196.83329597,2.96094221,196.83304434,2.97562719
Tromso,69.65,18.96,10.0,2015-12-31T23:59:59,2457388.499988426,star_cma_adhara,STAR,104.656000,-28.972000,1.5,100.087167452,100.086835163,100.086951151,100.086618981,192.57674117,-9.18835718,192.57674117,-9.00869066,192.57674117,-9.01373086,192.58273632,-9.18618262,192.58273632,-9.18618262,192.58231697,-9.18874835
Tromso,69.65,18.96,10.0,2015-12-31T23:59:59,2457388.499988426,star_cma_wezen,STAR,107.098000,-26.393000,1.83,100.087167452,100.086835163,100.086951151,100.086618981,190.60203610,-6.44990242,190.60203610,-6.26774021,190.60203610,-6.27291715,190.60792338,-6.44775432,190.60792338,-6.44775432,190.60753525,-6.45028941
Tromso,69.65,18.96,10.0,2015-12-31T23:59:59,2457388.499988426,star_cma_mirzam,STAR,95.675000,-17.956000,1.98,100.087167452,100.086835163,100.086951151,100.086618981,202.00035692,0.84992190,202.00035692,1.03515100,202.00035692,1.02982154,202.00614461,1.22428582,202.00614461,1.22392887,202.00586809,1.27535676
Tromso,69.65,18.96,10.0,2015-12-31T23:59:59,2457388.499988426,star_cmi_procyon,STAR,114.825000,5.225000,0.34,100.087167452,100.086835163,100.086951151,100.086618981,184.41844861,25.48083456,184.41844861,25.51443569,184.41844861,25.51395257,184.42397490,25.51828311,184.42397490,25.51824987,184.42426447,25.51581825
Tromso,69.65,18.96,10.0,2015-12-31T23:59:59,2457388.499988426,star_car_canopus,STAR,95.987000,-52.695000,-0.74,100.087167452,100.086835163,100.086951151,100.086618981,196.46535335,-33.49712713,196.46535335,-33.37424375,196.46535335,-33.37690192,196.47286646,-33.49491538,196.47286646,-33.49491538,196.47214100,-33.49753253
Tromso,69.65,18.96,10.0,2015-12-31T23:59:59,2457388.499988426,star_car_miaplacidus,STAR,138.300000,-69.720000,1.67,100.087167452,100.086835163,100.086951151,100.086618981,169.74982807,-50.03457096,169.74982807,-49.97433102,169.74982807,-49.97536758,169.75998188,-50.03501511,169.75998188,-50.03501511,169.75758215,-50.03705214
Tromso,69.65,18.96,10.0,2015-12-31T23:59:59,2457388.499988426,star_cen_rigil_kent,STAR,219.900000,-60.833000,-0.01,100.087167452,100.086835163,100.086951151,100.086618981,114.31188071,-58.42233692,114.31188071,-58.39028277,114.31188071,-58.39078067,114.31720126,-58.42792105,114.31720126,-58.42792105,114.31255113,-58.42761533
Tromso,69.65,18.96,10.0,2015-12-31T23:59:59,2457388.499988426,star_cen_hadar,STAR,210.956000,-60.373000,0.61,100.087167452,100.086835163,100.086951151,100.086618981,120.01750307,-55.29995529,120.01750307,-55.25816586,120.01750307,-55.25883895,120.02331083,-55.30504478,120.02331083,-55.30504478,120.01912661,-55.30500744
Tromso,69.65,18.96,10.0,2015-12-31T23:59:59,2457388.499988426,star_lyr_vega,STAR,279.234000,38.783000,0.03,100.087167452,100.086835163,100.086951151,100.086618981,16.16167787,19.40922210,16.16167787,19.45443939,16.16167787,19.45378595,16.15583351,19.45263031,16.15583351,19.45258570,16.15531004,19.45526916
Tromso,69.65,18.96,10.0,2015-12-31T23:59:59,2457388.499988426,star_cyg_deneb,STAR,310.358000,45.280000,1.25,100.087167452,100.086835163,100.086951151,100.086618981,351.12797652,25.29906189,351.12797652,25.33293591,351.12797652,25.33244881,351.12324469,25.33047566,351.12324469,25.33044214,351.12214667,25.33250356
Tromso,69.65,18.96,10.0,2015-12-31T23:59:59,2457388.499988426,star_cyg_sadr,STAR,305.557000,40.260000,2.23,100.087167452,100.086835163,100.086951151,100.086618981,354.60712591,20.07409947,354.60712591,20.11773045,354.60712591,20.11710042,354.60218217,20.11567959,354.60218217,20.11563653,354.60131640,20.11787086
Tromso,69.65,18.96,10.0,2015-12-31T23:59:59,2457388.499988426,star_cyg_albireo,STAR,292.680000,27.960000,3.05,100.087167452,100.086835163,100.086951151,100.086618981,5.53295683,7.75142658,5.53295683,7.86128012,5.53295683,7.85958604,5.52745525,7.85995265,5.52745525,7.85984567,5.52701557,7.86443587
Tromso,69.65,18.96,10.0,2015-12-31T23:59:59,2457388.499988426,star_aql_altair,STAR,297.696000,8.868000,0.76,100.087167452,100.086835163,100.086951151,100.086618981,1.17308297,-11.43409421,1.17308297,-11.25704391,1.17308297,-11.26194252,1.16715529,-11.43636823,1.16715529,-11.43636823,1.16714291,-11.43402052
Tromso,69.65,18.96,10.0,2015-12-31T23:59:59,2457388.499988426,star_ori_betelgeuse,STAR,88.793000,7.407000,0.5,100.087167452,100.086835163,100.086951151,100.086618981,213.14188737,24.79703889,213.14188737,24.83168552,213.14188737,24.83118717,213.14807936,24.83470389,213.14807936,24.83466963,213.14774586,24.83196497
Tromso,69.65,18.96,10.0,2015-12-31T23:59:59,2457388.499988426,star_ori_rigel,STAR,78.634000,-8.202000,0.13,100.087167452,100.086835163,100.086951151,100.086618981,220.12755560,7.42993209,220.12755560,7.54384170,220.12755560,7.54207276,220.13308029,7.54768534,220.13308029,7.54757446,220.13274058,7.54736579
Tromso,69.65,18.96,10.0,2015-12-31T23:59:59,2457388.499988426,star_ori_bellatrix,STAR,81.283000,6.350000,1.64,100.087167452,100.086835163,100.086951151,100.086618981,220.85313940,22.20369169,220.85313940,22.24283591,220.85313940,22.24227184,220.85911871,22.24569633,220.85911871,22.24565766,220.85864372,22.24302292
Tromso,69.65,18.96,10.0,2015-12-31T23:59:59,2457388.499988426,star_ori_saiph,STAR,86.939000,-9.670000,2.07,100.087167452,100.086835163,100.086951151,100.086618981,211.72377783,7.67368007,211.72377783,7.78449145,211.72377783,7.78277986,211.72948856,7.78839283,211.72948856,7.78828497,211.72920008,7.78785200
Tromso,69.65,18.96,10.0,2015-12-31T23:59:59,2457388.499988426,star_ori_alnitak,STAR,85.190000,-1.940000,1.77,100.087167452,100.086835163,100.086951151,100.086618981,214.96985713,14.93051092,214.96985713,14.98976076,214.96985713,14.98889734,214.97566116,14.99327136,214.97566116,14.99321316,214.97532622,14.99081651
Tromso,69.65,18.96,10.0,2015-12-31T23:59:59,2457388.499988426,star_ori_alnilam,STAR,84.053000,-1.202000,1.69,100.087167452,100.086835163,100.086951151,100.086618981,216.27726071,15.42487380,216.27726071,15.48220842,216.27726071,15.48137399,216.28305898,15.48565849,216.28305898,15.48560213,216.28270527,15.48317439
Tromso,69.65,18.96,10.0,2015-12-31T23:59:59,2457388.499988426,star_ori_mintaka,STAR,83.002000,-0.299000,2.23,100.087167452,100.086835163,100.086951151,100.086618981,217.54005155,16.09037335,217.54005155,16.14530075,217.54005155,16.14450260,217.54584878,16.14867720,217.54584878,16.14862317,217.54547477,16.14615942
Tromso,69.65,18.96,10.0,2015-12-31T23:59:59,2457388.499988426,star_tau_aldebaran,STAR,68.980000,16.509000,0.85,100.087167452,100.086835163,100.086951151,100.086618981,236.72356649,28.81128535,236.72356649,28.84044421,236.72356649,28.84002560,236.72944987,28.84201570,236.72944987,28.84198682,236.72851788,28.83952654
Tromso,69.65,18.96,10.0,2015-12-31T23:59:59,2457388.499988426,star_tau_elnath,STAR,81.573000,28.608000,1.65,100.087167452,100.086835163,100.086951151,100.086618981,227.36015607,43.80370463,227.36015607,43.82047839,227.36015607,43.82023831,227.36789182,43.82169977,227.36789182,43.82168312,227.36687101,43.81905219
Tromso,69.65,18.96,10.0,2015-12-31T23:59:59,2457388.499988426,star_aur_capella,STAR,79.172000,45.998000,0.08,100.087167452,100.086835163,100.086951151,100.086618981,240.36188318,59.40160411,240.36188318,59.41112747,240.36188318,59.41099130,240.37262913,59.41056576,240.37262913,59.41055631,240.37009325,59.40818045
Tromso,69.65,18.96,10.0,2015-12-31T23:59:59,2457388.499988426,star_umi_polaris,STAR,37.954000,89.264000,1.98,100.087167452,100.086835163,100.086951151,100.086618981,358.13200370,69.80406998,358.13200370,69.80999563,358.13200370,69.80991093,358.12087164,69.80580591,358.12087164,69.80580004,358.11662296,69.80805771
Tromso,69.65,18.96,10.0,2015-12-31T23:59:59,2457388.499988426,star_uma_dubhe,STAR,165.932000,61.751000,1.79,100.087167452,100.086835163,100.086951151,100.086618981,89.46310994,69.63918737,89.46310994,69.64516569,89.46310994,69.64508024,89.45108815,69.64875345,89.45108815,69.64874753,89.45702244,69.65013775
Tromso,69.65,18.96,10.0,2015-12-31T23:59:59,2457388.499988426,star_uma_merak,STAR,165.460000,56.380000,2.37,100.087167452,100.086835163,100.086951151,100.086618981,99.55317551,65.84081185,99.55317551,65.84803706,99.55317551,65.84793377,99.54495535,65.85218923,99.54495535,65.85218206,99.55028598,65.85314194
Tromso,69.65,18.96,10.0,2015-12-31T23:59:59,2457388.499988426,star_uma_alioth,STAR,193.507000,55.960000,1.77,100.087167452,100.086835163,100.086951151,100.086618981,74.65951800,55.87486502,74.65951800,55.88577698,74.65951800,55.88562094,74.65086563,55.88776909,74.65086563,55.88775826,74.65334412,55.88967483
Tromso,69.65,18.96,10.0,2015-12-31T23:59:59,2457388.499988426,star_uma_mizar,STAR,200.981000,54.925000,2.23,100.087167452,100.086835163,100.086951151,100.086618981,69.79087373,52.56763950,69.79087373,52.57996240,69.79087373,52.57978615,69.78259049,52.58144411,69.78259049,52.58143188,69.78452748,52.58349640
Tromso,69.65,18.96,10.0,2015-12-31T23:59:59,2457388.499988426,star_uma_alkaid,STAR,206.885000,49.313000,1.85,100.087167452,100.086835163,100.086951151,100.086618981,69.66215834,45.89269928,69.66215834,45.90829639,69.66215834,45.90807320,69.65509151,45.90951444,69.65509151,45.90949896,69.65655681,45.91156035
Tromso,69.65,18.96,10.0,2015-12-31T23:59:59,2457388.499988426,star_cas_schedar,STAR,10.127000,56.537000,2.24,100.087167452,100.086835163,100.086951151,100.086618981,311.16869741,46.19595852,311.16869741,46.21139170,311.16869741,46.21117087,311.16854320,46.20747216,311.16854320,46.20745684,311.16549029,46.20790091
Tromso,69.65,18.96,10.0,2015-12-31T23:59:59,2457388.499988426,star_cas_caph,STAR,2.293000,59.150000,2.28,100.087167452,100.086835163,100.086951151,100.086618981,318.27716436,46.57302425,318.27716436,46.58825591,318.27716436,46.58803796,318.27601101,46.58418490,318.27601101,46.58416978,318.27300638,46.58493909
Tromso,69.65,18.96,10.0,2015-12-31T23:59:59,2457388.499988426,star_per_mirfak,STAR,51.080000,49.860000,1.79,100.087167452,100.086835163,100.086951151,100.086618981,273.52702883,53.36216521,273.52702883,53.37413831,273.52702883,53.37396707,273.53299404,53.37132977,273.53299404,53.37131788,273.52948356,53.37004638
Tromso,69.65,18.96,10.0,2015-12-31T23:59:59,2457388.499988426,star_per_algol,STAR,47.040000,40.960000,2.12,100.087167452,100.086835163,100.086951151,100.086618981,270.52712554,44.23349080,270.52712554,44.25001539,270.52712554,44.24977889,270.53206887,44.24809634,270.53206887,44.24807994,270.52951533,44.24667576
Tromso,69.65,18.96,10.0,2015-12-31T23:59:59,2457388.499988426,star_boo_arcturus,STAR,213.915000,19.182000,-0.05,100.087167452,100.086835163,100.086951151,100.086618981,78.47911845,16.13953233,78.47911845,16.19428915,78.47911845,16.19349357,78.47539336,16.19473785,78.47539336,16.19468398,78.47568854,16.19670360
Tromso,69.65,18.96,10.0,2015-12-31T23:59:59,2457388.499988426,star_vir_spica,STAR,201.298000,-11.161000,0.98,100.087167452,100.086835163,100.086951151,100.086618981,100.96805132,-7.93438782,100.96805132,-7.75348502,100.96805132,-7.75859290,100.96748849,-7.93659639,100.96748849,-7.93659639,100.96685162,-7.93567931
Tromso,69.65,18.96,10.0,2015-12-31T23:59:59,2457388.499988426,star_sco_antares,STAR,247.352000,-26.432000,0.96,100.087167452,100.086835163,100.086951151,100.086618981,62.26969778,-37.71935215,62.26969778,-37.61188837,62.26969778,-37.61407940,62.26527069,-37.72446270,62.26527069,-37.72446270,62.26389775,-37.72215825
Tromso,69.65,18.96,10.0,2015-12-31T23:59:59,2457388.499988426,star_sco_shaula,STAR,263.402000,-37.104000,1.62,100.087167452,100.086835163,100.086951151,100.086618981,49.11187315,-52.35484783,49.11187315,-52.30300385,49.11187315,-52.30386973,49.10447560,-52.35998161,49.10447560,-52.35998161,49.10309373,-52.35741676
Tromso,69.65,18.96,10.0,2015-12-31T23:59:59,2457388.499988426,star_leo_regulus,STAR,152.093000,11.967000,1.36,100.087167452,100.086835163,100.086951151,100.086618981,142.34436484,28.53212522,142.34436484,28.56162034,142.34436484,28.56119685,142.34645565,28.56549129,142.34645565,28.56546209,142.34753928,28.56443928
Tromso,69.65,18.96,10.0,2015-12-31T23:59:59,2457388.499988426,star_gem_pollux,STAR,116.329000,28.026000,1.14,100.087167452,100.086835163,100.086951151,100.086618981,183.27388234,48.30830217,183.27388234,48.32263735,183.27388234,48.32243226,183.28061896,48.32655837,183.28061896,48.32654414,183.28173830,48.32411082
Tromso,69.65,18.96,10.0,2015-12-31T23:59:59,2457388.499988426,star_gem_castor,STAR,113.650000,31.888000,1.58,100.087167452,100.086835163,100.086951151,100.086618981,187.10851260,52.08782790,187.10851260,52.10036563,187.10851260,52.10018630,187.11607669,52.10410612,187.11607669,52.10409368,187.11718809,52.10158603
Tromso,69.65,18.96,10.0,2015-12-31T23:59:59,2457388.499988426,star_psa_fomalhaut,STAR,344.413000,-29.622000,1.17,100.087167452,100.086835163,100.086951151,100.086618981,302.73650817,-42.37653412,302.73650817,-42.28695383,302.73650817,-42.28866436,302.73220709,-42.37286488,302.73220709,-42.37286488,302.73438734,-42.37277437
Tromso,69.65,18.96,10.0,2015-12-31T23:59:59,2457388.499988426,star_eri_achernar,STAR,24.429000,-57.237000,0.45,100.087167452,100.086835163,100.086951151,100.086618981,244.96024068,-53.36655838,244.96024068,-53.31825255,244.96024068,-53.31904919,244.96519629,-53.36103663,244.96519629,-53.36103663,244.96695282,-53.36327209
Tromso,69.65,18.96,10.0,2015-12-31T23:59:59,2457388.499988426,dso_m31_andromeda,GALAXY,10.684000,41.269000,3.44,100.087167452,100.086835163,100.086951151,100.086618981,302.18443028,32.56581792,302.18443028,32.59095838,302.18443028,32.59059787,302.18474255,32.58857983,302.18474255,32.58855491,302.18273530,32.58857664
Tromso,69.65,18.96,10.0,2015-12-31T23:59:59,2457388.499988426,dso_lmc,GALAXY,80.894000,-69.756000,0.9,100.087167452,100.086835163,100.086951151,100.086618981,200.20188043,-51.71820831,200.20188043,-51.66409737,200.20188043,-51.66500845,200.21211434,-51.71566462,200.21211434,-51.71566462,200.21120201,-51.71831983
Tromso,69.65,18.96,10.0,2015-12-31T23:59:59,2457388.499988426,dso_smc,GALAXY,13.187000,-72.829000,2.7,100.087167452,100.086835163,100.086951151,100.086618981,228.03230475,-67.42280786,228.03230475,-67.41206823,228.03230475,-67.41222080,228.04404983,-67.41768147,228.04404983,-67.41768147,228.04569138,-67.42026155
Tromso,69.65,18.96,10.0,2015-12-31T23:59:59,2457388.499988426,dso_m33_triangulum,GALAXY,23.462000,30.660000,5.72,100.087167452,100.086835163,100.086951151,100.086618981,286.46981791,26.83244789,286.46981791,26.86412583,286.46981791,26.86367067,286.47154691,26.86309180,286.47154691,26.86306044,286.46994052,26.86236785
Tromso,69.65,18.96,10.0,2015-12-31T23:59:59,2457388.499988426,dso_m45_pleiades,STAR_CLUSTER,56.871000,24.105000,1.6,100.087167452,100.086835163,100.086951151,100.086618981,252.08815868,32.20337492,252.08815868,32.22886698,252.08815868,32.22850140,252.09343694,32.22920967,252.09343694,32.22918440,252.09203192,32.22711414
Tromso,69.65,18.96,10.0,2015-12-31T23:59:59,2457388.499988426,dso_hyades,STAR_CLUSTER,66.750000,15.870000,0.5,100.087167452,100.086835163,100.086951151,100.086618981,238.81660892,27.54970490,238.81660892,27.58043205,238.81660892,27.57999069,238.82230199,27.58198898,238.82230199,27.58195856,238.82135759,27.57954862
Tromso,69.65,18.96,10.0,2015-12-31T23:59:59,2457388.499988426,dso_m44_beehive,STAR_CLUSTER,130.100000,19.670000,3.7,100.087167452,100.086835163,100.086951151,100.086618981,166.17895938,39.48718743,166.17895938,39.50670153,166.17895938,39.50642208,166.18349199,39.51103550,166.18349199,39.51101614,166.18477313,39.50904949
Tromso,69.65,18.96,10.0,2015-12-31T23:59:59,2457388.499988426,dso_double_cluster,STAR_CLUSTER,34.740000,57.130000,3.7,100.087167452,100.086835163,100.086951151,100.086618981,293.95984534,53.88063427,293.95984534,53.89238296,293.95984534,53.89221493,293.96291086,53.88843231,293.96291086,53.88842064,293.95895344,53.88806520
Tromso,69.65,18.96,10.0,2015-12-31T23:59:59,2457388.499988426,dso_coma_cluster,STAR_CLUSTER,185.600000,26.100000,1.8,100.087167452,100.086835163,100.086951151,100.086618981,102.30339551,32.31003373,102.30339551,32.33542160,102.30339551,32.33505753,102.30083801,32.33801741,102.30083801,32.33799225,102.30217546,32.33880663
Tromso,69.65,18.96,10.0,2015-12-31T23:59:59,2457388.499988426,dso_omega_centauri,GLOBULAR_CLUSTER,201.700000,-47.470000,3.9,100.087167452,100.086835163,100.086951151,100.086618981,116.56282888,-41.51017460,116.56282888,-41.41723096,116.56282888,-41.41902739,116.56617017,-41.51460946,116.56617017,-41.51460946,116.56350294,-41.51440934
Tromso,69.65,18.96,10.0,2015-12-31T23:59:59,2457388.499988426,dso_47_tucanae,GLOBULAR_CLUSTER,6.020000,-72.080000,4.1,100.087167452,100.086835163,100.086951151,100.086618981,232.54620850,-68.97729021,232.54620850,-68.96910851,232.54620850,-68.96922327,232.55756450,-68.97182058,232.55756450,-68.97182058,232.55988534,-68.97432967
Tromso,69.65,18.96,10.0,2015-12-31T23:59:59,2457388.499988426,dso_m13_hercules,GLOBULAR_CLUSTER,250.420000,36.460000,5.8,100.087167452,100.086835163,100.086951151,100.086618981,40.45952332,21.79943572,40.45952332,21.83936935,40.45952332,21.83879370,40.45353923,21.83823218,40.45353923,21.83819273,40.45343749,21.84087674
Tromso,69.65,18.96,10.0,2015-12-31T23:59:59,2457388.499988426,dso_m42_orion_nebula,NEBULA,83.822000,-5.391000,4.0,100.087167452,100.086835163,100.086951151,100.086618981,215.63491277,11.27621306,215.63491277,11.35424086,215.63491277,11.35308600,215.64061752,11.35787829,215.64061752,11.35780202,215.64028953,11.35589189
Tromso,69.65,18.96,10.0,2015-12-31T23:59:59,2457388.499988426,dso_m8_lagoon,NEBULA,270.920000,-24.380000,6.0,100.087167452,100.086835163,100.086951151,100.086618981,34.87499728,-41.83023278,34.87499728,-41.73853067,34.87499728,-41.74029517,34.86746050,-41.83425981,34.86746050,-41.83425981,34.86700690,-41.83156525
Tromso,69.65,18.96,10.0,2015-12-31T23:59:59,2457388.499988426,dso_eta_carinae_nebula,NEBULA,161.260000,-59.870000,1.0,100.087167452,100.086835163,100.086951151,100.086618981,152.48085076,-43.07348634,152.48085076,-42.98661598,152.48085076,-42.98825870,152.48852746,-43.07531525,152.48852746,-43.07531525,152.48609528,-43.07673368
CapeTown,-33.93,18.42,25.0,2026-07-15T02:30:00,2461236.604166667,star_cma_sirius,STAR,101.287000,-16.716000,-1.46,330.464800514,330.464763424,330.467131930,330.467094516,116.74546969,-8.37970852,116.74546969,-8.19922655,116.74546969,-8.20455033,116.75027271,-8.38062556,116.75027271,-8.38062556,116.74997584,-8.38321906
CapeTown,-33.93,18.42,25.0,2026-07-15T02:30:00,2461236.604166667,star_cma_adhara,STAR,104.656000,-28.972000,1.5,330.464800514,330.464763424,330.467131930,330.467094516,128.11423799,-2.73492640,128.11423799,-2.55056194,128.11423799,-2.55610010,128.11932156,-2.73614926,128.11932156,-2.73614926,128.11885211,-2.73830533
CapeTown,-33.93,18.42,25.0,2026-07-15T02:30:00,2461236.604166667,star_cma_wezen,STAR,107.098000,-26.393000,1.83,330.464800514,330.464763424,330.467131930,330.467094516,127.66915593,-6.07094966,127.66915593,-5.88850102,127.66915593,-5.89393503,127.67411696,-6.07216115,127.67411696,-6.07216115,127.67378830,-6.07433606
CapeTown,-33.93,18.42,25.0,2026-07-15T02:30:00,2461236.604166667,star_cma_mirzam,STAR,95.675000,-17.956000,1.98,330.464800514,330.464763424,330.467131930,330.467094516,114.36818599,-3.41552555,114.36818599,-3.23146433,114.36818599,-3.23698668,114.37307310,-3.41630168,114.37307310,-3.41630168,114.37259788,-3.41897429
CapeTown,-33.93,18.42,25.0,2026-07-15T02:30:00,2461236.604166667,star_cmi_procyon,STAR,114.825000,5.225000,0.34,330.464800514,330.464763424,330.467131930,330.467094516,107.57729778,-32.63660113,107.57729778,-32.51071617,107.57729778,-32.51363941,107.58189589,-32.63758112,107.58189589,-32.63758112,107.58228530,-32.64045392
CapeTown,-33.93,18.42,25.0,2026-07-15T02:30:00,2461236.604166667,star_car_canopus,STAR,95.987000,-52.695000,-0.74,330.464800514,330.464763424,330.467131930,330.467094516,142.72490772,17.16187154,142.72490772,17.21328565,142.72490772,17.21246757,142.73113893,17.21264829,142.73113893,17.21252178,142.72965805,17.21128507
CapeTown,-33.93,18.42,25.0,2026-07-15T02:30:00,2461236.604166667,star_car_miaplacidus,STAR,138.300000,-69.720000,1.67,330.464800514,330.464763424,330.467131930,330.467094516,169.49515964,16.11397963,169.49515964,16.16882500,169.49515964,16.16795072,169.50053748,16.16623225,169.50053748,16.16609741,169.49901261,16.16637770
CapeTown,-33.93,18.42,25.0,2026-07-15T02:30:00,2461236.604166667,star_cen_rigil_kent,STAR,219.900000,-60.833000,-0.01,330.464800514,330.464763424,330.467131930,330.467094516,203.03630445,13.72944427,203.03630445,13.79386859,203.03630445,13.79283555,203.03920548,13.78925297,203.03920548,13.78909497,203.03795662,13.79136530
CapeTown,-33.93,18.42,25.0,2026-07-15T02:30:00,2461236.604166667,star_cen_hadar,STAR,210.956000,-60.373000,0.61,330.464800514,330.464763424,330.467131930,330.467094516,199.80047069,10.65430183,199.80047069,10.73664679,199.80047069,10.73530734,199.80345931,10.73243217,199.80345931,10.73223110,199.80234481,10.73488191
CapeTown,-33.93,18.42,25.0,2026-07-15T02:30:00,2461236.604166667,star_lyr_vega,STAR,279.234000,38.783000,0.03,330.464800514,330.464763424,330.467131930,330.467094516,312.68536271,-7.03913781,312.68536271,-6.85744920,312.68536271,-6.86284068,312.68185342,-7.04451682,312.68185342,-7.04451682,312.68094669,-7.04256116
CapeTown,-33.93,18.42,25.0,2026-07-15T02:30:00,2461236.604166667,star_cyg_deneb,STAR,310.358000,45.280000,1.25,330.464800514,330.464763424,330.467131930,330.467094516,334.14321226,3.45019283,334.14321226,3.63407124,334.14321226,3.62975496,334.13954589,3.65203458,334.13954589,3.65154050,334.13914876,3.66452754
CapeTown,-33.93,18.42,25.0,2026-07-15T02:30:00,2461236.604166667,star_cyg_sadr,STAR,305.557000,40.260000,2.23,330.464800514,330.464763424,330.467131930,330.467094516,328.44860412,5.76814713,328.44860412,5.90757962,328.44860412,5.90509460,328.44466025,5.90609442,328.44466025,5.90575290,328.44438042,5.91149014
CapeTown,-33.93,18.42,25.0,2026-07-15T02:30:00,2461236.604166667,star_cyg_albireo,STAR,292.680000,27.960000,3.05,330.464800514,330.464763424,330.467131930,330.467094516,312.31488417,8.51884990,312.31488417,8.61997364,312.31488417,8.61829438,312.31065386,8.61615347,312.31065386,8.61590726,312.31045502,8.61971354
CapeTown,-33.93,18.42,25.0,2026-07-15T02:30:00,2461236.604166667,star_aql_altair,STAR,297.696000,8.868000,0.76,330.464800514,330.464763424,330.467131930,330.467094516,301.89852359,25.50736656,301.89852359,25.54092817,301.89852359,25.54039812,301.89328987,25.53610991,301.89328987,25.53602692,301.89374662,25.53846467
CapeTown,-33.93,18.42,25.0,2026-07-15T02:30:00,2461236.604166667,star_ori_betelgeuse,STAR,88.793000,7.407000,0.5,330.464800514,330.464763424,330.467131930,330.467094516,89.50490161,-12.62652593,89.50490161,-12.45107835,89.50490161,-12.45612444,89.50887895,-12.62729519,89.50887895,-12.62729519,89.50841778,-12.63049861
CapeTown,-33.93,18.42,25.0,2026-07-15T02:30:00,2461236.604166667,star_ori_rigel,STAR,78.634000,-8.202000,0.13,330.464800514,330.464763424,330.467131930,330.467094516,96.82776604,4.49713849,96.82776604,4.66151832,96.82776604,4.65830974,96.83222441,4.66894899,96.83222441,4.66853687,96.83156313,4.67309385
CapeTown,-33.93,18.42,25.0,2026-07-15T02:30:00,2461236.604166667,star_ori_bellatrix,STAR,81.283000,6.350000,1.64,330.464800514,330.464763424,330.467131930,330.467094516,86.22408333,-5.82749327,86.22408333,-5.64486809,86.22408333,-5.65031194,86.22789743,-5.82796296,86.22789743,-5.82796296,86.22734961,-5.83119297
CapeTown,-33.93,18.42,25.0,2026-07-15T02:30:00,2461236.604166667,star_ori_saiph,STAR,86.939000,-9.670000,2.07,330.464800514,330.464763424,330.467131930,330.467094516,102.66934683,-1.45111928,102.66934683,-1.26630396,102.66934683,-1.27186420,102.67393669,-0.74765063,102.67393669,-0.74933851,102.67338314,-1.45455271
CapeTown,-33.93,18.42,25.0,2026-07-15T02:30:00,2461236.604166667,star_ori_alnitak,STAR,85.190000,-1.940000,1.77,330.464800514,330.464763424,330.467131930,330.467094516,95.31339197,-4.42013948,95.31339197,-4.23660760,95.31339197,-4.24210149,95.31764121,-4.42058983,95.31764121,-4.42058983,95.31712328,-4.42372051
CapeTown,-33.93,18.42,25.0,2026-07-15T02:30:00,2461236.604166667,star_ori_alnilam,STAR,84.053000,-1.202000,1.69,330.464800514,330.464763424,330.467131930,330.467094516,94.05970538,-3.89782516,94.05970538,-3.71400587,94.05970538,-3.71951532,94.06390461,-3.89824073,94.06390461,-3.89824073,94.06337396,-3.90138987
CapeTown,-33.93,18.42,25.0,2026-07-15T02:30:00,2461236.604166667,star_ori_mintaka,STAR,83.002000,-0.299000,2.23,330.464800514,330.464763424,330.467131930,330.467094516,92.71926756,-3.53670319,92.71926756,-3.35270064,92.71926756,-3.35821989,92.72340877,-3.53709043,92.72340877,-3.53709043,92.72286842,-3.54025762
CapeTown,-33.93,18.42,25.0,2026-07-15T02:30:00,2461236.604166667,star_tau_aldebaran,STAR,68.980000,16.509000,0.85,330.464800514,330.464763424,330.467131930,330.467094516,71.02092932,-1.57477505,71.02092932,-1.38999628,71.02092932,-1.39555484,71.02381875,-1.57506553,71.02381875,-1.57506553,71.02321951,-1.57828004
CapeTown,-33.93,18.42,25.0,2026-07-15T02:30:00,2461236.604166667,star_tau_elnath,STAR,81.573000,28.608000,1.65,330.464800514,330.464763424,330.467131930,330.467094516,67.05383228,-17.87127772,67.05383228,-17.70469059,67.05383228,-17.70927904,67.05676743,-17.87259560,67.05676743,-17.87259560,67.05595286,-17.87576863
CapeTown,-33.93,18.42,25.0,2026-07-15T02:30:00,2461236.604166667,star_aur_capella,STAR,79.172000,45.998000,0.08,330.464800514,330.464763424,330.467131930,330.467094516,49.55098989,-24.17045399,49.55098989,-24.01848872,49.55098989,-24.02240685,49.55307685,-24.17258337,49.55307685,-24.17258337,49.55175900,-24.17539613
CapeTown,-33.93,18.42,25.0,2026-07-15T02:30:00,2461236.604166667,star_umi_polaris,STAR,37.954000,89.264000,1.98,330.464800514,330.464763424,330.467131930,330.467094516,0.63699031,-33.59020760,0.63699031,-33.46765213,0.63699031,-33.47046285,0.63624481,-33.59432223,0.63624481,-33.59432223,0.63353877,-33.59494133
CapeTown,-33.93,18.42,25.0,2026-07-15T02:30:00,2461236.604166667,star_uma_dubhe,STAR,165.932000,61.751000,1.79,330.464800514,330.464763424,330.467131930,330.467094516,2.60511054,-62.27032830,2.60511054,-62.24870292,2.60511054,-62.24905342,2.60572267,-62.27428688,2.60572267,-62.27428688,2.59910781,-62.27501520
CapeTown,-33.93,18.42,25.0,2026-07-15T02:30:00,2461236.604166667,star_uma_merak,STAR,165.460000,56.380000,2.37,330.464800514,330.464763424,330.467131930,330.467094516,4.42264332,-67.59207472,4.42264332,-67.58163003,4.42264332,-67.58179172,4.42379958,-67.59586484,4.42379958,-67.59586484,4.41558716,-67.59669328
CapeTown,-33.93,18.42,25.0,2026-07-15T02:30:00,2461236.604166667,star_uma_alioth,STAR,193.507000,55.960000,1.77,330.464800514,330.464763424,330.467131930,330.467094516,329.51631245,-62.19371370,329.51631245,-62.17189912,329.51631245,-62.17225295,329.51359710,-62.19764607,329.51359710,-62.19764607,329.50722262,-62.19652617
CapeTown,-33.93,18.42,25.0,2026-07-15T02:30:00,2461236.604166667,star_uma_mizar,STAR,200.981000,54.925000,2.23,330.464800514,330.464763424,330.467131930,330.467094516,322.76490141,-59.33274387,322.76490141,-59.30332257,322.76490141,-59.30381337,322.76181640,-59.33670032,322.76181640,-59.33670032,322.75634016,-59.33522934
CapeTown,-33.93,18.42,25.0,2026-07-15T02:30:00,2461236.604166667,star_uma_alkaid,STAR,206.885000,49.313000,1.85,330.464800514,330.464763424,330.467131930,330.467094516,310.15143249,-58.02202208,310.15143249,-57.98877950,310.15143249,-57.98934162,310.14764376,-58.02579462,310.14764376,-58.02579462,310.14303987,-58.02372594
CapeTown,-33.93,18.42,25.0,2026-07-15T02:30:00,2461236.604166667,star_cas_schedar,STAR,10.127000,56.537000,2.24,330.464800514,330.464763424,330.467131930,330.467094516,11.68858702,-2.44776395,11.68858702,-2.26328491,11.68858702,-2.26882890,11.68713390,-2.45014219,11.68713390,-2.45014219,11.68641910,-2.45136168
CapeTown,-33.93,18.42,25.0,2026-07-15T02:30:00,2461236.604166667,star_cas_caph,STAR,2.293000,59.150000,2.28,330.464800514,330.464763424,330.467131930,330.467094516,6.99190088,-3.92250159,6.99190088,-3.73869529,6.99190088,-3.74420404,6.99021855,-3.92521395,6.99021855,-3.92521395,6.98941976,-3.92618254
CapeTown,-33.93,18.42,25.0,2026-07-15T02:30:00,2461236.604166667,star_per_mirfak,STAR,51.080000,49.860000,1.79,330.464800514,330.464763424,330.467131930,330.467094516,35.54370274,-10.49529586,35.54370274,-10.31708848,35.54370274,-10.32228549,35.54430274,-10.49714063,35.54430274,-10.49714063,35.54329754,-10.49947495
CapeTown,-33.93,18.42,25.0,2026-07-15T02:30:00,2461236.604166667,star_per_algol,STAR,47.040000,40.960000,2.12,330.464800514,330.464763424,330.467131930,330.467094516,40.09283290,-2.32381302,40.09283290,-2.13928697,40.09283290,-2.14483331,40.09345695,-2.32490482,40.09345695,-2.32490482,40.09278702,-2.32741130
CapeTown,-33.93,18.42,25.0,2026-07-15T02:30:00,2461236.604166667,star_boo_arcturus,STAR,213.915000,19.182000,-0.05,330.464800514,330.464763424,330.467131930,330.467094516,261.55183809,-47.17922428,261.55183809,-47.10823712,261.55183809,-47.10959957,261.54842370,-47.18225082,261.54842370,-47.18225082,261.54772218,-47.17900123
CapeTown,-33.93,18.42,25.0,2026-07-15T02:30:00,2461236.604166667,star_vir_spica,STAR,201.298000,-11.161000,0.98,330.464800514,330.464763424,330.467131930,330.467094516,220.43097130,-35.08678242,220.43097130,-34.96958010,220.43097130,-34.97221568,220.43037830,-35.08948910,220.43037830,-35.08948910,220.43123696,-35.08697046
CapeTown,-33.93,18.42,25.0,2026-07-15T02:30:00,2461236.604166667,star_sco_antares,STAR,247.352000,-26.432000,0.96,330.464800514,330.464763424,330.467131930,330.467094516,242.02435837,6.07105748,242.02435837,6.20521558,242.02435837,6.20285558,242.02364130,6.20089011,242.02364130,6.20056216,242.02295083,6.20770953
CapeTown,-33.93,18.42,25.0,2026-07-15T02:30:00,2461236.604166667,star_sco_shaula,STAR,263.402000,-37.104000,1.62,330.464800514,330.464763424,330.467131930,330.467094516,239.80761488,23.21942697,239.80761488,23.25669976,239.80761488,23.25611035,239.80733384,23.24995151,239.80733384,23.24985942,239.80627453,23.25297368
CapeTown,-33.93,18.42,25.0,2026-07-15T02:30:00,2461236.604166667,star_leo_regulus,STAR,152.093000,11.967000,1.36,330.464800514,330.464763424,330.467131930,330.467094516,141.93716869,-63.30060910,141.93716869,-63.28145183,141.93716869,-63.28175939,141.94202804,-63.29990739,141.94202804,-63.29990739,141.94716542,-63.30141943
CapeTown,-33.93,18.42,25.0,2026-07-15T02:30:00,2461236.604166667,star_gem_pollux,STAR,116.329000,28.026000,1.14,330.464800514,330.464763424,330.467131930,330.467094516,82.92637284,-45.34854512,82.92637284,-45.27051063,82.92637284,-45.27204370,82.93112508,-45.35009038,82.93112508,-45.35009038,82.93072720,-45.35333643
CapeTown,-33.93,18.42,25.0,2026-07-15T02:30:00,2461236.604166667,star_gem_castor,STAR,113.650000,31.888000,1.58,330.464800514,330.464763424,330.467131930,330.467094516,76.68418989,-44.47322163,76.68418989,-44.39179303,76.68418989,-44.39341096,76.68868422,-44.47498788,76.68868422,-44.47498788,76.68793302,-44.47823487
CapeTown,-33.93,18.42,25.0,2026-07-15T02:30:00,2461236.604166667,star_psa_fomalhaut,STAR,344.413000,-29.622000,1.17,330.464800514,330.464763424,330.467131930,330.467094516,320.80354824,84.34185383,320.80354824,84.34345012,320.80354824,84.34342504,320.73043769,84.34219725,320.73043769,84.34219335,320.75857567,84.34376947
CapeTown,-33.93,18.42,25.0,2026-07-15T02:30:00,2461236.604166667,star_eri_achernar,STAR,24.429000,-57.237000,0.45,330.464800514,330.464763424,330.467131930,330.467094516,144.81685854,56.53807776,144.81685854,56.54872018,144.81685854,56.54855291,144.82999156,56.54779570,144.82999156,56.54776930,144.82494151,56.54639004
CapeTown,-33.93,18.42,25.0,2026-07-15T02:30:00,2461236.604166667,dso_m31_andromeda,GALAXY,10.684000,41.269000,3.44,330.464800514,330.464763424,330.467131930,330.467094516,16.80950028,11.95028662,16.80950028,12.02408248,16.80950028,12.02289096,16.80761240,12.02451736,16.80761240,12.02433689,16.80763884,12.02360591
CapeTown,-33.93,18.42,25.0,2026-07-15T02:30:00,2461236.604166667,dso_lmc,GALAXY,80.894000,-69.756000,0.9,330.464800514,330.464763424,330.467131930,330.467094516,156.19231077,30.92247605,156.19231077,30.94926868,156.19231077,30.94884636,156.19970836,30.94707974,156.19970836,30.94701340,156.19722868,30.94625743
CapeTown,-33.93,18.42,25.0,2026-07-15T02:30:00,2461236.604166667,dso_smc,GALAXY,13.187000,-72.829000,2.7,330.464800514,330.464763424,330.467131930,330.467094516,169.07879109,49.25187416,169.07879109,49.26574185,169.07879109,49.26552380,169.08880501,49.26202318,169.08880501,49.26198879,169.08444632,49.26193879
CapeTown,-33.93,18.42,25.0,2026-07-15T02:30:00,2461236.604166667,dso_m33_triangulum,GALAXY,23.462000,30.660000,5.72,330.464800514,330.464763424,330.467131930,330.467094516,31.03740267,17.36241670,31.03740267,17.41321776,31.03740267,17.41240969,31.03641884,17.41474639,31.03641884,17.41462138,31.03659579,17.41270010
CapeTown,-33.93,18.42,25.0,2026-07-15T02:30:00,2461236.604166667,dso_m45_pleiades,STAR_CLUSTER,56.871000,24.105000,1.6,330.464800514,330.464763424,330.467131930,330.467094516,58.11376064,2.87775294,58.11376064,3.06309231,58.11376064,3.05756801,58.11563827,3.10761207,58.11563827,3.10706051,58.11511245,3.12034341
CapeTown,-33.93,18.42,25.0,2026-07-15T02:30:00,2461236.604166667,dso_hyades,STAR_CLUSTER,66.750000,15.870000,0.5,330.464800514,330.464763424,330.467131930,330.467094516,70.29725235,0.53951969,70.29725235,0.72472246,70.29725235,0.71914814,70.30007110,0.94555964,70.30007110,0.94458564,70.29949026,1.00938815
CapeTown,-33.93,18.42,25.0,2026-07-15T02:30:00,2461236.604166667,dso_m44_beehive,STAR_CLUSTER,130.100000,19.670000,3.7,330.464800514,330.464763424,330.467131930,330.467094516,102.90167941,-53.09263003,102.90167941,-53.04337438,102.90167941,-53.04425411,102.90724060,-53.09341502,102.90724060,-53.09341502,102.90836386,-53.09640235
CapeTown,-33.93,18.42,25.0,2026-07-15T02:30:00,2461236.604166667,dso_double_cluster,STAR_CLUSTER,34.740000,57.130000,3.7,330.464800514,330.464763424,330.467131930,330.467094516,23.34910623,-9.17530982,23.34910623,-8.99562961,23.34910623,-9.00090853,23.34877966,-9.17757094,23.34877966,-9.17757094,23.34775674,-9.17937448
CapeTown,-33.93,18.42,25.0,2026-07-15T02:30:00,2461236.604166667,dso_coma_cluster,STAR_CLUSTER,185.600000,26.100000,1.8,330.464800514,330.464763424,330.467131930,330.467094516,246.12120391,-73.24579719,246.12120391,-73.24293157,246.12120391,-73.24297423,246.11292331,-73.24600578,246.11292331,-73.24600578,246.11486665,-73.24284485
CapeTown,-33.93,18.42,25.0,2026-07-15T02:30:00,2461236.604166667,dso_omega_centauri,GLOBULAR_CLUSTER,201.700000,-47.470000,3.9,330.464800514,330.464763424,330.467131930,330.467094516,201.70598533,-3.19300582,201.70598533,-3.00884055,201.70598533,-3.01436838,201.70811636,-3.19787146,201.70811636,-3.19787146,201.70768449,-3.19614611
CapeTown,-33.93,18.42,25.0,2026-07-15T02:30:00,2461236.604166667,dso_47_tucanae,GLOBULAR_CLUSTER,6.020000,-72.080000,4.1,330.464800514,330.464763424,330.467131930,330.467094516,171.52030607,50.91565297,171.52030607,50.92872748,171.52030607,50.92852193,171.53055781,50.92475098,171.53055781,50.92471855,171.52597174,50.92480756
CapeTown,-33.93,18.42,25.0,2026-07-15T02:30:00,2461236.604166667,dso_m13_hercules,GLOBULAR_CLUSTER,250.420000,36.460000,5.8,330.464800514,330.464763424,330.467131930,330.467094516,298.26559868,-25.26602488,298.26559868,-25.11704027,298.26559868,-25.12083299,298.26242297,-25.27121691,298.26242297,-25.27121691,298.26087955,-25.26867603
CapeTown,-33.93,18.42,25.0,2026-07-15T02:30:00,2461236.604166667,dso_m42_orion_nebula,NEBULA,83.822000,-5.391000,4.0,330.464800514,330.464763424,330.467131930,330.467094516,97.39140009,-1.34357309,97.39140009,-1.15872716,97.39140009,-1.16428879,97.39577805,-0.65376294,97.39577805,-0.65541784,97.39521551,-1.34701371
CapeTown,-33.93,18.42,25.0,2026-07-15T02:30:00,2461236.604166667,dso_m8_lagoon,NEBULA,270.920000,-24.380000,6.0,330.464800514,330.464763424,330.467131930,330.467094516,255.32642574,23.16053553,255.32642574,23.19791269,255.32642574,23.19732161,255.32458130,23.19117882,255.32458130,23.19108647,255.32389043,23.19438515
CapeTown,-33.93,18.42,25.0,2026-07-15T02:30:00,2461236.604166667,dso_eta_carinae_nebula,NEBULA,161.260000,-59.870000,1.0,330.464800514,330.464763424,330.467131930,330.467094516,176.31066075,4.14068647,176.31066075,4.31241315,176.31066075,4.30890892,176.31484344,4.31908611,176.31484344,4.31864883,176.31402406,4.32785606
Honolulu,21.31,-157.86,5.0,2026-07-15T02:30:00,2461236.604166667,star_cma_sirius,STAR,101.287000,-16.716000,-1.46,330.464800514,330.464763424,330.467131930,330.467094516,247.15486859,10.68210399,247.15486859,10.76424667,247.15486859,10.76306423,247.15043096,10.76763140,247.15043096,10.76759128,247.15131662,10.77089413
Honolulu,21.31,-157.86,5.0,2026-07-15T02:30:00,2461236.604166667,star_cma_adhara,STAR,104.656000,-28.972000,1.5,330.464800514,330.464763424,330.467131930,330.467094516,234.72390206,7.64348797,234.72390206,7.75467522,234.72390206,7.75300814,234.71924523,7.75849502,234.71924523,7.75844090,234.72016507,7.76262352
Honolulu,21.31,-157.86,5.0,2026-07-15T02:30:00,2461236.604166667,star_cma_wezen,STAR,107.098000,-26.393000,1.83,330.464800514,330.464763424,330.467131930,330.467094516,235.87805157,10.81027165,235.87805157,10.89149344,235.87805157,10.89032541,235.87349755,10.89514868,235.87349755,10.89510901,235.87429380,10.89797863
Honolulu,21.31,-157.86,5.0,2026-07-15T02:30:00,2461236.604166667,star_cma_mirzam,STAR,95.675000,-17.956000,1.98,330.464800514,330.464763424,330.467131930,330.467094516,248.35644712,5.31398395,248.35644712,5.46186064,248.35644712,5.45942829,248.35190620,5.46752296,248.35190620,5.46745015,248.35297157,5.47503091
Honolulu,21.31,-157.86,5.0,2026-07-15T02:30:00,2461236.604166667,star_cmi_procyon,STAR,114.825000,5.225000,0.34,330.464800514,330.464763424,330.467131930,330.467094516,262.46948159,32.15165062,262.46948159,32.17719343,262.46948159,32.17683919,262.46540785,32.17991736,262.46540785,32.17990470,262.46593830,32.18270335
Honolulu,21.31,-157.86,5.0,2026-07-15T02:30:00,2461236.604166667,star_car_canopus,STAR,95.987000,-52.695000,-0.74,330.464800514,330.464763424,330.467131930,330.467094516,216.62092029,-9.04204711,216.62092029,-8.86222813,216.62092029,-8.86719720,216.61548585,-9.03900451,216.61548585,-9.03900451,216.61716603,-9.03781420
Honolulu,21.31,-157.86,5.0,2026-07-15T02:30:00,2461236.604166667,star_car_miaplacidus,STAR,138.300000,-69.720000,1.67,330.464800514,330.464763424,330.467131930,330.467094516,191.22189042,-4.33752429,191.22189042,-4.15394519,191.22189042,-4.15911783,191.21728545,-4.33305292,191.21728545,-4.33305292,191.21874827,-4.33318951
Honolulu,21.31,-157.86,5.0,2026-07-15T02:30:00,2461236.604166667,star_cen_rigil_kent,STAR,219.900000,-60.833000,-0.01,330.464800514,330.464763424,330.467131930,330.467094516,158.91385301,-0.79659759,158.91385301,-0.61161312,158.91385301,-0.61685458,158.91100210,-0.18836953,158.91100210,-0.18865856,158.91226759,-0.01856464
Honolulu,21.31,-157.86,5.0,2026-07-15T02:30:00,2461236.604166667,star_cen_hadar,STAR,210.956000,-60.373000,0.61,330.464800514,330.464763424,330.467131930,330.467094516,162.00505308,2.35076424,162.00505308,2.53599077,162.00505308,2.53075153,162.00216620,2.61308845,162.00216620,2.61296527,162.00328972,2.63232393
Honolulu,21.31,-157.86,5.0,2026-07-15T02:30:00,2461236.604166667,star_lyr_vega,STAR,279.234000,38.783000,0.03,330.464800514,330.464763424,330.467131930,330.467094516,48.23581318,0.98622639,48.23581318,1.17146415,48.23581318,1.16621658,48.23803966,1.35020271,48.23803966,1.35003089,48.23931414,1.39717924
Honolulu,21.31,-157.86,5.0,2026-07-15T02:30:00,2461236.604166667,star_cyg_deneb,STAR,310.358000,45.280000,1.25,330.464800514,330.464763424,330.467131930,330.467094516,28.87228532,-13.15494817,28.87228532,-12.98025890,28.87228532,-12.98495519,28.87519536,-13.15024953,28.87519536,-13.15024953,28.87573453,-13.15104843
Honolulu,21.31,-157.86,5.0,2026-07-15T02:30:00,2461236.604166667,star_cyg_sadr,STAR,305.557000,40.260000,2.23,330.464800514,330.464763424,330.467131930,330.467094516,35.02771708,-14.52229143,35.02771708,-14.34970286,35.02771708,-14.35429125,35.03078760,-14.51723455,35.03078760,-14.51723455,35.03127845,-14.51834624
Honolulu,21.31,-157.86,5.0,2026-07-15T02:30:00,2461236.604166667,star_cyg_albireo,STAR,292.680000,27.960000,3.05,330.464800514,330.464763424,330.467131930,330.467094516,51.79106128,-14.17256835,51.79106128,-13.99942338,51.79106128,-14.00404012,51.79402825,-14.16647205,51.79402825,-14.16647205,51.79464931,-14.16836058
Honolulu,21.31,-157.86,5.0,2026-07-15T02:30:00,2461236.604166667,star_aql_altair,STAR,297.696000,8.868000,0.76,330.464800514,330.464763424,330.467131930,330.467094516,66.33839156,-28.48190584,66.33839156,-28.34237820,66.33839156,-28.34554673,66.34188318,-28.47512974,66.34188318,-28.47512974,66.34210317,-28.47756438
Honolulu,21.31,-157.86,5.0,2026-07-15T02:30:00,2461236.604166667,star_ori_betelgeuse,STAR,88.793000,7.407000,0.5,330.464800514,330.464763424,330.467131930,330.467094516,274.59217285,8.75123844,274.59217285,8.84995716,274.59217285,8.84850619,274.58850153,8.85300386,274.58850153,8.85295577,274.58965693,8.85748847
Honolulu,21.31,-157.86,5.0,2026-07-15T02:30:00,2461236.604166667,star_ori_rigel,STAR,78.634000,-8.202000,0.13,330.464800514,330.464763424,330.467131930,330.467094516,263.67770846,-6.34148728,263.67770846,-6.15924167,263.67770846,-6.16434272,263.67338309,-6.34041889,263.67338309,-6.34041889,263.67473086,-6.33753967
Honolulu,21.31,-157.86,5.0,2026-07-15T02:30:00,2461236.604166667,star_ori_bellatrix,STAR,81.283000,6.350000,1.64,330.464800514,330.464763424,330.467131930,330.467094516,276.29172334,1.41373043,276.29172334,1.59898383,276.29172334,1.59373766,276.28809954,1.73545737,276.28809954,1.73530357,276.28932041,1.77482371
Honolulu,21.31,-157.86,5.0,2026-07-15T02:30:00,2461236.604166667,star_ori_saiph,STAR,86.939000,-9.670000,2.07,330.464800514,330.464763424,330.467131930,330.467094516,259.31938080,0.76666237,259.31938080,0.95188532,259.31938080,0.94663747,259.31504015,1.14885060,259.31504015,1.14866787,259.31625384,1.20781967
Honolulu,21.31,-157.86,5.0,2026-07-15T02:30:00,2461236.604166667,star_ori_alnitak,STAR,85.190000,-1.940000,1.77,330.464800514,330.464763424,330.467131930,330.467094516,267.14583444,2.01420696,267.14583444,2.19945281,267.14583444,2.19421047,267.14181085,2.29267014,267.14181085,2.29253716,267.14301069,2.32064992
Honolulu,21.31,-157.86,5.0,2026-07-15T02:30:00,2461236.604166667,star_ori_alnilam,STAR,84.053000,-1.202000,1.69,330.464800514,330.464763424,330.467131930,330.467094516,268.24976694,1.22769476,268.24976694,1.41294350,268.24976694,1.40769658,268.24577870,1.56519760,268.24577870,1.56503626,268.24699181,1.60918211
Honolulu,21.31,-157.86,5.0,2026-07-15T02:30:00,2461236.604166667,star_ori_mintaka,STAR,83.002000,-0.299000,2.23,330.464800514,330.464763424,330.467131930,330.467094516,269.47492468,0.58038301,269.47492468,0.76558977,269.47492468,0.76034190,269.47098082,0.98296794,269.47098082,0.98277534,269.47220385,1.04999623
Honolulu,21.31,-157.86,5.0,2026-07-15T02:30:00,2461236.604166667,star_tau_aldebaran,STAR,68.980000,16.509000,0.85,330.464800514,330.464763424,330.467131930,330.467094516,290.31580530,-5.79890732,290.31580530,-5.61626179,290.31580530,-5.62138449,290.31295484,-5.79807176,290.31295484,-5.79807176,290.31415012,-5.79502582
Honolulu,21.31,-157.86,5.0,2026-07-15T02:30:00,2461236.604166667,star_tau_elnath,STAR,81.573000,28.608000,1.65,330.464800514,330.464763424,330.467131930,330.467094516,297.13685753,9.51625201,297.13685753,9.60773310,297.13685753,9.60640163,297.13423933,9.61095647,297.13423933,9.61091186,297.13558890,9.61508276
Honolulu,21.31,-157.86,5.0,2026-07-15T02:30:00,2461236.604166667,star_aur_capella,STAR,79.172000,45.998000,0.08,330.464800514,330.464763424,330.467131930,330.467094516,314.58469745,13.19456126,314.58469745,13.26156380,314.58469745,13.26061320,314.58293030,13.26532761,314.58293030,13.26529477,314.58452933,13.26833615
Honolulu,21.31,-157.86,5.0,2026-07-15T02:30:00,2461236.604166667,star_umi_polaris,STAR,37.954000,89.264000,1.98,330.464800514,330.464763424,330.467131930,330.467094516,359.45672241,20.93726993,359.45672241,20.97898081,359.45672241,20.97839873,359.45694476,20.98431249,359.45694476,20.98429190,359.45931240,20.98506905
Honolulu,21.31,-157.86,5.0,2026-07-15T02:30:00,2461236.604166667,star_uma_dubhe,STAR,165.932000,61.751000,1.79,330.464800514,330.464763424,330.467131930,330.467094516,355.41809502,49.46436246,355.41809502,49.47812669,355.41809502,49.47793629,355.41694494,49.48250733,355.41694494,49.48250050,355.42157905,49.48342051
Honolulu,21.31,-157.86,5.0,2026-07-15T02:30:00,2461236.604166667,star_uma_merak,STAR,165.460000,56.380000,2.37,330.464800514,330.464763424,330.467131930,330.467094516,353.50617943,54.71159452,353.50617943,54.72298959,353.50617943,54.72283202,353.50465573,54.72710598,353.50465573,54.72710032,353.50995097,54.72812373
Honolulu,21.31,-157.86,5.0,2026-07-15T02:30:00,2461236.604166667,star_uma_alioth,STAR,193.507000,55.960000,1.77,330.464800514,330.464763424,330.467131930,330.467094516,19.28696433,52.05786302,19.28696433,52.07041426,19.28696433,52.07024067,19.28702093,52.07500670,19.28702093,52.07500047,19.29216637,52.07466428
Honolulu,21.31,-157.86,5.0,2026-07-15T02:30:00,2461236.604166667,star_uma_mizar,STAR,200.981000,54.925000,2.23,330.464800514,330.464763424,330.467131930,330.467094516,25.58279195,50.20497711,25.58279195,50.21838575,25.58279195,50.21820029,25.58319439,50.22313033,25.58319439,50.22312367,25.58802814,50.22245238
Honolulu,21.31,-157.86,5.0,2026-07-15T02:30:00,2461236.604166667,star_uma_alkaid,STAR,206.885000,49.313000,1.85,330.464800514,330.464763424,330.467131930,330.467094516,36.03917404,50.95107691,36.03917404,50.96413494,36.03917404,50.96395433,36.04003275,50.96886855,36.04003275,50.96886207,36.04476148,50.96765775
Honolulu,21.31,-157.86,5.0,2026-07-15T02:30:00,2461236.604166667,star_cas_schedar,STAR,10.127000,56.537000,2.24,330.464800514,330.464763424,330.467131930,330.467094516,350.11005774,-10.56281177,350.11005774,-10.38468455,350.11005774,-10.38956235,350.11134055,-10.56041058,350.11134055,-10.56041058,350.11204779,-10.55918022
Honolulu,21.31,-157.86,5.0,2026-07-15T02:30:00,2461236.604166667,star_cas_caph,STAR,2.293000,59.150000,2.28,330.464800514,330.464763424,330.467131930,330.467094516,354.83012223,-8.97269369,354.83012223,-8.79280319,354.83012223,-8.79777615,354.83156954,-8.96992785,354.83156954,-8.96992785,354.83234256,-8.96893276
Honolulu,21.31,-157.86,5.0,2026-07-15T02:30:00,2461236.604166667,star_per_mirfak,STAR,51.080000,49.860000,1.79,330.464800514,330.464763424,330.467131930,330.467094516,326.53077940,-1.77737935,326.53077940,-1.59266364,326.53077940,-1.59789356,326.53020380,-1.77549627,326.53020380,-1.77549627,326.53137005,-1.77324525
Honolulu,21.31,-157.86,5.0,2026-07-15T02:30:00,2461236.604166667,star_per_algol,STAR,47.040000,40.960000,2.12,330.464800514,330.464763424,330.467131930,330.467094516,321.29793925,-9.52979292,321.29793925,-9.35049069,321.29793925,-9.35543178,321.29729236,-9.52863475,321.29729236,-9.52863475,321.29820966,-9.52620327
Honolulu,21.31,-157.86,5.0,2026-07-15T02:30:00,2461236.604166667,star_boo_arcturus,STAR,213.915000,19.182000,-0.05,330.464800514,330.464763424,330.467131930,330.467094516,85.67656294,50.97888477,85.67656294,50.99192988,85.67656294,50.99174945,85.67845032,50.99611335,85.67845032,50.99610688,85.68085599,50.99315105
Honolulu,21.31,-157.86,5.0,2026-07-15T02:30:00,2461236.604166667,star_vir_spica,STAR,201.298000,-11.161000,0.98,330.464800514,330.464763424,330.467131930,330.467094516,136.06563934,46.67495189,136.06563934,46.69012950,136.06563934,46.68991950,136.06595622,46.69347193,136.06595622,46.69346440,136.06545016,46.69082591
Honolulu,21.31,-157.86,5.0,2026-07-15T02:30:00,2461236.604166667,star_sco_antares,STAR,247.352000,-26.432000,0.96,330.464800514,330.464763424,330.467131930,330.467094516,119.96942287,2.94926853,119.96942287,3.13536321,119.96942287,3.13036864,119.96906622,3.18264614,119.96906622,3.18253747,119.97025281,3.19481574
Honolulu,21.31,-157.86,5.0,2026-07-15T02:30:00,2461236.604166667,star_sco_shaula,STAR,263.402000,-37.104000,1.62,330.464800514,330.464763424,330.467131930,330.467094516,124.89167008,-13.62713356,124.89167008,-13.45314707,124.89167008,-13.45780700,124.89070900,-13.61935066,124.89070900,-13.61935066,124.89220742,-13.62221062
Honolulu,21.31,-157.86,5.0,2026-07-15T02:30:00,2461236.604166667,star_leo_regulus,STAR,152.093000,11.967000,1.36,330.464800514,330.464763424,330.467131930,330.467094516,247.05981410,68.51248174,247.05981410,68.51882302,247.05981410,68.51873537,247.05385876,68.51936964,247.05385876,68.51936650,247.05043259,68.52180368
Honolulu,21.31,-157.86,5.0,2026-07-15T02:30:00,2461236.604166667,star_gem_pollux,STAR,116.329000,28.026000,1.14,330.464800514,330.464763424,330.467131930,330.467094516,289.34906728,39.20377751,289.34906728,39.22348866,289.34906728,39.22321570,289.34538714,39.22644100,289.34538714,39.22643123,289.34686086,39.22942500
Honolulu,21.31,-157.86,5.0,2026-07-15T02:30:00,2461236.604166667,star_gem_castor,STAR,113.650000,31.888000,1.58,330.464800514,330.464763424,330.467131930,330.467094516,294.49550605,37.21520269,294.49550605,37.23636641,294.49550605,37.23607324,294.49207583,37.23949069,294.49207583,37.23948020,294.49373980,37.24243382
Honolulu,21.31,-157.86,5.0,2026-07-15T02:30:00,2461236.604166667,star_psa_fomalhaut,STAR,344.413000,-29.622000,1.17,330.464800514,330.464763424,330.467131930,330.467094516,140.73701696,-79.20665130,140.73701696,-79.20740518,140.73701696,-79.20739558,140.72404355,-79.19988693,140.72404355,-79.19988693,140.73493832,-79.20233682
Honolulu,21.31,-157.86,5.0,2026-07-15T02:30:00,2461236.604166667,star_eri_achernar,STAR,24.429000,-57.237000,0.45,330.464800514,330.464763424,330.467131930,330.467094516,205.13118993,-47.22075163,205.13118993,-47.14992321,205.13118993,-47.15115722,205.12158432,-47.21759946,205.12158432,-47.21759946,205.12606312,-47.21699595
Honolulu,21.31,-157.86,5.0,2026-07-15T02:30:00,2461236.604166667,dso_m31_andromeda,GALAXY,10.684000,41.269000,3.44,330.464800514,330.464763424,330.467131930,330.467094516,344.82539557,-24.98709419,344.82539557,-24.83733877,344.82539557,-24.84089772,344.82727335,-24.98605698,344.82727335,-24.98605698,344.82725384,-24.98457322
Honolulu,21.31,-157.86,5.0,2026-07-15T02:30:00,2461236.604166667,dso_lmc,GALAXY,80.894000,-69.756000,0.9,330.464800514,330.464763424,330.467131930,330.467094516,201.70592690,-20.54466381,201.70592690,-20.38375154,201.70592690,-20.38778279,201.69988485,-20.54065220,201.69988485,-20.54065220,201.70225336,-20.54022923
Honolulu,21.31,-157.86,5.0,2026-07-15T02:30:00,2461236.604166667,dso_smc,GALAXY,13.187000,-72.829000,2.7,330.464800514,330.464763424,330.467131930,330.467094516,187.64692286,-37.31507987,187.64692286,-37.20609761,187.64692286,-37.20828400,187.63963214,-37.31008321,187.63963214,-37.31008321,187.64318598,-37.31041060
Honolulu,21.31,-157.86,5.0,2026-07-15T02:30:00,2461236.604166667,dso_m33_triangulum,GALAXY,23.462000,30.660000,5.72,330.464800514,330.464763424,330.467131930,330.467094516,329.09032401,-29.88382051,329.09032401,-29.74872806,329.09032401,-29.75173819,329.09123468,-29.88404612,329.09123468,-29.88404612,329.09121273,-29.88189034
Honolulu,21.31,-157.86,5.0,2026-07-15T02:30:00,2461236.604166667,dso_m45_pleiades,STAR_CLUSTER,56.871000,24.105000,1.6,330.464800514,330.464763424,330.467131930,330.467094516,302.41943401,-12.40712105,302.41943401,-12.23136732,302.41943401,-12.23611917,302.41747878,-12.40664517,302.41747878,-12.40664517,302.41849390,-12.40374020
Honolulu,21.31,-157.86,5.0,2026-07-15T02:30:00,2461236.604166667,dso_hyades,STAR_CLUSTER,66.750000,15.870000,0.5,330.464800514,330.464763424,330.467131930,330.467094516,290.63481756,-8.01105313,290.63481756,-7.83022135,290.63481756,-7.83524547,290.63199551,-8.01036258,290.63199551,-8.01036258,290.63317472,-8.00731863
Honolulu,21.31,-157.86,5.0,2026-07-15T02:30:00,2461236.604166667,dso_m44_beehive,STAR_CLUSTER,130.100000,19.670000,3.7,330.464800514,330.464763424,330.467131930,330.467094516,275.26337814,50.60190603,275.26337814,50.61512722,275.26337814,50.61494435,275.25887870,50.61737611,275.25887870,50.61736955,275.25955686,50.62035683
Honolulu,21.31,-157.86,5.0,2026-07-15T02:30:00,2461236.604166667,dso_double_cluster,STAR_CLUSTER,34.740000,57.130000,3.7,330.464800514,330.464763424,330.467131930,330.467094516,338.47057619,-3.74625402,338.47057619,-3.56235627,338.47057619,-3.56754560,338.47082347,-3.74400447,338.47082347,-3.74400447,338.47189051,-3.74223281
Honolulu,21.31,-157.86,5.0,2026-07-15T02:30:00,2461236.604166667,dso_coma_cluster,STAR_CLUSTER,185.600000,26.100000,1.8,330.464800514,330.464763424,330.467131930,330.467094516,66.57940955,76.94565837,66.57940955,76.94939394,66.57940955,76.94934232,66.58513532,76.95161790,66.58513532,76.95161605,66.59435765,76.94916575
Honolulu,21.31,-157.86,5.0,2026-07-15T02:30:00,2461236.604166667,dso_omega_centauri,GLOBULAR_CLUSTER,201.700000,-47.470000,3.9,330.464800514,330.464763424,330.467131930,330.467094516,159.78486588,16.15542584,159.78486588,16.21012772,159.78486588,16.20935870,159.78267580,16.21630458,159.78267580,16.21627768,159.78316994,16.21474843
Honolulu,21.31,-157.86,5.0,2026-07-15T02:30:00,2461236.604166667,dso_47_tucanae,GLOBULAR_CLUSTER,6.020000,-72.080000,4.1,330.464800514,330.464763424,330.467131930,330.467094516,185.41459202,-38.77500512,185.41459202,-38.67153906,185.41459202,-38.67357156,185.40722798,-38.76984301,185.40722798,-38.76984301,185.41089495,-38.77028889
Honolulu,21.31,-157.86,5.0,2026-07-15T02:30:00,2461236.604166667,dso_m13_hercules,GLOBULAR_CLUSTER,250.420000,36.460000,5.8,330.464800514,330.464763424,330.467131930,330.467094516,57.97521409,21.76869363,57.97521409,21.80868839,57.97521409,21.80813071,57.97680245,21.81561625,57.97680245,21.81559650,57.97891103,21.81347006
Honolulu,21.31,-157.86,5.0,2026-07-15T02:30:00,2461236.604166667,dso_m42_orion_nebula,NEBULA,83.822000,-5.391000,4.0,330.464800514,330.464763424,330.467131930,330.467094516,264.43703583,-0.52278868,264.43703583,-0.33774559,264.43703583,-0.34298924,264.43286320,0.03555888,264.43286320,0.03529155,264.43410315,0.18099285
Honolulu,21.31,-157.86,5.0,2026-07-15T02:30:00,2461236.604166667,dso_m8_lagoon,NEBULA,270.920000,-24.380000,6.0,330.464800514,330.464763424,330.467131930,330.467094516,110.37256059,-16.18714775,110.37256059,-16.01738952,110.37256059,-16.02183632,110.37268135,-16.17914487,110.37268135,-16.17914487,110.37401437,-16.18219044
Honolulu,21.31,-157.86,5.0,2026-07-15T02:30:00,2461236.604166667,dso_eta_carinae_nebula,NEBULA,161.260000,-59.870000,1.0,330.464800514,330.464763424,330.467131930,330.467094516,185.57716592,8.17219790,185.57716592,8.27710825,185.57716592,8.27555176,185.57342127,8.28284748,185.57342127,8.28279642,185.57421600,8.28421261
Quito,0.0,-78.5,2850.0,2026-07-15T02:30:00,2461236.604166667,star_cma_sirius,STAR,101.287000,-16.716000,-1.46,330.464800514,330.464763424,330.467131930,330.467094516,238.66769691,-56.36000416,238.66769691,-56.32163609,238.66769691,-56.33093973,238.66584001,-56.35525775,238.66584001,-56.35525775,238.67033652,-56.35447926
Quito,0.0,-78.5,2850.0,2026-07-15T02:30:00,2461236.604166667,star_cma_adhara,STAR,104.656000,-28.972000,1.5,330.464800514,330.464763424,330.467131930,330.467094516,224.44531689,-47.21673174,224.44531689,-47.14588796,224.44531689,-47.16326691,224.44569666,-47.21151169,224.44569666,-47.21151169,224.44894454,-47.21154220
Quito,0.0,-78.5,2850.0,2026-07-15T02:30:00,2461236.604166667,star_cma_wezen,STAR,107.098000,-26.393000,1.83,330.464800514,330.464763424,330.467131930,330.467094516,229.36073519,-46.88137382,229.36073519,-46.80924635,229.36073519,-46.82694770,229.36065832,-46.87629129,229.36065832,-46.87629129,229.36385461,-46.87603986
Quito,0.0,-78.5,2850.0,2026-07-15T02:30:00,2461236.604166667,star_cma_mirzam,STAR,95.675000,-17.956000,1.98,330.464800514,330.464763424,330.467131930,330.467094516,231.43041216,-60.34460193,231.43041216,-60.31798925,231.43041216,-60.32441114,231.42899925,-60.33969079,231.42899925,-60.33969079,231.43443329,-60.33932109
Quito,0.0,-78.5,2850.0,2026-07-15T02:30:00,2461236.604166667,star_cmi_procyon,STAR,114.825000,5.225000,0.34,330.464800514,330.464763424,330.467131930,330.467094516,277.52125299,-46.54597745,277.52125299,-46.47256264,277.52125299,-46.49058753,277.51721130,-46.54307702,277.51721130,-46.54307702,277.51901696,-46.54046589
Quito,0.0,-78.5,2850.0,2026-07-15T02:30:00,2461236.604166667,star_car_canopus,STAR,95.987000,-52.695000,-0.74,330.464800514,330.464763424,330.467131930,330.467094516,197.31225537,-33.56111388,197.31225537,-33.43845585,197.31225537,-33.46902336,197.31530491,-33.55538097,197.31530491,-33.55538097,197.31693166,-33.55690819
Quito,0.0,-78.5,2850.0,2026-07-15T02:30:00,2461236.604166667,star_car_miaplacidus,STAR,138.300000,-69.720000,1.67,330.464800514,330.464763424,330.467131930,330.467094516,198.60054867,-7.93780285,198.60054867,-7.75690320,198.60054867,-7.80264026,198.60431438,-7.93245749,198.60431438,-7.93245749,198.60441929,-7.93391882
Quito,0.0,-78.5,2850.0,2026-07-15T02:30:00,2461236.604166667,star_cen_rigil_kent,STAR,219.900000,-60.833000,-0.01,330.464800514,330.464763424,330.467131930,330.467094516,196.20502345,24.44123283,196.20502345,24.47644459,196.20502345,24.46743273,196.21094333,24.48154361,196.21094333,24.47260687,196.20932684,24.47992151
Quito,0.0,-78.5,2850.0,2026-07-15T02:30:00,2461236.604166667,star_cen_hadar,STAR,210.956000,-60.373000,0.61,330.464800514,330.464763424,330.467131930,330.467094516,200.18398377,21.97390607,200.18398377,22.01349572,200.18398377,22.00336699,200.18955856,22.01851809,200.18955856,22.00848153,200.18804759,22.01712587
Quito,0.0,-78.5,2850.0,2026-07-15T02:30:00,2461236.604166667,star_lyr_vega,STAR,279.234000,38.783000,0.03,330.464800514,330.464763424,330.467131930,330.467094516,29.86148034,43.72777818,29.86148034,43.74459636,29.86148034,43.74028760,29.85402307,43.74874435,29.85402307,43.74446088,29.85675533,43.74954219
Quito,0.0,-78.5,2850.0,2026-07-15T02:30:00,2461236.604166667,star_cyg_deneb,STAR,310.358000,45.280000,1.25,330.464800514,330.464763424,330.467131930,330.467094516,40.12083229,21.45295639,40.12083229,21.49358840,40.12083229,21.48319393,40.11678517,21.49889694,40.11678517,21.48859913,40.11776769,21.49916698
Quito,0.0,-78.5,2850.0,2026-07-15T02:30:00,2461236.604166667,star_cyg_sadr,STAR,305.557000,40.260000,2.23,330.464800514,330.464763424,330.467131930,330.467094516,43.54525775,26.72798454,43.54525775,26.75980481,43.54525775,26.75165896,43.54094820,26.76536387,43.54094820,26.75728143,43.54229871,26.76539097
Quito,0.0,-78.5,2850.0,2026-07-15T02:30:00,2461236.604166667,star_cyg_albireo,STAR,292.680000,27.960000,3.05,330.464800514,330.464763424,330.467131930,330.467094516,50.95079718,41.78887113,50.95079718,41.80686695,50.95079718,41.80225668,50.94527901,41.81294857,50.94527901,41.80836602,50.94789788,41.81254443
Quito,0.0,-78.5,2850.0,2026-07-15T02:30:00,2461236.604166667,star_aql_altair,STAR,297.696000,8.868000,0.76,330.464800514,330.464763424,330.467131930,330.467094516,77.68064932,43.27738685,77.68064932,43.29447106,77.68064932,43.29009419,77.67808621,43.30236200,77.67808621,43.29801144,77.68038754,43.30052546
Quito,0.0,-78.5,2850.0,2026-07-15T02:30:00,2461236.604166667,star_ori_betelgeuse,STAR,88.793000,7.407000,0.5,330.464800514,330.464763424,330.467131930,330.467094516,293.76862201,-71.33143404,293.76862201,-71.32648806,293.76862201,-71.32766795,293.75702068,-71.32990470,293.75702068,-71.32990470,293.76023828,-71.32683821
Quito,0.0,-78.5,2850.0,2026-07-15T02:30:00,2461236.604166667,star_ori_rigel,STAR,78.634000,-8.202000,0.13,330.464800514,330.464763424,330.467131930,330.467094516,220.26127274,-79.26781281,220.26127274,-79.26858399,220.26127274,-79.26840105,220.25904517,-79.26334634,220.25904517,-79.26334634,220.27602950,-79.26361652
Quito,0.0,-78.5,2850.0,2026-07-15T02:30:00,2461236.604166667,star_ori_bellatrix,STAR,81.283000,6.350000,1.64,330.464800514,330.464763424,330.467131930,330.467094516,303.63002861,-78.43484622,303.63002861,-78.43535056,303.63002861,-78.43523087,303.61085393,-78.43427807,303.61085393,-78.43427807,303.61371566,-78.43105306
Quito,0.0,-78.5,2850.0,2026-07-15T02:30:00,2461236.604166667,star_ori_saiph,STAR,86.939000,-9.670000,2.07,330.464800514,330.464763424,330.467131930,330.467094516,237.15093729,-71.98168782,237.15093729,-71.97750277,237.15093729,-71.97850058,237.14646475,-71.97725243,237.14646475,-71.97725243,237.15604193,-71.97655882
Quito,0.0,-78.5,2850.0,2026-07-15T02:30:00,2461236.604166667,star_ori_alnitak,STAR,85.190000,-1.940000,1.77,330.464800514,330.464763424,330.467131930,330.467094516,261.84023491,-76.31146781,261.84023491,-76.31096786,261.84023491,-76.31108667,261.82830701,-76.30821245,261.82830701,-76.30821245,261.83880465,-76.30623943
Quito,0.0,-78.5,2850.0,2026-07-15T02:30:00,2461236.604166667,star_ori_alnilam,STAR,84.053000,-1.202000,1.69,330.464800514,330.464763424,330.467131930,330.467094516,264.51156006,-77.52452723,264.51156006,-77.52466011,264.51156006,-77.52462855,264.49786179,-77.52146290,264.49786179,-77.52146290,264.50902074,-77.51936941
Quito,0.0,-78.5,2850.0,2026-07-15T02:30:00,2461236.604166667,star_ori_mintaka,STAR,83.002000,-0.299000,2.23,330.464800514,330.464763424,330.467131930,330.467094516,268.58915745,-78.62520243,268.58915745,-78.62577376,268.58915745,-78.62563818,268.57322996,-78.62241014,268.57322996,-78.62241014,268.58476114,-78.62014161
Quito,0.0,-78.5,2850.0,2026-07-15T02:30:00,2461236.604166667,star_tau_aldebaran,STAR,68.980000,16.509000,0.85,330.464800514,330.464763424,330.467131930,330.467094516,8.69880142,-73.23784783,8.69880142,-73.23497456,8.69880142,-73.23565891,8.69317297,-73.24035231,8.69317297,-73.24035231,8.68406328,-73.23840532
Quito,0.0,-78.5,2850.0,2026-07-15T02:30:00,2461236.604166667,star_tau_elnath,STAR,81.573000,28.608000,1.65,330.464800514,330.464763424,330.467131930,330.467094516,342.31775591,-59.80620721,342.31775591,-59.77811580,342.31775591,-59.78489887,342.31163855,-59.80701846,342.31163855,-59.80701846,342.30873717,-59.80409616
Quito,0.0,-78.5,2850.0,2026-07-15T02:30:00,2461236.604166667,star_aur_capella,STAR,79.172000,45.998000,0.08,330.464800514,330.464763424,330.467131930,330.467094516,352.64235607,-43.47870437,352.64235607,-43.39341010,352.64235607,-43.41443150,352.63831184,-43.47907671,352.63831184,-43.47907671,352.63610037,-43.47647250
Quito,0.0,-78.5,2850.0,2026-07-15T02:30:00,2461236.604166667,star_umi_polaris,STAR,37.954000,89.264000,1.98,330.464800514,330.464763424,330.467131930,330.467094516,0.27186299,-0.56742345,0.27186299,-0.38238943,0.27186299,-0.42919285,0.26776205,-0.00187924,0.26776205,-0.14092720,0.26743321,0.14760430
Quito,0.0,-78.5,2850.0,2026-07-15T02:30:00,2461236.604166667,star_uma_dubhe,STAR,165.932000,61.751000,1.79,330.464800514,330.464763424,330.467131930,330.467094516,331.68137228,2.07646545,331.68137228,2.26170854,331.68137228,2.21485967,331.67732577,2.34991605,331.67732577,2.28261176,331.67705429,2.37720225
Quito,0.0,-78.5,2850.0,2026-07-15T02:30:00,2461236.604166667,star_uma_merak,STAR,165.460000,56.380000,2.37,330.464800514,330.464763424,330.467131930,330.467094516,326.30173905,2.15939223,326.30173905,2.34463108,326.30173905,2.29778364,326.29784524,2.42766590,326.29784524,2.36161645,326.29756383,2.45387620
Quito,0.0,-78.5,2850.0,2026-07-15T02:30:00,2461236.604166667,star_uma_alioth,STAR,193.507000,55.960000,1.77,330.464800514,330.464763424,330.467131930,330.467094516,330.01721803,17.23613167,330.01721803,17.28731724,330.01721803,17.27423664,330.01281175,17.28831834,330.01281175,17.27538052,330.01277073,17.29158670
Quito,0.0,-78.5,2850.0,2026-07-15T02:30:00,2461236.604166667,star_uma_mizar,STAR,200.981000,54.925000,2.23,330.464800514,330.464763424,330.467131930,330.467094516,331.35631813,21.41099558,331.35631813,21.45171358,331.35631813,21.44129718,331.35167060,21.45243351,331.35167060,21.44211178,331.35172845,21.45557556
Quito,0.0,-78.5,2850.0,2026-07-15T02:30:00,2461236.604166667,star_uma_alkaid,STAR,206.885000,49.313000,1.85,330.464800514,330.464763424,330.467131930,330.467094516,328.67023823,27.62454093,328.67023823,27.65517145,328.67023823,27.64732954,328.66540501,27.65526035,328.66540501,27.64747619,328.66550659,27.65839339
Quito,0.0,-78.5,2850.0,2026-07-15T02:30:00,2461236.604166667,star_cas_schedar,STAR,10.127000,56.537000,2.24,330.464800514,330.464763424,330.467131930,330.467094516,30.00637435,-15.21600513,30.00637435,-15.04455932,30.00637435,-15.08782465,30.00401189,-15.21437231,30.00401189,-15.21437231,30.00284189,-15.21352228
Quito,0.0,-78.5,2850.0,2026-07-15T02:30:00,2461236.604166667,star_cas_caph,STAR,2.293000,59.150000,2.28,330.464800514,330.464763424,330.467131930,330.467094516,29.05765397,-10.38806242,29.05765397,-10.20972870,29.05765397,-10.25479623,29.05502290,-10.38616530,29.05502290,-10.38616530,29.05413737,-10.38526277
Quito,0.0,-78.5,2850.0,2026-07-15T02:30:00,2461236.604166667,star_per_mirfak,STAR,51.080000,49.860000,1.79,330.464800514,330.464763424,330.467131930,330.467094516,16.33949020,-37.08712383,16.33949020,-36.97728870,16.33949020,-37.00456012,16.33694642,-37.08727386,16.33694642,-37.08727386,16.33445832,-37.08569702
Quito,0.0,-78.5,2850.0,2026-07-15T02:30:00,2461236.604166667,star_per_algol,STAR,47.040000,40.960000,2.12,330.464800514,330.464763424,330.467131930,330.467094516,25.45180450,-43.32700797,25.45180450,-43.24112369,25.45180450,-43.26229442,25.45005488,-43.32751199,25.45005488,-43.32751199,25.44682481,-43.32641228
Quito,0.0,-78.5,2850.0,2026-07-15T02:30:00,2461236.604166667,star_boo_arcturus,STAR,213.915000,19.182000,-0.05,330.464800514,330.464763424,330.467131930,330.467094516,299.44540626,48.37218331,299.44540626,48.38648642,299.44540626,48.38282171,299.44240967,48.38358380,299.44240967,48.37993938,299.44111248,48.38669818
Quito,0.0,-78.5,2850.0,2026-07-15T02:30:00,2461236.604166667,star_vir_spica,STAR,201.298000,-11.161000,0.98,330.464800514,330.464763424,330.467131930,330.467094516,255.44412108,38.76805316,255.44412108,38.78807190,255.44412108,38.78294382,255.44706922,38.78708520,255.44706922,38.78198754,255.44448646,38.78868627
Quito,0.0,-78.5,2850.0,2026-07-15T02:30:00,2461236.604166667,star_sco_antares,STAR,247.352000,-26.432000,0.96,330.464800514,330.464763424,330.467131930,330.467094516,188.36001287,63.20112498,188.36001287,63.20926045,188.36001287,63.20717569,188.37477522,63.21185142,188.37477522,63.20978006,188.36924127,63.20985984
Quito,0.0,-78.5,2850.0,2026-07-15T02:30:00,2461236.604166667,star_sco_shaula,STAR,263.402000,-37.104000,1.62,330.464800514,330.464763424,330.467131930,330.467094516,164.76726377,51.28020812,164.76726377,51.29311382,164.76726377,51.28980701,164.77659246,51.29893251,164.77659246,51.29564507,164.77424748,51.29603032
Quito,0.0,-78.5,2850.0,2026-07-15T02:30:00,2461236.604166667,star_leo_regulus,STAR,152.093000,11.967000,1.36,330.464800514,330.464763424,330.467131930,330.467094516,281.99859407,-9.31676274,281.99859407,-9.13723182,281.99859407,-9.18261197,281.99675983,-9.31538554,281.99675983,-9.31538554,281.99674776,-9.31262615
Quito,0.0,-78.5,2850.0,2026-07-15T02:30:00,2461236.604166667,star_gem_pollux,STAR,116.329000,28.026000,1.14,330.464800514,330.464763424,330.467131930,330.467094516,307.00939482,-38.83400369,307.00939482,-38.73076232,307.00939482,-38.75634678,307.00490145,-38.83270828,307.00490145,-38.83270828,307.00496298,-38.82945055
Quito,0.0,-78.5,2850.0,2026-07-15T02:30:00,2461236.604166667,star_gem_castor,STAR,113.650000,31.888000,1.58,330.464800514,330.464763424,330.467131930,330.467094516,312.79562564,-39.07617514,312.79562564,-38.97385735,312.79562564,-38.99920596,312.79102306,-39.07513402,312.79102306,-39.07513402,312.79081925,-39.07184689
Quito,0.0,-78.5,2850.0,2026-07-15T02:30:00,2461236.604166667,star_psa_fomalhaut,STAR,344.413000,-29.622000,1.17,330.464800514,330.464763424,330.467131930,330.467094516,119.50587400,-2.45086809,119.50587400,-2.26639025,119.50587400,-2.31305354,119.50908820,-2.44434106,119.50908820,-2.44434106,119.50874495,-2.44751141
Quito,0.0,-78.5,2850.0,2026-07-15T02:30:00,2461236.604166667,star_eri_achernar,STAR,24.429000,-57.237000,0.45,330.464800514,330.464763424,330.467131930,330.467094516,154.57197589,-21.62175651,154.57197589,-21.46335284,154.57197589,-21.50320511,154.57649029,-21.61573930,154.57649029,-21.61573930,154.57662176,-21.61883827
Quito,0.0,-78.5,2850.0,2026-07-15T02:30:00,2461236.604166667,dso_m31_andromeda,GALAXY,10.684000,41.269000,3.44,330.464800514,330.464763424,330.467131930,330.467094516,44.73601894,-21.37944377,44.73601894,-21.22046465,44.73601894,-21.26046734,44.73488824,-21.37766303,44.73488824,-21.37766303,44.73329480,-21.37764898
Quito,0.0,-78.5,2850.0,2026-07-15T02:30:00,2461236.604166667,dso_lmc,GALAXY,80.894000,-69.756000,0.9,330.464800514,330.464763424,330.467131930,330.467094516,183.25542438,-20.02049491,183.25542438,-19.85840791,183.25542438,-19.89922336,183.25940955,-20.01453236,183.25940955,-20.01453236,183.25999821,-20.01672147
Quito,0.0,-78.5,2850.0,2026-07-15T02:30:00,2461236.604166667,dso_smc,GALAXY,13.187000,-72.829000,2.7,330.464800514,330.464763424,330.467131930,330.467094516,165.10241658,-8.93976348,165.10241658,-8.75983920,165.10241658,-8.80532199,165.10694014,-8.93342081,165.10694014,-8.93342081,165.10689396,-8.93626594
Quito,0.0,-78.5,2850.0,2026-07-15T02:30:00,2461236.604166667,dso_m33_triangulum,GALAXY,23.462000,30.660000,5.72,330.464800514,330.464763424,330.467131930,330.467094516,51.32694716,-34.98402225,51.32694716,-34.86644770,51.32694716,-34.89570613,51.32700865,-34.98317298,51.32700865,-34.98317298,51.32441506,-34.98353663
Quito,0.0,-78.5,2850.0,2026-07-15T02:30:00,2461236.604166667,dso_m45_pleiades,STAR_CLUSTER,56.871000,24.105000,1.6,330.464800514,330.464763424,330.467131930,330.467094516,29.46936085,-61.92692944,29.46936085,-61.90445002,29.46936085,-61.90986448,29.46836918,-61.92884944,29.46836918,-61.92884944,29.46212003,-61.92796961
Quito,0.0,-78.5,2850.0,2026-07-15T02:30:00,2461236.604166667,dso_hyades,STAR_CLUSTER,66.750000,15.870000,0.5,330.464800514,330.464763424,330.467131930,330.467094516,16.46908852,-73.36902812,16.46908852,-73.36628003,16.46908852,-73.36693449,16.46512519,-73.37169967,16.46512519,-73.37169967,16.45514177,-73.37012910
Quito,0.0,-78.5,2850.0,2026-07-15T02:30:00,2461236.604166667,dso_m44_beehive,STAR_CLUSTER,130.100000,19.670000,3.7,330.464800514,330.464763424,330.467131930,330.467094516,292.63844108,-29.48173905,292.63844108,-29.34535612,292.63844108,-29.37947305,292.63507395,-29.47991541,292.63507395,-29.47991541,292.63547507,-29.47687286
Quito,0.0,-78.5,2850.0,2026-07-15T02:30:00,2461236.604166667,dso_double_cluster,STAR_CLUSTER,34.740000,57.130000,3.7,330.464800514,330.464763424,330.467131930,330.467094516,21.05379783,-25.68502375,21.05379783,-25.53721220,21.05379783,-25.57430017,21.05130122,-25.68435877,21.05130122,-25.68435877,21.04954943,-25.68302455
Quito,0.0,-78.5,2850.0,2026-07-15T02:30:00,2461236.604166667,dso_coma_cluster,STAR_CLUSTER,185.600000,26.100000,1.8,330.464800514,330.464763424,330.467131930,330.467094516,298.04378074,21.42265904,298.04378074,21.46335311,298.04378074,21.45294282,298.04142673,21.46337155,298.04142673,21.45305546,298.04074494,21.46650416
Quito,0.0,-78.5,2850.0,2026-07-15T02:30:00,2461236.604166667,dso_omega_centauri,GLOBULAR_CLUSTER,201.700000,-47.470000,3.9,330.464800514,330.464763424,330.467131930,330.467094516,214.90809060,25.75571282,214.90809060,25.78890797,214.90809060,25.78041097,214.91336387,25.79237372,214.91336387,25.78394404,214.91149530,25.79174927
Quito,0.0,-78.5,2850.0,2026-07-15T02:30:00,2461236.604166667,dso_47_tucanae,GLOBULAR_CLUSTER,6.020000,-72.080000,4.1,330.464800514,330.464763424,330.467131930,330.467094516,163.44318546,-7.35111835,163.44318546,-7.16969449,163.44318546,-7.21556804,163.44773639,-7.34472602,163.44773639,-7.34472602,163.44763278,-7.34761777
Quito,0.0,-78.5,2850.0,2026-07-15T02:30:00,2461236.604166667,dso_m13_hercules,GLOBULAR_CLUSTER,250.420000,36.460000,5.8,330.464800514,330.464763424,330.467131930,330.467094516,358.23483696,53.56876021,358.23483696,53.58064353,358.23483696,53.57759860,358.22468711,53.58121065,358.22468711,53.57818313,358.22743500,53.58356026
Quito,0.0,-78.5,2850.0,2026-07-15T02:30:00,2461236.604166667,dso_m42_orion_nebula,NEBULA,83.822000,-5.391000,4.0,330.464800514,330.464763424,330.467131930,330.467094516,245.97410134,-76.70593295,245.97410134,-76.70565663,245.97410134,-76.70572228,245.96537504,-76.70197890,245.96537504,-76.70197890,245.97806270,-76.70080042
Quito,0.0,-78.5,2850.0,2026-07-15T02:30:00,2461236.604166667,dso_m8_lagoon,NEBULA,270.920000,-24.380000,6.0,330.464800514,330.464763424,330.467131930,330.467094516,143.80329185,59.23640117,143.80329185,59.24598725,143.80329185,59.24353083,143.81214116,59.25303155,143.81214116,59.25059047,143.81098666,59.24974560
Quito,0.0,-78.5,2850.0,2026-07-15T02:30:00,2461236.604166667,dso_eta_carinae_nebula,NEBULA,161.260000,-59.870000,1.0,330.464800514,330.464763424,330.467131930,330.467094516,209.98563250,-0.22868444,209.98563250,-0.04358636,209.98563250,-0.09040547,209.98924312,0.28528467,209.98924312,0.15978121,209.98894981,0.40062003
Sydney,-33.87,151.21,40.0,2026-07-15T02:30:00,2461236.604166667,star_cma_sirius,STAR,101.287000,-16.716000,-1.46,330.464800514,330.464763424,330.467131930,330.467094516,308.52858332,65.12614424,308.52858332,65.13361202,308.52858332,65.13348410,308.52996194,65.13857200,308.52996194,65.13854241,308.53615944,65.13840481
Sydney,-33.87,151.21,40.0,2026-07-15T02:30:00,2461236.604166667,star_cma_adhara,STAR,104.656000,-28.972000,1.5,330.464800514,330.464763424,330.467131930,330.467094516,284.24863295,74.91378726,284.24863295,74.91813002,284.24863295,74.91805564,284.24455885,74.92326580,284.24455885,74.92324864,284.25282306,74.92374752
Sydney,-33.87,151.21,40.0,2026-07-15T02:30:00,2461236.604166667,star_cma_wezen,STAR,107.098000,-26.393000,1.83,330.464800514,330.464763424,330.467131930,330.467094516,297.23082242,75.58296363,297.23082242,75.58710522,297.23082242,75.58703429,297.23108880,75.59220041,297.23108880,75.59218405,297.23990196,75.59234776
Sydney,-33.87,151.21,40.0,2026-07-15T02:30:00,2461236.604166667,star_cma_mirzam,STAR,95.675000,-17.956000,1.98,330.464800514,330.464763424,330.467131930,330.467094516,298.22261814,62.06983710,298.22261814,62.07837548,298.22261814,62.07822921,298.22184210,62.08350307,298.22184210,62.08346923,298.22763109,62.08360414
Sydney,-33.87,151.21,40.0,2026-07-15T02:30:00,2461236.604166667,star_cmi_procyon,STAR,114.825000,5.225000,0.34,330.464800514,330.464763424,330.467131930,330.467094516,349.78944648,50.48340490,349.78944648,50.49668183,349.78944648,50.49645428,349.79355432,50.50003954,349.79355432,50.49998689,349.79775531,50.49888733
Sydney,-33.87,151.21,40.0,2026-07-15T02:30:00,2461236.604166667,star_car_canopus,STAR,95.987000,-52.695000,-0.74,330.464800514,330.464763424,330.467131930,330.467094516,216.28927408,63.79785456,216.28927408,63.80578073,216.28927408,63.80564495,216.27591922,63.80781245,216.27591922,63.80778104,216.27901505,63.80929936
Sydney,-33.87,151.21,40.0,2026-07-15T02:30:00,2461236.604166667,star_car_miaplacidus,STAR,138.300000,-69.720000,1.67,330.464800514,330.464763424,330.467131930,330.467094516,170.56304415,52.87939279,170.56304415,52.89157757,170.56304415,52.89136876,170.55265568,52.89074298,170.55265568,52.89069466,170.55422766,52.89181235
Sydney,-33.87,151.21,40.0,2026-07-15T02:30:00,2461236.604166667,star_cen_rigil_kent,STAR,219.900000,-60.833000,-0.01,330.464800514,330.464763424,330.467131930,330.467094516,147.96531659,25.21169734,147.96531659,25.24570380,147.96531659,25.24511857,147.95807517,25.24592388,147.95807517,25.24578945,147.96035889,25.24651059
Sydney,-33.87,151.21,40.0,2026-07-15T02:30:00,2461236.604166667,star_cen_hadar,STAR,210.956000,-60.373000,0.61,330.464800514,330.464763424,330.467131930,330.467094516,145.69245635,29.13236266,145.69245635,29.16114193,145.69245635,29.16064735,145.68531277,29.16098402,145.68531277,29.16087012,145.68746365,29.16149955
Sydney,-33.87,151.21,40.0,2026-07-15T02:30:00,2461236.604166667,star_lyr_vega,STAR,279.234000,38.783000,0.03,330.464800514,330.464763424,330.467131930,330.467094516,68.12487650,-71.49119237,68.12487650,-71.48643859,68.12487650,-71.48651626,68.12570661,-71.48487738,68.12570661,-71.48487738,68.13123360,-71.48612403
Sydney,-33.87,151.21,40.0,2026-07-15T02:30:00,2461236.604166667,star_cyg_deneb,STAR,310.358000,45.280000,1.25,330.464800514,330.464763424,330.467131930,330.467094516,331.93464158,-76.62197645,331.93464158,-76.62165400,331.93464158,-76.62165912,331.95742697,-76.62340098,331.95742697,-76.62340098,331.95475577,-76.62413036
Sydney,-33.87,151.21,40.0,2026-07-15T02:30:00,2461236.604166667,star_cyg_sadr,STAR,305.557000,40.260000,2.23,330.464800514,330.464763424,330.467131930,330.467094516,334.28686627,-82.73959867,334.28686627,-82.74082393,334.28686627,-82.74080486,334.33178341,-82.74096631,334.33178341,-82.74096631,334.32449894,-82.74175023
Sydney,-33.87,151.21,40.0,2026-07-15T02:30:00,2461236.604166667,star_cyg_albireo,STAR,292.680000,27.960000,3.05,330.464800514,330.464763424,330.467131930,330.467094516,125.72944111,-80.50811126,125.72944111,-80.50915932,125.72944111,-80.50914291,125.69888292,-80.50368830,125.69888292,-80.50368830,125.71089102,-80.50362365
Sydney,-33.87,151.21,40.0,2026-07-15T02:30:00,2461236.604166667,star_aql_altair,STAR,297.696000,8.868000,0.76,330.464800514,330.464763424,330.467131930,330.467094516,171.48368052,-64.84059120,171.48368052,-64.82485448,171.48368052,-64.82512408,171.46625052,-64.84041967,171.46625052,-64.84041967,171.47133997,-64.83928700
Sydney,-33.87,151.21,40.0,2026-07-15T02:30:00,2461236.604166667,star_ori_betelgeuse,STAR,88.793000,7.407000,0.5,330.464800514,330.464763424,330.467131930,330.467094516,317.06381272,38.48475939,317.06381272,38.50498123,317.06381272,38.50463433,317.06456991,38.50952873,317.06456991,38.50944859,317.06867668,38.50910070
Sydney,-33.87,151.21,40.0,2026-07-15T02:30:00,2461236.604166667,star_ori_rigel,STAR,78.634000,-8.202000,0.13,330.464800514,330.464763424,330.467131930,330.467094516,293.15693954,43.07453773,293.15693954,43.09174320,293.15693954,43.09144818,293.15523044,43.09654547,293.15523044,43.09647726,293.15956272,43.09675123
Sydney,-33.87,151.21,40.0,2026-07-15T02:30:00,2461236.604166667,star_ori_bellatrix,STAR,81.283000,6.350000,1.64,330.464800514,330.464763424,330.467131930,330.467094516,308.91826831,34.74077864,308.91826831,34.76394453,308.91826831,34.76354690,308.91820997,34.76850447,308.91820997,34.76841270,308.92219224,34.76828689
Sydney,-33.87,151.21,40.0,2026-07-15T02:30:00,2461236.604166667,star_ori_saiph,STAR,86.939000,-9.670000,2.07,330.464800514,330.464763424,330.467131930,330.467094516,299.38692972,50.23547270,299.38692972,50.24886686,299.38692972,50.24863730,299.38600682,50.25383412,299.38600682,50.25378101,299.39076241,50.25388632
Sydney,-33.87,151.21,40.0,2026-07-15T02:30:00,2461236.604166667,star_ori_alnitak,STAR,85.190000,-1.940000,1.77,330.464800514,330.464763424,330.467131930,330.467094516,305.58121214,43.53124505,305.58121214,43.54817878,305.58121214,43.54788843,305.58092180,43.55296160,305.58092180,43.55289446,305.58529782,43.55284007
Sydney,-33.87,151.21,40.0,2026-07-15T02:30:00,2461236.604166667,star_ori_alnilam,STAR,84.053000,-1.202000,1.69,330.464800514,330.464763424,330.467131930,330.467094516,305.12725581,42.21761914,305.12725581,42.23534710,305.12725581,42.23504309,305.12689589,42.24010482,305.12689589,42.24003455,305.13120747,42.23999363
Sydney,-33.87,151.21,40.0,2026-07-15T02:30:00,2461236.604166667,star_ori_mintaka,STAR,83.002000,-0.299000,2.23,330.464800514,330.464763424,330.467131930,330.467094516,304.92295569,40.84057736,304.92295569,40.85918175,304.92295569,40.85886268,304.92255680,40.86390919,304.92255680,40.86383545,304.92680339,40.86380177
Sydney,-33.87,151.21,40.0,2026-07-15T02:30:00,2461236.604166667,star_tau_aldebaran,STAR,68.980000,16.509000,0.85,330.464800514,330.464763424,330.467131930,330.467094516,306.59377472,19.12350262,306.59377472,19.16943288,306.59377472,19.16863917,306.59354701,19.17359553,306.59354701,19.17341458,306.59700664,19.17354665
Sydney,-33.87,151.21,40.0,2026-07-15T02:30:00,2461236.604166667,star_tau_elnath,STAR,81.573000,28.608000,1.65,330.464800514,330.464763424,330.467131930,330.467094516,324.09903099,17.08450434,324.09903099,17.13615850,324.09903099,17.13526367,324.10010498,17.14038762,324.10010498,17.14018445,324.10347510,17.13995653
Sydney,-33.87,151.21,40.0,2026-07-15T02:30:00,2461236.604166667,star_aur_capella,STAR,79.172000,45.998000,0.08,330.464800514,330.464763424,330.467131930,330.467094516,332.29383124,1.56041819,332.29383124,1.74567293,332.29383124,1.73985634,332.29553380,1.87149484,332.29553380,1.87031070,332.29850366,1.90418064
Sydney,-33.87,151.21,40.0,2026-07-15T02:30:00,2461236.604166667,star_umi_polaris,STAR,37.954000,89.264000,1.98,330.464800514,330.464763424,330.467131930,330.467094516,359.26853071,-33.70820617,359.26853071,-33.58606727,359.26853071,-33.58902645,359.27255582,-33.70585753,359.27255582,-33.70585753,359.27492280,-33.70711722
Sydney,-33.87,151.21,40.0,2026-07-15T02:30:00,2461236.604166667,star_uma_dubhe,STAR,165.932000,61.751000,1.79,330.464800514,330.464763424,330.467131930,330.467094516,19.98539142,-12.09311595,19.98539142,-11.91693292,19.98539142,-11.92225218,19.98770888,-12.08990862,19.98770888,-12.08990862,19.99056775,-12.09138734
Sydney,-33.87,151.21,40.0,2026-07-15T02:30:00,2461236.604166667,star_uma_merak,STAR,165.460000,56.380000,2.37,330.464800514,330.464763424,330.467131930,330.467094516,22.99848676,-7.60984889,22.99848676,-7.42865196,22.99848676,-7.43425543,23.00060579,-7.60670822,23.00060579,-7.60670822,23.00350325,-7.60820323
Sydney,-33.87,151.21,40.0,2026-07-15T02:30:00,2461236.604166667,star_uma_alioth,STAR,193.507000,55.960000,1.77,330.464800514,330.464763424,330.467131930,330.467094516,34.32687405,-18.53310818,34.32687405,-18.36785257,34.32687405,-18.37259519,34.32864319,-18.52935975,34.32864319,-18.52935975,34.33158626,-18.53087882
Sydney,-33.87,151.21,40.0,2026-07-15T02:30:00,2461236.604166667,star_uma_mizar,STAR,200.981000,54.925000,2.23,330.464800514,330.464763424,330.467131930,330.467094516,37.59147814,-21.63601253,37.59147814,-21.47764291,37.59147814,-21.48205317,37.59311274,-21.63205887,37.59311274,-21.63205887,37.59609184,-21.63357387
Sydney,-33.87,151.21,40.0,2026-07-15T02:30:00,2461236.604166667,star_uma_alkaid,STAR,206.885000,49.313000,1.85,330.464800514,330.464763424,330.467131930,330.467094516,44.75776333,-22.26950898,44.75776333,-22.11267504,44.75776333,-22.11701415,44.75887499,-22.26537378,44.75887499,-22.26537378,44.76193257,-22.26686264
Sydney,-33.87,151.21,40.0,2026-07-15T02:30:00,2461236.604166667,star_cas_schedar,STAR,10.127000,56.537000,2.24,330.464800514,330.464763424,330.467131930,330.467094516,318.70861092,-39.07985132,318.70861092,-38.97754756,318.70861092,-38.97986524,318.71193625,-39.08059714,318.71193625,-39.08059714,318.71368056,-39.08100180
Sydney,-33.87,151.21,40.0,2026-07-15T02:30:00,2461236.604166667,star_cas_caph,STAR,2.293000,59.150000,2.28,330.464800514,330.464763424,330.467131930,330.467094516,322.21054319,-43.22991570,322.21054319,-43.14365377,322.21054319,-43.14550978,322.21465322,-43.23066521,322.21465322,-43.23066521,322.21623596,-43.23115858
Sydney,-33.87,151.21,40.0,2026-07-15T02:30:00,2461236.604166667,star_per_mirfak,STAR,51.080000,49.860000,1.79,330.464800514,330.464763424,330.467131930,330.467094516,321.38250640,-14.18044808,321.38250640,-14.00731550,321.38250640,-14.01246743,321.38415697,-14.17941310,321.38415697,-14.17941310,321.38672575,-14.17988560
Sydney,-33.87,151.21,40.0,2026-07-15T02:30:00,2461236.604166667,star_per_algol,STAR,47.040000,40.960000,2.12,330.464800514,330.464763424,330.467131930,330.467094516,312.28156817,-11.28265846,312.28156817,-11.10541530,312.28156817,-11.11079382,312.28249634,-11.28179409,312.28249634,-11.28179409,312.28513062,-11.28203223
Sydney,-33.87,151.21,40.0,2026-07-15T02:30:00,2461236.604166667,star_boo_arcturus,STAR,213.915000,19.182000,-0.05,330.464800514,330.464763424,330.467131930,330.467094516,75.30216525,-12.53029471,75.30216525,-12.35471223,75.30216525,-12.35999816,75.30050933,-12.52679305,75.30050933,-12.52679305,75.30366900,-12.52792149
Sydney,-33.87,151.21,40.0,2026-07-15T02:30:00,2461236.604166667,star_vir_spica,STAR,201.298000,-11.161000,0.98,330.464800514,330.464763424,330.467131930,330.467094516,94.00176538,14.53441926,94.00176538,14.59528937,94.00176538,14.59422992,93.99895538,14.59730931,93.99895538,14.59707047,94.00154537,14.59682856
Sydney,-33.87,151.21,40.0,2026-07-15T02:30:00,2461236.604166667,star_sco_antares,STAR,247.352000,-26.432000,0.96,330.464800514,330.464763424,330.467131930,330.467094516,132.56254580,-10.90241007,132.56254580,-10.72469321,132.56254580,-10.73009837,132.55571782,-10.90070858,132.55571782,-10.90070858,132.55894020,-10.90046328
Sydney,-33.87,151.21,40.0,2026-07-15T02:30:00,2461236.604166667,star_sco_shaula,STAR,263.402000,-37.104000,1.62,330.464800514,330.464763424,330.467131930,330.467094516,150.15847692,-10.75700003,150.15847692,-10.57910600,150.15847692,-10.58452116,150.15060870,-10.75598767,150.15060870,-10.75598767,150.15379973,-10.75530060
Sydney,-33.87,151.21,40.0,2026-07-15T02:30:00,2461236.604166667,star_leo_regulus,STAR,152.093000,11.967000,1.36,330.464800514,330.464763424,330.467131930,330.467094516,38.08055559,35.72709254,38.08055559,35.74943195,38.08055559,35.74904857,38.08310254,35.75094332,38.08310254,35.75085481,38.08594437,35.74936291
Sydney,-33.87,151.21,40.0,2026-07-15T02:30:00,2461236.604166667,star_gem_pollux,STAR,116.329000,28.026000,1.14,330.464800514,330.464763424,330.467131930,330.467094516,355.05800427,27.99045122,355.05800427,28.02061600,355.05800427,28.02009742,355.06062324,28.02435091,355.06062324,28.02423159,355.06405633,28.02309843
Sydney,-33.87,151.21,40.0,2026-07-15T02:30:00,2461236.604166667,star_gem_castor,STAR,113.650000,31.888000,1.58,330.464800514,330.464763424,330.467131930,330.467094516,352.93396718,23.90962114,352.93396718,23.94570591,352.93396718,23.94508453,352.93641489,23.94961857,352.93641489,23.94947604,352.93978447,23.94842517
Sydney,-33.87,151.21,40.0,2026-07-15T02:30:00,2461236.604166667,star_psa_fomalhaut,STAR,344.413000,-29.622000,1.17,330.464800514,330.464763424,330.467131930,330.467094516,217.95046552,-14.68491005,217.95046552,-14.51258468,217.95046552,-14.51769316,217.94310800,-14.68599006,217.94310800,-14.68599006,217.94600914,-14.68447580
Sydney,-33.87,151.21,40.0,2026-07-15T02:30:00,2461236.604166667,star_eri_achernar,STAR,24.429000,-57.237000,0.45,330.464800514,330.464763424,330.467131930,330.467094516,216.30068421,24.38990424,216.30068421,24.42519877,216.30068421,24.42459114,216.29279655,24.42718148,216.29279655,24.42704202,216.29576656,24.42865505
Sydney,-33.87,151.21,40.0,2026-07-15T02:30:00,2461236.604166667,dso_m31_andromeda,GALAXY,10.684000,41.269000,3.44,330.464800514,330.464763424,330.467131930,330.467094516,299.80064969,-36.01609103,299.80064969,-35.90228375,299.80064969,-35.90496290,299.80198375,-36.01778176,299.80198375,-36.01778176,299.80381481,-36.01768998
Sydney,-33.87,151.21,40.0,2026-07-15T02:30:00,2461236.604166667,dso_lmc,GALAXY,80.894000,-69.756000,0.9,330.464800514,330.464763424,330.467131930,330.467094516,199.70483939,47.76543744,199.70483939,47.78004780,199.70483939,47.77979736,199.69457715,47.78112059,199.69457715,47.78106264,199.69711807,47.78254253
Sydney,-33.87,151.21,40.0,2026-07-15T02:30:00,2461236.604166667,dso_smc,GALAXY,13.187000,-72.829000,2.7,330.464800514,330.464763424,330.467131930,330.467094516,198.50974198,27.04068213,198.50974198,27.07207934,198.50974198,27.07153940,198.50117064,27.07340917,198.50117064,27.07328499,198.50390663,27.07481970
Sydney,-33.87,151.21,40.0,2026-07-15T02:30:00,2461236.604166667,dso_m33_triangulum,GALAXY,23.462000,30.660000,5.72,330.464800514,330.464763424,330.467131930,330.467094516,292.91885166,-22.49497899,292.91885166,-22.33870216,292.91885166,-22.34301571,292.91866497,-22.49583671,292.91866497,-22.49583671,292.92097963,-22.49556384
Sydney,-33.87,151.21,40.0,2026-07-15T02:30:00,2461236.604166667,dso_m45_pleiades,STAR_CLUSTER,56.871000,24.105000,1.6,330.464800514,330.464763424,330.467131930,330.467094516,304.22940676,5.66947812,304.22940676,5.81069122,304.22940676,5.80796990,304.22921394,5.81563962,304.22921394,5.81508649,304.23229842,5.82001454
Sydney,-33.87,151.21,40.0,2026-07-15T02:30:00,2461236.604166667,dso_hyades,STAR_CLUSTER,66.750000,15.870000,0.5,330.464800514,330.464763424,330.467131930,330.467094516,304.51665324,18.06599731,304.51665324,18.11474721,304.51665324,18.11390379,304.51626521,18.11885565,304.51626521,18.11866374,304.51969439,18.11889307
Sydney,-33.87,151.21,40.0,2026-07-15T02:30:00,2461236.604166667,dso_m44_beehive,STAR_CLUSTER,130.100000,19.670000,3.7,330.464800514,330.464763424,330.467131930,330.467094516,10.25066952,35.89887091,10.25066952,35.92107037,10.25066952,35.92068940,10.25389968,35.92390005,10.25389968,35.92381210,10.25726322,35.92243513
Sydney,-33.87,151.21,40.0,2026-07-15T02:30:00,2461236.604166667,dso_double_cluster,STAR_CLUSTER,34.740000,57.130000,3.7,330.464800514,330.464763424,330.467131930,330.467094516,323.01291301,-26.17040124,323.01291301,-26.02397119,323.01291301,-26.02785384,323.01535010,-26.17004898,323.01535010,-26.17004898,323.01758102,-26.17056240
Sydney,-33.87,151.21,40.0,2026-07-15T02:30:00,2461236.604166667,dso_coma_cluster,STAR_CLUSTER,185.600000,26.100000,1.8,330.464800514,330.464763424,330.467131930,330.467094516,54.34381375,4.60798861,54.34381375,4.77006807,54.34381375,4.76672236,54.34418206,4.77918576,54.34418206,4.77853852,54.34707162,4.78462106
Sydney,-33.87,151.21,40.0,2026-07-15T02:30:00,2461236.604166667,dso_omega_centauri,GLOBULAR_CLUSTER,201.700000,-47.470000,3.9,330.464800514,330.464763424,330.467131930,330.467094516,129.64247336,30.31469730,129.64247336,30.34214098,129.64247336,30.34166950,129.63659683,30.34175000,129.63659683,30.34164136,129.63864763,30.34185292
Sydney,-33.87,151.21,40.0,2026-07-15T02:30:00,2461236.604166667,dso_47_tucanae,GLOBULAR_CLUSTER,6.020000,-72.080000,4.1,330.464800514,330.464763424,330.467131930,330.467094516,197.98980049,24.80399582,197.98980049,24.83863156,197.98980049,24.83803539,197.98131482,24.83998669,197.98131482,24.83984981,197.98406334,24.84140570
Sydney,-33.87,151.21,40.0,2026-07-15T02:30:00,2461236.604166667,dso_m13_hercules,GLOBULAR_CLUSTER,250.420000,36.460000,5.8,330.464800514,330.464763424,330.467131930,330.467094516,71.38770726,-48.69531380,71.38770726,-48.63007980,71.38770726,-48.63139419,71.38636539,-48.68948842,71.38636539,-48.68948842,71.39036628,-48.69068367
Sydney,-33.87,151.21,40.0,2026-07-15T02:30:00,2461236.604166667,dso_m42_orion_nebula,NEBULA,83.822000,-5.391000,4.0,330.464800514,330.464763424,330.467131930,330.467094516,300.85006408,45.05057800,300.85006408,45.06663920,300.85006408,45.06636384,300.84925687,45.07148851,300.84925687,45.07142483,300.85371138,45.07149440
Sydney,-33.87,151.21,40.0,2026-07-15T02:30:00,2461236.604166667,dso_m8_lagoon,NEBULA,270.920000,-24.380000,6.0,330.464800514,330.464763424,330.467131930,330.467094516,149.49031961,-25.00115935,149.49031961,-24.85144260,149.49031961,-24.85546488,149.48171912,-24.99954809,149.48171912,-24.99954809,149.48528831,-24.99887689
Sydney,-33.87,151.21,40.0,2026-07-15T02:30:00,2461236.604166667,dso_eta_carinae_nebula,NEBULA,161.260000,-59.870000,1.0,330.464800514,330.464763424,330.467131930,330.467094516,147.64106156,53.26248805,147.64106156,53.27450463,147.64106156,53.27429871,147.63251869,53.27255237,147.63251869,53.27250471,147.63359822,53.27313304
Tehran,35.69,51.39,1200.0,2026-07-15T02:30:00,2461236.604166667,star_cma_sirius,STAR,101.287000,-16.716000,-1.46,330.464800514,330.464763424,330.467131930,330.467094516,109.49844046,-1.67864108,109.49844046,-1.49389414,109.49844046,-1.51770199,109.49870679,-1.68344195,109.49870679,-1.68344195,109.49611682,-1.68377416
Tehran,35.69,51.39,1200.0,2026-07-15T02:30:00,2461236.604166667,star_cma_adhara,STAR,104.656000,-28.972000,1.5,330.464800514,330.464763424,330.467131930,330.467094516,117.68689998,-11.36207170,117.68689998,-11.18492938,117.68689998,-11.20762040,117.68693184,-11.36726232,117.68693184,-11.36726232,117.68468183,-11.36731363
Tehran,35.69,51.39,1200.0,2026-07-15T02:30:00,2461236.604166667,star_cma_wezen,STAR,107.098000,-26.393000,1.83,330.464800514,330.464763424,330.467131930,330.467094516,114.26916389,-11.69642554,114.26916389,-11.51971500,114.26916389,-11.54234231,114.26911363,-11.70147277,114.26911363,-11.70147277,114.26687427,-11.70164179
Tehran,35.69,51.39,1200.0,2026-07-15T02:30:00,2461236.604166667,star_cma_mirzam,STAR,95.675000,-17.956000,1.98,330.464800514,330.464763424,330.467131930,330.467094516,113.74803613,1.81103617,113.74803613,1.99628844,113.74803613,1.97242014,113.74849026,2.09720272,113.74849026,2.06511994,113.74578098,2.12570292
Tehran,35.69,51.39,1200.0,2026-07-15T02:30:00,2461236.604166667,star_cmi_procyon,STAR,114.825000,5.225000,0.34,330.464800514,330.464763424,330.467131930,330.467094516,83.87275203,0.32765656,83.87275203,0.51283609,83.87275203,0.48897146,83.87295224,0.75614912,83.87295224,0.70848049,83.87029590,0.83291098
Tehran,35.69,51.39,1200.0,2026-07-15T02:30:00,2461236.604166667,star_car_canopus,STAR,95.987000,-52.695000,-0.74,330.464800514,330.464763424,330.467131930,330.467094516,141.83192759,-19.31135601,141.83192759,-19.14772790,141.83192759,-19.16844937,141.83236385,-19.31758419,141.83236385,-19.31758419,141.83035597,-19.31682278
Tehran,35.69,51.39,1200.0,2026-07-15T02:30:00,2461236.604166667,star_car_miaplacidus,STAR,138.300000,-69.720000,1.67,330.464800514,330.464763424,330.467131930,330.467094516,155.35764769,-42.26534349,155.35764769,-42.17533111,155.35764769,-42.18614094,155.35755714,-42.27182921,155.35755714,-42.27182921,155.35636005,-42.27066233
Tehran,35.69,51.39,1200.0,2026-07-15T02:30:00,2461236.604166667,star_cen_rigil_kent,STAR,219.900000,-60.833000,-0.01,330.464800514,330.464763424,330.467131930,330.467094516,199.29088717,-62.11137157,199.29088717,-62.08935279,199.29088717,-62.09187439,199.29494855,-62.11776220,199.29494855,-62.11776220,199.29294225,-62.11581499
Tehran,35.69,51.39,1200.0,2026-07-15T02:30:00,2461236.604166667,star_cen_hadar,STAR,210.956000,-60.373000,0.61,330.464800514,330.464763424,330.467131930,330.467094516,190.93993874,-64.43432452,190.93993874,-64.41771705,190.93993874,-64.41961028,190.94269519,-64.44061021,190.94269519,-64.44061021,190.94134087,-64.43873292
Tehran,35.69,51.39,1200.0,2026-07-15T02:30:00,2461236.604166667,star_lyr_vega,STAR,279.234000,38.783000,0.03,330.464800514,330.464763424,330.467131930,330.467094516,308.55231634,13.28455486,308.55231634,13.35111050,308.55231634,13.34301622,308.55660845,13.34777535,308.55660845,13.34027698,308.55442146,13.34783415
Tehran,35.69,51.39,1200.0,2026-07-15T02:30:00,2461236.604166667,star_cyg_deneb,STAR,310.358000,45.280000,1.25,330.464800514,330.464763424,330.467131930,330.467094516,303.86308766,36.75973288,303.86308766,36.78124784,303.86308766,36.77862302,303.86697241,36.77738922,303.86697241,36.77493787,303.86579643,36.77716045
Tehran,35.69,51.39,1200.0,2026-07-15T02:30:00,2461236.604166667,star_cyg_sadr,STAR,305.557000,40.260000,2.23,330.464800514,330.464763424,330.467131930,330.467094516,299.50792430,31.79409122,299.50792430,31.81998880,299.50792430,31.81682983,299.51201432,31.81605241,299.51201432,31.81310394,299.51059204,31.81597354
Tehran,35.69,51.39,1200.0,2026-07-15T02:30:00,2461236.604166667,star_cyg_albireo,STAR,292.680000,27.960000,3.05,330.464800514,330.464763424,330.467131930,330.467094516,292.83304255,16.72494523,292.83304255,16.77774186,292.83304255,16.77131268,292.83759987,16.77393191,292.83759987,16.76796113,292.83554273,16.77427323
Tehran,35.69,51.39,1200.0,2026-07-15T02:30:00,2461236.604166667,star_aql_altair,STAR,297.696000,8.868000,0.76,330.464800514,330.464763424,330.467131930,330.467094516,273.74340447,10.18343343,273.74340447,10.26934791,273.74340447,10.25892233,273.74835325,10.26516651,273.74835325,10.25552965,273.74602649,10.26696429
Tehran,35.69,51.39,1200.0,2026-07-15T02:30:00,2461236.604166667,star_ori_betelgeuse,STAR,88.793000,7.407000,0.5,330.464800514,330.464763424,330.467131930,330.467094516,97.38380439,22.71654383,97.38380439,22.75472390,97.38380439,22.75006969,97.38456812,22.75200188,97.38456812,22.74766735,97.38115270,22.75124459
Tehran,35.69,51.39,1200.0,2026-07-15T02:30:00,2461236.604166667,star_ori_rigel,STAR,78.634000,-8.202000,0.13,330.464800514,330.464763424,330.467131930,330.467094516,117.31145170,20.72321310,117.31145170,20.76538636,117.31145170,20.76024670,117.31249712,20.76229271,117.31249712,20.75750970,117.30910267,20.76223281
Tehran,35.69,51.39,1200.0,2026-07-15T02:30:00,2461236.604166667,star_ori_bellatrix,STAR,81.283000,6.350000,1.64,330.464800514,330.464763424,330.467131930,330.467094516,103.21432834,28.10199042,103.21432834,28.13201541,103.21432834,28.12835367,103.21526325,28.12926638,103.21526325,28.12585106,103.21160141,28.12866316
Tehran,35.69,51.39,1200.0,2026-07-15T02:30:00,2461236.604166667,star_ori_saiph,STAR,86.939000,-9.670000,2.07,330.464800514,330.464763424,330.467131930,330.467094516,112.74418083,13.62098373,112.74418083,13.68591603,112.74418083,13.67801788,112.74496214,13.68285808,112.74496214,13.67553960,112.74183914,13.68298068
Tehran,35.69,51.39,1200.0,2026-07-15T02:30:00,2461236.604166667,star_ori_alnitak,STAR,85.190000,-1.940000,1.77,330.464800514,330.464763424,330.467131930,330.467094516,107.70466926,19.90731955,107.70466926,19.95133924,107.70466926,19.94597523,107.70551537,19.94842942,107.70551537,19.94343950,107.70216682,19.94805784
Tehran,35.69,51.39,1200.0,2026-07-15T02:30:00,2461236.604166667,star_ori_alnilam,STAR,84.053000,-1.202000,1.69,330.464800514,330.464763424,330.467131930,330.467094516,107.86025735,21.25455739,107.86025735,21.29559875,107.86025735,21.29059666,107.86113523,21.29269306,107.86113523,21.28803708,107.85773429,21.29230122
Tehran,35.69,51.39,1200.0,2026-07-15T02:30:00,2461236.604166667,star_ori_mintaka,STAR,83.002000,-0.299000,2.23,330.464800514,330.464763424,330.467131930,330.467094516,107.82217429,22.63961222,107.82217429,22.67793436,107.82217429,22.67326287,107.82308068,22.67504010,107.82308068,22.67068956,107.81962538,22.67462772
Tehran,35.69,51.39,1200.0,2026-07-15T02:30:00,2461236.604166667,star_tau_aldebaran,STAR,68.980000,16.509000,0.85,330.464800514,330.464763424,330.467131930,330.467094516,101.69057685,43.80705295,101.69057685,43.82382475,101.69057685,43.82177830,101.69167126,43.82162509,101.69167126,43.81971314,101.68721592,43.82097184
Tehran,35.69,51.39,1200.0,2026-07-15T02:30:00,2461236.604166667,star_tau_elnath,STAR,81.573000,28.608000,1.65,330.464800514,330.464763424,330.467131930,330.467094516,80.00313436,39.38661573,80.00313436,39.40619949,80.00313436,39.40381012,80.00392059,39.40386440,80.00392059,39.40163259,80.00001546,39.40255181
Tehran,35.69,51.39,1200.0,2026-07-15T02:30:00,2461236.604166667,star_aur_capella,STAR,79.172000,45.998000,0.08,330.464800514,330.464763424,330.467131930,330.467094516,57.89443304,46.08231658,57.89443304,46.09781100,57.89443304,46.09592034,57.89513069,46.09556270,57.89513069,46.09379619,57.89149723,46.09377366
Tehran,35.69,51.39,1200.0,2026-07-15T02:30:00,2461236.604166667,star_umi_polaris,STAR,37.954000,89.264000,1.98,330.464800514,330.464763424,330.467131930,330.467094516,0.32388322,36.26198552,0.32388322,36.28389288,0.32388322,36.28122023,0.32595663,36.28086185,0.32595663,36.27836602,0.32400883,36.27906457
Tehran,35.69,51.39,1200.0,2026-07-15T02:30:00,2461236.604166667,star_uma_dubhe,STAR,165.932000,61.751000,1.79,330.464800514,330.464763424,330.467131930,330.467094516,16.37120667,11.47536366,16.37120667,11.55209565,16.37120667,11.54277408,16.37312619,11.55012666,16.37312619,11.54150466,16.37056783,11.54886063
Tehran,35.69,51.39,1200.0,2026-07-15T02:30:00,2461236.604166667,star_uma_merak,STAR,165.460000,56.380000,2.37,330.464800514,330.464763424,330.467131930,330.467094516,19.20968434,6.88620092,19.20968434,7.00757626,19.20968434,6.99291685,19.21153169,7.00616573,19.21153169,6.99257731,19.20892573,7.00704849
Tehran,35.69,51.39,1200.0,2026-07-15T02:30:00,2461236.604166667,star_uma_alioth,STAR,193.507000,55.960000,1.77,330.464800514,330.464763424,330.467131930,330.467094516,4.51877451,1.76818466,4.51877451,1.95343777,4.51877451,1.92956912,4.52126567,2.05886941,4.52126567,2.02646846,4.51864383,2.08663637
Tehran,35.69,51.39,1200.0,2026-07-15T02:30:00,2461236.604166667,star_uma_mizar,STAR,200.981000,54.925000,2.23,330.464800514,330.464763424,330.467131930,330.467094516,0.35002815,0.48198385,0.35002815,0.66718074,0.35002815,0.64331421,0.35271800,0.89207339,0.35271800,0.84651025,0.35007871,0.96009758
Tehran,35.69,51.39,1200.0,2026-07-15T02:30:00,2461236.604166667,star_uma_alkaid,STAR,206.885000,49.313000,1.85,330.464800514,330.464763424,330.467131930,330.467094516,356.52874589,-4.99547551,356.52874589,-4.81229091,356.52874589,-4.83587400,356.53169597,-4.99853553,356.53169597,-4.99853553,356.52895546,-5.00019985
Tehran,35.69,51.39,1200.0,2026-07-15T02:30:00,2461236.604166667,star_cas_schedar,STAR,10.127000,56.537000,2.24,330.464800514,330.464763424,330.467131930,330.467094516,343.48035876,67.65656069,343.48035876,67.66318142,343.48035876,67.66237342,343.48174828,67.66069929,343.48174828,67.65994525,343.48254161,67.65929513
Tehran,35.69,51.39,1200.0,2026-07-15T02:30:00,2461236.604166667,star_cas_caph,STAR,2.293000,59.150000,2.28,330.464800514,330.464763424,330.467131930,330.467094516,338.05461335,63.28265126,338.05461335,63.29075801,338.05461335,63.28976867,338.05654350,63.28799894,338.05654350,63.28707509,338.05695258,63.28672809
Tehran,35.69,51.39,1200.0,2026-07-15T02:30:00,2461236.604166667,star_per_mirfak,STAR,51.080000,49.860000,1.79,330.464800514,330.464763424,330.467131930,330.467094516,47.15448596,64.22945282,47.15448596,64.23722893,47.15448596,64.23627994,47.15439669,64.23559006,47.15439669,64.23470403,47.15048593,64.23368160
Tehran,35.69,51.39,1200.0,2026-07-15T02:30:00,2461236.604166667,star_per_algol,STAR,47.040000,40.960000,2.12,330.464800514,330.464763424,330.467131930,330.467094516,67.23155179,69.29617830,67.23155179,69.30226654,67.23155179,69.30152352,67.23107861,69.30125167,67.23107861,69.30055854,67.22520809,69.29967430
Tehran,35.69,51.39,1200.0,2026-07-15T02:30:00,2461236.604166667,star_boo_arcturus,STAR,213.915000,19.182000,-0.05,330.464800514,330.464763424,330.467131930,330.467094516,345.85835093,-34.00827118,345.85835093,-33.88719598,345.85835093,-33.90204584,345.86265909,-34.00955117,345.86265909,-34.00955117,345.85909696,-34.01098933
Tehran,35.69,51.39,1200.0,2026-07-15T02:30:00,2461236.604166667,star_vir_spica,STAR,201.298000,-11.161000,0.98,330.464800514,330.464763424,330.467131930,330.467094516,0.49024847,-65.60973889,0.49024847,-65.59558802,0.49024847,-65.59719766,0.49476820,-65.60773691,0.49476820,-65.60773691,0.49002896,-65.60947091
Tehran,35.69,51.39,1200.0,2026-07-15T02:30:00,2461236.604166667,star_sco_antares,STAR,247.352000,-26.432000,0.96,330.464800514,330.464763424,330.467131930,330.467094516,270.09010620,-49.99704593,270.09010620,-49.93666738,270.09010620,-49.94377662,270.09884573,-50.00111317,270.09884573,-50.00111317,270.09413980,-50.00015262
Tehran,35.69,51.39,1200.0,2026-07-15T02:30:00,2461236.604166667,star_sco_shaula,STAR,263.402000,-37.104000,1.62,330.464800514,330.464763424,330.467131930,330.467094516,248.88783728,-41.00126777,248.88783728,-40.90635318,248.88783728,-40.91778903,248.89482936,-41.00707306,248.89482936,-41.00707306,248.89108392,-41.00555277
Tehran,35.69,51.39,1200.0,2026-07-15T02:30:00,2461236.604166667,star_leo_regulus,STAR,152.093000,11.967000,1.36,330.464800514,330.464763424,330.467131930,330.467094516,54.09507650,-23.42257104,54.09507650,-23.26864399,54.09507650,-23.28798553,54.09515859,-23.42484241,54.09515859,-23.42484241,54.09287219,-23.42663490
Tehran,35.69,51.39,1200.0,2026-07-15T02:30:00,2461236.604166667,star_gem_pollux,STAR,116.329000,28.026000,1.14,330.464800514,330.464763424,330.467131930,330.467094516,64.24103129,12.27107544,64.24103129,12.34300236,64.24103129,12.33425982,64.24169359,12.34089281,64.24169359,12.33280123,64.23879945,12.33979702
Tehran,35.69,51.39,1200.0,2026-07-15T02:30:00,2461236.604166667,star_gem_castor,STAR,113.650000,31.888000,1.58,330.464800514,330.464763424,330.467131930,330.467094516,62.20591456,16.32211014,62.20591456,16.37624174,62.20591456,16.36965074,62.20664364,16.37406077,62.20664364,16.36794189,62.20368098,16.37255292
Tehran,35.69,51.39,1200.0,2026-07-15T02:30:00,2461236.604166667,star_psa_fomalhaut,STAR,344.413000,-29.622000,1.17,330.464800514,330.464763424,330.467131930,330.467094516,213.10668707,16.08466268,213.10668707,16.13960996,213.10668707,16.13292011,213.11076429,16.13484675,213.11076429,16.12863608,213.10815616,16.13696766
Tehran,35.69,51.39,1200.0,2026-07-15T02:30:00,2461236.604166667,star_eri_achernar,STAR,24.429000,-57.237000,0.45,330.464800514,330.464763424,330.467131930,330.467094516,178.46609258,-2.81635486,178.46609258,-2.63202433,178.46609258,-2.65577348,178.46868956,-2.82320797,178.46868956,-2.82320797,178.46609208,-2.82150857
Tehran,35.69,51.39,1200.0,2026-07-15T02:30:00,2461236.604166667,dso_m31_andromeda,GALAXY,10.684000,41.269000,3.44,330.464800514,330.464763424,330.467131930,330.467094516,307.39009642,79.80596279,307.39009642,79.80885994,307.39009642,79.80850636,307.39350183,79.80693084,307.39350183,79.80660262,307.40173079,79.80664218
Tehran,35.69,51.39,1200.0,2026-07-15T02:30:00,2461236.604166667,dso_lmc,GALAXY,80.894000,-69.756000,0.9,330.464800514,330.464763424,330.467131930,330.467094516,161.07769094,-23.71506756,161.07769094,-23.56190066,161.07769094,-23.58113522,161.07889755,-23.72199227,161.07889755,-23.72199227,161.07689671,-23.72067217
Tehran,35.69,51.39,1200.0,2026-07-15T02:30:00,2461236.604166667,dso_smc,GALAXY,13.187000,-72.829000,2.7,330.464800514,330.464763424,330.467131930,330.467094516,182.63798775,-18.52601042,182.63798775,-18.36074028,182.63798775,-18.38169810,182.64055968,-18.53334986,182.64055968,-18.53334986,182.63820844,-18.53158153
Tehran,35.69,51.39,1200.0,2026-07-15T02:30:00,2461236.604166667,dso_m33_triangulum,GALAXY,23.462000,30.660000,5.72,330.464800514,330.464763424,330.467131930,330.467094516,160.74797743,84.83256852,160.74797743,84.83402558,160.74797743,84.83384775,160.75677660,84.83460036,160.75677660,84.83443704,160.73777511,84.83591298
Tehran,35.69,51.39,1200.0,2026-07-15T02:30:00,2461236.604166667,dso_m45_pleiades,STAR_CLUSTER,56.871000,24.105000,1.6,330.464800514,330.464763424,330.467131930,330.467094516,100.81798188,57.44582445,100.81798188,57.45610451,100.81798188,57.45484998,100.81903089,57.45467560,100.81903089,57.45350365,100.81344539,57.45401390
Tehran,35.69,51.39,1200.0,2026-07-15T02:30:00,2461236.604166667,dso_hyades,STAR_CLUSTER,66.750000,15.870000,0.5,330.464800514,330.464763424,330.467131930,330.467094516,104.12375615,45.21559558,104.12375615,45.23156479,104.12375615,45.22961622,104.12491125,45.22942749,104.12491125,45.22760691,104.12034108,45.22885667
Tehran,35.69,51.39,1200.0,2026-07-15T02:30:00,2461236.604166667,dso_m44_beehive,STAR_CLUSTER,130.100000,19.670000,3.7,330.464800514,330.464763424,330.467131930,330.467094516,63.37258308,-2.80048542,63.37258308,-2.61614823,63.37258308,-2.63989834,63.37297717,-2.80386360,63.37297717,-2.80386360,63.37038435,-2.80549837
Tehran,35.69,51.39,1200.0,2026-07-15T02:30:00,2461236.604166667,dso_double_cluster,STAR_CLUSTER,34.740000,57.130000,3.7,330.464800514,330.464763424,330.467131930,330.467094516,18.38051818,66.65885902,18.38051818,66.66580987,18.38051818,66.66496158,18.38061920,66.66379454,18.38061920,66.66300279,18.37882961,66.66182819
Tehran,35.69,51.39,1200.0,2026-07-15T02:30:00,2461236.604166667,dso_coma_cluster,STAR_CLUSTER,185.600000,26.100000,1.8,330.464800514,330.464763424,330.467131930,330.467094516,16.00611837,-26.54599417,16.00611837,-26.40064959,16.00611837,-26.41879235,16.00822161,-26.54745556,16.00822161,-26.54745556,16.00534943,-26.54938012
Tehran,35.69,51.39,1200.0,2026-07-15T02:30:00,2461236.604166667,dso_omega_centauri,GLOBULAR_CLUSTER,201.700000,-47.470000,3.9,330.464800514,330.464763424,330.467131930,330.467094516,180.79475819,-78.07629570,180.79475819,-78.07666395,180.79475819,-78.07662280,180.79368482,-78.08157135,180.79368482,-78.08157135,180.79548810,-78.07983236
Tehran,35.69,51.39,1200.0,2026-07-15T02:30:00,2461236.604166667,dso_47_tucanae,GLOBULAR_CLUSTER,6.020000,-72.080000,4.1,330.464800514,330.464763424,330.467131930,330.467094516,185.01614060,-18.17060234,185.01614060,-18.00461144,185.01614060,-18.02567327,185.01885252,-18.17796516,185.01885252,-18.17796516,185.01647085,-18.17616172
Tehran,35.69,51.39,1200.0,2026-07-15T02:30:00,2461236.604166667,dso_m13_hercules,GLOBULAR_CLUSTER,250.420000,36.460000,5.8,330.464800514,330.464763424,330.467131930,330.467094516,322.57283662,-4.82903709,322.57283662,-4.64574871,322.57283662,-4.66934697,322.57723789,-4.83297715,322.57723789,-4.83297715,322.57443727,-4.83376220
Tehran,35.69,51.39,1200.0,2026-07-15T02:30:00,2461236.604166667,dso_m42_orion_nebula,NEBULA,83.822000,-5.391000,4.0,330.464800514,330.464763424,330.467131930,330.467094516,111.44060628,18.74794580,111.44060628,18.79484373,111.44060628,18.78913019,111.44148998,18.79185348,111.44148998,18.78654142,111.43817816,18.79163783
Tehran,35.69,51.39,1200.0,2026-07-15T02:30:00,2461236.604166667,dso_m8_lagoon,NEBULA,270.920000,-24.380000,6.0,330.464800514,330.464763424,330.467131930,330.467094516,260.09406023,-30.00973016,260.09406023,-29.87504480,260.09406023,-29.89172474,260.10056148,-30.01542593,260.10056148,-30.01542593,260.09702781,-30.01418007
Tehran,35.69,51.39,1200.0,2026-07-15T02:30:00,2461236.604166667,dso_eta_carinae_nebula,NEBULA,161.260000,-59.870000,1.0,330.464800514,330.464763424,330.467131930,330.467094516,146.08388501,-54.55541005,146.08388501,-54.51115161,146.08388501,-54.51630534,146.08178262,-54.56099842,146.08178262,-54.56099842,146.08161188,-54.56010392
Tromso,69.65,18.96,10.0,2026-07-15T02:30:00,2461236.604166667,star_cma_sirius,STAR,101.287000,-16.716000,-1.46,330.464800514,330.464763424,330.467131930,330.467094516,74.95626361,-23.30694259,74.95626361,-23.15271757,74.95626361,-23.15652787,74.95366543,-23.31112966,74.95366543,-23.31112966,74.95109472,-23.31001665
Tromso,69.65,18.96,10.0,2026-07-15T02:30:00,2461236.604166667,star_cma_adhara,STAR,104.656000,-28.972000,1.5,330.464800514,330.464763424,330.467131930,330.467094516,76.86771276,-35.83882340,76.86771276,-35.72436463,76.86771276,-35.72676088,76.86426600,-35.84320503,76.86426600,-35.84320503,76.86193795,-35.84206177
Tromso,69.65,18.96,10.0,2026-07-15T02:30:00,2461236.604166667,star_cma_wezen,STAR,107.098000,-26.393000,1.83,330.464800514,330.464763424,330.467131930,330.467094516,73.22216722,-34.28198898,73.22216722,-34.16188945,73.22216722,-34.16445918,73.21867474,-34.28613734,73.21867474,-34.28613734,73.21635898,-34.28505287
Tromso,69.65,18.96,10.0,2026-07-15T02:30:00,2461236.604166667,star_cma_mirzam,STAR,95.675000,-17.956000,1.98,330.464800514,330.464763424,330.467131930,330.467094516,80.86866851,-22.54309669,80.86866851,-22.38693946,80.86866851,-22.39083222,80.86639347,-22.54754742,80.86639347,-22.54754742,80.86375856,-22.54634496
Tromso,69.65,18.96,10.0,2026-07-15T02:30:00,2461236.604166667,star_cmi_procyon,STAR,114.825000,5.225000,0.34,330.464800514,330.464763424,330.467131930,330.467094516,54.48757433,-6.77259056,54.48757433,-6.59068345,54.48757433,-6.59584642,54.48528644,-6.77585362,54.48528644,-6.77585362,54.48246611,-6.77513462
Tromso,69.65,18.96,10.0,2026-07-15T02:30:00,2461236.604166667,star_car_canopus,STAR,95.987000,-52.695000,-0.74,330.464800514,330.464763424,330.467131930,330.467094516,101.05845916,-53.74912056,101.05845916,-53.70213067,101.05845916,-53.70290194,101.05515025,-53.75505113,101.05515025,-53.75505113,101.05264670,-53.75364432
Tromso,69.65,18.96,10.0,2026-07-15T02:30:00,2461236.604166667,star_car_miaplacidus,STAR,138.300000,-69.720000,1.67,330.464800514,330.464763424,330.467131930,330.467094516,105.56097581,-79.35538879,105.56097581,-79.35618414,105.56097581,-79.35617368,105.54584362,-79.36124604,105.54584362,-79.36124604,105.54410085,-79.35981680
Tromso,69.65,18.96,10.0,2026-07-15T02:30:00,2461236.604166667,star_cen_rigil_kent,STAR,219.900000,-60.833000,-0.01,330.464800514,330.464763424,330.467131930,330.467094516,267.35166037,-67.81034270,267.35166037,-67.80027242,267.35166037,-67.80041502,267.36743386,-67.80731604,267.36743386,-67.80731604,267.36283432,-67.80860203
Tromso,69.65,18.96,10.0,2026-07-15T02:30:00,2461236.604166667,star_cen_hadar,STAR,210.956000,-60.373000,0.61,330.464800514,330.464763424,330.467131930,330.467094516,276.97782129,-70.61393387,276.97782129,-70.60808216,276.97782129,-70.60816320,276.99313470,-70.61002718,276.99313470,-70.61002718,276.98891347,-70.61140624
Tromso,69.65,18.96,10.0,2026-07-15T02:30:00,2461236.604166667,star_lyr_vega,STAR,279.234000,38.783000,0.03,330.464800514,330.464763424,330.467131930,330.467094516,267.46511864,42.87720786,267.46511864,42.89453217,267.46511864,42.89428419,267.47328378,42.89286568,267.47328378,42.89284849,267.47092924,42.89151825
Tromso,69.65,18.96,10.0,2026-07-15T02:30:00,2461236.604166667,star_cyg_deneb,STAR,310.358000,45.280000,1.25,330.464800514,330.464763424,330.467131930,330.467094516,238.91822575,59.04562672,238.91822575,59.05528549,238.91822575,59.05514739,238.92894180,59.05495626,238.92894180,59.05494667,238.92796791,59.05410535
Tromso,69.65,18.96,10.0,2026-07-15T02:30:00,2461236.604166667,star_cyg_sadr,STAR,305.557000,40.260000,2.23,330.464800514,330.464763424,330.467131930,330.467094516,240.94398456,53.01939908,240.94398456,53.03152219,240.94398456,53.03134880,240.95371379,53.03098982,240.95371379,53.03097778,240.95229455,53.03008795
Tromso,69.65,18.96,10.0,2026-07-15T02:30:00,2461236.604166667,star_cyg_albireo,STAR,292.680000,27.960000,3.05,330.464800514,330.464763424,330.467131930,330.467094516,248.23441912,37.58783484,248.23441912,37.60871656,248.23441912,37.60841744,248.24276452,37.60786793,248.24276452,37.60784721,248.24060271,37.60680488
Tromso,69.65,18.96,10.0,2026-07-15T02:30:00,2461236.604166667,star_aql_altair,STAR,297.696000,8.868000,0.76,330.464800514,330.464763424,330.467131930,330.467094516,235.84733122,21.09682149,235.84733122,21.13819337,235.84733122,21.13759661,235.85522109,21.13793215,235.85522109,21.13789129,235.85272943,21.13718257
Tromso,69.65,18.96,10.0,2026-07-15T02:30:00,2461236.604166667,star_ori_betelgeuse,STAR,88.793000,7.407000,0.5,330.464800514,330.464763424,330.467131930,330.467094516,78.33011243,3.59617272,78.33011243,3.77796311,78.33011243,3.77409705,78.32848819,3.79314240,78.32848819,3.79294991,78.32546466,3.80511420
Tromso,69.65,18.96,10.0,2026-07-15T02:30:00,2461236.604166667,star_ori_rigel,STAR,78.634000,-8.202000,0.13,330.464800514,330.464763424,330.467131930,330.467094516,93.30362777,-7.49110761,93.30362777,-7.30980570,93.30362777,-7.31493549,93.30254859,-7.49541659,93.30254859,-7.49541659,93.29964848,-7.49406874
Tromso,69.65,18.96,10.0,2026-07-15T02:30:00,2461236.604166667,star_ori_bellatrix,STAR,81.283000,6.350000,1.64,330.464800514,330.464763424,330.467131930,330.467094516,85.70753159,5.20832107,85.70753159,5.35824983,85.70753159,5.35569707,85.70620861,5.35891403,85.70620861,5.35876606,85.70317505,5.36545258
Tromso,69.65,18.96,10.0,2026-07-15T02:30:00,2461236.604166667,star_ori_saiph,STAR,86.939000,-9.670000,2.07,330.464800514,330.464763424,330.467131930,330.467094516,86.04791402,-11.76975969,86.04791402,-11.59314543,86.04791402,-11.59802074,86.04633177,-11.77409094,86.04633177,-11.77409094,86.04350688,-11.77282061
Tromso,69.65,18.96,10.0,2026-07-15T02:30:00,2461236.604166667,star_ori_alnitak,STAR,85.190000,-1.940000,1.77,330.464800514,330.464763424,330.467131930,330.467094516,84.95012800,-3.92181541,84.95012800,-3.73800874,84.95012800,-3.74327442,84.94866937,-3.92581489,84.94866937,-3.92581489,84.94574905,-3.92455809
Tromso,69.65,18.96,10.0,2026-07-15T02:30:00,2461236.604166667,star_ori_alnilam,STAR,84.053000,-1.202000,1.69,330.464800514,330.464763424,330.467131930,330.467094516,85.75886116,-2.83346453,85.75886116,-2.64914121,85.75886116,-2.65443354,85.75745834,-2.83743093,85.75745834,-2.83743093,85.75452345,-2.83616412
Tromso,69.65,18.96,10.0,2026-07-15T02:30:00,2461236.604166667,star_ori_mintaka,STAR,83.002000,-0.299000,2.23,330.464800514,330.464763424,330.467131930,330.467094516,86.42851666,-1.62025305,86.42851666,-1.43548809,86.42851666,-1.44080174,86.42716320,-1.62417524,86.42716320,-1.62417524,86.42421302,-1.62290032
Tromso,69.65,18.96,10.0,2026-07-15T02:30:00,2461236.604166667,star_tau_aldebaran,STAR,68.980000,16.509000,0.85,330.464800514,330.464763424,330.467131930,330.467094516,93.51485763,18.99949004,93.51485763,19.04573592,93.51485763,19.04506726,93.51382724,19.04426664,93.51382724,19.04422104,93.51067744,19.04565546
Tromso,69.65,18.96,10.0,2026-07-15T02:30:00,2461236.604166667,star_tau_elnath,STAR,81.573000,28.608000,1.65,330.464800514,330.464763424,330.467131930,330.467094516,76.93840694,25.82414995,76.93840694,25.85724524,76.93840694,25.85676948,76.93659820,25.85564035,76.93659820,25.85560760,76.93319950,25.85673231
Tromso,69.65,18.96,10.0,2026-07-15T02:30:00,2461236.604166667,star_aur_capella,STAR,79.172000,45.998000,0.08,330.464800514,330.464763424,330.467131930,330.467094516,69.98703097,42.35817860,69.98703097,42.37581970,69.98703097,42.37556717,69.98433234,42.37436387,69.98433234,42.37434636,69.98043391,42.37533018
Tromso,69.65,18.96,10.0,2026-07-15T02:30:00,2461236.604166667,star_umi_polaris,STAR,37.954000,89.264000,1.98,330.464800514,330.464763424,330.467131930,330.467094516,1.54108091,69.98648114,1.54108091,69.99234866,1.54108091,69.99226479,1.53912794,69.98844089,1.53912794,69.98843507,1.53250515,69.98785096
Tromso,69.65,18.96,10.0,2026-07-15T02:30:00,2461236.604166667,star_uma_dubhe,STAR,165.932000,61.751000,1.79,330.464800514,330.464763424,330.467131930,330.467094516,1.95398656,41.27987093,1.95398656,41.29819058,1.95398656,41.29792831,1.95413520,41.29484607,1.95413520,41.29482789,1.94999373,41.29422355
Tromso,69.65,18.96,10.0,2026-07-15T02:30:00,2461236.604166667,star_uma_merak,STAR,165.460000,56.380000,2.37,330.464800514,330.464763424,330.467131930,330.467094516,2.45025252,35.91725814,2.45025252,35.93944269,2.45025252,35.93912482,2.45043313,35.93637112,2.45043313,35.93634911,2.44649316,35.93575560
Tromso,69.65,18.96,10.0,2026-07-15T02:30:00,2461236.604166667,star_uma_alioth,STAR,193.507000,55.960000,1.77,330.464800514,330.464763424,330.467131930,330.467094516,343.19203539,36.70440606,343.19203539,36.72596420,343.19203539,36.72565534,343.19387904,36.72282339,343.19387904,36.72280200,343.19010139,36.72179740
Tromso,69.65,18.96,10.0,2026-07-15T02:30:00,2461236.604166667,star_uma_mizar,STAR,200.981000,54.925000,2.23,330.464800514,330.464763424,330.467131930,330.467094516,337.75875885,36.56180068,337.75875885,36.58347060,337.75875885,36.58316013,337.76110367,36.58037080,337.76110367,36.58034931,337.75740119,36.57924649
Tromso,69.65,18.96,10.0,2026-07-15T02:30:00,2461236.604166667,star_uma_alkaid,STAR,206.885000,49.313000,1.85,330.464800514,330.464763424,330.467131930,330.467094516,331.86485021,31.99147444,331.86485021,32.01717531,331.86485021,32.01680671,331.86767186,32.01446584,331.86767186,32.01444037,331.86415607,32.01324590
Tromso,69.65,18.96,10.0,2026-07-15T02:30:00,2461236.604166667,star_cas_schedar,STAR,10.127000,56.537000,2.24,330.464800514,330.464763424,330.467131930,330.467094516,133.87539222,74.09160206,133.87539222,74.09619372,133.87539222,74.09612809,133.87290045,74.09901514,133.87290045,74.09901060,133.87159887,74.10036775
Tromso,69.65,18.96,10.0,2026-07-15T02:30:00,2461236.604166667,star_cas_caph,STAR,2.293000,59.150000,2.28,330.464800514,330.464763424,330.467131930,330.467094516,145.05049072,78.23913655,145.05049072,78.24249084,145.05049072,78.24244290,145.04960418,78.24574885,145.04960418,78.24574554,145.05014862,78.24698953
Tromso,69.65,18.96,10.0,2026-07-15T02:30:00,2461236.604166667,star_per_mirfak,STAR,51.080000,49.860000,1.79,330.464800514,330.464763424,330.467131930,330.467094516,91.59444505,55.31891037,91.59444505,55.33005154,91.59444505,55.32989222,91.59108215,55.33009520,91.59108215,55.33008414,91.58729112,55.33138337
Tromso,69.65,18.96,10.0,2026-07-15T02:30:00,2461236.604166667,star_per_algol,STAR,47.040000,40.960000,2.12,330.464800514,330.464763424,330.467131930,330.467094516,102.83254531,48.99280521,102.83254531,49.00679993,102.83254531,49.00659972,102.83065463,49.00699582,102.83065463,49.00698193,102.82734235,49.00835945
Tromso,69.65,18.96,10.0,2026-07-15T02:30:00,2461236.604166667,star_boo_arcturus,STAR,213.915000,19.182000,-0.05,330.464800514,330.464763424,330.467131930,330.467094516,318.10085350,4.18422033,318.10085350,4.35506243,318.10085350,4.35182620,318.10443144,4.36375285,318.10443144,4.36357919,318.10141979,4.37070131
Tromso,69.65,18.96,10.0,2026-07-15T02:30:00,2461236.604166667,star_vir_spica,STAR,201.298000,-11.161000,0.98,330.464800514,330.464763424,330.467131930,330.467094516,323.61639278,-28.17790968,323.61639278,-28.03744449,323.61639278,-28.04070971,323.61900501,-28.17636762,323.61900501,-28.17636762,323.61641033,-28.17763488
Tromso,69.65,18.96,10.0,2026-07-15T02:30:00,2461236.604166667,star_sco_antares,STAR,247.352000,-26.432000,0.96,330.464800514,330.464763424,330.467131930,330.467094516,270.94611346,-28.75940597,270.94611346,-28.62074180,270.94611346,-28.62394060,270.95401773,-28.75865991,270.95401773,-28.75865991,270.95072807,-28.75998499
Tromso,69.65,18.96,10.0,2026-07-15T02:30:00,2461236.604166667,star_sco_shaula,STAR,263.402000,-37.104000,1.62,330.464800514,330.464763424,330.467131930,330.467094516,251.38959392,-32.98542736,251.38959392,-32.86075253,251.38959392,-32.86346863,251.39897603,-32.98550077,251.39897603,-32.98550077,251.39536189,-32.98655423
Tromso,69.65,18.96,10.0,2026-07-15T02:30:00,2461236.604166667,star_leo_regulus,STAR,152.093000,11.967000,1.36,330.464800514,330.464763424,330.467131930,330.467094516,16.76301740,-7.65325114,16.76301740,-7.47209293,16.76301740,-7.47721484,16.76173858,-7.65513270,16.76173858,-7.65513270,16.75896168,-7.65533281
Tromso,69.65,18.96,10.0,2026-07-15T02:30:00,2461236.604166667,star_gem_pollux,STAR,116.329000,28.026000,1.14,330.464800514,330.464763424,330.467131930,330.467094516,46.57155356,14.68220562,46.57155356,14.74246185,46.57155356,14.74158315,46.56971532,14.74067770,46.56971532,14.74061851,46.56639373,14.74146193
Tromso,69.65,18.96,10.0,2026-07-15T02:30:00,2461236.604166667,star_gem_castor,STAR,113.650000,31.888000,1.58,330.464800514,330.464763424,330.467131930,330.467094516,47.68993082,19.05866263,47.68993082,19.10475744,47.68993082,19.10409102,47.68806273,19.10283509,47.68806273,19.10278963,47.68463273,19.10343983
Tromso,69.65,18.96,10.0,2026-07-15T02:30:00,2461236.604166667,star_psa_fomalhaut,STAR,344.413000,-29.622000,1.17,330.464800514,330.464763424,330.467131930,330.467094516,184.09473761,-9.18395466,184.09473761,-9.00428352,184.09473761,-9.00932396,184.10120585,-9.18746147,184.10120585,-9.18746147,184.09801706,-9.18695197
Tromso,69.65,18.96,10.0,2026-07-15T02:30:00,2461236.604166667,star_eri_achernar,STAR,24.429000,-57.237000,0.45,330.464800514,330.464763424,330.467131930,330.467094516,156.11118655,-39.26475102,156.11118655,-39.16315378,156.11118655,-39.16518053,156.11635106,-39.27088769,156.11635106,-39.27088769,156.11259852,-39.26980190
Tromso,69.65,18.96,10.0,2026-07-15T02:30:00,2461236.604166667,dso_m31_andromeda,GALAXY,10.684000,41.269000,3.44,330.464800514,330.464763424,330.467131930,330.467094516,146.88160401,59.61437109,146.88160401,59.62381399,146.88160401,59.62367898,146.88346183,59.62599241,146.88346183,59.62598304,146.88180717,59.62718114
Tromso,69.65,18.96,10.0,2026-07-15T02:30:00,2461236.604166667,dso_lmc,GALAXY,80.894000,-69.756000,0.9,330.464800514,330.464763424,330.467131930,330.467094516,132.57892278,-61.93891417,132.57892278,-61.91646481,132.57892278,-61.91680061,132.58070085,-61.94587911,132.58070085,-61.94587911,132.57689751,-61.94450128
Tromso,69.65,18.96,10.0,2026-07-15T02:30:00,2461236.604166667,dso_smc,GALAXY,13.187000,-72.829000,2.7,330.464800514,330.464763424,330.467131930,330.467094516,168.34251332,-53.17571743,168.34251332,-53.12675053,168.34251332,-53.12755999,168.35061609,-53.18173862,168.35061609,-53.18173862,168.34608905,-53.18088040
Tromso,69.65,18.96,10.0,2026-07-15T02:30:00,2461236.604166667,dso_m33_triangulum,GALAXY,23.462000,30.660000,5.72,330.464800514,330.464763424,330.467131930,330.467094516,135.05682737,46.59053482,135.05682737,46.60575718,135.05682737,46.60553937,135.05793342,46.60680038,135.05793342,46.60678528,135.05549606,46.60810108
Tromso,69.65,18.96,10.0,2026-07-15T02:30:00,2461236.604166667,dso_m45_pleiades,STAR_CLUSTER,56.871000,24.105000,1.6,330.464800514,330.464763424,330.467131930,330.467094516,102.03784102,30.25207447,102.03784102,30.27958655,102.03784102,30.27919177,102.03699975,30.27871746,102.03699975,30.27869020,102.03384494,30.28006292
Tromso,69.65,18.96,10.0,2026-07-15T02:30:00,2461236.604166667,dso_hyades,STAR_CLUSTER,66.750000,15.870000,0.5,330.464800514,330.464763424,330.467131930,330.467094516,95.87171712,19.18213223,95.87171712,19.22791459,95.87171712,19.22725279,95.87080508,19.22648419,95.87080508,19.22643904,95.86767287,19.22788858
Tromso,69.65,18.96,10.0,2026-07-15T02:30:00,2461236.604166667,dso_m44_beehive,STAR_CLUSTER,130.100000,19.670000,3.7,330.464800514,330.464763424,330.467131930,330.467094516,36.39438870,3.40219290,36.39438870,3.58666162,36.39438870,3.58251448,36.39263090,3.60711605,36.39263090,3.60691658,36.38957707,3.61933006
Tromso,69.65,18.96,10.0,2026-07-15T02:30:00,2461236.604166667,dso_double_cluster,STAR_CLUSTER,34.740000,57.130000,3.7,330.464800514,330.464763424,330.467131930,330.467094516,98.97845912,66.88785949,98.97845912,66.89473414,98.97845912,66.89463586,98.97302111,66.89575156,98.97302111,66.89574475,98.96913156,66.89711942
Tromso,69.65,18.96,10.0,2026-07-15T02:30:00,2461236.604166667,dso_coma_cluster,STAR_CLUSTER,185.600000,26.100000,1.8,330.464800514,330.464763424,330.467131930,330.467094516,345.10461070,6.34736498,345.10461070,6.47696379,345.10461070,6.47488521,345.10592074,6.47716519,345.10592074,6.47703867,345.10282709,6.47966198
Tromso,69.65,18.96,10.0,2026-07-15T02:30:00,2461236.604166667,dso_omega_centauri,GLOBULAR_CLUSTER,201.700000,-47.470000,3.9,330.464800514,330.464763424,330.467131930,330.467094516,307.09526557,-62.85316514,307.09526557,-62.83295347,307.09526557,-62.83325301,307.10074022,-62.84849611,307.10074022,-62.84849611,307.09837650,-62.84991008
Tromso,69.65,18.96,10.0,2026-07-15T02:30:00,2461236.604166667,dso_47_tucanae,GLOBULAR_CLUSTER,6.020000,-72.080000,4.1,330.464800514,330.464763424,330.467131930,330.467094516,171.57633505,-52.00800370,171.57633505,-51.95492837,171.57633505,-51.95581872,171.58475414,-52.01383621,171.58475414,-52.01383621,171.58023190,-52.01304513
Tromso,69.65,18.96,10.0,2026-07-15T02:30:00,2461236.604166667,dso_m13_hercules,GLOBULAR_CLUSTER,250.420000,36.460000,5.8,330.464800514,330.464763424,330.467131930,330.467094516,292.00062947,30.92355130,292.00062947,30.95034280,292.00062947,30.94995844,292.00676525,30.94846899,292.00676525,30.94844244,292.00383648,30.94695811
Tromso,69.65,18.96,10.0,2026-07-15T02:30:00,2461236.604166667,dso_m42_orion_nebula,NEBULA,83.822000,-5.391000,4.0,330.464800514,330.464763424,330.467131930,330.467094516,87.44788749,-6.67628093,87.44788749,-6.49429660,87.44788749,-6.49946380,87.44649973,-6.68044313,87.44649973,-6.68044313,87.44360777,-6.67915621
Tromso,69.65,18.96,10.0,2026-07-15T02:30:00,2461236.604166667,dso_m8_lagoon,NEBULA,270.920000,-24.380000,6.0,330.464800514,330.464763424,330.467131930,330.467094516,250.26275604,-18.76293760,250.26275604,-18.59815567,250.26275604,-18.60243691,250.27120779,-18.76365393,250.27120779,-18.76365393,250.26789384,-18.76468764
Tromso,69.65,18.96,10.0,2026-07-15T02:30:00,2461236.604166667,dso_eta_carinae_nebula,NEBULA,161.260000,-59.870000,1.0,330.464800514,330.464763424,330.467131930,330.467094516,22.90663475,-79.81201405,22.90663475,-79.81292384,22.90663475,-79.81291189,22.87663715,-79.80987108,22.87663715,-79.80987108,22.88171743,-79.80991722
