loc,lat_deg,lon_deg,height_m,iso_utc,jd_utc,obj_id,obj_type,ra_in_deg,dec_in_deg,mag,gmst_deg_oracle,gmst_deg_kotlin,gast_deg_oracle,gast_deg_kotlin,az_oracle_geometric,alt_oracle_geometric,az_oracle_refr1010,alt_oracle_refr1010,az_oracle_refr_appweather,alt_oracle_refr_appweather,az_kotlin_star_live,alt_kotlin_star_live,az_kotlin_star_live_elev,alt_kotlin_star_live_elev,az_kotlin_fte,alt_kotlin_fte
CapeTown,-33.93,18.42,25.0,2026-09-04T20:00:00,2461288.333333334,star_cma_sirius,STAR,101.287000,-16.716000,-1.46,283.951472328,283.951484917,283.953807952,283.953820523,155.29163948,-35.59500549,155.29163948,-35.47965358,155.29163948,-35.48223020,154.95518379,-35.51363601,154.95518379,-35.51363601,155.29626202,-35.59278692
CapeTown,-33.93,18.42,25.0,2026-09-04T20:00:00,2461288.333333334,star_cma_adhara,STAR,104.656000,-28.972000,1.5,283.951472328,283.951484917,283.953807952,283.953820523,163.18118354,-24.93525485,163.18118354,-24.78535707,163.18118354,-24.78918784,162.93017381,-24.90296719,162.93017381,-24.90296719,163.18557002,-24.93216495
CapeTown,-33.93,18.42,25.0,2026-09-04T20:00:00,2461288.333333334,star_cma_wezen,STAR,107.098000,-26.393000,1.83,283.951472328,283.951484917,283.953807952,283.953820523,164.77821946,-27.98180985,164.77821946,-27.84074458,164.77821946,-27.84421999,164.50281239,-27.95970364,164.50281239,-27.95970364,164.78275663,-27.97882252
CapeTown,-33.93,18.42,25.0,2026-09-04T20:00:00,2461288.333333334,star_cma_mirzam,STAR,95.675000,-17.956000,1.98,283.951472328,283.951484917,283.953807952,283.953820523,149.95829710,-32.32739001,149.95829710,-32.20044008,149.95829710,-32.20339992,149.65674485,-32.21330007,149.65674485,-32.21330007,149.96253837,-32.32513932
CapeTown,-33.93,18.42,25.0,2026-09-04T20:00:00,2461288.333333334,star_cmi_procyon,STAR,114.825000,5.225000,0.34,283.951472328,283.951484917,283.953807952,283.953820523,165.33815116,-60.47002743,165.33815116,-60.44375405,165.33815116,-60.44418735,164.61620364,-60.45203771,164.61620364,-60.45203771,165.34620869,-60.46900256
CapeTown,-33.93,18.42,25.0,2026-09-04T20:00:00,2461288.333333334,star_car_canopus,STAR,95.987000,-52.695000,-0.74,283.951472328,283.951484917,283.953807952,283.953820523,164.45878359,-0.39580213,164.45878359,-0.21073428,164.45878359,-0.21630506,164.37408677,0.16131111,164.37408677,0.16003403,164.46281125,0.27490992
CapeTown,-33.93,18.42,25.0,2026-09-04T20:00:00,2461288.333333334,star_car_miaplacidus,STAR,138.300000,-69.720000,1.67,283.951472328,283.951484917,283.953807952,283.953820523,185.62575121,14.41078221,185.62575121,14.47217469,185.62575121,14.47119222,185.63268973,14.36505658,185.63268973,14.36490484,185.63007920,14.47760710
CapeTown,-33.93,18.42,25.0,2026-09-04T20:00:00,2461288.333333334,star_cen_rigil_kent,STAR,219.900000,-60.833000,-0.01,283.951472328,283.951484917,283.953807952,283.953820523,214.96690219,32.97529835,214.96690219,33.00004973,214.96690219,32.99965978,215.04445122,32.73452557,215.04445122,32.73446364,214.97108170,33.00284120
CapeTown,-33.93,18.42,25.0,2026-09-04T20:00:00,2461288.333333334,star_cen_hadar,STAR,210.956000,-60.373000,0.61,283.951472328,283.951484917,283.953807952,283.953820523,214.11366283,28.62546198,214.11366283,28.65484402,214.11366283,28.65438056,214.16785682,28.39360554,214.16785682,28.39353205,214.11769536,28.65809307
CapeTown,-33.93,18.42,25.0,2026-09-04T20:00:00,2461288.333333334,star_lyr_vega,STAR,279.234000,38.783000,0.03,283.951472328,283.951484917,283.953807952,283.953820523,341.76256042,14.22368467,341.76256042,14.28588338,341.76256042,14.28488750,341.58036664,14.25290046,341.58036664,14.25274754,341.75861853,14.29102693
CapeTown,-33.93,18.42,25.0,2026-09-04T20:00:00,2461288.333333334,star_cyg_deneb,STAR,310.358000,45.280000,1.25,283.951472328,283.951484917,283.953807952,283.953820523,5.85800230,10.34250590,5.85800230,10.42718337,5.85800230,10.42580292,5.70389546,10.54533640,5.70389546,10.54513198,5.85390452,10.43344663
CapeTown,-33.93,18.42,25.0,2026-09-04T20:00:00,2461288.333333334,star_cyg_sadr,STAR,305.557000,40.260000,2.23,283.951472328,283.951484917,283.953807952,283.953820523,2.71314108,15.65368657,2.71314108,15.71017234,2.71314108,15.70927107,2.52344673,15.80934751,2.52344673,15.80920960,2.70893444,15.71553143
CapeTown,-33.93,18.42,25.0,2026-09-04T20:00:00,2461288.333333334,star_cyg_albireo,STAR,292.680000,27.960000,3.05,283.951472328,283.951484917,283.953807952,283.953820523,350.63341605,27.41112653,350.63341605,27.44203386,350.63341605,27.44154613,350.35337261,27.46424650,350.35337261,27.46417011,350.62891053,27.44607358
CapeTown,-33.93,18.42,25.0,2026-09-04T20:00:00,2461288.333333334,star_aql_altair,STAR,297.696000,8.868000,0.76,283.951472328,283.951484917,283.953807952,283.953820523,353.69942180,46.93295084,353.69942180,46.94799244,353.69942180,46.94775590,353.21822069,46.98774668,353.21822069,46.98770943,353.69347250,46.95073273
CapeTown,-33.93,18.42,25.0,2026-09-04T20:00:00,2461288.333333334,star_ori_betelgeuse,STAR,88.793000,7.407000,0.5,283.951472328,283.951484917,283.953807952,283.953820523,123.23714312,-49.49502862,123.23714312,-49.43278808,123.23714312,-49.43394866,122.85129991,-49.23865704,122.85129991,-49.23865704,123.24061267,-49.49505416
CapeTown,-33.93,18.42,25.0,2026-09-04T20:00:00,2461288.333333334,star_ori_rigel,STAR,78.634000,-8.202000,0.13,283.951472328,283.951484917,283.953807952,283.953820523,127.34961750,-31.14896623,127.34961750,-31.01802711,127.34961750,-31.02112676,127.09901590,-30.91048446,127.09901590,-30.91048446,127.35255241,-31.14724695
CapeTown,-33.93,18.42,25.0,2026-09-04T20:00:00,2461288.333333334,star_ori_bellatrix,STAR,81.283000,6.350000,1.64,283.951472328,283.951484917,283.953807952,283.953820523,116.84562094,-43.38077238,116.84562094,-43.29509721,116.84562094,-43.29682386,116.54554458,-43.09681265,116.54554458,-43.09681265,116.84818469,-43.38039122
CapeTown,-33.93,18.42,25.0,2026-09-04T20:00:00,2461288.333333334,star_ori_saiph,STAR,86.939000,-9.670000,2.07,283.951472328,283.951484917,283.953807952,283.953820523,136.09921027,-35.13015931,136.09921027,-35.01311432,136.09921027,-35.01574486,135.79872722,-34.93669779,135.79872722,-34.93669779,136.10285219,-35.12854771
CapeTown,-33.93,18.42,25.0,2026-09-04T20:00:00,2461288.333333334,star_ori_alnitak,STAR,85.190000,-1.940000,1.77,283.951472328,283.951484917,283.953807952,283.953820523,128.35624653,-40.15643146,128.35624653,-40.05825608,128.35624653,-40.06032037,128.03634855,-39.92345610,128.03634855,-39.92345610,128.35959727,-40.15546764
CapeTown,-33.93,18.42,25.0,2026-09-04T20:00:00,2461288.333333334,star_ori_alnilam,STAR,84.530000,-1.200000,1.69,283.951472328,283.951484917,283.953807952,283.953820523,127.06875446,-40.28389889,127.06875446,-40.18621446,127.06875446,-40.18826496,126.75217455,-40.04470069,126.75217455,-40.04470069,127.07201539,-40.28298198
CapeTown,-33.93,18.42,25.0,2026-09-04T20:00:00,2461288.333333334,star_ori_mintaka,STAR,84.050000,-0.300000,2.23,283.951472328,283.951484917,283.953807952,283.953820523,125.81074997,-40.63607972,125.81074997,-40.53975371,125.81074997,-40.54176630,125.49571223,-40.39093262,125.49571223,-40.39093262,125.81393177,-40.63522817
CapeTown,-33.93,18.42,25.0,2026-09-04T20:00:00,2461288.333333334,star_tau_aldebaran,STAR,68.980000,16.509000,0.85,283.951472328,283.951484917,283.953807952,283.953820523,96.36231405,-39.61760891,96.36231405,-39.51736301,96.36231405,-39.51948593,96.18066589,-39.27109230,96.18066589,-39.27109230,96.36292451,-39.61713211
CapeTown,-33.93,18.42,25.0,2026-09-04T20:00:00,2461288.333333334,star_tau_elnath,STAR,81.573000,28.608000,1.65,283.951472328,283.951484917,283.953807952,283.953820523,87.54773737,-55.31076704,87.54773737,-55.26901307,87.54773737,-55.26974020,87.37180139,-54.95203001,87.37180139,-54.95203001,87.54744318,-55.31185417
CapeTown,-33.93,18.42,25.0,2026-09-04T20:00:00,2461288.333333334,star_aur_capella,STAR,79.172000,45.998000,0.08,283.951472328,283.951484917,283.953807952,283.953820523,56.44863918,-55.59205435,56.44863918,-55.55121896,56.44863918,-55.55192786,56.54950555,-55.25202361,56.54950555,-55.25202361,56.44467648,-55.59260297
CapeTown,-33.93,18.42,25.0,2026-09-04T20:00:00,2461288.333333334,star_umi_polaris,STAR,37.954000,89.264000,1.98,283.951472328,283.951484917,283.953807952,283.953820523,0.73451549,-34.08481084,0.73451549,-33.96400795,0.73451549,-33.96676057,0.88356354,-33.99841305,0.88356354,-33.99841305,0.72965894,-34.08156873
CapeTown,-33.93,18.42,25.0,2026-09-04T20:00:00,2461288.333333334,star_uma_dubhe,STAR,165.932000,61.751000,1.79,283.951472328,283.951484917,283.953807952,283.953820523,328.51023556,-50.80730905,328.51023556,-50.74990480,328.51023556,-50.75095823,328.84291991,-50.92186961,328.84291991,-50.92186961,328.50484474,-50.80316134
CapeTown,-33.93,18.42,25.0,2026-09-04T20:00:00,2461288.333333334,star_uma_merak,STAR,165.460000,56.380000,2.37,283.951472328,283.951484917,283.953807952,283.953820523,320.54739972,-53.00022058,320.54739972,-52.95064311,320.54739972,-52.95152954,320.88928223,-53.16115213,320.88928223,-53.16115213,320.54228874,-52.99577514
CapeTown,-33.93,18.42,25.0,2026-09-04T20:00:00,2461288.333333334,star_uma_alioth,STAR,193.507000,55.960000,1.77,283.951472328,283.951484917,283.953807952,283.953820523,317.75877508,-37.60998042,317.75877508,-37.50210510,317.75877508,-37.50445125,317.91363278,-37.78672954,317.91363278,-37.78672954,317.75507344,-37.60519589
CapeTown,-33.93,18.42,25.0,2026-09-04T20:00:00,2461288.333333334,star_uma_mizar,STAR,206.884000,54.920000,2.23,283.951472328,283.951484917,283.953807952,283.953820523,318.47915967,-29.98640892,318.47915967,-29.85164805,318.47915967,-29.85488587,318.57415105,-30.15936367,318.57415105,-30.15936367,318.47573888,-29.98166235
CapeTown,-33.93,18.42,25.0,2026-09-04T20:00:00,2461288.333333334,star_uma_alkaid,STAR,209.800000,49.310000,1.85,283.951472328,283.951484917,283.953807952,283.953820523,313.19398864,-26.38378161,313.19398864,-26.23796648,313.19398864,-26.24162953,313.25475494,-26.58537422,313.25475494,-26.58537422,313.19097994,-26.37895402
CapeTown,-33.93,18.42,25.0,2026-09-04T20:00:00,2461288.333333334,star_cas_schedar,STAR,9.880000,59.150000,2.24,283.951472328,283.951484917,283.953807952,283.953820523,29.96236908,-18.69578809,29.96236908,-18.53086717,29.96236908,-18.53537416,29.96308748,-18.44685132,29.96308748,-18.44685132,29.95867108,-18.69269549
CapeTown,-33.93,18.42,25.0,2026-09-04T20:00:00,2461288.333333334,star_cas_caph,STAR,1.150000,59.150000,2.28,283.951472328,283.951484917,283.953807952,283.953820523,27.01192137,-15.22464266,27.01192137,-15.05321141,27.01192137,-15.05804486,26.99810246,-14.98973416,26.99810246,-14.98973416,27.00818729,-15.22131808
CapeTown,-33.93,18.42,25.0,2026-09-04T20:00:00,2461288.333333334,star_per_mirfak,STAR,51.080000,49.860000,1.79,283.951472328,283.951484917,283.953807952,283.953820523,49.60275040,-37.06891215,49.60275040,-36.95900898,49.60275040,-36.96141645,49.64201891,-36.74525566,49.64201891,-36.74525566,49.59946850,-37.06761237
CapeTown,-33.93,18.42,25.0,2026-09-04T20:00:00,2461288.333333334,star_per_algol,STAR,47.040000,40.960000,2.12,283.951472328,283.951484917,283.953807952,283.953820523,59.11947675,-31.98542408,59.11947675,-31.85730504,59.11947675,-31.86030540,59.10273816,-31.63767616,59.10273816,-31.63767616,59.11703411,-31.98390646
CapeTown,-33.93,18.42,25.0,2026-09-04T20:00:00,2461288.333333334,star_boo_arcturus,STAR,213.915000,19.182000,-0.05,283.951472328,283.951484917,283.953807952,283.953820523,286.95567015,-9.02778370,286.95567015,-8.84794997,286.95567015,-8.85323746,286.89716787,-9.34183609,286.89716787,-9.34183609,286.95459193,-9.02332631
CapeTown,-33.93,18.42,25.0,2026-09-04T20:00:00,2461288.333333334,star_vir_spica,STAR,201.298000,-11.161000,0.98,283.951472328,283.951484917,283.953807952,283.953820523,254.65244019,-2.40994418,254.65244019,-2.22545065,254.65244019,-2.23099536,254.56649795,-2.77053868,254.56649795,-2.77053868,254.65366810,-2.40588083
CapeTown,-33.93,18.42,25.0,2026-09-04T20:00:00,2461288.333333334,star_sco_antares,STAR,247.352000,-26.432000,0.96,283.951472328,283.951484917,283.953807952,283.953820523,263.68157970,42.77004221,263.68157970,42.78743142,263.68157970,42.78715786,263.56113982,42.42514367,263.56113982,42.42510000,263.68239289,42.78803748
CapeTown,-33.93,18.42,25.0,2026-09-04T20:00:00,2461288.333333334,star_sco_shaula,STAR,262.690000,-37.030000,1.62,283.951472328,283.951484917,283.953807952,283.953820523,252.94292694,58.13482973,252.94292694,58.14483959,252.94292694,58.14468227,252.90715143,57.78011365,252.90715143,57.78008848,252.94547462,58.14386053
CapeTown,-33.93,18.42,25.0,2026-09-04T20:00:00,2461288.333333334,star_leo_regulus,STAR,152.093000,11.967000,1.36,283.951472328,283.951484917,283.953807952,283.953820523,238.32923909,-54.81172656,238.32923909,-54.76832403,238.32923909,-54.76908411,238.07335701,-55.15098620,238.07335701,-55.15098620,238.33309447,-54.80663564
CapeTown,-33.93,18.42,25.0,2026-09-04T20:00:00,2461288.333333334,star_gem_pollux,STAR,116.329000,28.026000,1.14,283.951472328,283.951484917,283.953807952,283.953820523,139.52430598,-82.32424527,139.52430598,-82.32546575,139.52430598,-82.32544829,137.12513756,-82.14757128,137.12513756,-82.14757128,139.54740123,-82.32635908
CapeTown,-33.93,18.42,25.0,2026-09-04T20:00:00,2461288.333333334,star_gem_castor,STAR,113.650000,31.888000,1.58,283.951472328,283.951484917,283.953807952,283.953820523,104.48950668,-82.72384595,104.48950668,-82.72507124,104.48950668,-82.72505374,103.17617879,-82.39956985,103.17617879,-82.39956985,104.49737463,-82.72726074
CapeTown,-33.93,18.42,25.0,2026-09-04T20:00:00,2461288.333333334,star_psa_fomalhaut,STAR,344.413000,-29.622000,1.17,283.951472328,283.951484917,283.953807952,283.953820523,94.82026842,53.89607386,94.82026842,53.90781590,94.82026842,53.90763132,94.88361080,54.26257688,94.88361080,54.26254814,94.82079424,53.91386296
CapeTown,-33.93,18.42,25.0,2026-09-04T20:00:00,2461288.333333334,star_eri_achernar,STAR,24.429000,-57.237000,0.45,283.951472328,283.951484917,283.953807952,283.953820523,140.62799700,31.93281160,140.62799700,31.95857070,140.62799700,31.95816478,140.74905252,32.12956628,140.74905252,32.12950291,140.63179039,31.96414706
CapeTown,-33.93,18.42,25.0,2026-09-04T20:00:00,2461288.333333334,dso_m31_andromeda,GALAXY,10.684000,41.269000,3.44,283.951472328,283.951484917,283.953807952,283.953820523,44.90048914,-8.22464808,44.90048914,-8.04401730,44.90048914,-8.04934943,44.83931096,-7.91410653,44.83931096,-7.91410653,44.89758673,-8.22114089
CapeTown,-33.93,18.42,25.0,2026-09-04T20:00:00,2461288.333333334,dso_lmc,GALAXY,80.894000,-69.756000,0.9,283.951472328,283.951484917,283.953807952,283.953820523,166.02109184,17.96104953,166.02109184,18.01009595,166.02109184,18.00931647,166.05746576,18.02569339,166.05746576,18.02557274,166.02536678,18.01558459
CapeTown,-33.93,18.42,25.0,2026-09-04T20:00:00,2461288.333333334,dso_smc,GALAXY,14.766000,-72.801000,2.7,283.951472328,283.951484917,283.953807952,283.953820523,159.02462492,37.34609351,159.02462492,37.36715763,159.02462492,37.36682604,159.21912691,37.42602654,159.21912691,37.42597445,159.02953689,37.37190260
CapeTown,-33.93,18.42,25.0,2026-09-04T20:00:00,2461288.333333334,dso_m33_triangulum,GALAXY,23.462000,30.660000,5.72,283.951472328,283.951484917,283.953807952,283.953820523,59.72317331,-10.37532872,59.72317331,-10.19698008,59.72317331,-10.20218491,59.65505353,-10.02467288,59.65505353,-10.02467288,59.72109766,-10.37205682
CapeTown,-33.93,18.42,25.0,2026-09-04T20:00:00,2461288.333333334,dso_m45_pleiades,STAR_CLUSTER,56.871000,24.105000,1.6,283.951472328,283.951484917,283.953807952,283.953820523,81.36876099,-33.18593723,81.36876099,-33.06196211,81.36876099,-33.06482046,81.26656079,-32.82039571,81.26656079,-32.82039571,81.36805234,-33.18481512
CapeTown,-33.93,18.42,25.0,2026-09-04T20:00:00,2461288.333333334,dso_hyades,STAR_CLUSTER,66.750000,15.870000,0.5,283.951472328,283.951484917,283.953807952,283.953820523,95.65806858,-37.45192616,95.65806858,-37.34345708,95.65806858,-37.34582109,95.48673760,-37.10380114,95.48673760,-37.10380114,95.65859941,-37.45123841
CapeTown,-33.93,18.42,25.0,2026-09-04T20:00:00,2461288.333333334,dso_m44_beehive,STAR_CLUSTER,130.100000,19.670000,3.7,283.951472328,283.951484917,283.953807952,283.953820523,208.70307969,-73.93973751,208.70307969,-73.93750852,208.70307969,-73.93754156,207.65851370,-74.17417352,207.65851370,-74.17417352,208.71612290,-73.93679560
CapeTown,-33.93,18.42,25.0,2026-09-04T20:00:00,2461288.333333334,dso_double_cluster,STAR_CLUSTER,34.740000,57.130000,3.7,283.951472328,283.951484917,283.953807952,283.953820523,38.35195371,-29.45533330,38.35195371,-29.31886613,38.35195371,-29.32216702,38.39180315,-29.17043509,38.39180315,-29.17043509,38.34831430,-29.45312407
CapeTown,-33.93,18.42,25.0,2026-09-04T20:00:00,2461288.333333334,dso_coma_cluster,STAR_CLUSTER,185.600000,26.100000,1.8,283.951472328,283.951484917,283.953807952,283.953820523,279.84022190,-35.20347404,279.84022190,-35.08669521,279.84022190,-35.08931723,279.85114207,-35.53606091,279.85114207,-35.53606091,279.83949748,-35.19796413
CapeTown,-33.93,18.42,25.0,2026-09-04T20:00:00,2461288.333333334,dso_omega_centauri,GLOBULAR_CLUSTER,201.700000,-47.470000,3.9,283.951472328,283.951484917,283.953807952,283.953820523,224.29181247,18.20792947,224.29181247,18.25628336,224.29181247,18.25551515,224.27423170,17.95628842,224.27423170,17.95616729,224.29505753,18.26048963
CapeTown,-33.93,18.42,25.0,2026-09-04T20:00:00,2461288.333333334,dso_47_tucanae,GLOBULAR_CLUSTER,6.020000,-72.080000,4.1,283.951472328,283.951484917,283.953807952,283.953820523,158.64257926,40.06245032,158.64257926,40.08157157,158.64257926,40.08127068,158.86512389,40.14265854,158.86512389,40.14261124,158.64766640,40.08621599
CapeTown,-33.93,18.42,25.0,2026-09-04T20:00:00,2461288.333333334,dso_m13_hercules,GLOBULAR_CLUSTER,250.420000,36.460000,5.8,283.951472328,283.951484917,283.953807952,283.953820523,320.66689933,4.72576287,320.66689933,4.88540848,320.66689933,4.88236202,320.55109110,4.73348522,320.55109110,4.73307745,320.66382299,4.90156021
CapeTown,-33.93,18.42,25.0,2026-09-04T20:00:00,2461288.333333334,dso_m42_orion_nebula,NEBULA,83.822000,-5.391000,4.0,283.951472328,283.951484917,283.953807952,283.953820523,129.85518896,-36.63628834,129.85518896,-36.52477393,129.85518896,-36.52723074,129.55889731,-36.41048092,129.55889731,-36.41048092,129.85848886,-36.63497726
CapeTown,-33.93,18.42,25.0,2026-09-04T20:00:00,2461288.333333334,dso_m8_lagoon,NEBULA,270.920000,-24.380000,6.0,283.951472328,283.951484917,283.953807952,283.953820523,281.21441809,61.39305564,281.21441809,61.40183908,281.21441809,61.40170105,280.86269580,61.06539105,280.86269580,61.06536897,281.21298989,61.40038330
CapeTown,-33.93,18.42,25.0,2026-09-04T20:00:00,2461288.333333334,dso_eta_carinae_nebula,NEBULA,161.260000,-59.870000,1.0,283.951472328,283.951484917,283.953807952,283.953820523,198.64347187,9.30821529,198.64347187,9.40156778,198.64347187,9.40003201,198.61204112,9.22046002,198.61204112,9.22022852,198.64753268,9.40795391
Honolulu,21.31,-157.86,5.0,2026-09-04T20:00:00,2461288.333333334,star_cma_sirius,STAR,101.287000,-16.716000,-1.46,283.951472328,283.951484917,283.953807952,283.953820523,214.18024798,44.99813239,214.18024798,45.01422294,214.18024798,45.01400028,214.53497954,44.87861465,214.53497954,44.87860663,214.17458428,45.01325475
Honolulu,21.31,-157.86,5.0,2026-09-04T20:00:00,2461288.333333334,star_cma_adhara,STAR,104.656000,-28.972000,1.5,283.951472328,283.951484917,283.953807952,283.953820523,202.89634940,35.70100081,202.89634940,35.72336158,202.89634940,35.72305173,203.16767102,35.65824338,203.16767102,35.65823227,202.89111842,35.72153884
Honolulu,21.31,-157.86,5.0,2026-09-04T20:00:00,2461288.333333334,star_cma_wezen,STAR,107.098000,-26.393000,1.83,283.951472328,283.951484917,283.953807952,283.953820523,201.68742042,38.92606820,201.68742042,38.94597473,201.68742042,38.94569905,201.99242849,38.88857776,201.99242849,38.88856786,201.68194527,38.94418331
Honolulu,21.31,-157.86,5.0,2026-09-04T20:00:00,2461288.333333334,star_cma_mirzam,STAR,95.675000,-17.956000,1.98,283.951472328,283.951484917,283.953807952,283.953820523,219.15308666,40.87521677,219.15308666,40.89379853,219.15308666,40.89354127,219.45011404,40.72859723,219.45011404,40.72858796,219.14798341,40.89286348
Honolulu,21.31,-157.86,5.0,2026-09-04T20:00:00,2461288.333333334,star_cmi_procyon,STAR,114.825000,5.225000,0.34,283.951472328,283.951484917,283.953807952,283.953820523,214.78486687,70.69577042,214.78486687,70.70141314,214.78486687,70.70133516,215.77324078,70.56158520,215.77324078,70.56158238,214.77291103,70.70189290
Honolulu,21.31,-157.86,5.0,2026-09-04T20:00:00,2461288.333333334,star_car_canopus,STAR,95.987000,-52.695000,-0.74,283.951472328,283.951484917,283.953807952,283.953820523,197.99044943,11.53523590,197.99044943,11.61158601,197.99044943,11.61049354,198.07344447,11.57882770,198.07344447,11.57879025,197.98603813,11.61022716
Honolulu,21.31,-157.86,5.0,2026-09-04T20:00:00,2461288.333333334,star_car_miaplacidus,STAR,138.300000,-69.720000,1.67,283.951472328,283.951484917,283.953807952,283.953820523,175.79838177,-1.55754173,175.79838177,-1.37275778,175.79838177,-1.37799079,175.79605442,-0.74482994,175.79605442,-0.74516758,175.79420159,-1.56113864
Honolulu,21.31,-157.86,5.0,2026-09-04T20:00:00,2461288.333333334,star_cen_rigil_kent,STAR,219.900000,-60.833000,-0.01,283.951472328,283.951484917,283.953807952,283.953820523,148.85391618,-20.59333975,148.85391618,-20.43253809,148.85391618,-20.43656439,148.76190140,-20.33286465,148.76190140,-20.33286465,148.85050021,-20.59569469
Honolulu,21.31,-157.86,5.0,2026-09-04T20:00:00,2461288.333333334,star_cen_hadar,STAR,210.956000,-60.373000,0.61,283.951472328,283.951484917,283.953807952,283.953820523,149.26872924,-16.19984525,149.26872924,-16.03010976,149.26872924,-16.03455545,149.19897917,-15.94167313,149.19897917,-15.94167313,149.26537801,-16.20250663
Honolulu,21.31,-157.86,5.0,2026-09-04T20:00:00,2461288.333333334,star_lyr_vega,STAR,279.234000,38.783000,0.03,283.951472328,283.951484917,283.953807952,283.953820523,22.65100337,-24.90870038,22.65100337,-24.75872978,22.65100337,-24.76229736,22.83837398,-24.85002126,22.83837398,-24.85002126,22.65554157,-24.91161493
Honolulu,21.31,-157.86,5.0,2026-09-04T20:00:00,2461288.333333334,star_cyg_deneb,STAR,310.358000,45.280000,1.25,283.951472328,283.951484917,283.953807952,283.953820523,356.56446806,-23.18558109,356.56446806,-23.03104487,356.56446806,-23.03479975,356.73444160,-23.29675129,356.73444160,-23.29675129,356.56885589,-23.18932981
Honolulu,21.31,-157.86,5.0,2026-09-04T20:00:00,2461288.333333334,star_cyg_sadr,STAR,305.557000,40.260000,2.23,283.951472328,283.951484917,283.953807952,283.953820523,0.25238144,-28.34044943,0.25238144,-28.20048443,0.25238144,-28.20366893,0.46582810,-28.42796695,0.46582810,-28.42796695,0.25704447,-28.34402134
Honolulu,21.31,-157.86,5.0,2026-09-04T20:00:00,2461288.333333334,star_cyg_albireo,STAR,292.680000,27.960000,3.05,283.951472328,283.951484917,283.953807952,283.953820523,14.97851703,-39.06303362,14.97851703,-38.96066566,14.97851703,-38.96266826,15.29938340,-39.05358754,15.29938340,-39.05358754,14.98392700,-39.06567474
Honolulu,21.31,-157.86,5.0,2026-09-04T20:00:00,2461288.333333334,star_aql_altair,STAR,297.696000,8.868000,0.76,283.951472328,283.951484917,283.953807952,283.953820523,15.49740846,-58.73027250,15.49740846,-58.69911986,15.49740846,-58.69958853,16.13364447,-58.71538222,16.13364447,-58.71538222,15.50555158,-58.73190420
Honolulu,21.31,-157.86,5.0,2026-09-04T20:00:00,2461288.333333334,star_ori_betelgeuse,STAR,88.793000,7.407000,0.5,283.951472328,283.951484917,283.953807952,283.953820523,254.27125441,51.74811168,254.27125441,51.76080320,254.27125441,51.76062768,254.50779386,51.43374910,254.50779386,51.43374272,254.26792651,51.76187556
Honolulu,21.31,-157.86,5.0,2026-09-04T20:00:00,2461288.333333334,star_ori_rigel,STAR,78.634000,-8.202000,0.13,283.951472328,283.951484917,283.953807952,283.953820523,242.53962052,35.14685872,242.53962052,35.16967951,242.53962052,35.16936325,242.71861542,34.88510081,242.71861542,34.88508937,242.53620270,35.16926971
Honolulu,21.31,-157.86,5.0,2026-09-04T20:00:00,2461288.333333334,star_ori_bellatrix,STAR,81.283000,6.350000,1.64,283.951472328,283.951484917,283.953807952,283.953820523,257.49498263,44.53028931,257.49498263,44.54664404,257.49498263,44.54641771,257.66279353,44.20959913,257.66279353,44.20959092,257.49238185,44.54724923
Honolulu,21.31,-157.86,5.0,2026-09-04T20:00:00,2461288.333333334,star_ori_saiph,STAR,86.939000,-9.670000,2.07,283.951472328,283.951484917,283.953807952,283.953820523,234.84748436,40.87602260,234.84748436,40.89460383,234.84748436,40.89434658,235.09589214,40.64514610,235.09589214,40.64513680,234.84325083,40.89429207
Honolulu,21.31,-157.86,5.0,2026-09-04T20:00:00,2461288.333333334,star_ori_alnitak,STAR,85.190000,-1.940000,1.77,283.951472328,283.951484917,283.953807952,283.953820523,244.70374081,44.03709501,244.70374081,44.05373299,244.70374081,44.05350273,244.93577892,43.76057505,244.93577892,43.76056671,244.70003816,44.05395828
Honolulu,21.31,-157.86,5.0,2026-09-04T20:00:00,2461288.333333334,star_ori_alnilam,STAR,84.530000,-1.200000,1.69,283.951472328,283.951484917,283.953807952,283.953820523,246.06198154,43.87373778,246.06198154,43.89047067,246.06198154,43.89023910,246.28614251,43.59191453,246.28614251,43.59190614,246.05840017,43.89072684
Honolulu,21.31,-157.86,5.0,2026-09-04T20:00:00,2461288.333333334,star_ori_mintaka,STAR,84.050000,-0.300000,2.23,283.951472328,283.951484917,283.953807952,283.953820523,247.47528456,43.93050399,247.47528456,43.94720384,247.47528456,43.94697272,247.69285232,43.64321741,247.69285232,43.64320904,247.47181790,43.94750637
Honolulu,21.31,-157.86,5.0,2026-09-04T20:00:00,2461288.333333334,star_tau_aldebaran,STAR,68.980000,16.509000,0.85,283.951472328,283.951484917,283.953807952,283.953820523,275.31200004,36.40578728,275.31200004,36.42758034,275.31200004,36.42727840,275.36054402,36.05674404,275.36054402,36.05673308,275.31125878,36.42781744
Honolulu,21.31,-157.86,5.0,2026-09-04T20:00:00,2461288.333333334,star_tau_elnath,STAR,81.573000,28.608000,1.65,283.951472328,283.951484917,283.953807952,283.953820523,289.58662755,49.58647771,289.58662755,49.60018278,289.58662755,49.59999320,289.55077273,49.22888171,289.55077273,49.22887482,289.58734795,49.60145552
Honolulu,21.31,-157.86,5.0,2026-09-04T20:00:00,2461288.333333334,star_aur_capella,STAR,79.172000,45.998000,0.08,283.951472328,283.951484917,283.953807952,283.953820523,314.62602018,45.02390975,314.62602018,45.03998586,314.62602018,45.03976340,314.44676743,44.72004006,314.44676743,44.72003199,314.62912671,45.04046233
Honolulu,21.31,-157.86,5.0,2026-09-04T20:00:00,2461288.333333334,star_umi_polaris,STAR,37.954000,89.264000,1.98,283.951472328,283.951484917,283.953807952,283.953820523,359.33711171,21.42589609,359.33711171,21.46658352,359.33711171,21.46601600,359.21027938,21.37411479,359.21027938,21.37409460,359.34147192,21.46477266
Honolulu,21.31,-157.86,5.0,2026-09-04T20:00:00,2461288.333333334,star_uma_dubhe,STAR,165.932000,61.751000,1.79,283.951472328,283.951484917,283.953807952,283.953820523,24.07099712,41.13584186,24.07099712,41.15425432,24.07099712,41.15399942,23.76533853,41.22073302,23.76533853,41.22072390,24.07642684,41.15155529
Honolulu,21.31,-157.86,5.0,2026-09-04T20:00:00,2461288.333333334,star_uma_merak,STAR,165.460000,56.380000,2.37,283.951472328,283.951484917,283.953807952,283.953820523,29.85595170,44.43813827,29.85595170,44.45454554,29.85595170,44.45431849,29.51935116,44.55746556,29.51935116,44.55745744,29.86153300,44.45160104
Honolulu,21.31,-157.86,5.0,2026-09-04T20:00:00,2461288.333333334,star_uma_alioth,STAR,193.507000,55.960000,1.77,283.951472328,283.951484917,283.953807952,283.953820523,36.86463279,29.94989322,36.86463279,29.97773894,36.86463279,29.97735249,36.68147778,30.12393048,36.68147778,30.12391676,36.86900475,29.97459829
Honolulu,21.31,-157.86,5.0,2026-09-04T20:00:00,2461288.333333334,star_uma_mizar,STAR,206.884000,54.920000,2.23,283.951472328,283.951484917,283.953807952,283.953820523,38.01687277,22.37302551,38.01687277,22.41184689,38.01687277,22.41130586,37.89135693,22.56519051,37.89135693,22.56517147,38.02092557,22.40897463
Honolulu,21.31,-157.86,5.0,2026-09-04T20:00:00,2461288.333333334,star_uma_alkaid,STAR,209.800000,49.310000,1.85,283.951472328,283.951484917,283.953807952,283.953820523,43.70535427,19.82210516,43.70535427,19.86632579,43.70535427,19.86570791,43.60314028,20.05258753,43.60314028,20.05256592,43.70912258,19.86348743
Honolulu,21.31,-157.86,5.0,2026-09-04T20:00:00,2461288.333333334,star_cas_schedar,STAR,9.880000,59.150000,2.24,283.951472328,283.951484917,283.953807952,283.953820523,332.47186326,6.04358601,332.47186326,6.17821049,332.47186326,6.17608569,332.45689892,5.93688815,332.45689892,5.93682009,332.47506558,6.18130528
Honolulu,21.31,-157.86,5.0,2026-09-04T20:00:00,2461288.333333334,star_cas_caph,STAR,1.150000,59.150000,2.28,283.951472328,283.951484917,283.953807952,283.953820523,335.12155575,2.43389549,335.12155575,2.61911558,335.12155575,2.61387721,335.12419907,2.46440483,335.12419907,2.46427727,335.12486757,2.70285434
Honolulu,21.31,-157.86,5.0,2026-09-04T20:00:00,2461288.333333334,star_per_mirfak,STAR,51.080000,49.860000,1.79,283.951472328,283.951484917,283.953807952,283.953820523,316.38388605,25.98190115,316.38388605,26.01476810,316.38388605,26.01431118,316.29871426,25.70017280,316.29871426,25.70015631,316.38644220,26.01403437
Honolulu,21.31,-157.86,5.0,2026-09-04T20:00:00,2461288.333333334,star_per_algol,STAR,47.040000,40.960000,2.12,283.951472328,283.951484917,283.953807952,283.953820523,307.04264533,22.17325089,307.04264533,22.21245363,307.04264533,22.21190720,306.99475663,21.86903736,306.99475663,21.86901766,307.04447521,22.21169864
Honolulu,21.31,-157.86,5.0,2026-09-04T20:00:00,2461288.333333334,star_boo_arcturus,STAR,213.915000,19.182000,-0.05,283.951472328,283.951484917,283.953807952,283.953820523,72.76571144,8.47370701,72.76571144,8.57531006,72.76571144,8.57381035,72.75006260,8.89245782,72.75006260,8.89240993,72.76773887,8.57441119
Honolulu,21.31,-157.86,5.0,2026-09-04T20:00:00,2461288.333333334,star_vir_spica,STAR,201.298000,-11.161000,0.98,283.951472328,283.951484917,283.953807952,283.953820523,105.95221926,9.01470129,105.95221926,9.11081443,105.95221926,9.10940692,105.96592173,9.47927315,105.96592173,9.47922798,105.95184969,9.10950138
Honolulu,21.31,-157.86,5.0,2026-09-04T20:00:00,2461288.333333334,star_sco_antares,STAR,247.352000,-26.432000,0.96,283.951472328,283.951484917,283.953807952,283.953820523,107.81627776,-36.86131447,107.81627776,-36.75063697,107.81627776,-36.75287191,107.80490056,-36.48774183,107.80490056,-36.48774183,107.81564016,-36.86163691
Honolulu,21.31,-157.86,5.0,2026-09-04T20:00:00,2461288.333333334,star_sco_shaula,STAR,262.690000,-37.030000,1.62,283.951472328,283.951484917,283.953807952,283.953820523,122.69695048,-49.74893333,122.69695048,-49.68763627,122.69695048,-49.68866805,122.56001189,-49.39429582,122.56001189,-49.39429582,122.69450559,-49.74820728
Honolulu,21.31,-157.86,5.0,2026-09-04T20:00:00,2461288.333333334,star_leo_regulus,STAR,152.093000,11.967000,1.36,283.951472328,283.951484917,283.953807952,283.953820523,106.36821137,63.07552398,106.36821137,63.08370378,106.36821137,63.08359071,106.41897509,63.45294575,106.41897509,63.45294176,106.36749354,63.07854062
Honolulu,21.31,-157.86,5.0,2026-09-04T20:00:00,2461288.333333334,star_gem_pollux,STAR,116.329000,28.026000,1.14,283.951472328,283.951484917,283.953807952,283.953820523,309.91718496,79.21294052,309.91718496,79.21601013,309.91718496,79.21596771,309.08273275,78.88271313,309.08273275,78.88271157,309.92750044,79.21910931
Honolulu,21.31,-157.86,5.0,2026-09-04T20:00:00,2461288.333333334,star_gem_castor,STAR,113.650000,31.888000,1.58,283.951472328,283.951484917,283.953807952,283.953820523,316.94338161,74.98191400,316.94338161,74.98623623,316.94338161,74.98617650,316.20475506,74.67536598,316.20475506,74.67536380,316.95252863,74.98879738
Honolulu,21.31,-157.86,5.0,2026-09-04T20:00:00,2461288.333333334,star_psa_fomalhaut,STAR,344.413000,-29.622000,1.17,283.951472328,283.951484917,283.953807952,283.953820523,248.76352498,-54.27632442,248.76352498,-54.23112715,248.76352498,-54.23184444,248.47221354,-54.58978943,248.47221354,-54.58978943,248.75943187,-54.28135723
Honolulu,21.31,-157.86,5.0,2026-09-04T20:00:00,2461288.333333334,star_eri_achernar,STAR,24.429000,-57.237000,0.45,283.951472328,283.951484917,283.953807952,283.953820523,215.62416682,-23.90405951,215.62416682,-23.75138862,215.62416682,-23.75506595,215.47664730,-24.05012113,215.47664730,-24.05012113,215.61979658,-23.90808450
Honolulu,21.31,-157.86,5.0,2026-09-04T20:00:00,2461288.333333334,dso_m31_andromeda,GALAXY,10.684000,41.269000,3.44,283.951472328,283.951484917,283.953807952,283.953820523,317.11754755,-3.16787992,317.11754755,-2.98370319,317.11754755,-2.98890684,317.14329548,-3.48321711,317.14329548,-3.48321711,317.11990394,-3.17168229
Honolulu,21.31,-157.86,5.0,2026-09-04T20:00:00,2461288.333333334,dso_lmc,GALAXY,80.894000,-69.756000,0.9,283.951472328,283.951484917,283.953807952,283.953820523,194.34381196,-6.52507042,194.34381196,-6.34296670,194.34381196,-6.34806005,194.30774484,-6.53543975,194.30774484,-6.53543975,194.33943410,-6.52870595
Honolulu,21.31,-157.86,5.0,2026-09-04T20:00:00,2461288.333333334,dso_smc,GALAXY,14.766000,-72.801000,2.7,283.951472328,283.951484917,283.953807952,283.953820523,198.11775343,-26.53967277,198.11775343,-26.39430981,198.11775343,-26.39769655,197.93732602,-26.57406118,197.93732602,-26.57406118,198.11291573,-26.54313177
Honolulu,21.31,-157.86,5.0,2026-09-04T20:00:00,2461288.333333334,dso_m33_triangulum,GALAXY,23.462000,30.660000,5.72,283.951472328,283.951484917,283.953807952,283.953820523,302.90900278,0.93365462,302.90900278,1.11888925,302.90900278,1.11364159,302.92001412,0.97867326,302.92001412,0.97848040,302.91042110,1.34477912
Honolulu,21.31,-157.86,5.0,2026-09-04T20:00:00,2461288.333333334,dso_m45_pleiades,STAR_CLUSTER,56.871000,24.105000,1.6,283.951472328,283.951484917,283.953807952,283.953820523,287.11715386,27.12460714,287.11715386,27.15589230,287.11715386,27.15545762,287.11600699,26.78186927,287.11600699,26.78185353,287.11746065,27.15552078
Honolulu,21.31,-157.86,5.0,2026-09-04T20:00:00,2461288.333333334,dso_hyades,STAR_CLUSTER,66.750000,15.870000,0.5,283.951472328,283.951484917,283.953807952,283.953820523,275.23777989,34.17197905,275.23777989,34.19564021,275.23777989,34.19531223,275.28364001,33.82474631,275.28364001,33.82473441,275.23705077,34.19571524
Honolulu,21.31,-157.86,5.0,2026-09-04T20:00:00,2461288.333333334,dso_m44_beehive,STAR_CLUSTER,130.100000,19.670000,3.7,283.951472328,283.951484917,283.953807952,283.953820523,112.09245121,85.53902407,112.09245121,85.54028106,112.09245121,85.54026369,112.89532878,85.90599231,112.89532878,85.90599175,112.08335366,85.53585414
Honolulu,21.31,-157.86,5.0,2026-09-04T20:00:00,2461288.333333334,dso_double_cluster,STAR_CLUSTER,34.740000,57.130000,3.7,283.951472328,283.951484917,283.953807952,283.953820523,325.48474956,17.33537038,325.48474956,17.38625336,325.48474956,17.38553974,325.42106172,17.10791391,325.42106172,17.10788843,325.48770922,17.38516956
Honolulu,21.31,-157.86,5.0,2026-09-04T20:00:00,2461288.333333334,dso_coma_cluster,STAR_CLUSTER,185.600000,26.100000,1.8,283.951472328,283.951484917,283.953807952,283.953820523,72.60545132,35.44494330,72.60545132,35.46751510,72.60545132,35.46720231,72.48190745,35.78527606,72.48190745,35.78526499,72.60795413,35.46315226
Honolulu,21.31,-157.86,5.0,2026-09-04T20:00:00,2461288.333333334,dso_omega_centauri,GLOBULAR_CLUSTER,201.700000,-47.470000,3.9,283.951472328,283.951484917,283.953807952,283.953820523,138.80431982,-6.69008339,138.80431982,-6.50811006,138.80431982,-6.51319633,138.78794334,-6.38792477,138.78794334,-6.38792477,138.80166543,-6.69326683
Honolulu,21.31,-157.86,5.0,2026-09-04T20:00:00,2461288.333333334,dso_47_tucanae,GLOBULAR_CLUSTER,6.020000,-72.080000,4.1,283.951472328,283.951484917,283.953807952,283.953820523,197.98190705,-29.26969811,197.98190705,-29.13264054,197.98190705,-29.13572010,197.77849593,-29.30305794,197.77849593,-29.30305794,197.97694570,-29.27309022
Honolulu,21.31,-157.86,5.0,2026-09-04T20:00:00,2461288.333333334,dso_m13_hercules,GLOBULAR_CLUSTER,250.420000,36.460000,5.8,283.951472328,283.951484917,283.953807952,283.953820523,42.66866073,-12.10201327,42.66866073,-11.92584226,42.66866073,-11.93061605,42.75309551,-11.92083111,42.75309551,-11.92083111,42.67232679,-12.10505145
Honolulu,21.31,-157.86,5.0,2026-09-04T20:00:00,2461288.333333334,dso_m42_orion_nebula,NEBULA,83.822000,-5.391000,4.0,283.951472328,283.951484917,283.953807952,283.953820523,241.83300333,40.98807658,241.83300333,41.00658481,241.83300333,41.00632857,242.05475223,40.72522794,242.05475223,40.72521866,241.82925481,41.00651577
Honolulu,21.31,-157.86,5.0,2026-09-04T20:00:00,2461288.333333334,dso_m8_lagoon,NEBULA,270.920000,-24.380000,6.0,283.951472328,283.951484917,283.953807952,283.953820523,102.23572883,-57.90174525,102.23572883,-57.86814202,102.23572883,-57.86865242,102.25769085,-57.52503274,102.25769085,-57.52503274,102.23558287,-57.90002916
Honolulu,21.31,-157.86,5.0,2026-09-04T20:00:00,2461288.333333334,dso_eta_carinae_nebula,NEBULA,161.260000,-59.870000,1.0,283.951472328,283.951484917,283.953807952,283.953820523,163.12645049,3.71324494,163.12645049,3.89310951,163.12645049,3.88947134,163.15544042,4.08788295,163.15544042,4.08779177,163.12263009,3.91615076
Quito,0.0,-78.5,2850.0,2026-09-04T20:00:00,2461288.333333334,star_cma_sirius,STAR,101.287000,-16.716000,-1.46,283.951472328,283.951484917,283.953807952,283.953820523,252.78655761,-13.27087083,252.78655761,-13.09635190,252.78655761,-13.14042174,252.79021825,-13.55646524,252.79021825,-13.55646524,252.78326975,-13.26798395
Quito,0.0,-78.5,2850.0,2026-09-04T20:00:00,2461288.333333334,star_cma_adhara,STAR,104.656000,-28.972000,1.5,283.951472328,283.951484917,283.953807952,283.953820523,240.58094467,-9.20357354,240.58094467,-9.02392300,240.58094467,-9.06933437,240.59221131,-9.43328556,240.59221131,-9.43328556,240.57716489,-9.20030257
Quito,0.0,-78.5,2850.0,2026-09-04T20:00:00,2461288.333333334,star_cma_wezen,STAR,107.098000,-26.393000,1.83,283.951472328,283.951484917,283.953807952,283.953820523,243.33979665,-7.23634061,243.33979665,-7.05481822,243.33979665,-7.10071741,243.36273590,-7.47958291,243.36273590,-7.47958291,243.33614636,-7.23300443
Quito,0.0,-78.5,2850.0,2026-09-04T20:00:00,2461288.333333334,star_cma_mirzam,STAR,95.675000,-17.956000,1.98,283.951472328,283.951484917,283.953807952,283.953820523,251.01932968,-18.49980637,251.01932968,-18.33448260,251.01932968,-18.37614506,250.99692092,-18.77837110,250.99692092,-18.77837110,251.01585671,-18.49722882
Quito,0.0,-78.5,2850.0,2026-09-04T20:00:00,2461288.333333334,star_cmi_procyon,STAR,114.825000,5.225000,0.34,283.951472328,283.951484917,283.953807952,283.953820523,275.16576919,-0.27476151,275.16576919,-0.08967149,275.16576919,-0.13648864,275.22531295,-0.05172498,275.22531295,-0.19323669,275.16391972,0.36559927
Quito,0.0,-78.5,2850.0,2026-09-04T20:00:00,2461288.333333334,star_car_canopus,STAR,95.987000,-52.695000,-0.74,283.951472328,283.951484917,283.953807952,283.953820523,215.70849427,-11.56566085,215.70849427,-11.38878006,215.70849427,-11.43346781,215.69261824,-11.65249830,215.69261824,-11.65249830,215.70411358,-11.56212655
Quito,0.0,-78.5,2850.0,2026-09-04T20:00:00,2461288.333333334,star_car_miaplacidus,STAR,138.300000,-69.720000,1.67,283.951472328,283.951484917,283.953807952,283.953820523,198.69696153,7.71224784,198.69696153,7.82258227,198.69696153,7.79467792,198.80505575,7.84562014,198.80505575,7.81811579,198.69271189,7.82977911
Quito,0.0,-78.5,2850.0,2026-09-04T20:00:00,2461288.333333334,star_cen_rigil_kent,STAR,219.900000,-60.833000,-0.01,283.951472328,283.951484917,283.953807952,283.953820523,171.84339004,27.97595800,171.84339004,28.00614102,171.84339004,27.99841345,172.07333623,28.19170831,172.07333623,28.18409578,171.83956153,28.00907292
Quito,0.0,-78.5,2850.0,2026-09-04T20:00:00,2461288.333333334,star_cen_hadar,STAR,210.956000,-60.373000,0.61,283.951472328,283.951484917,283.953807952,283.953820523,176.63144206,29.31963044,176.63144206,29.34819176,176.63144206,29.34087864,176.87879485,29.50627360,176.87879485,29.49905804,176.62732830,29.35112611
Quito,0.0,-78.5,2850.0,2026-09-04T20:00:00,2461288.333333334,star_lyr_vega,STAR,279.234000,38.783000,0.03,283.951472328,283.951484917,283.953807952,283.953820523,50.08177693,12.39644728,50.08177693,12.46766722,50.08177693,12.44951510,50.07602778,12.64796184,50.07602778,12.63030398,50.08582730,12.47275993
Quito,0.0,-78.5,2850.0,2026-09-04T20:00:00,2461288.333333334,star_cyg_deneb,STAR,310.358000,45.280000,1.25,283.951472328,283.951484917,283.953807952,283.953820523,43.61011125,-10.56977299,43.61011125,-10.39165407,43.61011125,-10.43666547,43.74002485,-10.42680258,43.74002485,-10.42680258,43.61430025,-10.56610758
Quito,0.0,-78.5,2850.0,2026-09-04T20:00:00,2461288.333333334,star_cyg_sadr,STAR,305.557000,40.260000,2.23,283.951472328,283.951484917,283.953807952,283.953820523,49.18683927,-7.86875033,49.18683927,-7.68778719,49.18683927,-7.73354079,49.29785275,-7.69313756,49.29785275,-7.69313756,49.19087789,-7.86504280
Quito,0.0,-78.5,2850.0,2026-09-04T20:00:00,2461288.333333334,star_cyg_albireo,STAR,292.680000,27.960000,3.05,283.951472328,283.951484917,283.953807952,283.953820523,61.95783923,2.20640908,61.95783923,2.39164523,61.95783923,2.34479868,62.01217399,2.70133509,62.01217399,2.63938361,61.96142522,2.49756010
Quito,0.0,-78.5,2850.0,2026-09-04T20:00:00,2461288.333333334,star_aql_altair,STAR,297.696000,8.868000,0.76,283.951472328,283.951484917,283.953807952,283.953820523,81.05266015,-2.53802663,81.05266015,-2.35358275,81.05266015,-2.40023738,81.12531345,-2.21536328,81.12531345,-2.21536328,81.05532123,-2.53428801
Quito,0.0,-78.5,2850.0,2026-09-04T20:00:00,2461288.333333334,star_ori_betelgeuse,STAR,88.793000,7.407000,0.5,283.951472328,283.951484917,283.953807952,283.953820523,278.25824753,-26.06240276,278.25824753,-25.91566323,278.25824753,-25.95247197,278.27664435,-26.42101739,278.27664435,-26.42101739,278.25638487,-26.06090094
Quito,0.0,-78.5,2850.0,2026-09-04T20:00:00,2461288.333333334,star_ori_rigel,STAR,78.634000,-8.202000,0.13,283.951472328,283.951484917,283.953807952,283.953820523,259.87688111,-36.06861704,259.87688111,-35.95500314,259.87688111,-35.98324379,259.79301096,-36.38231849,259.79301096,-36.38231849,259.87335992,-36.06758721
Quito,0.0,-78.5,2850.0,2026-09-04T20:00:00,2461288.333333334,star_ori_bellatrix,STAR,81.283000,6.350000,1.64,283.951472328,283.951484917,283.953807952,283.953820523,277.65982841,-33.57415821,277.65982841,-33.45154616,277.65982841,-33.48210182,277.66055496,-33.93252499,277.66055496,-33.93252499,277.65776166,-33.57333083
Quito,0.0,-78.5,2850.0,2026-09-04T20:00:00,2461288.333333334,star_ori_saiph,STAR,86.939000,-9.670000,2.07,283.951472328,283.951484917,283.953807952,283.953820523,259.07198149,-27.76314882,259.07198149,-27.62141878,259.07198149,-27.65692413,259.02554099,-28.07345553,259.02554099,-28.07345553,259.06872262,-27.76142369
Quito,0.0,-78.5,2850.0,2026-09-04T20:00:00,2461288.333333334,star_ori_alnitak,STAR,85.190000,-1.940000,1.77,283.951472328,283.951484917,283.953807952,283.953820523,267.78116367,-29.90743005,267.78116367,-29.77241383,267.78116367,-29.80617636,267.75417815,-30.24465978,267.75417815,-30.24465978,267.77843064,-29.90608220
Quito,0.0,-78.5,2850.0,2026-09-04T20:00:00,2461288.333333334,star_ori_alnilam,STAR,84.530000,-1.200000,1.69,283.951472328,283.951484917,283.953807952,283.953820523,268.62753609,-30.57681820,268.62753609,-30.44398364,268.62753609,-30.47718089,268.60122960,-30.91629318,268.60122960,-30.91629318,268.62484551,-30.57554623
Quito,0.0,-78.5,2850.0,2026-09-04T20:00:00,2461288.333333334,star_ori_mintaka,STAR,84.050000,-0.300000,2.23,283.951472328,283.951484917,283.953807952,283.953820523,269.67263421,-31.06122406,269.67263421,-30.92999246,269.67263421,-30.96277470,269.64851396,-31.40334104,269.64851396,-31.40334104,269.67000709,-31.06001645
Quito,0.0,-78.5,2850.0,2026-09-04T20:00:00,2461288.333333334,star_tau_aldebaran,STAR,68.980000,16.509000,0.85,283.951472328,283.951484917,283.953807952,283.953820523,293.21338561,-43.67049394,293.21338561,-43.58594557,293.21338561,-43.60677825,293.28521447,-44.04070692,293.28521447,-44.04070692,293.21254075,-43.67083223
Quito,0.0,-78.5,2850.0,2026-09-04T20:00:00,2461288.333333334,star_tau_elnath,STAR,81.573000,28.608000,1.65,283.951472328,283.951484917,283.953807952,283.953820523,303.19876016,-28.94047127,303.19876016,-28.80237439,303.19876016,-28.83693603,303.30289602,-29.30177561,303.30289602,-29.30177561,303.19892528,-28.93941382
Quito,0.0,-78.5,2850.0,2026-09-04T20:00:00,2461288.333333334,star_aur_capella,STAR,79.172000,45.998000,0.08,283.951472328,283.951484917,283.953807952,283.953820523,321.95098940,-23.95562868,321.95098940,-23.80309379,321.95098940,-23.84141331,322.09882725,-24.27295535,322.09882725,-24.27295535,321.95264526,-23.95400199
Quito,0.0,-78.5,2850.0,2026-09-04T20:00:00,2461288.333333334,star_umi_polaris,STAR,37.954000,89.264000,1.98,283.951472328,283.951484917,283.953807952,283.953820523,359.77094981,-0.58490680,359.77094981,-0.39987638,359.77094981,-0.44667891,359.84068984,-0.12851039,359.84068984,-0.27385486,359.77458101,0.13489007
Quito,0.0,-78.5,2850.0,2026-09-04T20:00:00,2461288.333333334,star_uma_dubhe,STAR,165.932000,61.751000,1.79,283.951472328,283.951484917,283.953807952,283.953820523,341.16936598,21.64908160,341.16936598,21.68931575,341.16936598,21.67902270,341.12337899,21.45554323,341.12337899,21.44522310,341.17233879,21.69493498
Quito,0.0,-78.5,2850.0,2026-09-04T20:00:00,2461288.333333334,star_uma_merak,STAR,165.460000,56.380000,2.37,283.951472328,283.951484917,283.953807952,283.953820523,336.92024997,25.35449316,336.92024997,25.38828359,336.92024997,25.37963458,336.86125536,25.13422938,336.86125536,25.12555110,336.92304082,25.39392208
Quito,0.0,-78.5,2850.0,2026-09-04T20:00:00,2461288.333333334,star_uma_alioth,STAR,193.507000,55.960000,1.77,283.951472328,283.951484917,283.953807952,283.953820523,352.18504045,33.38328093,352.18504045,33.40765297,352.18504045,33.40141102,352.03959777,33.23107938,352.03959777,33.22483637,352.18902579,33.41276127
Quito,0.0,-78.5,2850.0,2026-09-04T20:00:00,2461288.333333334,star_uma_mizar,STAR,206.884000,54.920000,2.23,283.951472328,283.951484917,283.953807952,283.953820523,1.18140720,35.19279909,1.18140720,35.21558127,1.18140720,35.20974603,1.00419420,35.09111441,1.00419420,35.08528912,1.18592371,35.22032635
Quito,0.0,-78.5,2850.0,2026-09-04T20:00:00,2461288.333333334,star_uma_alkaid,STAR,209.800000,49.310000,1.85,283.951472328,283.951484917,283.953807952,283.953820523,3.96310282,40.65719106,3.96310282,40.67591581,3.96310282,40.67111894,3.72813141,40.56791632,3.72813141,40.56312941,3.96809446,40.68036740
Quito,0.0,-78.5,2850.0,2026-09-04T20:00:00,2461288.333333334,star_cas_schedar,STAR,9.880000,59.150000,2.24,283.951472328,283.951484917,283.953807952,283.953820523,8.83902647,-29.52320131,8.83902647,-29.38695077,8.83902647,-29.42103336,9.11059644,-29.60154158,9.11059644,-29.60154158,8.84355054,-29.52091314
Quito,0.0,-78.5,2850.0,2026-09-04T20:00:00,2461288.333333334,star_cas_caph,STAR,1.150000,59.150000,2.28,283.951472328,283.951484917,283.953807952,283.953820523,13.55107808,-27.81399956,13.55107808,-27.67242371,13.55107808,-27.70788898,13.81142876,-27.86218745,13.81142876,-27.86218745,13.55566135,-27.81146328
Quito,0.0,-78.5,2850.0,2026-09-04T20:00:00,2461288.333333334,star_per_mirfak,STAR,51.080000,49.860000,1.79,283.951472328,283.951484917,283.953807952,283.953820523,339.70059036,-35.29287512,339.70059036,-35.17642130,339.70059036,-35.20539153,339.96241542,-35.53821038,339.96241542,-35.53821038,339.70384131,-35.29190999
Quito,0.0,-78.5,2850.0,2026-09-04T20:00:00,2461288.333333334,star_per_algol,STAR,47.040000,40.960000,2.12,283.951472328,283.951484917,283.953807952,283.953820523,336.70794412,-44.34396272,336.70794412,-44.26203210,336.70794412,-44.28220307,337.03189202,-44.60409482,337.03189202,-44.60409482,336.71140479,-44.34385559
Quito,0.0,-78.5,2850.0,2026-09-04T20:00:00,2461288.333333334,star_boo_arcturus,STAR,213.915000,19.182000,-0.05,283.951472328,283.951484917,283.953807952,283.953820523,23.82041217,69.08584954,23.82041217,69.09200543,23.82041217,69.09042789,22.92613759,69.10558971,22.92613759,69.10402470,23.83214518,69.09384008
Quito,0.0,-78.5,2850.0,2026-09-04T20:00:00,2461288.333333334,star_vir_spica,STAR,201.298000,-11.161000,0.98,283.951472328,283.951484917,283.953807952,283.953820523,198.37317800,78.08476033,198.37317800,78.08815994,198.37317800,78.08728872,200.16869077,78.10308707,200.16869077,78.10222641,198.35306977,78.08822139
Quito,0.0,-78.5,2850.0,2026-09-04T20:00:00,2461288.333333334,star_sco_antares,STAR,247.352000,-26.432000,0.96,283.951472328,283.951484917,283.953807952,283.953820523,126.51636782,41.44190971,126.51636782,41.46012557,126.51636782,41.45545898,126.66309635,41.81784674,126.66309635,41.81326496,126.51564472,41.46063639
Quito,0.0,-78.5,2850.0,2026-09-04T20:00:00,2461288.333333334,star_sco_shaula,STAR,262.690000,-37.030000,1.62,283.951472328,283.951484917,283.953807952,283.953820523,131.77300253,25.24797833,131.77300253,25.28192969,131.77300253,25.27323960,131.89513976,25.63110283,131.89513976,25.62261330,131.77199079,25.28447075
Quito,0.0,-78.5,2850.0,2026-09-04T20:00:00,2461288.333333334,star_leo_regulus,STAR,152.093000,11.967000,1.36,283.951472328,283.951484917,283.953807952,283.953820523,284.70399733,36.08064599,284.70399733,36.10269860,284.70399733,36.09705003,284.79658913,35.74164398,284.79658913,35.73595595,284.70260139,36.10869172
Quito,0.0,-78.5,2850.0,2026-09-04T20:00:00,2461288.333333334,star_gem_pollux,STAR,116.329000,28.026000,1.14,283.951472328,283.951484917,283.953807952,283.953820523,297.96746636,1.13658712,297.96746636,1.32183237,297.96746636,1.27497943,298.02877257,1.15280620,298.02877257,1.05913670,297.96725512,1.52824189
Quito,0.0,-78.5,2850.0,2026-09-04T20:00:00,2461288.333333334,star_gem_castor,STAR,113.650000,31.888000,1.58,283.951472328,283.951484917,283.953807952,283.953820523,301.83689664,-1.17094047,301.83689664,-0.98604773,301.83689664,-1.03281602,301.90073947,-1.53152154,301.90073947,-1.53152154,301.83697001,-1.16745709
Quito,0.0,-78.5,2850.0,2026-09-04T20:00:00,2461288.333333334,star_psa_fomalhaut,STAR,344.413000,-29.622000,1.17,283.951472328,283.951484917,283.953807952,283.953820523,130.93724037,-41.32486998,130.93724037,-41.23120818,130.93724037,-41.25435174,130.89128848,-40.97020514,130.89128848,-40.97020514,130.93621167,-41.31933500
Quito,0.0,-78.5,2850.0,2026-09-04T20:00:00,2461288.333333334,star_eri_achernar,STAR,24.429000,-57.237000,0.45,283.951472328,283.951484917,283.953807952,283.953820523,179.50384968,-32.90088022,179.50384968,-32.77591125,179.50384968,-32.80707488,179.34054880,-32.75710214,179.34054880,-32.75710214,179.49945117,-32.89657254
Quito,0.0,-78.5,2850.0,2026-09-04T20:00:00,2461288.333333334,dso_m31_andromeda,GALAXY,10.684000,41.269000,3.44,283.951472328,283.951484917,283.953807952,283.953820523,15.74121102,-46.58319656,15.74121102,-46.50992477,15.74121102,-46.52791371,16.19884181,-46.61761776,16.19884181,-46.61761776,15.74719477,-46.58157669
Quito,0.0,-78.5,2850.0,2026-09-04T20:00:00,2461288.333333334,dso_lmc,GALAXY,80.894000,-69.756000,0.9,283.951472328,283.951484917,283.953807952,283.953820523,196.91057257,-11.35368843,196.91057257,-11.17653543,196.91057257,-11.22129436,196.89457963,-11.31978974,196.89457963,-11.31978974,196.90629886,-11.34986502
Quito,0.0,-78.5,2850.0,2026-09-04T20:00:00,2461288.333333334,dso_smc,GALAXY,14.766000,-72.801000,2.7,283.951472328,283.951484917,283.953807952,283.953820523,176.75855185,-17.05120148,176.75855185,-16.88303132,176.75855185,-16.92543895,176.71452940,-16.89159284,176.71452940,-16.89159284,176.75479790,-17.04696780
Quito,0.0,-78.5,2850.0,2026-09-04T20:00:00,2461288.333333334,dso_m33_triangulum,GALAXY,23.462000,30.660000,5.72,283.951472328,283.951484917,283.953807952,283.953820523,2.69680276,-59.16410703,2.69680276,-59.13420549,2.69680276,-59.14143121,3.35543124,-59.28165364,3.35543124,-59.28165364,2.70413309,-59.16403824
Quito,0.0,-78.5,2850.0,2026-09-04T20:00:00,2461288.333333334,dso_m45_pleiades,STAR_CLUSTER,56.871000,24.105000,1.6,283.951472328,283.951484917,283.953807952,283.953820523,310.42922134,-50.81607704,310.42922134,-50.75870476,310.42922134,-50.77271468,310.64102028,-51.16703223,310.64102028,-51.16703223,310.43028349,-50.81710069
Quito,0.0,-78.5,2850.0,2026-09-04T20:00:00,2461288.333333334,dso_hyades,STAR_CLUSTER,66.750000,15.870000,0.5,283.951472328,283.951484917,283.953807952,283.953820523,293.23245593,-45.90508194,293.23245593,-45.82919866,293.23245593,-45.84784460,293.30523188,-46.27550772,293.30523188,-46.27550772,293.23157802,-45.90563676
Quito,0.0,-78.5,2850.0,2026-09-04T20:00:00,2461288.333333334,dso_m44_beehive,STAR_CLUSTER,130.100000,19.670000,3.7,283.951472328,283.951484917,283.953807952,283.953820523,290.21406112,14.13954780,290.21406112,14.20211540,290.21406112,14.18614849,290.27759718,13.83976907,290.27759718,13.82359666,290.21327335,14.20832082
Quito,0.0,-78.5,2850.0,2026-09-04T20:00:00,2461288.333333334,dso_double_cluster,STAR_CLUSTER,34.740000,57.130000,3.7,283.951472328,283.951484917,283.953807952,283.953820523,353.77371992,-32.21600119,353.77371992,-32.08866943,353.77371992,-32.12044321,354.04714458,-32.38610599,354.04714458,-32.38610599,353.77772009,-32.21438367
Quito,0.0,-78.5,2850.0,2026-09-04T20:00:00,2461288.333333334,dso_coma_cluster,STAR_CLUSTER,185.600000,26.100000,1.8,283.951472328,283.951484917,283.953807952,283.953820523,325.52960267,57.93678109,325.52960267,57.94686821,325.52960267,57.94428342,325.26821412,57.64509089,325.26821412,57.64249111,325.53306499,57.95228477
Quito,0.0,-78.5,2850.0,2026-09-04T20:00:00,2461288.333333334,dso_omega_centauri,GLOBULAR_CLUSTER,201.700000,-47.470000,3.9,283.951472328,283.951484917,283.953807952,283.953820523,183.05941032,42.29960023,183.05941032,42.31727746,183.05941032,42.31274876,183.43676977,42.43554665,183.43676977,42.43106265,183.05424829,42.31926641
Quito,0.0,-78.5,2850.0,2026-09-04T20:00:00,2461288.333333334,dso_47_tucanae,GLOBULAR_CLUSTER,6.020000,-72.080000,4.1,283.951472328,283.951484917,283.953807952,283.953820523,173.90029149,-17.04365784,173.90029149,-16.87547347,173.90029149,-16.91788482,173.85898747,-16.86745376,173.85898747,-16.86745376,173.89666640,-17.03937381
Quito,0.0,-78.5,2850.0,2026-09-04T20:00:00,2461288.333333334,dso_m13_hercules,GLOBULAR_CLUSTER,250.420000,36.460000,5.8,283.951472328,283.951484917,283.953807952,283.953820523,43.89349551,34.54098077,43.89349551,34.56431901,43.89349551,34.55834152,43.72426867,34.70741519,43.72426867,34.70150689,43.89844232,34.56736389
Quito,0.0,-78.5,2850.0,2026-09-04T20:00:00,2461288.333333334,dso_m42_orion_nebula,NEBULA,83.822000,-5.391000,4.0,283.951472328,283.951484917,283.953807952,283.953820523,263.72146335,-31.15004993,263.72146335,-31.01911443,263.72146335,-31.05182004,263.67540496,-31.47584312,263.67540496,-31.47584312,263.71840355,-31.14871428
Quito,0.0,-78.5,2850.0,2026-09-04T20:00:00,2461288.333333334,dso_m8_lagoon,NEBULA,270.920000,-24.380000,6.0,283.951472328,283.951484917,283.953807952,283.953820523,116.40621346,21.85193502,116.40621346,21.89176461,116.40621346,21.88157470,116.48140690,22.26269733,116.48140690,22.25277969,116.40645048,21.89472177
Quito,0.0,-78.5,2850.0,2026-09-04T20:00:00,2461288.333333334,dso_eta_carinae_nebula,NEBULA,161.260000,-59.870000,1.0,283.951472328,283.951484917,283.953807952,283.953820523,201.82663600,21.09321319,201.82663600,21.13459269,201.82663600,21.12400769,202.02704675,21.13667735,202.02704675,21.12619050,201.82208966,21.13900905
Sydney,-33.87,151.21,40.0,2026-09-04T20:00:00,2461288.333333334,star_cma_sirius,STAR,101.287000,-16.716000,-1.46,283.951472328,283.951484917,283.953807952,283.953820523,60.73242180,60.76116833,60.73242180,60.77018342,60.73242180,60.77002898,60.31169722,60.96955135,60.31169722,60.96951590,60.74117030,60.77075897
Sydney,-33.87,151.21,40.0,2026-09-04T20:00:00,2461288.333333334,star_cma_adhara,STAR,104.656000,-28.972000,1.5,283.951472328,283.951484917,283.953807952,283.953820523,87.28597658,64.24608843,87.28597658,64.25385878,87.28597658,64.25372567,87.04871109,64.45989794,87.04871109,64.45986743,87.29693481,64.25268729
Sydney,-33.87,151.21,40.0,2026-09-04T20:00:00,2461288.333333334,star_cma_wezen,STAR,107.098000,-26.393000,1.83,283.951472328,283.951484917,283.953807952,283.953820523,83.69935548,61.30657563,83.69935548,61.31539061,83.69935548,61.31523960,83.42951739,61.52307879,83.42951739,61.52304414,83.70925132,61.31437345
Sydney,-33.87,151.21,40.0,2026-09-04T20:00:00,2461288.333333334,star_cma_mirzam,STAR,95.675000,-17.956000,1.98,283.951472328,283.951484917,283.953807952,283.953820523,54.67211187,65.53567876,54.67211187,65.54300720,54.67211187,65.54288167,54.17931606,65.73491859,54.17931606,65.73488980,54.68185227,65.54424314
Sydney,-33.87,151.21,40.0,2026-09-04T20:00:00,2461288.333333334,star_cmi_procyon,STAR,114.825000,5.225000,0.34,283.951472328,283.951484917,283.953807952,283.953820523,52.02493300,35.67288852,52.02493300,35.69527233,52.02493300,35.69488819,51.64984460,35.88152672,51.64984460,35.88143863,52.02969902,35.69501074
Sydney,-33.87,151.21,40.0,2026-09-04T20:00:00,2461288.333333334,star_car_canopus,STAR,95.987000,-52.695000,-0.74,283.951472328,283.951484917,283.953807952,283.953820523,147.86356947,65.94359236,147.86356947,65.95078291,147.86356947,65.95065974,147.99681581,66.02068518,147.99681581,66.02065678,147.86919956,65.94588834
Sydney,-33.87,151.21,40.0,2026-09-04T20:00:00,2461288.333333334,star_car_miaplacidus,STAR,138.300000,-69.720000,1.67,283.951472328,283.951484917,283.953807952,283.953820523,156.04299740,40.71221531,156.04299740,40.73090385,156.04299740,40.73058333,155.90968601,40.77286556,155.90968601,40.77279158,156.04519017,40.72615308
Sydney,-33.87,151.21,40.0,2026-09-04T20:00:00,2461288.333333334,star_cen_rigil_kent,STAR,219.900000,-60.833000,-0.01,283.951472328,283.951484917,283.953807952,283.953820523,163.72621402,8.97361262,163.72621402,9.07012396,163.72621402,9.06839599,163.44890623,9.08678437,163.44890623,9.08640919,163.72727260,9.06913650
Sydney,-33.87,151.21,40.0,2026-09-04T20:00:00,2461288.333333334,star_cen_hadar,STAR,210.956000,-60.373000,0.61,283.951472328,283.951484917,283.953807952,283.953820523,159.71509592,10.93607103,159.71509592,11.01640715,159.71509592,11.01499030,159.44515222,11.04740544,159.44515222,11.04709256,159.71648507,11.01464717
Sydney,-33.87,151.21,40.0,2026-09-04T20:00:00,2461288.333333334,star_lyr_vega,STAR,279.234000,38.783000,0.03,283.951472328,283.951484917,283.953807952,283.953820523,291.23181740,-69.87952707,291.23181740,-69.87267554,291.23181740,-69.87278865,291.21577116,-70.05928093,291.21577116,-70.05928093,291.21953536,-69.88235558
Sydney,-33.87,151.21,40.0,2026-09-04T20:00:00,2461288.333333334,star_cyg_deneb,STAR,310.358000,45.280000,1.25,283.951472328,283.951484917,283.953807952,283.953820523,302.52682350,-46.68705284,302.52682350,-46.61417992,302.52682350,-46.61568345,302.36356829,-46.84283007,302.36356829,-46.84283007,302.52128352,-46.69111466
Sydney,-33.87,151.21,40.0,2026-09-04T20:00:00,2461288.333333334,star_cyg_sadr,STAR,305.557000,40.260000,2.23,283.951472328,283.951484917,283.953807952,283.953820523,294.47354961,-49.65375718,294.47354961,-49.59210687,294.47354961,-49.59333533,294.29958236,-49.82783614,294.29958236,-49.82783614,294.46716345,-49.65737300
Sydney,-33.87,151.21,40.0,2026-09-04T20:00:00,2461288.333333334,star_cyg_albireo,STAR,292.680000,27.960000,3.05,283.951472328,283.951484917,283.953807952,283.953820523,270.13333821,-57.25161366,270.13333821,-57.21603282,270.13333821,-57.21668589,269.87665949,-57.45900355,269.87665949,-57.45900355,270.12477611,-57.25349515
Sydney,-33.87,151.21,40.0,2026-09-04T20:00:00,2461288.333333334,star_aql_altair,STAR,297.696000,8.868000,0.76,283.951472328,283.951484917,283.953807952,283.953820523,247.77503792,-43.45906062,247.77503792,-43.37368995,247.77503792,-43.37552162,247.41876059,-43.66570449,247.41876059,-43.66570449,247.76898495,-43.46027749
Sydney,-33.87,151.21,40.0,2026-09-04T20:00:00,2461288.333333334,star_ori_betelgeuse,STAR,88.793000,7.407000,0.5,283.951472328,283.951484917,283.953807952,283.953820523,20.43739782,46.63773375,20.43739782,46.65293108,20.43739782,46.65267056,19.93901168,46.76337518,19.93901168,46.76331514,20.44014395,46.65445124
Sydney,-33.87,151.21,40.0,2026-09-04T20:00:00,2461288.333333334,star_ori_rigel,STAR,78.634000,-8.202000,0.13,283.951472328,283.951484917,283.953807952,283.953820523,8.60880691,64.06098179,8.60880691,64.06881635,8.60880691,64.06868214,7.89283450,64.14146974,7.89283450,64.14143878,8.61101448,64.07189980
Sydney,-33.87,151.21,40.0,2026-09-04T20:00:00,2461288.333333334,star_ori_bellatrix,STAR,81.283000,6.350000,1.64,283.951472328,283.951484917,283.953807952,283.953820523,9.89997154,49.28876901,9.89997154,49.30261868,9.89997154,49.30238131,9.36236626,49.37886909,9.36236626,49.37881431,9.90159345,49.30455117
Sydney,-33.87,151.21,40.0,2026-09-04T20:00:00,2461288.333333334,star_ori_saiph,STAR,86.939000,-9.670000,2.07,283.951472328,283.951484917,283.953807952,283.953820523,27.42855717,63.36300845,27.42855717,63.37108693,27.42855717,63.37094854,26.79375851,63.50329535,26.79375851,63.50326352,27.43395658,63.37360987
Sydney,-33.87,151.21,40.0,2026-09-04T20:00:00,2461288.333333334,star_ori_alnitak,STAR,85.190000,-1.940000,1.77,283.951472328,283.951484917,283.953807952,283.953820523,19.07250019,56.61591971,19.07250019,56.62653076,19.07250019,56.62634896,18.48839191,56.73333563,18.48839191,56.73329372,19.07575560,56.62883799
Sydney,-33.87,151.21,40.0,2026-09-04T20:00:00,2461288.333333334,star_ori_alnilam,STAR,84.530000,-1.200000,1.69,283.951472328,283.951484917,283.953807952,283.953820523,17.57732329,56.07175109,17.57732329,56.08258260,17.57732329,56.08239701,16.99464666,56.18461708,16.99464666,56.18457429,17.58032415,56.08488746
Sydney,-33.87,151.21,40.0,2026-09-04T20:00:00,2461288.333333334,star_ori_mintaka,STAR,84.050000,-0.300000,2.23,283.951472328,283.951484917,283.953807952,283.953820523,16.36770034,55.31319804,16.36770034,55.32434158,16.36770034,55.32415064,15.78953281,55.42244616,15.78953281,55.42240212,16.37047614,55.32661812
Sydney,-33.87,151.21,40.0,2026-09-04T20:00:00,2461288.333333334,star_tau_aldebaran,STAR,68.980000,16.509000,0.85,283.951472328,283.951484917,283.953807952,283.953820523,352.81551846,39.26308807,352.81551846,39.28275779,352.81551846,39.28242038,352.33283050,39.29763026,352.33283050,39.29755233,352.81505489,39.28398733
Sydney,-33.87,151.21,40.0,2026-09-04T20:00:00,2461288.333333334,star_tau_elnath,STAR,81.573000,28.608000,1.65,283.951472328,283.951484917,283.953807952,283.953820523,6.74055927,27.16502725,6.74055927,27.19625867,6.74055927,27.19572161,6.32756695,27.26018231,6.32756695,27.26005911,6.74143794,27.19659880
Sydney,-33.87,151.21,40.0,2026-09-04T20:00:00,2461288.333333334,star_aur_capella,STAR,79.172000,45.998000,0.08,283.951472328,283.951484917,283.953807952,283.953820523,3.17338744,10.00089234,3.17338744,10.08826749,3.17338744,10.08671715,2.82664605,10.13834207,2.82664605,10.13800293,3.17387267,10.08857682
Sydney,-33.87,151.21,40.0,2026-09-04T20:00:00,2461288.333333334,star_umi_polaris,STAR,37.954000,89.264000,1.98,283.951472328,283.951484917,283.953807952,283.953820523,359.64349887,-33.31647412,359.64349887,-33.19295611,359.64349887,-33.19596325,359.46759111,-33.28268364,359.46759111,-33.28268364,359.64370801,-33.32157714
Sydney,-33.87,151.21,40.0,2026-09-04T20:00:00,2461288.333333334,star_uma_dubhe,STAR,165.932000,61.751000,1.79,283.951472328,283.951484917,283.953807952,283.953820523,33.25393067,-29.89082630,33.25393067,-29.75575647,33.25393067,-29.75918527,33.03168248,-29.74910379,33.03168248,-29.74910379,33.25706106,-29.89536678
Sydney,-33.87,151.21,40.0,2026-09-04T20:00:00,2461288.333333334,star_uma_merak,STAR,165.460000,56.380000,2.37,283.951472328,283.951484917,283.953807952,283.953820523,38.98832959,-27.96118857,38.98832959,-27.82006041,38.98832959,-27.82372596,38.75170708,-27.80504102,38.75170708,-27.80504102,38.99181396,-27.96553663
Sydney,-33.87,151.21,40.0,2026-09-04T20:00:00,2461288.333333334,star_uma_alioth,STAR,193.507000,55.960000,1.77,283.951472328,283.951484917,283.953807952,283.953820523,42.57017743,-43.20103931,42.57017743,-43.11466506,42.57017743,-43.11652415,42.37968611,-43.03688112,42.37968611,-43.03688112,42.57467107,-43.20552279
Sydney,-33.87,151.21,40.0,2026-09-04T20:00:00,2461288.333333334,star_uma_mizar,STAR,206.884000,54.920000,2.23,283.951472328,283.951484917,283.953807952,283.953820523,42.76580167,-50.84683241,42.76580167,-50.78957220,42.76580167,-50.79069775,42.61104598,-50.68219654,42.61104598,-50.68219654,42.77100055,-50.85130075
Sydney,-33.87,151.21,40.0,2026-09-04T20:00:00,2461288.333333334,star_uma_alkaid,STAR,209.800000,49.310000,1.85,283.951472328,283.951484917,283.953807952,283.953820523,51.27771885,-53.59130296,51.27771885,-53.54377172,51.27771885,-53.54467808,51.10409100,-53.40981008,51.10409100,-53.40981008,51.28399353,-53.59533121
Sydney,-33.87,151.21,40.0,2026-09-04T20:00:00,2461288.333333334,star_cas_schedar,STAR,9.880000,59.150000,2.24,283.951472328,283.951484917,283.953807952,283.953820523,331.01691672,-17.41479806,331.01691672,-17.24732064,331.01691672,-17.25217544,330.76604574,-17.48355952,330.76604574,-17.48355952,331.01473362,-17.41895746
Sydney,-33.87,151.21,40.0,2026-09-04T20:00:00,2461288.333333334,star_cas_caph,STAR,1.150000,59.150000,2.28,283.951472328,283.951484917,283.953807952,283.953820523,328.32361605,-21.09558589,328.32361605,-20.93594084,328.32361605,-20.94041099,328.08562776,-21.17377115,328.08562776,-21.17377115,328.32117689,-21.09989944
Sydney,-33.87,151.21,40.0,2026-09-04T20:00:00,2461288.333333334,star_per_mirfak,STAR,51.080000,49.860000,1.79,283.951472328,283.951484917,283.953807952,283.953820523,345.04261525,3.60741773,345.04261525,3.78903167,345.04261525,3.78469898,344.71714613,3.79081963,344.71714613,3.79005018,345.04160736,3.81560323
Sydney,-33.87,151.21,40.0,2026-09-04T20:00:00,2461288.333333334,star_per_algol,STAR,47.040000,40.960000,2.12,283.951472328,283.951484917,283.953807952,283.953820523,339.10417582,10.85406209,339.10417582,10.93497356,339.10417582,10.93354589,338.75186296,10.89845935,338.75186296,10.89814244,339.10267198,10.93509427
Sydney,-33.87,151.21,40.0,2026-09-04T20:00:00,2461288.333333334,star_boo_arcturus,STAR,213.915000,19.182000,-0.05,283.951472328,283.951484917,283.953807952,283.953820523,101.57004174,-50.79142628,101.57004174,-50.73396412,101.57004174,-50.73509434,101.16778102,-50.59904151,101.16778102,-50.59904151,101.57709669,-50.79253180
Sydney,-33.87,151.21,40.0,2026-09-04T20:00:00,2461288.333333334,star_vir_spica,STAR,201.298000,-11.161000,0.98,283.951472328,283.951484917,283.953807952,283.953820523,121.73688888,-22.02034323,121.73688888,-21.86290006,121.73688888,-21.86726727,121.37243136,-21.86838030,121.37243136,-21.86838030,121.74099116,-22.02230984
Sydney,-33.87,151.21,40.0,2026-09-04T20:00:00,2461288.333333334,star_sco_antares,STAR,247.352000,-26.432000,0.96,283.951472328,283.951484917,283.953807952,283.953820523,172.40965220,-29.23116281,172.40965220,-29.09398307,172.40965220,-29.09749303,171.98168890,-29.24390793,171.98168890,-29.24390793,172.41005836,-29.23169990
Sydney,-33.87,151.21,40.0,2026-09-04T20:00:00,2461288.333333334,star_sco_shaula,STAR,262.690000,-37.030000,1.62,283.951472328,283.951484917,283.953807952,283.953820523,186.71970375,-18.68895727,186.71970375,-18.52402223,186.71970375,-18.52874887,186.33988466,-18.75411878,186.33988466,-18.75411878,186.71884707,-18.69052398
Sydney,-33.87,151.21,40.0,2026-09-04T20:00:00,2461288.333333334,star_leo_regulus,STAR,152.093000,11.967000,1.36,283.951472328,283.951484917,283.953807952,283.953820523,73.08170540,3.70183988,73.08170540,3.88190007,73.08170540,3.87769038,72.77349267,4.09679521,72.77349267,4.09606792,73.08625416,3.90586899
Sydney,-33.87,151.21,40.0,2026-09-04T20:00:00,2461288.333333334,star_gem_pollux,STAR,116.329000,28.026000,1.14,283.951472328,283.951484917,283.953807952,283.953820523,37.73105905,16.69665676,37.73105905,16.74954519,37.73105905,16.74862845,37.38125863,16.90583794,37.38125863,16.90563189,37.73424858,16.74910851
Sydney,-33.87,151.21,40.0,2026-09-04T20:00:00,2461288.333333334,star_gem_castor,STAR,113.650000,31.888000,1.58,283.951472328,283.951484917,283.953807952,283.953820523,33.49835042,14.77329739,33.49835042,14.83318083,33.49835042,14.83213913,33.15028466,14.97873778,33.15028466,14.97850500,33.50122559,14.83283705
Sydney,-33.87,151.21,40.0,2026-09-04T20:00:00,2461288.333333334,star_psa_fomalhaut,STAR,344.413000,-29.622000,1.17,283.951472328,283.951484917,283.953807952,283.953820523,244.68637152,15.63324204,244.68637152,15.68980273,244.68637152,15.68882056,244.38487497,15.48550499,244.38487497,15.48527983,244.68180316,15.68787717
Sydney,-33.87,151.21,40.0,2026-09-04T20:00:00,2461288.333333334,star_eri_achernar,STAR,24.429000,-57.237000,0.45,283.951472328,283.951484917,283.953807952,283.953820523,219.71609745,49.02122162,219.71609745,49.03520236,219.71609745,49.03496273,219.55181607,48.86879190,219.55181607,48.86873613,219.71112062,49.03092299
Sydney,-33.87,151.21,40.0,2026-09-04T20:00:00,2461288.333333334,dso_m31_andromeda,GALAXY,10.684000,41.269000,3.44,283.951472328,283.951484917,283.953807952,283.953820523,317.32661525,-5.55266498,317.32661525,-5.36984751,317.32661525,-5.37554363,317.02976232,-5.66604328,317.02976232,-5.66604328,317.32357410,-5.55604696
Sydney,-33.87,151.21,40.0,2026-09-04T20:00:00,2461288.333333334,dso_lmc,GALAXY,80.894000,-69.756000,0.9,283.951472328,283.951484917,283.953807952,283.953820523,176.65836222,54.00803450,176.65836222,54.01972849,176.65836222,54.01952811,176.63253529,53.98602242,176.63253529,53.98597598,176.65834872,54.01435896
Sydney,-33.87,151.21,40.0,2026-09-04T20:00:00,2461288.333333334,dso_smc,GALAXY,14.766000,-72.801000,2.7,283.951472328,283.951484917,283.953807952,283.953820523,200.01861713,40.93207395,200.01861713,40.95061862,200.01861713,40.95030057,199.86002156,40.83791230,199.86002156,40.83783848,200.01610746,40.94591726
Sydney,-33.87,151.21,40.0,2026-09-04T20:00:00,2461288.333333334,dso_m33_triangulum,GALAXY,23.462000,30.660000,5.72,283.951472328,283.951484917,283.953807952,283.953820523,317.20763951,9.23001621,317.20763951,9.32409012,317.20763951,9.32241008,316.86449236,9.21375948,316.86449236,9.21338903,317.20455500,9.32444067
Sydney,-33.87,151.21,40.0,2026-09-04T20:00:00,2461288.333333334,dso_m45_pleiades,STAR_CLUSTER,56.871000,24.105000,1.6,283.951472328,283.951484917,283.953807952,283.953820523,341.21681367,29.50039887,341.21681367,29.52875216,341.21681367,29.52826495,340.78665995,29.50066972,340.78665995,29.50055738,341.21531083,29.52919310
Sydney,-33.87,151.21,40.0,2026-09-04T20:00:00,2461288.333333334,dso_hyades,STAR_CLUSTER,66.750000,15.870000,0.5,283.951472328,283.951484917,283.953807952,283.953820523,349.95781006,39.61385197,349.95781006,39.63327876,349.95781006,39.63294554,349.47235419,39.63772825,349.47235419,39.63765126,349.95703807,39.63452143
Sydney,-33.87,151.21,40.0,2026-09-04T20:00:00,2461288.333333334,dso_m44_beehive,STAR_CLUSTER,130.100000,19.670000,3.7,283.951472328,283.951484917,283.953807952,283.953820523,53.32385941,14.97704180,53.32385941,15.03610644,53.32385941,15.03507943,52.99212112,15.22320421,52.99212112,15.22297515,53.32789698,15.03542788
Sydney,-33.87,151.21,40.0,2026-09-04T20:00:00,2461288.333333334,dso_double_cluster,STAR_CLUSTER,34.740000,57.130000,3.7,283.951472328,283.951484917,283.953807952,283.953820523,339.51097699,-7.14456635,339.51097699,-6.96296613,339.51097699,-6.96859272,339.22417017,-7.18266342,339.22417017,-7.18266342,339.50952230,-7.14813684
Sydney,-33.87,151.21,40.0,2026-09-04T20:00:00,2461288.333333334,dso_coma_cluster,STAR_CLUSTER,185.600000,26.100000,1.8,283.951472328,283.951484917,283.953807952,283.953820523,77.54511420,-30.57296472,77.54511420,-30.44011750,77.54511420,-30.44346227,77.24221913,-30.36666316,77.24221913,-30.36666316,77.55040714,-30.57605465
Sydney,-33.87,151.21,40.0,2026-09-04T20:00:00,2461288.333333334,dso_omega_centauri,GLOBULAR_CLUSTER,201.700000,-47.470000,3.9,283.951472328,283.951484917,283.953807952,283.953820523,147.28781192,4.31669339,147.28781192,4.48481488,147.28781192,4.48123885,146.99359919,4.56551947,146.99359919,4.56484900,147.29011422,4.49802332
Sydney,-33.87,151.21,40.0,2026-09-04T20:00:00,2461288.333333334,dso_47_tucanae,GLOBULAR_CLUSTER,6.020000,-72.080000,4.1,283.951472328,283.951484917,283.953807952,283.953820523,201.69968225,38.52443854,201.69968225,38.54463178,201.69968225,38.54428537,201.52570137,38.42688848,201.52570137,38.42680810,201.69709715,38.54007156
Sydney,-33.87,151.21,40.0,2026-09-04T20:00:00,2461288.333333334,dso_m13_hercules,GLOBULAR_CLUSTER,250.420000,36.460000,5.8,283.951472328,283.951484917,283.953807952,283.953820523,54.09479407,-85.52569106,54.09479407,-85.52667834,54.09479407,-85.52666306,54.91306592,-85.33757457,54.91306592,-85.33757457,54.14420458,-85.52844594
Sydney,-33.87,151.21,40.0,2026-09-04T20:00:00,2461288.333333334,dso_m42_orion_nebula,NEBULA,83.822000,-5.391000,4.0,283.951472328,283.951484917,283.953807952,283.953820523,18.29766569,60.30461356,18.29766569,60.31379780,18.29766569,60.31364046,17.66831434,60.41835936,17.66831434,60.41832310,18.30116797,60.31639925
Sydney,-33.87,151.21,40.0,2026-09-04T20:00:00,2461288.333333334,dso_m8_lagoon,NEBULA,270.920000,-24.380000,6.0,283.951472328,283.951484917,283.953807952,283.953820523,196.98848543,-29.75573273,196.98848543,-29.62022760,196.98848543,-29.62367304,196.56929402,-29.85442482,196.56929402,-29.85442482,196.98663384,-29.75633690
Sydney,-33.87,151.21,40.0,2026-09-04T20:00:00,2461288.333333334,dso_eta_carinae_nebula,NEBULA,161.260000,-59.870000,1.0,283.951472328,283.951484917,283.953807952,283.953820523,144.57854946,30.60796194,144.57854946,30.63508860,144.57854946,30.63462260,144.38317759,30.71751538,144.38317759,30.71740833,144.58145852,30.63110800
Tehran,35.69,51.39,1200.0,2026-09-04T20:00:00,2461288.333333334,star_cma_sirius,STAR,101.287000,-16.716000,-1.46,283.951472328,283.951484917,283.953807952,283.953820523,82.88986922,-38.89026567,82.88986922,-38.78723868,82.88986922,-38.79971969,83.06104569,-38.63778186,83.06104569,-38.63778186,82.89173179,-38.89437321
Tehran,35.69,51.39,1200.0,2026-09-04T20:00:00,2461288.333333334,star_cma_adhara,STAR,104.656000,-28.972000,1.5,283.951472328,283.951484917,283.953807952,283.953820523,95.82351543,-47.34008739,95.82351543,-47.26971485,95.82351543,-47.27805651,95.90866507,-47.11753448,95.90866507,-47.11753448,95.82740971,-47.34437618
Tehran,35.69,51.39,1200.0,2026-09-04T20:00:00,2461288.333333334,star_cma_wezen,STAR,107.098000,-26.393000,1.83,283.951472328,283.951484917,283.953807952,283.953820523,91.01611815,-48.29299337,91.01611815,-48.22624189,91.01611815,-48.23413522,91.11672034,-48.05812809,91.11672034,-48.05812809,91.01943043,-48.29747644
Tehran,35.69,51.39,1200.0,2026-09-04T20:00:00,2461288.333333334,star_cma_mirzam,STAR,95.675000,-17.956000,1.98,283.951472328,283.951484917,283.953807952,283.953820523,87.74804388,-34.99529557,87.74804388,-34.87776183,87.74804388,-34.89214189,87.91588568,-34.75222519,87.91588568,-34.75222519,87.75038329,-34.99906018
Tehran,35.69,51.39,1200.0,2026-09-04T20:00:00,2461288.333333334,star_cmi_procyon,STAR,114.825000,5.225000,0.34,283.951472328,283.951484917,283.953807952,283.953820523,51.16493328,-34.44449139,51.16493328,-34.32497347,51.16493328,-34.33961644,51.44737636,-34.17505774,51.44737636,-34.17505774,51.16293067,-34.44822654
Tehran,35.69,51.39,1200.0,2026-09-04T20:00:00,2461288.333333334,star_car_canopus,STAR,95.987000,-52.695000,-0.74,283.951472328,283.951484917,283.953807952,283.953820523,131.78364229,-45.72576964,131.78364229,-45.64919395,131.78364229,-45.65830843,131.77596754,-45.63773229,131.77596754,-45.63773229,131.79098145,-45.72819678
Tehran,35.69,51.39,1200.0,2026-09-04T20:00:00,2461288.333333334,star_car_miaplacidus,STAR,138.300000,-69.720000,1.67,283.951472328,283.951484917,283.953807952,283.953820523,169.97482732,-54.63401815,169.97482732,-54.59002286,169.97482732,-54.59514499,169.86823162,-54.72414027,169.86823162,-54.72414027,169.98455416,-54.63358604
Tehran,35.69,51.39,1200.0,2026-09-04T20:00:00,2461288.333333334,star_cen_rigil_kent,STAR,219.900000,-60.833000,-0.01,283.951472328,283.951484917,283.953807952,283.953820523,216.70420411,-42.55296715,216.70420411,-42.46407265,216.70420411,-42.47474029,216.85735574,-42.80320804,216.85735574,-42.80320804,216.70837482,-42.55027870
Tehran,35.69,51.39,1200.0,2026-09-04T20:00:00,2461288.333333334,star_cen_hadar,STAR,210.956000,-60.373000,0.61,283.951472328,283.951484917,283.953807952,283.953820523,216.77533775,-46.96376374,216.77533775,-46.89195198,216.77533775,-46.90047240,216.91175890,-47.21382018,216.91175890,-47.21382018,216.77982996,-46.96076691
Tehran,35.69,51.39,1200.0,2026-09-04T20:00:00,2461288.333333334,star_lyr_vega,STAR,279.234000,38.783000,0.03,283.951472328,283.951484917,283.953807952,283.953820523,291.49368067,46.10602700,291.49368067,46.12150863,291.49368067,46.11961953,291.51934149,45.94307536,291.51934149,45.94129944,291.48817961,46.11852216
Tehran,35.69,51.39,1200.0,2026-09-04T20:00:00,2461288.333333334,star_cyg_deneb,STAR,310.358000,45.280000,1.25,283.951472328,283.951484917,283.953807952,283.953820523,305.00213032,68.95920562,305.00213032,68.96540234,305.00213032,68.96464608,304.59742912,68.84086170,304.59742912,68.84015162,304.98908369,68.96245509
Tehran,35.69,51.39,1200.0,2026-09-04T20:00:00,2461288.333333334,star_cyg_sadr,STAR,305.557000,40.260000,2.23,283.951472328,283.951484917,283.953807952,283.953820523,290.30356164,66.38086944,290.30356164,66.38791313,290.30356164,66.38705352,290.06895737,66.20360024,290.06895737,66.20279089,290.29420012,66.38401082
Tehran,35.69,51.39,1200.0,2026-09-04T20:00:00,2461288.333333334,star_cyg_albireo,STAR,292.680000,27.960000,3.05,283.951472328,283.951484917,283.953807952,283.953820523,270.11188226,53.47690055,270.11188226,53.48882373,270.11188226,53.48736872,270.17932346,53.24314139,270.17932346,53.24176982,270.10840904,53.48455318
Tehran,35.69,51.39,1200.0,2026-09-04T20:00:00,2461288.333333334,star_aql_altair,STAR,297.696000,8.868000,0.76,283.951472328,283.951484917,283.953807952,283.953820523,240.98967250,46.77714802,240.98967250,46.79227162,240.98967250,46.79042619,241.24248774,46.51135745,241.24248774,46.50961634,240.99076222,46.78814662
Tehran,35.69,51.39,1200.0,2026-09-04T20:00:00,2461288.333333334,star_ori_betelgeuse,STAR,88.793000,7.407000,0.5,283.951472328,283.951484917,283.953807952,283.953820523,69.54665842,-14.47050101,69.54665842,-14.29782921,69.54665842,-14.31986276,69.78909222,-14.19900037,69.78909222,-14.19900037,69.54683501,-14.47272238
Tehran,35.69,51.39,1200.0,2026-09-04T20:00:00,2461288.333333334,star_ori_rigel,STAR,78.634000,-8.202000,0.13,283.951472328,283.951484917,283.953807952,283.953820523,88.77780985,-15.78914913,88.77780985,-15.61868686,88.77780985,-15.64039753,88.99650682,-15.54692922,88.99650682,-15.54692922,88.77992141,-15.79140766
Tehran,35.69,51.39,1200.0,2026-09-04T20:00:00,2461288.333333334,star_ori_bellatrix,STAR,81.283000,6.350000,1.64,283.951472328,283.951484917,283.953807952,283.953820523,75.15010193,-9.30783198,75.15010193,-9.12829158,75.15010193,-9.15133703,75.39280875,-9.04130207,75.39280875,-9.04130207,75.15084079,-9.30956717
Tehran,35.69,51.39,1200.0,2026-09-04T20:00:00,2461288.333333334,star_ori_saiph,STAR,86.939000,-9.670000,2.07,283.951472328,283.951484917,283.953807952,283.953820523,85.10134583,-23.37015498,85.10134583,-23.21609268,85.10134583,-23.23545327,85.30721023,-23.12074468,85.30721023,-23.12074468,85.10317525,-23.37308354
Tehran,35.69,51.39,1200.0,2026-09-04T20:00:00,2461288.333333334,star_ori_alnitak,STAR,85.190000,-1.940000,1.77,283.951472328,283.951484917,283.953807952,283.953820523,79.49621893,-17.43686720,79.49621893,-17.26943230,79.49621893,-17.29070299,79.72276769,-17.17705860,79.72276769,-17.17705860,79.49742038,-17.43933471
Tehran,35.69,51.39,1200.0,2026-09-04T20:00:00,2461288.333333334,star_ori_alnilam,STAR,84.530000,-1.200000,1.69,283.951472328,283.951484917,283.953807952,283.953820523,79.29088824,-16.46521045,79.29088824,-16.29595436,79.29088824,-16.31748940,79.51933514,-16.20500041,79.51933514,-16.20500041,79.29206369,-16.46759272
Tehran,35.69,51.39,1200.0,2026-09-04T20:00:00,2461288.333333334,star_ori_mintaka,STAR,84.050000,-0.300000,2.23,283.951472328,283.951484917,283.953807952,283.953820523,78.84295464,-15.54066747,78.84295464,-15.36977441,78.84295464,-15.39154791,79.07345573,-15.27969685,79.07345573,-15.27969685,78.84408035,-15.54296894
Tehran,35.69,51.39,1200.0,2026-09-04T20:00:00,2461288.333333334,star_tau_aldebaran,STAR,68.980000,16.509000,0.85,283.951472328,283.951484917,283.953807952,283.953820523,74.18806341,6.41499760,74.18806341,6.54351650,74.18806341,6.52800809,74.44923908,6.81048753,74.44923908,6.79656381,74.18871393,6.54878073
Tehran,35.69,51.39,1200.0,2026-09-04T20:00:00,2461288.333333334,star_tau_elnath,STAR,81.573000,28.608000,1.65,283.951472328,283.951484917,283.953807952,283.953820523,57.49043327,4.31598316,57.49043327,4.48411933,57.49043327,4.46381733,57.74133430,4.76142444,57.74133430,4.74276447,57.48943477,4.50034955
Tehran,35.69,51.39,1200.0,2026-09-04T20:00:00,2461288.333333334,star_aur_capella,STAR,79.172000,45.998000,0.08,283.951472328,283.951484917,283.953807952,283.953820523,44.49583724,16.27999874,44.49583724,16.33427340,44.49583724,16.32766506,44.72383791,16.60136228,44.72383791,16.59532839,44.49353755,16.33645674
Tehran,35.69,51.39,1200.0,2026-09-04T20:00:00,2461288.333333334,star_umi_polaris,STAR,37.954000,89.264000,1.98,283.951472328,283.951484917,283.953807952,283.953820523,0.73540862,35.88706951,0.73540862,35.90927855,0.73540862,35.90656912,0.80803087,36.04872936,0.80803087,36.04621238,0.72906349,35.91059745
Tehran,35.69,51.39,1200.0,2026-09-04T20:00:00,2461288.333333334,star_uma_dubhe,STAR,165.932000,61.751000,1.79,283.951472328,283.951484917,283.953807952,283.953820523,354.75057292,7.70719566,354.75057292,7.81759237,354.75057292,7.80423932,354.96379501,7.92996963,354.96379501,7.91777792,354.74517482,7.82075904
Tehran,35.69,51.39,1200.0,2026-09-04T20:00:00,2461288.333333334,star_uma_merak,STAR,165.460000,56.380000,2.37,283.951472328,283.951484917,283.953807952,283.953820523,354.17685604,2.36134755,354.17685604,2.54657330,354.17685604,2.52271193,354.41387592,2.72123779,354.41387592,2.69364057,354.17148192,2.63776261
Tehran,35.69,51.39,1200.0,2026-09-04T20:00:00,2461288.333333334,star_uma_alioth,STAR,193.507000,55.960000,1.77,283.951472328,283.951484917,283.953807952,283.953820523,339.38167466,7.19594532,339.38167466,7.31297064,339.38167466,7.29882851,339.59449363,7.35501417,339.59449363,7.34198715,339.37605247,7.31648564
Tehran,35.69,51.39,1200.0,2026-09-04T20:00:00,2461288.333333334,star_uma_mizar,STAR,206.884000,54.920000,2.23,283.951472328,283.951484917,283.953807952,283.953820523,332.53928759,10.77605513,332.53928759,10.85752091,332.53928759,10.84762978,332.73404298,10.86674437,332.73404298,10.85760902,332.53364029,10.85895831
Tehran,35.69,51.39,1200.0,2026-09-04T20:00:00,2461288.333333334,star_uma_alkaid,STAR,209.800000,49.310000,1.85,283.951472328,283.951484917,283.953807952,283.953820523,327.42212139,7.74892192,327.42212139,7.85880609,327.42212139,7.84551411,327.63212491,7.84368433,327.63212491,7.83137378,327.41659553,7.86160342
Tehran,35.69,51.39,1200.0,2026-09-04T20:00:00,2461288.333333334,star_cas_schedar,STAR,9.880000,59.150000,2.24,283.951472328,283.951484917,283.953807952,283.953820523,32.77251945,57.31074596,32.77251945,57.32107948,32.77251945,57.31981843,32.81570968,57.56922014,32.81570968,57.56805335,32.76658410,57.32482650
Tehran,35.69,51.39,1200.0,2026-09-04T20:00:00,2461288.333333334,star_cas_caph,STAR,1.150000,59.150000,2.28,283.951472328,283.951484917,283.953807952,283.953820523,27.57722820,60.90526770,27.57722820,60.91422972,27.57722820,60.91313601,27.54838675,61.14935442,27.54838675,61.14834287,27.56980432,60.91785211
Tehran,35.69,51.39,1200.0,2026-09-04T20:00:00,2461288.333333334,star_per_mirfak,STAR,51.080000,49.860000,1.79,283.951472328,283.951484917,283.953807952,283.953820523,49.57340096,34.82520891,49.57340096,34.84830247,49.57340096,34.84548523,49.78689325,35.12297061,49.78689325,35.12036692,49.57128767,34.85138397
Tehran,35.69,51.39,1200.0,2026-09-04T20:00:00,2461288.333333334,star_per_algol,STAR,47.040000,40.960000,2.12,283.951472328,283.951484917,283.953807952,283.953820523,60.95301842,34.82422499,60.95301842,34.84731939,60.95301842,34.84450204,61.20613803,35.12735923,61.20613803,35.12475596,60.95223165,34.85053591
Tehran,35.69,51.39,1200.0,2026-09-04T20:00:00,2461288.333333334,star_boo_arcturus,STAR,213.915000,19.182000,-0.05,283.951472328,283.951484917,283.953807952,283.953820523,304.21297494,-11.89942192,304.21297494,-11.72297925,304.21297494,-11.74556705,304.51390577,-12.02300236,304.51390577,-12.02300236,304.20826649,-11.89947453
Tehran,35.69,51.39,1200.0,2026-09-04T20:00:00,2461288.333333334,star_vir_spica,STAR,201.298000,-11.161000,0.98,283.951472328,283.951484917,283.953807952,283.953820523,288.41594240,-41.64492691,288.41594240,-41.55250582,288.41594240,-41.56362273,288.84728725,-41.82869560,288.84728725,-41.82869560,288.41115990,-41.64257182
Tehran,35.69,51.39,1200.0,2026-09-04T20:00:00,2461288.333333334,star_sco_antares,STAR,247.352000,-26.432000,0.96,283.951472328,283.951484917,283.953807952,283.953820523,246.74128330,-13.26994139,246.74128330,-13.09542108,246.74128330,-13.11772585,247.00158743,-13.54483521,247.00158743,-13.54483521,246.74154032,-13.26936638
Tehran,35.69,51.39,1200.0,2026-09-04T20:00:00,2461288.333333334,star_sco_shaula,STAR,262.690000,-37.030000,1.62,283.951472328,283.951484917,283.953807952,283.953820523,230.26067806,-8.82027379,230.26067806,-8.64022786,230.26067806,-8.66334809,230.50773624,-9.09259571,230.50773624,-9.09259571,230.26254691,-8.82019926
Tehran,35.69,51.39,1200.0,2026-09-04T20:00:00,2461288.333333334,star_leo_regulus,STAR,152.093000,11.967000,1.36,283.951472328,283.951484917,283.953807952,283.953820523,3.84036875,-42.39352667,3.84036875,-42.30401242,3.84036875,-42.31475886,4.29757548,-42.24396939,4.29757548,-42.24396939,3.83345547,-42.39572709
Tehran,35.69,51.39,1200.0,2026-09-04T20:00:00,2461288.333333334,star_gem_pollux,STAR,116.329000,28.026000,1.14,283.951472328,283.951484917,283.953807952,283.953820523,35.12097044,-16.68288649,35.12097044,-16.51402940,35.12097044,-16.53550643,35.40646392,-16.43516834,35.40646392,-16.43516834,35.11778109,-16.68501118
Tehran,35.69,51.39,1200.0,2026-09-04T20:00:00,2461288.333333334,star_gem_castor,STAR,113.650000,31.888000,1.58,283.951472328,283.951484917,283.953807952,283.953820523,34.98093719,-12.17992237,34.98093719,-12.00385698,34.98093719,-12.02638916,35.25660543,-11.93216125,35.25660543,-11.93216125,34.97780648,-12.18170076
Tehran,35.69,51.39,1200.0,2026-09-04T20:00:00,2461288.333333334,star_psa_fomalhaut,STAR,344.413000,-29.622000,1.17,283.951472328,283.951484917,283.953807952,283.953820523,170.98860984,24.23015643,170.98860984,24.26571062,170.98860984,24.26137583,171.36445811,24.16944092,171.36445811,24.16538453,170.99471705,24.26549719
Tehran,35.69,51.39,1200.0,2026-09-04T20:00:00,2461288.333333334,star_eri_achernar,STAR,24.429000,-57.237000,0.45,283.951472328,283.951484917,283.953807952,283.953820523,155.11362152,-11.67454048,155.11362152,-11.49780132,155.11362152,-11.52043285,155.31546165,-11.69654313,155.31546165,-11.69654313,155.11947310,-11.67542533
Tehran,35.69,51.39,1200.0,2026-09-04T20:00:00,2461288.333333334,dso_m31_andromeda,GALAXY,10.684000,41.269000,3.44,283.951472328,283.951484917,283.953807952,283.953820523,67.41893483,61.69937934,67.41893483,61.70805149,67.41893483,61.70699315,67.73265291,61.98789616,67.73265291,61.98691940,67.41888561,61.71287555
Tehran,35.69,51.39,1200.0,2026-09-04T20:00:00,2461288.333333334,dso_lmc,GALAXY,80.894000,-69.756000,0.9,283.951472328,283.951484917,283.953807952,283.953820523,154.74339637,-38.49380654,154.74339637,-38.38927130,154.74339637,-38.40194791,154.78398084,-38.51364461,154.78398084,-38.51364461,154.75071853,-38.49469720
Tehran,35.69,51.39,1200.0,2026-09-04T20:00:00,2461288.333333334,dso_smc,GALAXY,14.766000,-72.801000,2.7,283.951472328,283.951484917,283.953807952,283.953820523,168.17653181,-21.74301054,168.17653181,-21.58489722,168.17653181,-21.60483086,168.33011100,-21.82631012,168.33011100,-21.82631012,168.18263078,-21.74342393
Tehran,35.69,51.39,1200.0,2026-09-04T20:00:00,2461288.333333334,dso_m33_triangulum,GALAXY,23.462000,30.660000,5.72,283.951472328,283.951484917,283.953807952,283.953820523,82.57861177,49.55003045,82.57861177,49.56375315,82.57861177,49.56207861,82.95584702,49.82467315,82.95584702,49.82312298,82.58085817,49.56778112
Tehran,35.69,51.39,1200.0,2026-09-04T20:00:00,2461288.333333334,dso_m45_pleiades,STAR_CLUSTER,56.871000,24.105000,1.6,283.951472328,283.951484917,283.953807952,283.953820523,74.05406528,20.06373578,74.05406528,20.10739074,74.05406528,20.10207104,74.33138882,20.37865599,74.33138882,20.37377733,74.05474540,20.10978241
Tehran,35.69,51.39,1200.0,2026-09-04T20:00:00,2461288.333333334,dso_hyades,STAR_CLUSTER,66.750000,15.870000,0.5,283.951472328,283.951484917,283.953807952,283.953820523,75.95404693,7.80163515,75.95404693,7.91087770,75.95404693,7.89766218,76.21814011,8.17645274,76.21814011,8.16458888,75.95487486,7.91442431
Tehran,35.69,51.39,1200.0,2026-09-04T20:00:00,2461288.333333334,dso_m44_beehive,STAR_CLUSTER,130.100000,19.670000,3.7,283.951472328,283.951484917,283.953807952,283.953820523,27.19897145,-29.92314061,27.19897145,-29.78817514,27.19897145,-29.80489318,27.53536863,-29.69491135,27.53536863,-29.69491135,27.19470349,-29.92595070
Tehran,35.69,51.39,1200.0,2026-09-04T20:00:00,2461288.333333334,dso_double_cluster,STAR_CLUSTER,34.740000,57.130000,3.7,283.951472328,283.951484917,283.953807952,283.953820523,41.72420515,45.33008817,41.72420515,45.34599385,41.72420515,45.34405303,41.88198032,45.61124860,41.88198032,45.60945205,41.72072375,45.34950055
Tehran,35.69,51.39,1200.0,2026-09-04T20:00:00,2461288.333333334,dso_coma_cluster,STAR_CLUSTER,185.600000,26.100000,1.8,283.951472328,283.951484917,283.953807952,283.953820523,330.44817677,-21.92099690,330.44817677,-21.76331271,330.44817677,-21.78318542,330.80678852,-21.92245251,330.80678852,-21.92245251,330.44219774,-21.92138578
Tehran,35.69,51.39,1200.0,2026-09-04T20:00:00,2461288.333333334,dso_omega_centauri,GLOBULAR_CLUSTER,201.700000,-47.470000,3.9,283.951472328,283.951484917,283.953807952,283.953820523,236.06695898,-53.71051916,236.06695898,-53.66339706,236.06695898,-53.66889527,236.29143967,-53.98257915,236.29143967,-53.98257915,236.06915483,-53.70649707
Tehran,35.69,51.39,1200.0,2026-09-04T20:00:00,2461288.333333334,dso_47_tucanae,GLOBULAR_CLUSTER,6.020000,-72.080000,4.1,283.951472328,283.951484917,283.953807952,283.953820523,170.22557532,-19.79433547,170.22557532,-19.63175096,170.22557532,-19.65232265,170.39043433,-19.88702860,170.39043433,-19.88702860,170.23155561,-19.79471964
Tehran,35.69,51.39,1200.0,2026-09-04T20:00:00,2461288.333333334,dso_m13_hercules,GLOBULAR_CLUSTER,250.420000,36.460000,5.8,283.951472328,283.951484917,283.953807952,283.953820523,298.69506885,24.00833155,298.69506885,24.04425154,298.69506885,24.03987225,298.83933112,23.89635187,298.83933112,23.89224424,298.69038235,24.04317939
Tehran,35.69,51.39,1200.0,2026-09-04T20:00:00,2461288.333333334,dso_m42_orion_nebula,NEBULA,83.822000,-5.391000,4.0,283.951472328,283.951484917,283.953807952,283.953820523,83.26851775,-18.37824022,83.26851775,-18.21266871,83.26851775,-18.23367001,83.48821285,-18.12491511,83.48821285,-18.12491511,83.27010834,-18.38076649
Tehran,35.69,51.39,1200.0,2026-09-04T20:00:00,2461288.333333334,dso_m8_lagoon,NEBULA,270.920000,-24.380000,6.0,283.951472328,283.951484917,283.953807952,283.953820523,235.24311813,4.78179096,235.24311813,4.94028478,235.24311813,4.92118504,235.49974390,4.67649967,235.49974390,4.65757813,235.24448329,4.95127089
Tehran,35.69,51.39,1200.0,2026-09-04T20:00:00,2461288.333333334,dso_eta_carinae_nebula,NEBULA,161.260000,-59.870000,1.0,283.951472328,283.951484917,283.953807952,283.953820523,187.39446172,-65.35562075,187.39446172,-65.34095504,187.39446172,-65.34262402,187.17215059,-65.51802758,187.17215059,-65.51802758,187.40654079,-65.35347709
Tromso,69.65,18.96,10.0,2026-09-04T20:00:00,2461288.333333334,star_cma_sirius,STAR,101.287000,-16.716000,-1.46,283.951472328,283.951484917,283.953807952,283.953820523,25.32059745,-35.46869711,25.32059745,-35.35288387,25.32059745,-35.35532111,25.66099820,-35.40052270,25.66099820,-35.40052270,25.31802385,-35.47249361
Tromso,69.65,18.96,10.0,2026-09-04T20:00:00,2461288.333333334,star_cma_adhara,STAR,104.656000,-28.972000,1.5,283.951472328,283.951484917,283.953807952,283.953820523,23.84914538,-48.06178714,23.84914538,-47.99416040,23.84914538,-47.99535483,24.17747031,-47.99345483,24.17747031,-47.99345483,23.84578542,-48.06626324
Tromso,69.65,18.96,10.0,2026-09-04T20:00:00,2461288.333333334,star_cma_wezen,STAR,107.098000,-26.393000,1.83,283.951472328,283.951484917,283.953807952,283.953820523,20.15004190,-45.83625224,20.15004190,-45.76010326,20.15004190,-45.76148932,20.48555553,-45.76581250,20.48555553,-45.76581250,20.14634870,-45.84050206
Tromso,69.65,18.96,10.0,2026-09-04T20:00:00,2461288.333333334,star_cma_mirzam,STAR,95.675000,-17.956000,1.98,283.951472328,283.951484917,283.953807952,283.953820523,32.07590963,-35.73782640,32.07590963,-35.62299725,32.07590963,-35.62540467,32.41092296,-35.67422581,32.41092296,-35.67422581,32.07410436,-35.74176982
Tromso,69.65,18.96,10.0,2026-09-04T20:00:00,2461288.333333334,star_cmi_procyon,STAR,114.825000,5.225000,0.34,283.951472328,283.951484917,283.953807952,283.953820523,7.97771604,-14.99724923,7.97771604,-14.82543744,7.97771604,-14.83006262,8.33801447,-14.92060847,8.33801447,-14.92060847,7.97406130,-14.99926216
Tromso,69.65,18.96,10.0,2026-09-04T20:00:00,2461288.333333334,star_car_canopus,STAR,95.987000,-52.695000,-0.74,283.951472328,283.951484917,283.953807952,283.953820523,49.82386543,-69.06276909,49.82386543,-69.05471826,49.82386543,-69.05483110,50.03414869,-69.01669130,50.03414869,-69.01669130,49.82454169,-69.06839422
Tromso,69.65,18.96,10.0,2026-09-04T20:00:00,2461288.333333334,star_car_miaplacidus,STAR,138.300000,-69.720000,1.67,283.951472328,283.951484917,283.953807952,283.953820523,260.86185318,-84.66388600,260.86185318,-84.66499141,260.86185318,-84.66497711,262.03396346,-84.67187284,262.03396346,-84.67187284,260.82831086,-84.65923761
Tromso,69.65,18.96,10.0,2026-09-04T20:00:00,2461288.333333334,star_cen_rigil_kent,STAR,219.900000,-60.833000,-0.01,283.951472328,283.951484917,283.953807952,283.953820523,232.95215814,-52.90377334,232.95215814,-52.85385925,232.95215814,-52.85468716,233.40142317,-52.94798199,233.40142317,-52.94798199,232.95128449,-52.89977103
Tromso,69.65,18.96,10.0,2026-09-04T20:00:00,2461288.333333334,star_cen_hadar,STAR,210.956000,-60.373000,0.61,283.951472328,283.951484917,283.953807952,283.953820523,239.43265126,-55.13637531,239.43265126,-55.09404797,239.43265126,-55.09473106,239.89511727,-55.17308012,239.89511727,-55.17308012,239.43062112,-55.13229676
Tromso,69.65,18.96,10.0,2026-09-04T20:00:00,2461288.333333334,star_lyr_vega,STAR,279.234000,38.783000,0.03,283.951472328,283.951484917,283.953807952,283.953820523,214.43597101,56.74250464,214.43597101,56.75306481,214.43597101,56.75291381,214.73735128,56.68269478,214.73735128,56.68268427,214.43815355,56.74841070
Tromso,69.65,18.96,10.0,2026-09-04T20:00:00,2461288.333333334,star_cyg_deneb,STAR,310.358000,45.280000,1.25,283.951472328,283.951484917,283.953807952,283.953820523,166.95825771,65.42525557,166.95825771,65.43262149,166.95825771,65.43251620,167.37669869,65.35282631,167.37669869,65.35281898,166.96976201,65.42994877
Tromso,69.65,18.96,10.0,2026-09-04T20:00:00,2461288.333333334,star_cyg_sadr,STAR,305.557000,40.260000,2.23,283.951472328,283.951484917,283.953807952,283.953820523,175.50439772,60.65954970,175.50439772,60.66860231,175.50439772,60.66847289,175.89198015,60.58644539,175.89198015,60.58643638,175.51322203,60.66543531
Tromso,69.65,18.96,10.0,2026-09-04T20:00:00,2461288.333333334,star_cyg_albireo,STAR,292.680000,27.960000,3.05,283.951472328,283.951484917,283.953807952,283.953820523,193.18249672,47.97212414,193.18249672,47.98662918,193.18249672,47.98642166,193.53442397,47.90579500,193.53442397,47.90578056,193.18710562,47.98308262
Tromso,69.65,18.96,10.0,2026-09-04T20:00:00,2461288.333333334,star_aql_altair,STAR,297.696000,8.868000,0.76,283.951472328,283.951484917,283.953807952,283.953820523,185.53689252,29.20637184,185.53689252,29.23506468,185.53689252,29.23465281,185.90391626,29.15428301,185.90391626,29.15425450,185.54113114,29.23315101
Tromso,69.65,18.96,10.0,2026-09-04T20:00:00,2461288.333333334,star_ori_betelgeuse,STAR,88.793000,7.407000,0.5,283.951472328,283.951484917,283.953807952,283.953820523,33.97147813,-9.53929653,33.97147813,-9.36000461,33.97147813,-9.36502437,34.32960341,-9.47501904,34.32960341,-9.47501904,33.97020581,-9.54113994
Tromso,69.65,18.96,10.0,2026-09-04T20:00:00,2461288.333333334,star_ori_rigel,STAR,78.634000,-8.202000,0.13,283.951472328,283.951484917,283.953807952,283.953820523,47.99897380,-22.39552131,47.99897380,-22.23899805,47.99897380,-22.24290660,48.34171674,-22.34502632,48.34171674,-22.34502632,47.99908056,-22.39855218
Tromso,69.65,18.96,10.0,2026-09-04T20:00:00,2461288.333333334,star_ori_bellatrix,STAR,81.283000,6.350000,1.64,283.951472328,283.951484917,283.953807952,283.953820523,41.57726359,-8.95338925,41.57726359,-8.77347894,41.57726359,-8.77853246,41.93527951,-8.89547073,41.93527951,-8.89547073,41.57673797,-8.95520484
Tromso,69.65,18.96,10.0,2026-09-04T20:00:00,2461288.333333334,star_ori_saiph,STAR,86.939000,-9.670000,2.07,283.951472328,283.951484917,283.953807952,283.953820523,39.68098917,-25.83830914,39.68098917,-25.69093127,39.68098917,-25.69446157,40.02264789,-25.78016208,40.02264789,-25.78016208,39.68018854,-25.84159884
Tromso,69.65,18.96,10.0,2026-09-04T20:00:00,2461288.333333334,star_ori_alnitak,STAR,85.190000,-1.940000,1.77,283.951472328,283.951484917,283.953807952,283.953820523,39.62541948,-17.91602093,39.62541948,-17.74952229,39.62541948,-17.75388514,39.97522046,-17.85716173,39.97522046,-17.85716173,39.62466489,-17.91864357
Tromso,69.65,18.96,10.0,2026-09-04T20:00:00,2461288.333333334,star_ori_alnilam,STAR,84.530000,-1.200000,1.69,283.951472328,283.951484917,283.953807952,283.953820523,40.12424714,-17.04635192,40.12424714,-16.87817262,40.12424714,-16.88261683,40.47477646,-16.98785789,40.47477646,-16.98785789,40.12354787,-17.04890041
Tromso,69.65,18.96,10.0,2026-09-04T20:00:00,2461288.333333334,star_ori_mintaka,STAR,84.050000,-0.300000,2.23,283.951472328,283.951484917,283.953807952,283.953820523,40.39841858,-16.06090508,40.39841858,-15.89092166,40.39841858,-15.89545487,40.74984489,-16.00256850,40.74984489,-16.00256850,40.39775169,-16.06336736
Tromso,69.65,18.96,10.0,2026-09-04T20:00:00,2461288.333333334,star_tau_aldebaran,STAR,68.980000,16.509000,0.85,283.951472328,283.951484917,283.953807952,283.953820523,50.60872783,3.97184093,50.60872783,4.14692748,50.60872783,4.14349333,50.98010386,4.20800057,50.98010386,4.20782212,50.60910163,4.16791175
Tromso,69.65,18.96,10.0,2026-09-04T20:00:00,2461288.333333334,star_tau_elnath,STAR,81.573000,28.608000,1.65,283.951472328,283.951484917,283.953807952,283.953820523,36.09526997,12.62747556,36.09526997,12.69742559,36.09526997,12.69639786,36.47135478,12.76324412,36.47135478,12.76317593,36.09421425,12.69960954
Tromso,69.65,18.96,10.0,2026-09-04T20:00:00,2461288.333333334,star_aur_capella,STAR,79.172000,45.998000,0.08,283.951472328,283.951484917,283.953807952,283.953820523,33.29128950,29.92410559,33.29128950,29.95198006,33.29128950,29.95158004,33.68138733,30.02130480,33.68138733,30.02127726,33.28980832,29.95469113
Tromso,69.65,18.96,10.0,2026-09-04T20:00:00,2461288.333333334,star_umi_polaris,STAR,37.954000,89.264000,1.98,283.951472328,283.951484917,283.953807952,283.953820523,1.74050170,69.49006846,1.74050170,69.49609451,1.74050170,69.49600837,2.10103290,69.57893226,2.10103290,69.57892631,1.72938824,69.49961472
Tromso,69.65,18.96,10.0,2026-09-04T20:00:00,2461288.333333334,star_uma_dubhe,STAR,165.932000,61.751000,1.79,283.951472328,283.951484917,283.953807952,283.953820523,332.56956577,44.80567336,332.56956577,44.82187207,332.56956577,44.82164024,332.89193910,44.89296955,332.89193910,44.89295351,332.56207791,44.82280932
Tromso,69.65,18.96,10.0,2026-09-04T20:00:00,2461288.333333334,star_uma_merak,STAR,165.460000,56.380000,2.37,283.951472328,283.951484917,283.953807952,283.953820523,330.55100435,39.64085250,330.55100435,39.66026074,330.55100435,39.65998282,330.87798726,39.72983331,330.87798726,39.72981410,330.54403520,39.66102265
Tromso,69.65,18.96,10.0,2026-09-04T20:00:00,2461288.333333334,star_uma_alioth,STAR,193.507000,55.960000,1.77,283.951472328,283.951484917,283.953807952,283.953820523,310.92396382,45.36747950,310.92396382,45.38336449,310.92396382,45.38313717,311.22170449,45.43438190,311.22170449,45.43436616,310.91614948,45.38285048
Tromso,69.65,18.96,10.0,2026-09-04T20:00:00,2461288.333333334,star_uma_mizar,STAR,206.884000,54.920000,2.23,283.951472328,283.951484917,283.953807952,283.953820523,300.55378431,48.23100850,300.55378431,48.24538258,300.55378431,48.24517693,300.83566726,48.28392841,300.83566726,48.28391416,300.54583401,48.24410783
Tromso,69.65,18.96,10.0,2026-09-04T20:00:00,2461288.333333334,star_uma_alkaid,STAR,209.800000,49.310000,1.85,283.951472328,283.951484917,283.953807952,283.953820523,294.22643177,44.28545743,294.22643177,44.30195215,294.22643177,44.30171608,294.51520218,44.33240078,294.51520218,44.33238443,294.21931588,44.30037576
Tromso,69.65,18.96,10.0,2026-09-04T20:00:00,2461288.333333334,star_cas_schedar,STAR,9.880000,59.150000,2.24,283.951472328,283.951484917,283.953807952,283.953820523,76.31792321,60.98693979,76.31792321,60.99587179,76.31792321,60.99574409,76.82919796,61.01914058,76.82919796,61.01913172,76.32357571,60.99989509
Tromso,69.65,18.96,10.0,2026-09-04T20:00:00,2461288.333333334,star_cas_caph,STAR,1.150000,59.150000,2.28,283.951472328,283.951484917,283.953807952,283.953820523,83.51206246,63.98822926,83.51206246,63.99608910,83.51206246,63.99597674,84.04788267,64.00933166,84.04788267,64.00932387,83.51963351,63.99989677
Tromso,69.65,18.96,10.0,2026-09-04T20:00:00,2461288.333333334,star_per_mirfak,STAR,51.080000,49.860000,1.79,283.951472328,283.951484917,283.953807952,283.953820523,53.01582117,40.25453846,53.01582117,40.27353060,53.01582117,40.27325866,53.43681743,40.32513489,53.43681743,40.32511608,53.01663119,40.27694844
Tromso,69.65,18.96,10.0,2026-09-04T20:00:00,2461288.333333334,star_per_algol,STAR,47.040000,40.960000,2.12,283.951472328,283.951484917,283.953807952,283.953820523,60.89660953,33.36179814,60.89660953,33.38618996,60.89660953,33.38584026,61.31050276,33.42817925,61.31050276,33.42815511,60.89824864,33.38908989
Tromso,69.65,18.96,10.0,2026-09-04T20:00:00,2461288.333333334,star_boo_arcturus,STAR,213.915000,19.182000,-0.05,283.951472328,283.951484917,283.953807952,283.953820523,275.63583443,18.28318512,275.63583443,18.33133134,275.63583443,18.33063451,275.97209281,18.33790466,275.97209281,18.33785723,275.63145865,18.33078653
Tromso,69.65,18.96,10.0,2026-09-04T20:00:00,2461288.333333334,star_vir_spica,STAR,201.298000,-11.161000,0.98,283.951472328,283.951484917,283.953807952,283.953820523,276.61150089,-14.49693066,276.61150089,-14.32430129,276.61150089,-14.32896818,276.99425570,-14.48820675,276.99425570,-14.48820675,276.60712418,-14.49678494
Tromso,69.65,18.96,10.0,2026-09-04T20:00:00,2461288.333333334,star_sco_antares,STAR,247.352000,-26.432000,0.96,283.951472328,283.951484917,283.953807952,283.953820523,229.17098862,-13.90862136,229.17098862,-13.73506518,229.17098862,-13.73977979,229.55236777,-13.96033917,229.55236777,-13.96033917,229.17082005,-13.90804247
Tromso,69.65,18.96,10.0,2026-09-04T20:00:00,2461288.333333334,star_sco_shaula,STAR,262.690000,-37.030000,1.62,283.951472328,283.951484917,283.953807952,283.953820523,213.04685614,-20.58539335,213.04685614,-20.42457362,213.04685614,-20.42867207,213.43120771,-20.65104212,213.43120771,-20.65104212,213.04836153,-20.58423294
Tromso,69.65,18.96,10.0,2026-09-04T20:00:00,2461288.333333334,star_leo_regulus,STAR,152.093000,11.967000,1.36,283.951472328,283.951484917,283.953807952,283.953820523,330.98335269,-5.95807441,330.98335269,-5.77554319,330.98335269,-5.78074028,331.34868444,-5.88996676,331.34868444,-5.88996676,330.97789550,-5.95907119
Tromso,69.65,18.96,10.0,2026-09-04T20:00:00,2461288.333333334,star_gem_pollux,STAR,116.329000,28.026000,1.14,283.951472328,283.951484917,283.953807952,283.953820523,5.50017240,7.71440673,5.50017240,7.82471456,5.50017240,7.82301219,5.86415921,7.90401783,5.86415921,7.90391138,5.49645830,7.82806326
Tromso,69.65,18.96,10.0,2026-09-04T20:00:00,2461288.333333334,star_gem_castor,STAR,113.650000,31.888000,1.58,283.951472328,283.951484917,283.953807952,283.953820523,7.66051347,11.68460647,7.66051347,11.76001889,7.66051347,11.75890552,8.02574489,11.83968172,8.02574489,11.83960841,7.65692455,11.76206693
Tromso,69.65,18.96,10.0,2026-09-04T20:00:00,2461288.333333334,star_psa_fomalhaut,STAR,344.413000,-29.622000,1.17,283.951472328,283.951484917,283.953807952,283.953820523,143.27582946,-13.64616521,143.27582946,-13.47220755,143.27582946,-13.47694297,143.63669549,-13.71016110,143.63669549,-13.71016110,143.28160994,-13.64690698
Tromso,69.65,18.96,10.0,2026-09-04T20:00:00,2461288.333333334,star_eri_achernar,STAR,24.429000,-57.237000,0.45,283.951472328,283.951484917,283.953807952,283.953820523,124.16084893,-49.47712835,124.16084893,-49.41482116,124.16084893,-49.41590116,124.45883564,-49.52275693,124.45883564,-49.52275693,124.16936467,-49.47871040
Tromso,69.65,18.96,10.0,2026-09-04T20:00:00,2461288.333333334,dso_m31_andromeda,GALAXY,10.684000,41.269000,3.44,283.951472328,283.951484917,283.953807952,283.953820523,92.60893797,45.83404594,92.60893797,45.84967494,92.60893797,45.84945130,93.06303715,45.84921823,93.06303715,45.84920271,92.61466707,45.85226731
Tromso,69.65,18.96,10.0,2026-09-04T20:00:00,2461288.333333334,dso_lmc,GALAXY,80.894000,-69.756000,0.9,283.951472328,283.951484917,283.953807952,283.953820523,110.11365686,-75.68167492,110.11365686,-75.68078111,110.11365686,-75.68079309,110.20759945,-75.71101449,110.20759945,-75.71101449,110.13409187,-75.68442871
Tromso,69.65,18.96,10.0,2026-09-04T20:00:00,2461288.333333334,dso_smc,GALAXY,14.766000,-72.801000,2.7,283.951472328,283.951484917,283.953807952,283.953820523,145.82509639,-59.66188501,145.82509639,-59.63339112,145.82509639,-59.63382770,146.12587182,-59.72692287,146.12587182,-59.72692287,145.83623849,-59.66162237
Tromso,69.65,18.96,10.0,2026-09-04T20:00:00,2461288.333333334,dso_m33_triangulum,GALAXY,23.462000,30.660000,5.72,283.951472328,283.951484917,283.953807952,283.953820523,86.55166945,31.81236728,86.55166945,31.83824655,86.55166945,31.83787538,86.97173133,31.84582837,86.97173133,31.84580273,86.55587138,31.84046634
Tromso,69.65,18.96,10.0,2026-09-04T20:00:00,2461288.333333334,dso_m45_pleiades,STAR_CLUSTER,56.871000,24.105000,1.6,283.951472328,283.951484917,283.953807952,283.953820523,59.20709963,14.67434699,59.20709963,14.73463558,59.20709963,14.73375639,59.59289067,14.77742021,59.59289067,14.77736116,59.20834741,14.73674343
Tromso,69.65,18.96,10.0,2026-09-04T20:00:00,2461288.333333334,dso_hyades,STAR_CLUSTER,66.750000,15.870000,0.5,283.951472328,283.951484917,283.953807952,283.953820523,52.84873608,3.97379105,52.84873608,4.14883961,52.84873608,4.14540741,53.22046695,4.20754173,53.22046695,4.20736326,52.84932845,4.16978843
Tromso,69.65,18.96,10.0,2026-09-04T20:00:00,2461288.333333334,dso_m44_beehive,STAR_CLUSTER,130.100000,19.670000,3.7,283.951472328,283.951484917,283.953807952,283.953820523,352.87255638,-0.61033938,352.87255638,-0.42531426,352.87255638,-0.43063886,353.23488378,0.02626598,353.23488378,0.02572964,352.86803668,0.11305627
Tromso,69.65,18.96,10.0,2026-09-04T20:00:00,2461288.333333334,dso_double_cluster,STAR_CLUSTER,34.740000,57.130000,3.7,283.951472328,283.951484917,283.953807952,283.953820523,59.93469523,51.35133362,59.93469523,51.36420658,59.93469523,51.36402245,60.38910612,51.40844009,60.38910612,51.40842733,59.93673969,51.36822258
Tromso,69.65,18.96,10.0,2026-09-04T20:00:00,2461288.333333334,dso_coma_cluster,STAR_CLUSTER,185.600000,26.100000,1.8,283.951472328,283.951484917,283.953807952,283.953820523,303.71414986,15.57312258,303.71414986,15.62990462,303.71414986,15.62907853,304.05677899,15.67354607,304.05677899,15.67349040,303.70854626,15.63034501
Tromso,69.65,18.96,10.0,2026-09-04T20:00:00,2461288.333333334,dso_omega_centauri,GLOBULAR_CLUSTER,201.700000,-47.470000,3.9,283.951472328,283.951484917,283.953807952,283.953820523,258.20980084,-47.43262675,258.20980084,-47.36260737,258.20980084,-47.36385455,258.65674945,-47.44631272,258.65674945,-47.44631272,258.20554531,-47.42959561
Tromso,69.65,18.96,10.0,2026-09-04T20:00:00,2461288.333333334,dso_47_tucanae,GLOBULAR_CLUSTER,6.020000,-72.080000,4.1,283.951472328,283.951484917,283.953807952,283.953820523,148.94517536,-57.46579129,148.94517536,-57.43086715,148.94517536,-57.43141555,149.25723295,-57.53297705,149.25723295,-57.53297705,148.95553927,-57.46531647
Tromso,69.65,18.96,10.0,2026-09-04T20:00:00,2461288.333333334,dso_m13_hercules,GLOBULAR_CLUSTER,250.420000,36.460000,5.8,283.951472328,283.951484917,283.953807952,283.953820523,248.12571956,46.70823039,248.12571956,46.72339039,248.12571956,46.72317347,248.41170195,46.68947193,248.41170195,46.68945686,248.12281387,46.71954152
Tromso,69.65,18.96,10.0,2026-09-04T20:00:00,2461288.333333334,dso_m42_orion_nebula,NEBULA,83.822000,-5.391000,4.0,283.951472328,283.951484917,283.953807952,283.953820523,41.87599996,-20.96029175,41.87599996,-20.80033242,41.87599996,-20.80439217,42.22211277,-20.90372122,42.22211277,-20.90372122,41.87546319,-20.96318769
Tromso,69.65,18.96,10.0,2026-09-04T20:00:00,2461288.333333334,dso_m8_lagoon,NEBULA,270.920000,-24.380000,6.0,283.951472328,283.951484917,283.953807952,283.953820523,208.70498017,-6.72918204,208.70498017,-6.54724001,208.70498017,-6.55240490,209.07800223,-6.79922513,209.07800223,-6.79922513,208.70679768,-6.72936368
Tromso,69.65,18.96,10.0,2026-09-04T20:00:00,2461288.333333334,dso_eta_carinae_nebula,NEBULA,161.260000,-59.870000,1.0,283.951472328,283.951484917,283.953807952,283.953820523,281.79324194,-71.42624934,281.79324194,-71.42141783,281.79324194,-71.42148435,282.37678743,-71.40758078,282.37678743,-71.40758078,281.77879205,-71.42337732
CapeTown,-33.93,18.42,25.0,2026-03-20T12:00:00,2461120.000000000,star_cma_sirius,STAR,101.287000,-16.716000,-1.46,358.034399236,358.034177256,358.035988325,358.035766045,101.47331732,13.19885502,101.47331732,13.26583611,101.47331732,13.26476017,101.29375663,13.49033251,101.29375663,13.49017108,101.46974262,13.26661409
CapeTown,-33.93,18.42,25.0,2026-03-20T12:00:00,2461120.000000000,star_cma_adhara,STAR,104.656000,-28.972000,1.5,358.034399236,358.034177256,358.035988325,358.035766045,114.00323878,16.87019908,114.00323878,16.92252877,114.00323878,16.92169573,113.84921401,17.10094080,113.84921401,17.10081345,113.99870971,16.92294124
CapeTown,-33.93,18.42,25.0,2026-03-20T12:00:00,2461120.000000000,star_cma_wezen,STAR,107.098000,-26.393000,1.83,358.034399236,358.034177256,358.035988325,358.035766045,112.85526694,13.69193659,112.85526694,13.75653575,112.85526694,13.75549978,112.68654350,13.93959659,112.68654350,13.93944027,112.85088387,13.75741554
CapeTown,-33.93,18.42,25.0,2026-03-20T12:00:00,2461120.000000000,star_cma_mirzam,STAR,95.675000,-17.956000,1.98,358.034399236,358.034177256,358.035988325,358.035766045,99.66837622,18.41644509,99.66837622,18.46422744,99.66837622,18.46346851,99.50514859,18.69447171,99.50514859,18.69435553,99.66484440,18.46410852
CapeTown,-33.93,18.42,25.0,2026-03-20T12:00:00,2461120.000000000,star_cmi_procyon,STAR,114.825000,5.225000,0.34,358.034399236,358.034177256,358.035988325,358.035766045,90.55957813,-10.10950534,90.55957813,-9.93084897,90.55957813,-9.93607086,90.31090341,-9.85162137,90.31090341,-9.85162137,90.55694523,-10.10873514
CapeTown,-33.93,18.42,25.0,2026-03-20T12:00:00,2461120.000000000,star_car_canopus,STAR,95.987000,-52.695000,-0.74,358.034399236,358.034177256,358.035988325,358.035766045,135.17002356,32.28704920,135.17002356,32.31245947,135.17002356,32.31205908,135.12184037,32.39426563,135.12184037,32.39420290,135.16374508,32.31236671
CapeTown,-33.93,18.42,25.0,2026-03-20T12:00:00,2461120.000000000,star_car_miaplacidus,STAR,138.300000,-69.720000,1.67,358.034399236,358.034177256,358.035988325,358.035766045,161.61785648,21.88136495,161.61785648,21.92113641,161.61785648,21.92050690,161.50740434,21.87038726,161.50740434,21.87028885,161.61205222,21.92269241
CapeTown,-33.93,18.42,25.0,2026-03-20T12:00:00,2461120.000000000,star_cen_rigil_kent,STAR,219.900000,-60.833000,-0.01,358.034399236,358.034177256,358.035988325,358.035766045,191.45602720,6.87420443,191.45602720,6.99575362,191.45602720,6.99367064,191.25789148,6.81160027,191.25789148,6.81129743,191.45192932,7.00092572
CapeTown,-33.93,18.42,25.0,2026-03-20T12:00:00,2461120.000000000,star_cen_hadar,STAR,210.956000,-60.373000,0.61,358.034399236,358.034177256,358.035988325,358.035766045,187.34179255,5.22648220,187.34179255,5.37605605,187.34179255,5.37330948,187.13807161,5.21176378,187.13807161,5.21138572,187.33745630,5.38579789
CapeTown,-33.93,18.42,25.0,2026-03-20T12:00:00,2461120.000000000,star_lyr_vega,STAR,279.234000,38.783000,0.03,358.034399236,358.034177256,358.035988325,358.035766045,301.11297895,-25.37772627,301.11297895,-25.22905261,301.11297895,-25.23283244,301.01883937,-25.52697697,301.01883937,-25.52697697,301.11861600,-25.37877040
CapeTown,-33.93,18.42,25.0,2026-03-20T12:00:00,2461120.000000000,star_cyg_deneb,STAR,310.358000,45.280000,1.25,358.034399236,358.034177256,358.035988325,358.035766045,319.49857482,-9.14991971,319.49857482,-8.97021292,319.49857482,-8.97549333,319.33013130,-9.21058035,319.33013130,-9.21058035,319.50440438,-9.14996787
CapeTown,-33.93,18.42,25.0,2026-03-20T12:00:00,2461120.000000000,star_cyg_sadr,STAR,305.557000,40.260000,2.23,358.034399236,358.034177256,358.035988325,358.035766045,313.30599962,-8.73999137,313.30599962,-8.55986452,313.30599962,-8.56516841,313.13409640,-8.83145007,313.13409640,-8.83145007,313.31167304,-8.74011086
CapeTown,-33.93,18.42,25.0,2026-03-20T12:00:00,2461120.000000000,star_cyg_albireo,STAR,292.680000,27.960000,3.05,358.034399236,358.034177256,358.035988325,358.035766045,296.91545685,-10.33370886,296.91545685,-10.15531156,296.91545685,-10.16051909,296.74424353,-10.50070114,296.74424353,-10.50070114,296.92045220,-10.33411263
CapeTown,-33.93,18.42,25.0,2026-03-20T12:00:00,2461120.000000000,star_aql_altair,STAR,297.696000,8.868000,0.76,358.034399236,358.034177256,358.035988325,358.035766045,283.88547711,4.44604113,283.88547711,4.61148216,283.88547711,4.60823468,283.65369164,4.40896735,283.65369164,4.40853680,283.88959290,4.62712435
CapeTown,-33.93,18.42,25.0,2026-03-20T12:00:00,2461120.000000000,star_ori_betelgeuse,STAR,88.793000,7.407000,0.5,358.034399236,358.034177256,358.035988325,358.035766045,73.98869691,9.94894350,73.98869691,10.03674264,73.98869691,10.03530683,73.77819484,10.32216491,73.77819484,10.32195636,73.98760700,10.03820681
CapeTown,-33.93,18.42,25.0,2026-03-20T12:00:00,2461120.000000000,star_ori_rigel,STAR,78.634000,-8.202000,0.13,358.034399236,358.034177256,358.035988325,358.035766045,81.11781129,27.30113922,81.11781129,27.33219074,81.11781129,27.33170071,80.94659059,27.60735210,80.94659059,27.60727617,81.11582281,27.33059328
CapeTown,-33.93,18.42,25.0,2026-03-20T12:00:00,2461120.000000000,star_ori_bellatrix,STAR,81.283000,6.350000,1.64,358.034399236,358.034177256,358.035988325,358.035766045,70.18841706,16.51005865,70.18841706,16.56355994,70.18841706,16.56270771,69.98030153,16.85319752,69.98030153,16.85306826,70.18768035,16.56339061
CapeTown,-33.93,18.42,25.0,2026-03-20T12:00:00,2461120.000000000,star_ori_saiph,STAR,86.939000,-9.670000,2.07,358.034399236,358.034177256,358.035988325,358.035766045,87.43329645,21.26915722,87.43329645,21.31016822,87.43329645,21.30951877,87.26061620,21.57334522,87.26061620,21.57324535,87.43079155,21.30943262
CapeTown,-33.93,18.42,25.0,2026-03-20T12:00:00,2461120.000000000,star_ori_alnitak,STAR,85.190000,-1.940000,1.77,358.034399236,358.034177256,358.035988325,358.035766045,79.59519111,18.36441464,79.59519111,18.41233848,79.59519111,18.41157726,79.40343024,18.69073227,79.40343024,18.69061606,79.59349198,18.41192525
CapeTown,-33.93,18.42,25.0,2026-03-20T12:00:00,2461120.000000000,star_ori_alnilam,STAR,84.530000,-1.200000,1.69,358.034399236,358.034177256,358.035988325,358.035766045,78.55620857,18.47077578,78.55620857,18.51841117,78.55620857,18.51765463,78.36302764,18.79840722,78.36302764,18.79829170,78.55461160,18.51797144
CapeTown,-33.93,18.42,25.0,2026-03-20T12:00:00,2461120.000000000,star_ori_mintaka,STAR,84.050000,-0.300000,2.23,358.034399236,358.034177256,358.035988325,358.035766045,77.49114181,18.33214734,77.49114181,18.38015930,77.49114181,18.37939664,77.29608351,18.66171556,77.29608351,18.66159916,77.48965272,18.37973189
CapeTown,-33.93,18.42,25.0,2026-03-20T12:00:00,2461120.000000000,star_tau_aldebaran,STAR,68.980000,16.509000,0.85,358.034399236,358.034177256,358.035988325,358.035766045,53.81320157,18.69968594,53.81320157,18.74671081,53.81320157,18.74596418,53.58004901,19.03712617,53.58004901,19.03701216,53.81416536,18.74618160
CapeTown,-33.93,18.42,25.0,2026-03-20T12:00:00,2461120.000000000,star_tau_elnath,STAR,81.573000,28.608000,1.65,358.034399236,358.034177256,358.035988325,358.035766045,53.06914054,1.95729004,53.06914054,2.14253808,53.06914054,2.13696873,52.84772577,2.51112592,52.84772577,2.51049563,53.07011806,2.26408490
CapeTown,-33.93,18.42,25.0,2026-03-20T12:00:00,2461120.000000000,star_aur_capella,STAR,79.172000,45.998000,0.08,358.034399236,358.034177256,358.035988325,358.035766045,38.76002686,-8.16343495,38.76002686,-7.98274610,38.76002686,-7.98808148,38.55752504,-7.89106533,38.55752504,-7.89106533,38.76237046,-8.16273480
CapeTown,-33.93,18.42,25.0,2026-03-20T12:00:00,2461120.000000000,star_umi_polaris,STAR,37.954000,89.264000,1.98,358.034399236,358.034177256,358.035988325,358.035766045,0.36816531,-33.38927522,0.36816531,-33.26601268,0.36816531,-33.26884706,0.32249930,-33.24478315,0.32249930,-33.24478315,0.37418638,-33.38770362
CapeTown,-33.93,18.42,25.0,2026-03-20T12:00:00,2461120.000000000,star_uma_dubhe,STAR,165.932000,61.751000,1.79,358.034399236,358.034177256,358.035988325,358.035766045,25.48695813,-56.34004822,25.48695813,-56.30161679,25.48695813,-56.30227849,25.52936364,-56.09746890,25.52936364,-56.09746890,25.49288467,-56.33624053
CapeTown,-33.93,18.42,25.0,2026-03-20T12:00:00,2461120.000000000,star_uma_merak,STAR,165.460000,56.380000,2.37,358.034399236,358.034177256,358.035988325,358.035766045,33.78170327,-59.42657163,33.78170327,-59.39741605,33.78170327,-59.39790195,33.79485963,-59.16121531,33.79485963,-59.16121531,33.78677412,-59.42228711
CapeTown,-33.93,18.42,25.0,2026-03-20T12:00:00,2461120.000000000,star_uma_alioth,STAR,193.507000,55.960000,1.77,358.034399236,358.034177256,358.035988325,358.035766045,3.98310506,-68.03897825,3.98310506,-68.02929300,3.98310506,-68.02944241,4.38524294,-67.87625248,4.38524294,-67.87625248,3.99563471,-68.03609659
CapeTown,-33.93,18.42,25.0,2026-03-20T12:00:00,2461120.000000000,star_uma_mizar,STAR,206.884000,54.920000,2.23,358.034399236,358.034177256,358.035988325,358.035766045,343.53159726,-67.84907601,343.53159726,-67.83907147,343.53159726,-67.83922603,344.03009461,-67.78421179,344.03009461,-67.78421179,343.54612366,-67.84786070
CapeTown,-33.93,18.42,25.0,2026-03-20T12:00:00,2461120.000000000,star_uma_alkaid,STAR,209.800000,49.310000,1.85,358.034399236,358.034177256,358.035988325,358.035766045,330.62878597,-71.72718976,330.62878597,-71.72271362,330.62878597,-71.72278089,331.31735515,-71.72875436,331.31735515,-71.72875436,330.64668411,-71.72711827
CapeTown,-33.93,18.42,25.0,2026-03-20T12:00:00,2461120.000000000,star_cas_schedar,STAR,9.880000,59.150000,2.24,358.034399236,358.034177256,358.035988325,358.035766045,356.82823721,-3.36721063,356.82823721,-3.18312640,356.82823721,-3.18864998,356.62806090,-3.24061923,356.62806090,-3.24061923,356.83353975,-3.36701840
CapeTown,-33.93,18.42,25.0,2026-03-20T12:00:00,2461120.000000000,star_cas_caph,STAR,1.150000,59.150000,2.28,358.034399236,358.034177256,358.035988325,358.035766045,352.39798293,-4.05199957,352.39798293,-3.86826237,352.39798293,-3.87376740,352.20185254,-3.94629827,352.20185254,-3.94629827,352.40346581,-4.05179553
CapeTown,-33.93,18.42,25.0,2026-03-20T12:00:00,2461120.000000000,star_per_mirfak,STAR,51.080000,49.860000,1.79,358.034399236,358.034177256,358.035988325,358.035766045,21.70817540,0.54380497,21.70817540,0.72900817,21.70817540,0.72343384,21.48897769,1.15073503,21.48897769,1.14982262,21.71195825,1.01573609
CapeTown,-33.93,18.42,25.0,2026-03-20T12:00:00,2461120.000000000,star_per_algol,STAR,47.040000,40.960000,2.12,358.034399236,358.034177256,358.035988325,358.035766045,23.21262075,9.76114900,23.21262075,9.85051252,23.21262075,9.84904874,22.96383382,10.08057711,22.96383382,10.08036390,23.21635650,9.85229793
CapeTown,-33.93,18.42,25.0,2026-03-20T12:00:00,2461120.000000000,star_boo_arcturus,STAR,213.915000,19.182000,-0.05,358.034399236,358.034177256,358.035988325,358.035766045,231.25598991,-68.28903126,231.25598991,-68.27975872,231.25598991,-68.27990149,230.90088232,-68.58376905,230.90088232,-68.58376905,231.25391784,-68.29408918
CapeTown,-33.93,18.42,25.0,2026-03-20T12:00:00,2461120.000000000,star_vir_spica,STAR,201.298000,-11.161000,0.98,358.034399236,358.034177256,358.035988325,358.035766045,187.15053370,-44.50071755,187.15053370,-44.41939572,187.15053370,-44.42101095,186.68781271,-44.67443571,186.68781271,-44.67443571,187.14451849,-44.50302008
CapeTown,-33.93,18.42,25.0,2026-03-20T12:00:00,2461120.000000000,star_sco_antares,STAR,247.352000,-26.432000,0.96,358.034399236,358.034177256,358.035988325,358.035766045,225.66730028,-12.43377149,225.66730028,-12.25805468,225.66730028,-12.26311533,225.42739704,-12.71810119,225.42739704,-12.71810119,225.66605080,-12.43480504
CapeTown,-33.93,18.42,25.0,2026-03-20T12:00:00,2461120.000000000,star_sco_shaula,STAR,262.690000,-37.030000,1.62,358.034399236,358.034177256,358.035988325,358.035766045,227.30301573,4.25382912,227.30301573,4.42324615,227.30301573,4.41984231,227.08626114,4.15655884,227.08626114,4.15610888,227.30192851,4.44116460
CapeTown,-33.93,18.42,25.0,2026-03-20T12:00:00,2461120.000000000,star_leo_regulus,STAR,152.093000,11.967000,1.36,358.034399236,358.034177256,358.035988325,358.035766045,108.13835412,-44.31453962,108.13835412,-44.23249471,108.13835412,-44.23412823,107.70386176,-44.10978371,107.70386176,-44.10978371,108.13280585,-44.31196369
CapeTown,-33.93,18.42,25.0,2026-03-20T12:00:00,2461120.000000000,star_gem_pollux,STAR,116.329000,28.026000,1.14,358.034399236,358.034177256,358.035988325,358.035766045,70.89385175,-23.11389072,70.89385175,-22.95917142,70.89385175,-22.96320857,70.65161925,-22.82145478,70.65161925,-22.82145478,70.89297178,-23.11179453
CapeTown,-33.93,18.42,25.0,2026-03-20T12:00:00,2461120.000000000,star_gem_castor,STAR,113.650000,31.888000,1.58,358.034399236,358.034177256,358.035988325,358.035766045,66.01029404,-22.82080109,66.01029404,-22.66533905,66.01029404,-22.66940883,65.77925661,-22.52529497,65.77925661,-22.52529497,66.00992988,-22.81870199
CapeTown,-33.93,18.42,25.0,2026-03-20T12:00:00,2461120.000000000,star_psa_fomalhaut,STAR,344.413000,-29.622000,1.17,358.034399236,358.034177256,358.035988325,358.035766045,270.63968144,62.78727352,270.63968144,62.79555544,270.63968144,62.79542529,270.14839495,62.54323034,270.14839495,62.54320959,270.64611160,62.80031036
CapeTown,-33.93,18.42,25.0,2026-03-20T12:00:00,2461120.000000000,star_eri_achernar,STAR,24.429000,-57.237000,0.45,358.034399236,358.034177256,358.035988325,358.035766045,168.93556140,66.16071727,168.93556140,66.16783478,168.93556140,66.16772294,169.33425341,66.07960415,169.33425341,66.07958644,168.92220962,66.16966610
CapeTown,-33.93,18.42,25.0,2026-03-20T12:00:00,2461120.000000000,dso_m31_andromeda,GALAXY,10.684000,41.269000,3.44,358.034399236,358.034177256,358.035988325,358.035766045,355.80468257,14.49283864,355.80468257,14.55388352,355.80468257,14.55290683,355.51979563,14.67567416,355.51979563,14.67552559,355.81023000,14.55501469
CapeTown,-33.93,18.42,25.0,2026-03-20T12:00:00,2461120.000000000,dso_lmc,GALAXY,80.894000,-69.756000,0.9,358.034399236,358.034177256,358.035988325,358.035766045,155.79594431,40.38203645,155.79594431,40.40094345,155.79594431,40.40064593,155.81733468,40.37880414,155.81733468,40.37875723,155.78867550,40.40183198
CapeTown,-33.93,18.42,25.0,2026-03-20T12:00:00,2461120.000000000,dso_smc,GALAXY,14.766000,-72.801000,2.7,358.034399236,358.034177256,358.035988325,358.035766045,180.70577860,51.26172438,180.70577860,51.27463860,180.70577860,51.27443556,180.79590851,51.13268574,180.79590851,51.13265355,180.69802109,51.27727537
CapeTown,-33.93,18.42,25.0,2026-03-20T12:00:00,2461120.000000000,dso_m33_triangulum,GALAXY,23.462000,30.660000,5.72,358.034399236,358.034177256,358.035988325,358.035766045,6.97932213,24.90279135,6.97932213,24.93727287,6.97932213,24.93672812,6.65215353,25.10767957,6.65215353,25.10759499,6.98463129,24.93689807
CapeTown,-33.93,18.42,25.0,2026-03-20T12:00:00,2461120.000000000,dso_m45_pleiades,STAR_CLUSTER,56.871000,24.105000,1.6,358.034399236,358.034177256,358.035988325,358.035766045,39.41342547,20.13480639,39.41342547,20.17829736,39.41342547,20.17760793,39.15429729,20.44993048,39.15429729,20.44982475,39.41587077,20.17768659
CapeTown,-33.93,18.42,25.0,2026-03-20T12:00:00,2461120.000000000,dso_hyades,STAR_CLUSTER,66.750000,15.870000,0.5,358.034399236,358.034177256,358.035988325,358.035766045,52.63655489,20.64081838,52.63655489,20.68317198,52.63655489,20.68250090,52.39977280,20.97260729,52.39977280,20.97250436,52.63765395,20.68235262
CapeTown,-33.93,18.42,25.0,2026-03-20T12:00:00,2461120.000000000,dso_m44_beehive,STAR_CLUSTER,130.100000,19.670000,3.7,358.034399236,358.034177256,358.035988325,358.035766045,85.75438399,-30.35224485,85.75438399,-30.21867399,85.75438399,-30.22186832,85.46044794,-30.08149124,85.46044794,-30.08149124,85.75183179,-30.34975346
CapeTown,-33.93,18.42,25.0,2026-03-20T12:00:00,2461120.000000000,dso_double_cluster,STAR_CLUSTER,34.740000,57.130000,3.7,358.034399236,358.034177256,358.035988325,358.035766045,10.01847592,-2.54715472,10.01847592,-2.36271445,10.01847592,-2.36825647,9.81210972,-2.36327059,9.81210972,-2.36327059,10.02307314,-2.54698022
CapeTown,-33.93,18.42,25.0,2026-03-20T12:00:00,2461120.000000000,dso_coma_cluster,STAR_CLUSTER,185.600000,26.100000,1.8,358.034399236,358.034177256,358.035988325,358.035766045,128.45657812,-77.89996899,128.45657812,-77.90026548,128.45657812,-77.90026117,126.95974415,-77.78009811,126.95974415,-77.78009811,128.43224999,-77.89797028
CapeTown,-33.93,18.42,25.0,2026-03-20T12:00:00,2461120.000000000,dso_omega_centauri,GLOBULAR_CLUSTER,201.700000,-47.470000,3.9,358.034399236,358.034177256,358.035988325,358.035766045,183.84332969,-8.30582695,183.84332969,-8.12527378,183.84332969,-8.13060155,183.58134151,-8.46397948,183.58134151,-8.46397948,183.83879586,-8.30621553
CapeTown,-33.93,18.42,25.0,2026-03-20T12:00:00,2461120.000000000,dso_47_tucanae,GLOBULAR_CLUSTER,6.020000,-72.080000,4.1,358.034399236,358.034177256,358.035988325,358.035766045,185.05221278,51.62114149,185.05221278,51.63389086,185.05221278,51.63369043,185.13194996,51.47325730,185.13194996,51.47322550,185.04476084,51.63682770
CapeTown,-33.93,18.42,25.0,2026-03-20T12:00:00,2461120.000000000,dso_m13_hercules,GLOBULAR_CLUSTER,250.420000,36.460000,5.8,358.034399236,358.034177256,358.035988325,358.035766045,289.38030333,-46.21006194,289.38030333,-46.13535463,289.38030333,-46.13680623,289.39511318,-46.40921611,289.39511318,-46.40921611,289.38661936,-46.21260039
CapeTown,-33.93,18.42,25.0,2026-03-20T12:00:00,2461120.000000000,dso_m42_orion_nebula,NEBULA,83.822000,-5.391000,4.0,358.034399236,358.034177256,358.035988325,358.035766045,81.76914423,21.46258919,81.76914423,21.50320150,81.76914423,21.50255847,81.58694084,21.77773177,81.58694084,21.77763290,81.76718942,21.50235768
CapeTown,-33.93,18.42,25.0,2026-03-20T12:00:00,2461120.000000000,dso_m8_lagoon,NEBULA,270.920000,-24.380000,6.0,358.034399236,358.034177256,358.035988325,358.035766045,241.60980892,1.89813742,241.60980892,2.08338742,241.60980892,2.07781761,241.38927393,1.90980401,241.38927393,1.90907106,241.61012968,2.21035390
CapeTown,-33.93,18.42,25.0,2026-03-20T12:00:00,2461120.000000000,dso_eta_carinae_nebula,NEBULA,161.260000,-59.870000,1.0,358.034399236,358.034177256,358.035988325,358.035766045,163.18905089,8.24749657,163.18905089,8.35156331,163.18905089,8.34982847,163.00447166,8.29378696,163.00447166,8.29353215,163.18368419,8.35502550
Honolulu,21.31,-157.86,5.0,2026-03-20T12:00:00,2461120.000000000,star_cma_sirius,STAR,101.287000,-16.716000,-1.46,358.034399236,358.034177256,358.035988325,358.035766045,257.12439367,-13.76952619,257.12439367,-13.59575632,257.12439367,-13.60040509,257.24600108,-14.02805216,257.24600108,-14.02805216,257.12817074,-13.76926634
Honolulu,21.31,-157.86,5.0,2026-03-20T12:00:00,2461120.000000000,star_cma_adhara,STAR,104.656000,-28.972000,1.5,358.034399236,358.034177256,358.035988325,358.035766045,244.10901131,-14.53296986,244.10901131,-14.36039848,244.10901131,-14.36498600,244.21488845,-14.73976727,244.21488845,-14.73976727,244.11369197,-14.53291028
Honolulu,21.31,-157.86,5.0,2026-03-20T12:00:00,2461120.000000000,star_cma_wezen,STAR,107.098000,-26.393000,1.83,358.034399236,358.034177256,358.035988325,358.035766045,245.96471563,-11.69365129,245.96471563,-11.51693712,245.96471563,-11.52173961,246.08512321,-11.90873252,246.08512321,-11.90873252,245.96922558,-11.69372602
Honolulu,21.31,-157.86,5.0,2026-03-20T12:00:00,2461120.000000000,star_cma_mirzam,STAR,95.675000,-17.956000,1.98,358.034399236,358.034177256,358.035988325,358.035766045,257.60824896,-19.24874649,257.60824896,-19.08498498,257.60824896,-19.08914579,257.70974020,-19.50850173,257.70974020,-19.50850173,257.61210568,-19.24806322
Honolulu,21.31,-157.86,5.0,2026-03-20T12:00:00,2461120.000000000,star_cmi_procyon,STAR,114.825000,5.225000,0.34,358.034399236,358.034177256,358.035988325,358.035766045,273.01720540,6.52234289,273.01720540,6.64917640,273.01720540,6.64721331,273.20076079,6.35106971,273.20076079,6.35100538,273.01957414,6.65310973
Honolulu,21.31,-157.86,5.0,2026-03-20T12:00:00,2461120.000000000,star_car_canopus,STAR,95.987000,-52.695000,-0.74,358.034399236,358.034177256,358.035988325,358.035766045,220.51265501,-25.21887575,220.51265501,-25.06976027,220.51265501,-25.07329369,220.53729477,-25.30679366,220.53729477,-25.30679366,220.51872095,-25.21914956
Honolulu,21.31,-157.86,5.0,2026-03-20T12:00:00,2461120.000000000,star_car_miaplacidus,STAR,138.300000,-69.720000,1.67,358.034399236,358.034177256,358.035988325,358.035766045,198.02552276,-10.91366240,198.02552276,-10.73595933,198.02552276,-10.74081443,198.13600814,-10.87523240,198.13600814,-10.87523240,198.03106199,-10.91475053
Honolulu,21.31,-157.86,5.0,2026-03-20T12:00:00,2461120.000000000,star_cen_rigil_kent,STAR,219.900000,-60.833000,-0.01,358.034399236,358.034177256,358.035988325,358.035766045,170.27339417,6.13326690,170.27339417,6.26637766,170.27339417,6.26428520,170.47458448,6.45117167,170.47458448,6.45110819,170.27763191,6.27190038
Honolulu,21.31,-157.86,5.0,2026-03-20T12:00:00,2461120.000000000,star_cen_hadar,STAR,210.956000,-60.373000,0.61,358.034399236,358.034177256,358.035988325,358.035766045,174.43375058,7.68101627,174.43375058,7.79173666,174.43375058,7.79007794,174.64429395,7.95690402,174.64429395,7.95685110,174.43825035,7.79494674
Honolulu,21.31,-157.86,5.0,2026-03-20T12:00:00,2461120.000000000,star_lyr_vega,STAR,279.234000,38.783000,0.03,358.034399236,358.034177256,358.035988325,358.035766045,55.25790308,21.27200923,55.25790308,21.31301430,55.25790308,21.31244227,55.30914601,21.47886770,55.30914601,21.47884762,55.25222979,21.31406729
Honolulu,21.31,-157.86,5.0,2026-03-20T12:00:00,2461120.000000000,star_cyg_deneb,STAR,310.358000,45.280000,1.25,358.034399236,358.034177256,358.035988325,358.035766045,41.20737399,1.74655110,41.20737399,1.93180457,41.20737399,1.92656026,41.35929932,2.12620608,41.35929932,2.12606742,41.20158978,2.07059374
Honolulu,21.31,-157.86,5.0,2026-03-20T12:00:00,2461120.000000000,star_cyg_sadr,STAR,305.557000,40.260000,2.23,358.034399236,358.034177256,358.035988325,358.035766045,47.29235207,2.52945859,47.29235207,2.71467045,47.29235207,2.70943313,47.44055645,2.89392844,47.44055645,2.89381283,47.28672084,2.79458581
Honolulu,21.31,-157.86,5.0,2026-03-20T12:00:00,2461120.000000000,star_cyg_albireo,STAR,292.680000,27.960000,3.05,358.034399236,358.034177256,358.035988325,358.035766045,62.81013854,7.52550704,62.81013854,7.63818432,62.81013854,7.63649038,62.93805865,7.83764819,62.93805865,7.83759455,62.80514191,7.64137229
Honolulu,21.31,-157.86,5.0,2026-03-20T12:00:00,2461120.000000000,star_aql_altair,STAR,297.696000,8.868000,0.76,358.034399236,358.034177256,358.035988325,358.035766045,78.81177649,-3.95835768,78.81177649,-3.77457034,78.81177649,-3.77975392,78.98831327,-3.69510993,78.98831327,-3.69510993,78.80784899,-3.95977915
Honolulu,21.31,-157.86,5.0,2026-03-20T12:00:00,2461120.000000000,star_ori_betelgeuse,STAR,88.793000,7.407000,0.5,358.034399236,358.034177256,358.035988325,358.035766045,285.08354162,-16.53504261,285.08354162,-16.36591396,285.08354162,-16.37032985,285.23554873,-16.85699335,285.23554873,-16.85699335,285.08481487,-16.53420342
Honolulu,21.31,-157.86,5.0,2026-03-20T12:00:00,2461120.000000000,star_ori_rigel,STAR,78.634000,-8.202000,0.13,358.034399236,358.034177256,358.035988325,358.035766045,273.65225815,-31.98749901,273.65225815,-31.85938703,273.65225815,-31.86215973,273.74773792,-32.29062105,273.74773792,-32.29062105,273.65499006,-31.98540063
Honolulu,21.31,-157.86,5.0,2026-03-20T12:00:00,2461120.000000000,star_ori_bellatrix,STAR,81.283000,6.350000,1.64,358.034399236,358.034177256,358.035988325,358.035766045,287.54119572,-23.70449370,287.54119572,-23.55129916,287.54119572,-23.55499812,287.69115891,-24.02784003,287.69115891,-24.02784003,287.54226813,-23.70294422
Honolulu,21.31,-157.86,5.0,2026-03-20T12:00:00,2461120.000000000,star_ori_saiph,STAR,86.939000,-9.670000,2.07,358.034399236,358.034177256,358.035988325,358.035766045,268.93814098,-24.75500615,268.93814098,-24.60461556,268.93814098,-24.60820002,269.04197375,-25.04804109,269.04197375,-25.04804109,268.94114396,-24.75362738
Honolulu,21.31,-157.86,5.0,2026-03-20T12:00:00,2461120.000000000,star_ori_alnitak,STAR,85.190000,-1.940000,1.77,358.034399236,358.034177256,358.035988325,358.035766045,277.53596689,-23.61694099,277.53596689,-23.46351805,277.53596689,-23.46722647,277.66245733,-23.92811885,277.66245733,-23.92811885,277.53809163,-23.61550911
Honolulu,21.31,-157.86,5.0,2026-03-20T12:00:00,2461120.000000000,star_ori_alnilam,STAR,84.530000,-1.200000,1.69,358.034399236,358.034177256,358.035988325,358.035766045,278.56094969,-23.93826448,278.56094969,-23.78568377,278.56094969,-23.78935739,278.68919033,-24.25110330,278.68919033,-24.25110330,278.56297459,-23.93678861
Honolulu,21.31,-157.86,5.0,2026-03-20T12:00:00,2461120.000000000,star_ori_mintaka,STAR,84.050000,-0.300000,2.23,358.034399236,358.034177256,358.035988325,358.035766045,279.67341673,-24.02434178,279.67341673,-23.87198856,279.67341673,-23.87565283,279.80412595,-24.33889445,279.80412595,-24.33889445,279.67532773,-24.02284289
Honolulu,21.31,-157.86,5.0,2026-03-20T12:00:00,2461120.000000000,star_tau_aldebaran,STAR,68.980000,16.509000,0.85,358.034399236,358.034177256,358.035988325,358.035766045,304.21722535,-28.69357675,304.21722535,-28.55470709,304.21722535,-28.55785174,304.41316566,-29.01483911,304.41316566,-29.01483911,304.21643865,-28.69152783
Honolulu,21.31,-157.86,5.0,2026-03-20T12:00:00,2461120.000000000,star_tau_elnath,STAR,81.573000,28.608000,1.65,358.034399236,358.034177256,358.035988325,358.035766045,307.66125952,-12.24572098,307.66125952,-12.06974529,307.66125952,-12.07450880,307.84364869,-12.56486082,307.84364869,-12.56486082,307.66021037,-12.24530642
Honolulu,21.31,-157.86,5.0,2026-03-20T12:00:00,2461120.000000000,star_aur_capella,STAR,79.172000,45.998000,0.08,358.034399236,358.034177256,358.035988325,358.035766045,323.16998155,-3.83706339,323.16998155,-3.65321238,323.16998155,-3.65839928,323.34581713,-4.12616325,323.34581713,-4.12616325,323.16747865,-3.83755197
Honolulu,21.31,-157.86,5.0,2026-03-20T12:00:00,2461120.000000000,star_umi_polaris,STAR,37.954000,89.264000,1.98,358.034399236,358.034177256,358.035988325,358.035766045,359.70961428,20.75077429,359.70961428,20.79288753,359.70961428,20.79229972,359.75991567,20.65261458,359.75991567,20.65259363,359.70418768,20.79221211
Honolulu,21.31,-157.86,5.0,2026-03-20T12:00:00,2461120.000000000,star_uma_dubhe,STAR,165.932000,61.751000,1.79,358.034399236,358.034177256,358.035988325,358.035766045,338.61816972,43.44808948,338.61816972,43.46507235,338.61816972,43.46483731,338.56769669,43.22479208,338.56769669,43.22478358,338.61316999,43.46192356
Honolulu,21.31,-157.86,5.0,2026-03-20T12:00:00,2461120.000000000,star_uma_merak,STAR,165.460000,56.380000,2.37,358.034399236,358.034177256,358.035988325,358.035766045,332.72938071,46.86768393,332.72938071,46.88275984,332.72938071,46.88255125,332.67951061,46.62011335,332.67951061,46.62010580,332.72477841,46.87917087
Honolulu,21.31,-157.86,5.0,2026-03-20T12:00:00,2461120.000000000,star_uma_alioth,STAR,193.507000,55.960000,1.77,358.034399236,358.034177256,358.035988325,358.035766045,353.73416823,55.16997659,353.73416823,55.18117968,353.73416823,55.18102477,353.49309060,55.00767302,353.49309060,55.00766743,353.72611650,55.17826043
Honolulu,21.31,-157.86,5.0,2026-03-20T12:00:00,2461120.000000000,star_uma_mizar,STAR,206.884000,54.920000,2.23,358.034399236,358.034177256,358.035988325,358.035766045,7.20261637,56.11585570,7.20261637,56.12666924,7.20261637,56.12651972,6.89762188,56.02367654,6.89762188,56.02367115,7.19320934,56.12464930
Honolulu,21.31,-157.86,5.0,2026-03-20T12:00:00,2461120.000000000,star_uma_alkaid,STAR,209.800000,49.310000,1.85,358.034399236,358.034177256,358.035988325,358.035766045,13.40434586,61.04292488,13.40434586,61.05183633,13.40434586,61.05171314,12.98199503,60.98314731,12.98199503,60.98314287,13.39313354,61.05021991
Honolulu,21.31,-157.86,5.0,2026-03-20T12:00:00,2461120.000000000,star_cas_schedar,STAR,9.880000,59.150000,2.24,358.034399236,358.034177256,358.035988325,358.035766045,5.11463333,-8.98183834,5.11463333,-8.80195725,5.11463333,-8.80692969,5.32572418,-9.09337006,5.32572418,-9.09337006,5.10914489,-8.98242421
Honolulu,21.31,-157.86,5.0,2026-03-20T12:00:00,2461120.000000000,star_cas_caph,STAR,1.150000,59.150000,2.28,358.034399236,358.034177256,358.035988325,358.035766045,9.51306229,-7.93924413,9.51306229,-7.75834581,9.51306229,-7.76337356,9.71926894,-8.02693639,9.71926894,-8.02693639,9.50742463,-7.93994471
Honolulu,21.31,-157.86,5.0,2026-03-20T12:00:00,2461120.000000000,star_per_mirfak,STAR,51.080000,49.860000,1.79,358.034399236,358.034177256,358.035988325,358.035766045,339.85165396,-13.50702349,339.85165396,-13.33285598,339.85165396,-13.33752524,340.07125358,-13.73874164,340.07125358,-13.73874164,339.84761573,-13.50686813
Honolulu,21.31,-157.86,5.0,2026-03-20T12:00:00,2461120.000000000,star_per_algol,STAR,47.040000,40.960000,2.12,358.034399236,358.034177256,358.035988325,358.035766045,337.99705620,-22.67766754,337.99705620,-22.52184614,337.99705620,-22.52565528,338.25458981,-22.91592208,338.25458981,-22.91592208,337.99293906,-22.67675341
Honolulu,21.31,-157.86,5.0,2026-03-20T12:00:00,2461120.000000000,star_boo_arcturus,STAR,213.915000,19.182000,-0.05,358.034399236,358.034177256,358.035988325,358.035766045,97.21346657,76.62342626,97.21346657,76.62725742,97.21346657,76.62720448,96.94167874,76.94371568,96.94167874,76.94371383,97.20381576,76.63210486
Honolulu,21.31,-157.86,5.0,2026-03-20T12:00:00,2461120.000000000,star_vir_spica,STAR,201.298000,-11.161000,0.98,358.034399236,358.034177256,358.035988325,358.035766045,177.31838561,57.35761726,177.31838561,57.36793221,177.31838561,57.36778959,177.94996219,57.52089935,177.94996219,57.52089426,177.32687507,57.37028564
Honolulu,21.31,-157.86,5.0,2026-03-20T12:00:00,2461120.000000000,star_sco_antares,STAR,247.352000,-26.432000,0.96,358.034399236,358.034177256,358.035988325,358.035766045,133.85937512,23.59895750,133.85937512,23.63556912,133.85937512,23.63505937,134.07506044,23.94720532,134.07506044,23.94718748,133.86067403,23.63785476
Honolulu,21.31,-157.86,5.0,2026-03-20T12:00:00,2461120.000000000,star_sco_shaula,STAR,262.690000,-37.030000,1.62,358.034399236,358.034177256,358.035988325,358.035766045,134.27667739,6.83718482,134.27667739,6.95927304,134.27667739,6.95740329,134.45879961,7.26532708,134.45879961,7.26526976,134.27793707,6.96358653
Honolulu,21.31,-157.86,5.0,2026-03-20T12:00:00,2461120.000000000,star_leo_regulus,STAR,152.093000,11.967000,1.36,358.034399236,358.034177256,358.035988325,358.035766045,266.19506229,43.46457031,266.19506229,43.48154343,266.19506229,43.48130852,266.51485680,43.19101196,266.51485680,43.19100345,266.19917603,43.47827174
Honolulu,21.31,-157.86,5.0,2026-03-20T12:00:00,2461120.000000000,star_gem_pollux,STAR,116.329000,28.026000,1.14,358.034399236,358.034177256,358.035988325,358.035766045,294.51460639,15.33509698,294.51460639,15.39277100,294.51460639,15.39195857,294.68313123,15.06558937,294.68313123,15.06556040,294.51494584,15.39212254
Honolulu,21.31,-157.86,5.0,2026-03-20T12:00:00,2461120.000000000,star_gem_castor,STAR,113.650000,31.888000,1.58,358.034399236,358.034177256,358.035988325,358.035766045,299.02705249,14.21036804,299.02705249,14.27262488,299.02705249,14.27174495,299.18861915,13.94657980,299.18861915,13.94654853,299.02692760,14.27218421
Honolulu,21.31,-157.86,5.0,2026-03-20T12:00:00,2461120.000000000,star_psa_fomalhaut,STAR,344.413000,-29.622000,1.17,358.034399236,358.034177256,358.035988325,358.035766045,111.69572586,-57.12432717,111.69572586,-57.08835366,111.69572586,-57.08890508,111.89004684,-56.80265835,111.89004684,-56.80265835,111.69420557,-57.12976197
Honolulu,21.31,-157.86,5.0,2026-03-20T12:00:00,2461120.000000000,star_eri_achernar,STAR,24.429000,-57.237000,0.45,358.034399236,358.034177256,358.035988325,358.035766045,184.15408058,-54.05239568,184.15408058,-54.00644000,184.15408058,-54.00717138,183.90947790,-53.93763831,183.90947790,-53.93763831,184.16292661,-54.05491621
Honolulu,21.31,-157.86,5.0,2026-03-20T12:00:00,2461120.000000000,dso_m31_andromeda,GALAXY,10.684000,41.269000,3.44,358.034399236,358.034177256,358.035988325,358.035766045,7.66318555,-26.70715855,7.66318555,-26.56228412,7.66318555,-26.56565214,7.98230874,-26.80391360,7.98230874,-26.80391360,7.65696836,-26.70707770
Honolulu,21.31,-157.86,5.0,2026-03-20T12:00:00,2461120.000000000,dso_lmc,GALAXY,80.894000,-69.756000,0.9,358.034399236,358.034177256,358.035988325,358.035766045,200.38997707,-29.93481938,200.38997707,-29.79989165,200.38997707,-29.80289601,200.37598278,-29.90960787,200.37598278,-29.90960787,200.39638718,-29.93602704
Honolulu,21.31,-157.86,5.0,2026-03-20T12:00:00,2461120.000000000,dso_smc,GALAXY,14.766000,-72.801000,2.7,358.034399236,358.034177256,358.035988325,358.035766045,178.01930984,-38.56544133,178.01930984,-38.46117818,178.01930984,-38.46323255,177.96092774,-38.41921533,177.96092774,-38.41921533,178.02548920,-38.56804577
Honolulu,21.31,-157.86,5.0,2026-03-20T12:00:00,2461120.000000000,dso_m33_triangulum,GALAXY,23.462000,30.660000,5.72,358.034399236,358.034177256,358.035988325,358.035766045,356.03117567,-37.77760657,356.03117567,-37.67036221,356.03117567,-37.67249944,356.41552065,-37.93420708,356.41552065,-37.93420708,356.02481648,-37.77641747
Honolulu,21.31,-157.86,5.0,2026-03-20T12:00:00,2461120.000000000,dso_m45_pleiades,STAR_CLUSTER,56.871000,24.105000,1.6,358.034399236,358.034177256,358.035988325,358.035766045,319.59365530,-31.94277447,319.59365530,-31.81451027,319.59365530,-31.81728800,319.84447233,-32.23825766,319.84447233,-32.23825766,319.59106242,-31.94062639
Honolulu,21.31,-157.86,5.0,2026-03-20T12:00:00,2461120.000000000,dso_hyades,STAR_CLUSTER,66.750000,15.870000,0.5,358.034399236,358.034177256,358.035988325,358.035766045,305.12191778,-30.78607617,305.12191778,-30.65393162,305.12191778,-30.65683978,305.32337537,-31.10626749,305.32337537,-31.10626749,305.12100897,-30.78383549
Honolulu,21.31,-157.86,5.0,2026-03-20T12:00:00,2461120.000000000,dso_m44_beehive,STAR_CLUSTER,130.100000,19.670000,3.7,358.034399236,358.034177256,358.035988325,358.035766045,282.34112928,25.23805653,282.34112928,25.27202295,282.34112928,25.27155054,282.54371799,24.95079859,282.54371799,24.95078155,282.34281448,25.27001952
Honolulu,21.31,-157.86,5.0,2026-03-20T12:00:00,2461120.000000000,dso_double_cluster,STAR_CLUSTER,34.740000,57.130000,3.7,358.034399236,358.034177256,358.035988325,358.035766045,351.80479444,-10.43216591,351.80479444,-10.25388401,351.80479444,-10.25877012,352.01849272,-10.61136720,352.01849272,-10.61136720,351.79997233,-10.43244173
Honolulu,21.31,-157.86,5.0,2026-03-20T12:00:00,2461120.000000000,dso_coma_cluster,STAR_CLUSTER,185.600000,26.100000,1.8,358.034399236,358.034177256,358.035988325,358.035766045,292.35689689,76.16462233,292.35689689,76.16859004,292.35689689,76.16853521,292.58567401,75.83595119,292.58567401,75.83594918,292.35994487,76.16313754
Honolulu,21.31,-157.86,5.0,2026-03-20T12:00:00,2461120.000000000,dso_omega_centauri,GLOBULAR_CLUSTER,201.700000,-47.470000,3.9,358.034399236,358.034177256,358.035988325,358.035766045,178.60876785,21.06119861,178.60876785,21.10264577,178.60876785,21.10206745,178.89487736,21.24863751,178.89487736,21.24861720,178.61375755,21.10400580
Honolulu,21.31,-157.86,5.0,2026-03-20T12:00:00,2461120.000000000,dso_47_tucanae,GLOBULAR_CLUSTER,6.020000,-72.080000,4.1,358.034399236,358.034177256,358.035988325,358.035766045,174.52802702,-38.75259123,174.52802702,-38.64903984,174.52802702,-38.65107468,174.47560909,-38.58908083,174.47560909,-38.58908083,174.53397875,-38.75539454
Honolulu,21.31,-157.86,5.0,2026-03-20T12:00:00,2461120.000000000,dso_m13_hercules,GLOBULAR_CLUSTER,250.420000,36.460000,5.8,358.034399236,358.034177256,358.035988325,358.035766045,59.42839563,43.85239479,59.42839563,43.86914013,59.42839563,43.86890838,59.32830011,44.05565876,59.32830011,44.05565050,59.42142614,43.87078721
Honolulu,21.31,-157.86,5.0,2026-03-20T12:00:00,2461120.000000000,dso_m42_orion_nebula,NEBULA,83.822000,-5.391000,4.0,358.034399236,358.034177256,358.035988325,358.035766045,274.56969222,-26.17385166,274.56969222,-26.02743150,274.56969222,-26.03085904,274.68325517,-26.47934380,274.68325517,-26.47934380,274.57217116,-26.17223842
Honolulu,21.31,-157.86,5.0,2026-03-20T12:00:00,2461120.000000000,dso_m8_lagoon,NEBULA,270.920000,-24.380000,6.0,358.034399236,358.034177256,358.035988325,358.035766045,119.69290431,7.13355882,119.69290431,7.25143920,119.69290431,7.24964946,119.86375205,7.57483125,119.86375205,7.57477597,119.69272016,7.25536545
Honolulu,21.31,-157.86,5.0,2026-03-20T12:00:00,2461120.000000000,dso_eta_carinae_nebula,NEBULA,161.260000,-59.870000,1.0,358.034399236,358.034177256,358.035988325,358.035766045,198.21468934,2.80260106,198.21468934,2.98778458,198.21468934,2.98255057,198.40367348,3.07176657,198.40367348,3.07165533,198.22009469,3.05158812
Quito,0.0,-78.5,2850.0,2026-03-20T12:00:00,2461120.000000000,star_cma_sirius,STAR,101.287000,-16.716000,-1.46,358.034399236,358.034177256,358.035988325,358.035766045,186.76750307,-73.13287958,186.76750307,-73.12990455,186.76750307,-73.13061319,185.81034217,-73.19512095,185.81034217,-73.19512095,186.76613071,-73.13649505
Quito,0.0,-78.5,2850.0,2026-03-20T12:00:00,2461120.000000000,star_cma_adhara,STAR,104.656000,-28.972000,1.5,358.034399236,358.034177256,358.035988325,358.035766045,189.59648607,-60.53676390,189.59648607,-60.51067024,189.59648607,-60.51696545,189.15673599,-60.61771002,189.15673599,-60.61771002,189.59585497,-60.54122824
Quito,0.0,-78.5,2850.0,2026-03-20T12:00:00,2461120.000000000,star_cma_wezen,STAR,107.098000,-26.393000,1.83,358.034399236,358.034177256,358.035988325,358.035766045,195.32452719,-62.50664725,195.32452719,-62.48560054,195.32452719,-62.49066655,194.85260676,-62.61989785,194.85260676,-62.61989785,195.32435449,-62.51100681
Quito,0.0,-78.5,2850.0,2026-03-20T12:00:00,2461120.000000000,star_cma_mirzam,STAR,95.675000,-17.956000,1.98,358.034399236,358.034177256,358.035988325,358.035766045,169.13278252,-71.68828519,169.13278252,-71.68376379,169.13278252,-71.68484207,168.26266715,-71.64701379,168.26266715,-71.64701379,169.12941797,-71.69180114
Quito,0.0,-78.5,2850.0,2026-03-20T12:00:00,2461120.000000000,star_cmi_procyon,STAR,114.825000,5.225000,0.34,358.034399236,358.034177256,358.035988325,358.035766045,288.53005268,-73.54901471,288.53005268,-73.54643479,288.53005268,-73.54704912,289.12630848,-73.86278077,289.12630848,-73.86278077,288.53801315,-73.55039181
Quito,0.0,-78.5,2850.0,2026-03-20T12:00:00,2461120.000000000,star_car_canopus,STAR,95.987000,-52.695000,-0.74,358.034399236,358.034177256,358.035988325,358.035766045,177.41266459,-37.20978648,177.41266459,-37.10040998,177.41266459,-37.12756389,177.29980460,-37.22133590,177.29980460,-37.22133590,177.41159625,-37.21513993
Quito,0.0,-78.5,2850.0,2026-03-20T12:00:00,2461120.000000000,star_car_miaplacidus,STAR,138.300000,-69.720000,1.67,358.034399236,358.034177256,358.035988325,358.035766045,192.97263688,-15.57717105,192.97263688,-15.40634085,192.97263688,-15.44944499,193.02671467,-15.67976794,193.02671467,-15.67976794,192.97231435,-15.58262178
Quito,0.0,-78.5,2850.0,2026-03-20T12:00:00,2461120.000000000,star_cen_rigil_kent,STAR,219.900000,-60.833000,-0.01,358.034399236,358.034177256,358.035988325,358.035766045,205.49334910,14.43169136,205.49334910,14.49299493,205.49334910,14.47734793,205.71393496,14.32547369,205.71393496,14.30984225,205.49347722,14.49051933
Quito,0.0,-78.5,2850.0,2026-03-20T12:00:00,2461120.000000000,star_cen_hadar,STAR,210.956000,-60.373000,0.61,358.034399236,358.034177256,358.035988325,358.035766045,207.69899999,10.58228957,207.69899999,10.66516274,207.69899999,10.64408177,207.89766193,10.48690643,207.89766193,10.46579720,207.69923355,10.66309601
Quito,0.0,-78.5,2850.0,2026-03-20T12:00:00,2461120.000000000,star_lyr_vega,STAR,279.234000,38.783000,0.03,358.034399236,358.034177256,358.035988325,358.035766045,359.89768260,51.20073944,359.89768260,51.21368179,359.89768260,51.21036560,359.62445772,51.22938993,359.62445772,51.22609432,359.89936914,51.20896380
Quito,0.0,-78.5,2850.0,2026-03-20T12:00:00,2461120.000000000,star_cyg_deneb,STAR,310.358000,45.280000,1.25,358.034399236,358.034177256,358.035988325,358.035766045,26.97806331,37.00914651,26.97806331,37.03046823,26.97806331,37.02500669,26.90289917,37.19759176,26.90289917,37.19219610,26.97785495,37.02533317
Quito,0.0,-78.5,2850.0,2026-03-20T12:00:00,2461120.000000000,star_cyg_sadr,STAR,305.557000,40.260000,2.23,358.034399236,358.034177256,358.035988325,358.035766045,27.51283143,43.12640001,27.51283143,43.14357439,27.51283143,43.13917443,27.38573658,43.31332929,27.38573658,43.30898040,27.51259042,43.13847126
Quito,0.0,-78.5,2850.0,2026-03-20T12:00:00,2461120.000000000,star_cyg_albireo,STAR,292.680000,27.960000,3.05,358.034399236,358.034177256,358.035988325,358.035766045,23.55169114,59.18267868,23.55169114,59.19228520,23.55169114,59.18982354,23.19050611,59.34149967,23.19050611,59.33906717,23.55176184,59.18764423
Quito,0.0,-78.5,2850.0,2026-03-20T12:00:00,2461120.000000000,star_aql_altair,STAR,297.696000,8.868000,0.76,358.034399236,358.034177256,358.035988325,358.035766045,63.62149444,69.54798701,63.62149444,69.55399451,63.62149444,69.55245500,63.40761424,69.86211728,63.40761424,69.86061422,63.61677436,69.55041961
Quito,0.0,-78.5,2850.0,2026-03-20T12:00:00,2461120.000000000,star_ori_betelgeuse,STAR,88.793000,7.407000,0.5,358.034399236,358.034177256,358.035988325,358.035766045,54.19174029,-77.26442729,54.19174029,-77.26443804,54.19174029,-77.26443549,55.10679826,-76.97596312,55.10679826,-76.97596312,54.18548133,-77.26382946
Quito,0.0,-78.5,2850.0,2026-03-20T12:00:00,2461120.000000000,star_ori_rigel,STAR,78.634000,-8.202000,0.13,358.034399236,358.034177256,358.035988325,358.035766045,112.22033816,-67.91612852,112.22033816,-67.90623730,112.22033816,-67.90860442,111.99926710,-67.61380878,111.99926710,-67.61380878,112.21431349,-67.91828602
Quito,0.0,-78.5,2850.0,2026-03-20T12:00:00,2461120.000000000,star_ori_bellatrix,STAR,81.283000,6.350000,1.64,358.034399236,358.034177256,358.035988325,358.035766045,70.03028788,-71.03435628,70.03028788,-71.02904375,70.03028788,-71.03031142,70.43970783,-70.70980877,70.43970783,-70.70980877,70.02468998,-71.03477752
Quito,0.0,-78.5,2850.0,2026-03-20T12:00:00,2461120.000000000,star_ori_saiph,STAR,86.939000,-9.670000,2.07,358.034399236,358.034177256,358.035988325,358.035766045,128.66870850,-74.41636627,128.66870850,-74.41453944,128.66870850,-74.41497416,128.00083829,-74.16734158,128.00083829,-74.16734158,128.66088242,-74.41857293
Quito,0.0,-78.5,2850.0,2026-03-20T12:00:00,2461120.000000000,star_ori_alnitak,STAR,85.190000,-1.940000,1.77,358.034399236,358.034177256,358.035988325,358.035766045,97.91385019,-75.85679881,97.91385019,-75.85601913,97.91385019,-75.85620447,97.78448740,-75.52638195,97.78448740,-75.52638195,97.90469176,-75.85773694
Quito,0.0,-78.5,2850.0,2026-03-20T12:00:00,2461120.000000000,star_ori_alnilam,STAR,84.530000,-1.200000,1.69,358.034399236,358.034177256,358.035988325,358.035766045,94.67351919,-75.28117253,94.67351919,-75.28000418,94.67351919,-75.28028203,94.62530738,-74.94742752,94.62530738,-74.94742752,94.66480028,-75.28204117
Quito,0.0,-78.5,2850.0,2026-03-20T12:00:00,2461120.000000000,star_ori_mintaka,STAR,84.050000,-0.300000,2.23,358.034399236,358.034177256,358.035988325,358.035766045,91.09000711,-74.84762826,91.09000711,-74.84614115,91.09000711,-74.84649491,91.12346609,-74.51139943,91.12346609,-74.51139943,91.08165993,-74.84840403
Quito,0.0,-78.5,2850.0,2026-03-20T12:00:00,2461120.000000000,star_tau_aldebaran,STAR,68.980000,16.509000,0.85,358.034399236,358.034177256,358.035988325,358.035766045,59.39158762,-55.95336132,59.39158762,-55.91369424,59.39158762,-55.92331776,59.75775394,-55.65288071,59.75775394,-55.65288071,59.38883742,-55.95492313
Quito,0.0,-78.5,2850.0,2026-03-20T12:00:00,2461120.000000000,star_tau_elnath,STAR,81.573000,28.608000,1.65,358.034399236,358.034177256,358.035988325,358.035766045,28.90940107,-56.81139014,28.90940107,-56.77444377,28.90940107,-56.78339764,29.48623566,-56.62874991,29.48623566,-56.62874991,28.90854523,-56.81240483
Quito,0.0,-78.5,2850.0,2026-03-20T12:00:00,2461120.000000000,star_aur_capella,STAR,79.172000,45.998000,0.08,358.034399236,358.034177256,358.035988325,358.035766045,18.16098312,-40.76175284,18.16098312,-40.66591224,18.16098312,-40.68960992,18.57559808,-40.63722051,18.57559808,-40.63722051,18.16096661,-40.76425013
Quito,0.0,-78.5,2850.0,2026-03-20T12:00:00,2461120.000000000,star_umi_polaris,STAR,37.954000,89.264000,1.98,358.034399236,358.034177256,358.035988325,358.035766045,0.49930879,-0.37016879,0.49930879,-0.18509613,0.49930879,-0.23190904,0.64731798,0.17897662,0.64731798,0.04861079,0.50014697,0.28715899
Quito,0.0,-78.5,2850.0,2026-03-20T12:00:00,2461120.000000000,star_uma_dubhe,STAR,165.932000,61.751000,1.79,358.034399236,358.034177256,358.035988325,358.035766045,333.58023266,-10.78967179,333.58023266,-10.61181737,333.58023266,-10.65675965,333.78691506,-10.92450623,333.78691506,-10.92450623,333.58199406,-10.79442448
Quito,0.0,-78.5,2850.0,2026-03-20T12:00:00,2461120.000000000,star_uma_merak,STAR,165.460000,56.380000,2.37,358.034399236,358.034177256,358.035988325,358.035766045,328.52379294,-12.89239991,328.52379294,-12.71733017,328.52379294,-12.76154416,328.73974727,-13.05413303,328.73974727,-13.05413303,328.52570027,-12.89706828
Quito,0.0,-78.5,2850.0,2026-03-20T12:00:00,2461120.000000000,star_uma_alioth,STAR,193.507000,55.960000,1.77,358.034399236,358.034177256,358.035988325,358.035766045,325.88858774,2.39780555,325.88858774,2.58302852,325.88858774,2.53618617,326.02386038,2.48617456,326.02386038,2.42104185,325.89058364,2.66758980
Quito,0.0,-78.5,2850.0,2026-03-20T12:00:00,2461120.000000000,star_uma_mizar,STAR,206.884000,54.920000,2.23,358.034399236,358.034177256,358.035988325,358.035766045,326.06854414,10.04276740,326.06854414,10.12980349,326.06854414,10.10768064,326.16434111,9.95736733,326.16434111,9.93521270,326.07060028,10.12702856
Quito,0.0,-78.5,2850.0,2026-03-20T12:00:00,2461120.000000000,star_uma_alkaid,STAR,209.800000,49.310000,1.85,358.034399236,358.034177256,358.035988325,358.035766045,321.02717601,13.25078150,321.02717601,13.31750421,321.02717601,13.30048686,321.10989934,13.11960659,321.10989934,13.10256567,321.02938797,13.31412389
Quito,0.0,-78.5,2850.0,2026-03-20T12:00:00,2461120.000000000,star_cas_schedar,STAR,9.880000,59.150000,2.24,358.034399236,358.034177256,358.035988325,358.035766045,30.70360978,-0.36256903,30.70360978,-0.17749496,30.70360978,-0.22430822,30.84954476,0.32568959,30.84954476,0.20198087,30.70318483,0.29276614
Quito,0.0,-78.5,2850.0,2026-03-20T12:00:00,2461120.000000000,star_cas_caph,STAR,1.150000,59.150000,2.28,358.034399236,358.034177256,358.035988325,358.035766045,30.45543958,4.10421106,30.45543958,4.27667404,30.45543958,4.23378435,30.57956362,4.46661983,30.57956362,4.42282357,30.45503559,4.29076903
Quito,0.0,-78.5,2850.0,2026-03-20T12:00:00,2461120.000000000,star_per_mirfak,STAR,51.080000,49.860000,1.79,358.034399236,358.034177256,358.035988325,358.035766045,31.98301759,-25.50531471,31.98301759,-25.35699781,31.98301759,-25.39421745,32.25773879,-25.31126446,32.25773879,-25.31126446,31.98242268,-25.50915888
Quito,0.0,-78.5,2850.0,2026-03-20T12:00:00,2461120.000000000,star_per_algol,STAR,47.040000,40.960000,2.12,358.034399236,358.034177256,358.035988325,358.035766045,42.15743855,-27.61114158,42.15743855,-27.46895215,42.15743855,-27.50457693,42.42371074,-27.37169047,42.42371074,-27.37169047,42.15638039,-27.61489853
Quito,0.0,-78.5,2850.0,2026-03-20T12:00:00,2461120.000000000,star_boo_arcturus,STAR,213.915000,19.182000,-0.05,358.034399236,358.034177256,358.035988325,358.035766045,290.81610272,23.25775220,290.81610272,23.29495732,290.81610272,23.28543677,290.90390876,22.98448888,290.90390876,22.97490923,290.81881834,23.29150100
Quito,0.0,-78.5,2850.0,2026-03-20T12:00:00,2461120.000000000,star_vir_spica,STAR,201.298000,-11.161000,0.98,358.034399236,358.034177256,358.035988325,358.035766045,258.44920652,11.87628668,258.44920652,11.95052638,258.44920652,11.93161364,258.60581298,11.61449498,258.60581298,11.59532927,258.45129668,11.94807344
Quito,0.0,-78.5,2850.0,2026-03-20T12:00:00,2461120.000000000,star_sco_antares,STAR,247.352000,-26.432000,0.96,358.034399236,358.034177256,358.035988325,358.035766045,226.57874884,49.53905938,226.57874884,49.55278739,226.57874884,49.54926996,226.97647266,49.29111787,226.97647266,49.28758786,226.58024755,49.55178744
Quito,0.0,-78.5,2850.0,2026-03-20T12:00:00,2461120.000000000,star_sco_shaula,STAR,262.690000,-37.030000,1.62,358.034399236,358.034177256,358.035988325,358.035766045,200.50422289,49.96496156,200.50422289,49.97848460,200.50422289,49.97501967,201.01448491,49.83776344,201.01448491,49.83430087,200.50394230,49.97763788
Quito,0.0,-78.5,2850.0,2026-03-20T12:00:00,2461120.000000000,star_leo_regulus,STAR,152.093000,11.967000,1.36,358.034399236,358.034177256,358.035988325,358.035766045,284.72008824,-36.17044264,284.72008824,-36.05720405,284.72008824,-36.08534836,284.94702703,-36.49522272,284.94702703,-36.49522272,284.72294506,-36.17456450
Quito,0.0,-78.5,2850.0,2026-03-20T12:00:00,2461120.000000000,star_gem_pollux,STAR,116.329000,28.026000,1.14,358.034399236,358.034177256,358.035988325,358.035766045,330.87684348,-57.53651461,330.87684348,-57.50180620,330.87684348,-57.51021017,331.50765204,-57.68147654,331.50765204,-57.68147654,330.87990310,-57.53795046
Quito,0.0,-78.5,2850.0,2026-03-20T12:00:00,2461120.000000000,star_gem_castor,STAR,113.650000,31.888000,1.58,358.034399236,358.034177256,358.035988325,358.035766045,337.98369811,-55.32556338,337.98369811,-55.28385792,337.98369811,-55.29398393,338.59710900,-55.43163730,338.59710900,-55.43163730,337.98622927,-55.32705000
Quito,0.0,-78.5,2850.0,2026-03-20T12:00:00,2461120.000000000,star_psa_fomalhaut,STAR,344.413000,-29.622000,1.17,358.034399236,358.034177256,358.035988325,358.035766045,121.90843382,21.38854623,121.90843382,21.42931036,121.90843382,21.41888221,122.12862815,21.69975725,122.12862815,21.68956178,121.90575046,21.42571966
Quito,0.0,-78.5,2850.0,2026-03-20T12:00:00,2461120.000000000,star_eri_achernar,STAR,24.429000,-57.237000,0.45,358.034399236,358.034177256,358.035988325,358.035766045,148.02073820,-8.14982482,148.02073820,-7.96912311,148.02073820,-8.01480860,148.12154656,-7.99516775,148.12154656,-7.99516775,148.01878388,-8.15516554
Quito,0.0,-78.5,2850.0,2026-03-20T12:00:00,2461120.000000000,dso_m31_andromeda,GALAXY,10.684000,41.269000,3.44,358.034399236,358.034177256,358.035988325,358.035766045,48.57780830,-1.12539222,48.57780830,-0.94048760,48.57780830,-0.98725887,48.72529548,-0.24852806,48.72529548,-0.39989321,48.57666524,-1.13075757
Quito,0.0,-78.5,2850.0,2026-03-20T12:00:00,2461120.000000000,dso_lmc,GALAXY,80.894000,-69.756000,0.9,358.034399236,358.034177256,358.035988325,358.035766045,173.24996510,-19.15171177,173.24996510,-18.98774436,173.24996510,-19.02905183,173.27659676,-19.13925030,173.27659676,-19.13925030,173.24882358,-19.15720455
Quito,0.0,-78.5,2850.0,2026-03-20T12:00:00,2461120.000000000,dso_smc,GALAXY,14.766000,-72.801000,2.7,358.034399236,358.034177256,358.035988325,358.035766045,162.73399645,-1.61838554,162.73399645,-1.43362001,162.73399645,-1.48035631,162.86840884,-1.54457519,162.86840884,-1.54457519,162.73246737,-1.62355555
Quito,0.0,-78.5,2850.0,2026-03-20T12:00:00,2461120.000000000,dso_m33_triangulum,GALAXY,23.462000,30.660000,5.72,358.034399236,358.034177256,358.035988325,358.035766045,58.40754350,-12.24251082,58.40754350,-12.06653074,58.40754350,-12.11098291,58.58486332,-11.94827185,58.58486332,-11.94827185,58.40600879,-12.24739860
Quito,0.0,-78.5,2850.0,2026-03-20T12:00:00,2461120.000000000,dso_m45_pleiades,STAR_CLUSTER,56.871000,24.105000,1.6,358.034399236,358.034177256,358.035988325,358.035766045,56.27052210,-42.45097610,56.27052210,-42.36168514,56.27052210,-42.38371901,56.56698442,-42.16048414,56.56698442,-42.16048414,56.26856701,-42.45369430
Quito,0.0,-78.5,2850.0,2026-03-20T12:00:00,2461120.000000000,dso_hyades,STAR_CLUSTER,66.750000,15.870000,0.5,358.034399236,358.034177256,358.035988325,358.035766045,61.96644435,-54.27173025,61.96644435,-54.22651745,61.96644435,-54.23750964,62.30016871,-53.96497331,62.30016871,-53.96497331,61.96367910,-54.27350563
Quito,0.0,-78.5,2850.0,2026-03-20T12:00:00,2461120.000000000,dso_m44_beehive,STAR_CLUSTER,130.100000,19.670000,3.7,358.034399236,358.034177256,358.035988325,358.035766045,304.66645166,-53.90873755,304.66645166,-53.86229299,304.66645166,-53.87358983,305.10592909,-54.17555139,305.10592909,-54.17555139,304.67014215,-53.91118283
Quito,0.0,-78.5,2850.0,2026-03-20T12:00:00,2461120.000000000,dso_double_cluster,STAR_CLUSTER,34.740000,57.130000,3.7,358.034399236,358.034177256,358.035988325,358.035766045,30.10164682,-13.54707334,30.10164682,-13.37296602,30.10164682,-13.41692813,30.31340530,-13.36310851,30.31340530,-13.36310851,30.10120119,-13.55173884
Quito,0.0,-78.5,2850.0,2026-03-20T12:00:00,2461120.000000000,dso_coma_cluster,STAR_CLUSTER,185.600000,26.100000,1.8,358.034399236,358.034177256,358.035988325,358.035766045,295.99611149,-3.23535888,295.99611149,-3.05121304,295.99611149,-3.09779141,296.15348649,-3.53388766,296.15348649,-3.53388766,295.99851299,-3.24033108
Quito,0.0,-78.5,2850.0,2026-03-20T12:00:00,2461120.000000000,dso_omega_centauri,GLOBULAR_CLUSTER,201.700000,-47.470000,3.9,358.034399236,358.034177256,358.035988325,358.035766045,221.70206636,8.43463233,221.70206636,8.53665353,221.70206636,8.51080188,221.88256086,8.29520009,221.88256086,8.26902779,221.70289679,8.53534066
Quito,0.0,-78.5,2850.0,2026-03-20T12:00:00,2461120.000000000,dso_47_tucanae,GLOBULAR_CLUSTER,6.020000,-72.080000,4.1,358.034399236,358.034177256,358.035988325,358.035766045,161.96215920,1.00287486,161.96215920,1.18811356,161.96215920,1.14126184,162.11157497,1.43070541,162.11157497,1.34459908,161.96059291,1.40355862
Quito,0.0,-78.5,2850.0,2026-03-20T12:00:00,2461120.000000000,dso_m13_hercules,GLOBULAR_CLUSTER,250.420000,36.460000,5.8,358.034399236,358.034177256,358.035988325,358.035766045,326.77703891,44.81108887,326.77703891,44.82728452,326.77703891,44.82313516,326.63387924,44.65627259,326.63387924,44.65212223,326.78007156,44.82315779
Quito,0.0,-78.5,2850.0,2026-03-20T12:00:00,2461120.000000000,dso_m42_orion_nebula,NEBULA,83.822000,-5.391000,4.0,358.034399236,358.034177256,358.035988325,358.035766045,109.52256706,-73.71887469,109.52256706,-73.71644970,109.52256706,-73.71702706,109.21051999,-73.40926322,109.21051999,-73.40926322,109.51449063,-73.72043961
Quito,0.0,-78.5,2850.0,2026-03-20T12:00:00,2461120.000000000,dso_m8_lagoon,NEBULA,270.920000,-24.380000,6.0,358.034399236,358.034177256,358.035988325,358.035766045,197.49411323,64.35464536,197.49411323,64.36237815,197.49411323,64.36039656,198.29157537,64.23840056,198.29157537,64.23642080,197.49333232,64.36275100
Quito,0.0,-78.5,2850.0,2026-03-20T12:00:00,2461120.000000000,dso_eta_carinae_nebula,NEBULA,161.260000,-59.870000,1.0,358.034399236,358.034177256,358.035988325,358.035766045,206.99820959,-13.57784527,206.99820959,-13.40378431,206.99820959,-13.44773429,207.07281664,-13.75602868,207.07281664,-13.75602868,206.99848407,-13.58321752
Sydney,-33.87,151.21,40.0,2026-03-20T12:00:00,2461120.000000000,star_cma_sirius,STAR,101.287000,-16.716000,-1.46,358.034399236,358.034177256,358.035988325,358.035766045,279.63613501,44.11165215,279.63613501,44.12824699,279.63613501,44.12796246,279.46819957,43.87166612,279.46819957,43.87159973,279.63965882,44.12607451
Sydney,-33.87,151.21,40.0,2026-03-20T12:00:00,2461120.000000000,star_cma_adhara,STAR,104.656000,-28.972000,1.5,358.034399236,358.034177256,358.035988325,358.035766045,264.94610057,52.15768040,264.94610057,52.17018668,264.94610057,52.16997236,264.88613287,51.94285061,264.88613287,51.94280060,264.95211033,52.16793077
Sydney,-33.87,151.21,40.0,2026-03-20T12:00:00,2461120.000000000,star_cma_wezen,STAR,107.098000,-26.393000,1.83,358.034399236,358.034177256,358.035988325,358.035766045,270.17986790,53.29173802,270.17986790,53.30374183,270.17986790,53.30353613,270.09896640,53.06378982,270.09896640,53.06374179,270.18537520,53.30115538
Sydney,-33.87,151.21,40.0,2026-03-20T12:00:00,2461120.000000000,star_cma_mirzam,STAR,95.675000,-17.956000,1.98,358.034399236,358.034177256,358.035988325,358.035766045,274.55672988,40.10407186,274.55672988,40.12316505,274.55672988,40.12283756,274.39717218,39.87553687,274.39717218,39.87546051,274.56060719,40.12152591
Sydney,-33.87,151.21,40.0,2026-03-20T12:00:00,2461120.000000000,star_cmi_procyon,STAR,114.825000,5.225000,0.34,358.034399236,358.034177256,358.035988325,358.035766045,313.77254139,39.40849372,313.77254139,39.42806230,313.77254139,39.42772663,313.45953084,39.16847119,313.45953084,39.16839291,313.77166412,39.42599100
Sydney,-33.87,151.21,40.0,2026-03-20T12:00:00,2461120.000000000,star_car_canopus,STAR,95.987000,-52.695000,-0.74,358.034399236,358.034177256,358.035988325,358.035766045,226.61554804,48.18755578,226.61554804,48.20195177,226.61554804,48.20170502,226.65463157,48.11556033,226.65463157,48.11550307,226.62377268,48.20229261
Sydney,-33.87,151.21,40.0,2026-03-20T12:00:00,2461120.000000000,star_car_miaplacidus,STAR,138.300000,-69.720000,1.67,358.034399236,358.034177256,358.035988325,358.035766045,186.27948096,53.54038989,186.27948096,53.55228551,186.27948096,53.55208167,186.37376247,53.65317509,186.37376247,53.65312809,186.28758248,53.55536985
Sydney,-33.87,151.21,40.0,2026-03-20T12:00:00,2461120.000000000,star_cen_rigil_kent,STAR,219.900000,-60.833000,-0.01,358.034399236,358.034177256,358.035988325,358.035766045,144.24753003,38.12304482,144.24753003,38.14352965,144.24753003,38.14317821,144.09168494,38.38783884,144.09168494,38.38775835,144.24979323,38.14797824
Sydney,-33.87,151.21,40.0,2026-03-20T12:00:00,2461120.000000000,star_cen_hadar,STAR,210.956000,-60.373000,0.61,358.034399236,358.034177256,358.035988325,358.035766045,143.77619453,42.51890882,143.77619453,42.53645115,143.77619453,42.53615034,143.63446576,42.78193725,143.63446576,42.78186829,143.77853517,42.54109388
Sydney,-33.87,151.21,40.0,2026-03-20T12:00:00,2461120.000000000,star_lyr_vega,STAR,279.234000,38.783000,0.03,358.034399236,358.034177256,358.035988325,358.035766045,68.04995012,-50.08027452,68.04995012,-50.02020330,68.04995012,-50.02139445,68.03367728,-49.90888038,68.03367728,-49.90888038,68.04229741,-50.08223285
Sydney,-33.87,151.21,40.0,2026-03-20T12:00:00,2461120.000000000,star_cyg_deneb,STAR,310.358000,45.280000,1.25,358.034399236,358.034177256,358.035988325,358.035766045,45.63715683,-71.66492278,45.63715683,-71.66037411,45.63715683,-71.66044835,46.13316312,-71.58223548,46.13316312,-71.58223548,45.61865549,-71.66568296
Sydney,-33.87,151.21,40.0,2026-03-20T12:00:00,2461120.000000000,star_cyg_sadr,STAR,305.557000,40.260000,2.23,358.034399236,358.034177256,358.035988325,358.035766045,64.03335716,-70.27554976,64.03335716,-70.26924657,64.03335716,-70.26935035,64.36453266,-70.11872048,64.36453266,-70.11872048,64.01801897,-70.27797263
Sydney,-33.87,151.21,40.0,2026-03-20T12:00:00,2461120.000000000,star_cyg_albireo,STAR,292.680000,27.960000,3.05,358.034399236,358.034177256,358.035988325,358.035766045,90.72229129,-58.48304562,90.72229129,-58.45117007,90.72229129,-58.45174806,90.66162610,-58.24811449,90.66162610,-58.24811449,90.71595555,-58.48680704
Sydney,-33.87,151.21,40.0,2026-03-20T12:00:00,2461120.000000000,star_aql_altair,STAR,297.696000,8.868000,0.76,358.034399236,358.034177256,358.035988325,358.035766045,123.71546861,-51.98582558,123.71546861,-51.93267121,123.71546861,-51.93370279,123.42842196,-51.72341263,123.42842196,-51.72341263,123.71528785,-51.99002218
Sydney,-33.87,151.21,40.0,2026-03-20T12:00:00,2461120.000000000,star_ori_betelgeuse,STAR,88.793000,7.407000,0.5,358.034399236,358.034177256,358.035988325,358.035766045,293.99365134,19.79170067,293.99365134,19.83599338,293.99365134,19.83522847,293.74925481,19.56969742,293.74925481,19.56952030,293.99496386,19.83645817
Sydney,-33.87,151.21,40.0,2026-03-20T12:00:00,2461120.000000000,star_ori_rigel,STAR,78.634000,-8.202000,0.13,358.034399236,358.034177256,358.035988325,358.035766045,274.17002987,20.87554910,274.17002987,20.91739241,274.17002987,20.91667046,273.96187829,20.67302082,273.96187829,20.67285367,274.17327275,20.91793851
Sydney,-33.87,151.21,40.0,2026-03-20T12:00:00,2461120.000000000,star_ori_bellatrix,STAR,81.283000,6.350000,1.64,358.034399236,358.034177256,358.035988325,358.035766045,288.25703401,14.62292735,288.25703401,14.68342845,288.25703401,14.68237564,288.01826382,14.42145573,288.01826382,14.42121401,288.25887545,14.68483636
Sydney,-33.87,151.21,40.0,2026-03-20T12:00:00,2461120.000000000,star_ori_saiph,STAR,86.939000,-9.670000,2.07,358.034399236,358.034177256,358.035988325,358.035766045,277.75986456,28.54762669,277.75986456,28.57710299,277.75986456,28.57659634,277.56057325,28.32525898,277.56057325,28.32514113,277.76295469,28.57660198
Sydney,-33.87,151.21,40.0,2026-03-20T12:00:00,2461120.000000000,star_ori_alnitak,STAR,85.190000,-1.940000,1.77,358.034399236,358.034177256,358.035988325,358.035766045,283.71130317,22.71310403,283.71130317,22.75129044,283.71130317,22.75063242,283.48874187,22.49206209,283.48874187,22.49190941,283.71368341,22.75143116
Sydney,-33.87,151.21,40.0,2026-03-20T12:00:00,2461120.000000000,star_ori_alnilam,STAR,84.530000,-1.200000,1.69,358.034399236,358.034177256,358.035988325,358.035766045,283.93743455,21.74396476,283.93743455,21.78400882,283.93743455,21.78331836,283.71314131,21.52468739,283.71314131,21.52452730,283.93977728,21.78428286
Sydney,-33.87,151.21,40.0,2026-03-20T12:00:00,2461120.000000000,star_ori_mintaka,STAR,84.050000,-0.300000,2.23,358.034399236,358.034177256,358.035988325,358.035766045,284.41210120,20.82476233,284.41210120,20.86671514,284.41210120,20.86599127,284.18574645,20.60702756,284.18574645,20.60685984,284.41438398,20.86711621
Sydney,-33.87,151.21,40.0,2026-03-20T12:00:00,2461120.000000000,star_tau_aldebaran,STAR,68.980000,16.509000,0.85,358.034399236,358.034177256,358.035988325,358.035766045,289.30058475,-1.09825973,289.30058475,-0.91334813,289.30058475,-0.91915682,289.04925855,-0.66943606,289.04925855,-0.67209179,289.30227203,-1.09701355
Sydney,-33.87,151.21,40.0,2026-03-20T12:00:00,2461120.000000000,star_tau_elnath,STAR,81.573000,28.608000,1.65,358.034399236,358.034177256,358.035988325,358.035766045,305.94709652,0.84138199,305.94709652,1.02661049,305.94709652,1.02079163,305.69452411,0.97892377,305.69452411,0.97738297,305.94714860,1.26912723
Sydney,-33.87,151.21,40.0,2026-03-20T12:00:00,2461120.000000000,star_aur_capella,STAR,79.172000,45.998000,0.08,358.034399236,358.034177256,358.035988325,358.035766045,318.38523980,-11.53995358,318.38523980,-11.36303952,318.38523980,-11.36839959,318.15125808,-11.78871824,318.15125808,-11.78871824,318.38401178,-11.53774518
Sydney,-33.87,151.21,40.0,2026-03-20T12:00:00,2461120.000000000,star_umi_polaris,STAR,37.954000,89.264000,1.98,358.034399236,358.034177256,358.035988325,358.035766045,359.27002420,-34.00926422,359.27002420,-33.88819254,359.27002420,-33.89111493,359.17150012,-34.13448478,359.17150012,-34.13448478,359.26439824,-34.00653858
Sydney,-33.87,151.21,40.0,2026-03-20T12:00:00,2461120.000000000,star_uma_dubhe,STAR,165.932000,61.751000,1.79,358.034399236,358.034177256,358.035988325,358.035766045,8.09103502,-6.48517032,8.09103502,-6.30303549,8.09103502,-6.30869270,7.86269915,-6.57454059,7.86269915,-6.57454059,8.08598950,-6.48393465
Sydney,-33.87,151.21,40.0,2026-03-20T12:00:00,2461120.000000000,star_uma_merak,STAR,165.460000,56.380000,2.37,358.034399236,358.034177256,358.035988325,358.035766045,9.14779714,-1.21281320,9.14779714,-1.02793155,9.14779714,-1.03373890,8.89616049,-0.61406481,8.89616049,-0.61668662,9.14275803,-1.21182178
Sydney,-33.87,151.21,40.0,2026-03-20T12:00:00,2461120.000000000,star_uma_alioth,STAR,193.507000,55.960000,1.77,358.034399236,358.034177256,358.035988325,358.035766045,23.42487575,-7.38949891,23.42487575,-7.20810829,23.42487575,-7.21372287,23.20183097,-7.40914711,23.20183097,-7.40914711,23.41929068,-7.38847515
Sydney,-33.87,151.21,40.0,2026-03-20T12:00:00,2461120.000000000,star_uma_mizar,STAR,206.884000,54.920000,2.23,358.034399236,358.034177256,358.035988325,358.035766045,29.90809765,-11.58569854,29.90809765,-11.40884371,29.90809765,-11.41420046,29.70504204,-11.57507732,29.70504204,-11.57507732,29.90232076,-11.58475414
Sydney,-33.87,151.21,40.0,2026-03-20T12:00:00,2461120.000000000,star_uma_alkaid,STAR,209.800000,49.310000,1.85,358.034399236,358.034177256,358.035988325,358.035766045,35.30314530,-9.03719964,35.30314530,-8.85737564,35.30314530,-8.86290046,35.08741837,-9.00159512,35.08741837,-9.00159512,35.29739765,-9.03638126
Sydney,-33.87,151.21,40.0,2026-03-20T12:00:00,2461120.000000000,star_cas_schedar,STAR,9.880000,59.150000,2.24,358.034399236,358.034177256,358.035988325,358.035766045,326.13160873,-53.04946755,326.13160873,-53.00006167,326.13160873,-53.00100933,326.04591181,-53.28030271,326.04591181,-53.28030271,326.12817369,-53.04445187
Sydney,-33.87,151.21,40.0,2026-03-20T12:00:00,2461120.000000000,star_cas_caph,STAR,1.150000,59.150000,2.28,358.034399236,358.034177256,358.035988325,358.035766045,330.07857247,-56.90930913,330.07857247,-56.87266831,330.07857247,-56.87334316,330.04274026,-57.13074167,330.04274026,-57.13074167,330.07408552,-56.90427158
Sydney,-33.87,151.21,40.0,2026-03-20T12:00:00,2461120.000000000,star_per_mirfak,STAR,51.080000,49.860000,1.79,358.034399236,358.034177256,358.035988325,358.035766045,312.66365782,-29.88213752,312.66365782,-29.74703964,312.66365782,-29.75046952,312.45031821,-30.13739121,312.45031821,-30.13739121,312.66288020,-29.87830973
Sydney,-33.87,151.21,40.0,2026-03-20T12:00:00,2461120.000000000,star_per_algol,STAR,47.040000,40.960000,2.12,358.034399236,358.034177256,358.035988325,358.035766045,301.91011275,-29.59773914,301.91011275,-29.46172701,301.91011275,-29.46519189,301.66925908,-29.86123390,301.66925908,-29.86123390,301.91059346,-29.59390572
Sydney,-33.87,151.21,40.0,2026-03-20T12:00:00,2461120.000000000,star_boo_arcturus,STAR,213.915000,19.182000,-0.05,358.034399236,358.034177256,358.035988325,358.035766045,60.03349916,8.62244332,60.03349916,8.72248220,60.03349916,8.72068411,59.74148008,8.86618167,59.74148008,8.86579800,60.02833757,8.72658713
Sydney,-33.87,151.21,40.0,2026-03-20T12:00:00,2461120.000000000,star_vir_spica,STAR,201.298000,-11.161000,0.98,358.034399236,358.034177256,358.035988325,358.035766045,77.60805926,37.29635499,77.60805926,37.31745690,77.60805926,37.31709484,77.21813420,37.52512602,77.21813420,37.52504301,77.60289126,37.32089601
Sydney,-33.87,151.21,40.0,2026-03-20T12:00:00,2461120.000000000,star_sco_antares,STAR,247.352000,-26.432000,0.96,358.034399236,358.034177256,358.035988325,358.035766045,116.64852046,7.96588117,116.64852046,8.07316567,116.64852046,8.07122038,116.39471150,8.34095415,116.39471150,8.34054875,116.64767669,8.07803580
Sydney,-33.87,151.21,40.0,2026-03-20T12:00:00,2461120.000000000,star_sco_shaula,STAR,262.690000,-37.030000,1.62,358.034399236,358.034177256,358.035988325,358.035766045,132.99683559,3.86409902,132.99683559,4.04124528,132.99683559,4.03722798,132.75035299,4.30658794,132.75035299,4.30588716,132.99762279,4.06572635
Sydney,-33.87,151.21,40.0,2026-03-20T12:00:00,2461120.000000000,star_leo_regulus,STAR,152.093000,11.967000,1.36,358.034399236,358.034177256,358.035988325,358.035766045,4.37581266,44.19166983,4.37581266,44.20821849,4.37581266,44.20793476,3.87889274,44.10014530,3.87889274,44.10007943,4.36932472,44.20735989
Sydney,-33.87,151.21,40.0,2026-03-20T12:00:00,2461120.000000000,star_gem_pollux,STAR,116.329000,28.026000,1.14,358.034399236,358.034177256,358.035988325,358.035766045,329.45821311,20.92509825,329.45821311,20.96683519,329.45821311,20.96611511,329.15040623,20.73936208,329.15040623,20.73919550,329.45588826,20.96719901
Sydney,-33.87,151.21,40.0,2026-03-20T12:00:00,2461120.000000000,star_gem_castor,STAR,113.650000,31.888000,1.58,358.034399236,358.034177256,358.035988325,358.035766045,329.32233788,16.42117533,329.32233788,16.47497304,329.32233788,16.47404013,329.02702528,16.24803654,329.02702528,16.24782201,329.32007621,16.47604672
Sydney,-33.87,151.21,40.0,2026-03-20T12:00:00,2461120.000000000,star_psa_fomalhaut,STAR,344.413000,-29.622000,1.17,358.034399236,358.034177256,358.035988325,358.035766045,194.89058266,-24.96943999,194.89058266,-24.81963606,194.89058266,-24.82366209,194.52308292,-24.90912149,194.52308292,-24.90912149,194.89665922,-24.96952023
Sydney,-33.87,151.21,40.0,2026-03-20T12:00:00,2461120.000000000,star_eri_achernar,STAR,24.429000,-57.237000,0.45,358.034399236,358.034177256,358.035988325,358.035766045,207.22941362,12.24179788,207.22941362,12.31389176,207.22941362,12.31262810,207.04120724,12.31919365,207.04120724,12.31891169,207.23520748,12.31693710
Sydney,-33.87,151.21,40.0,2026-03-20T12:00:00,2461120.000000000,dso_m31_andromeda,GALAXY,10.684000,41.269000,3.44,358.034399236,358.034177256,358.035988325,358.035766045,295.42645512,-56.40025186,295.42645512,-56.36201142,295.42645512,-56.36271938,295.15891689,-56.66258617,295.15891689,-56.66258617,295.42833678,-56.39483005
Sydney,-33.87,151.21,40.0,2026-03-20T12:00:00,2461120.000000000,dso_lmc,GALAXY,80.894000,-69.756000,0.9,358.034399236,358.034177256,358.035988325,358.035766045,204.46275198,38.95014787,204.46275198,38.97003737,204.46275198,38.96969619,204.43401029,38.98745090,204.43401029,38.98737211,204.46981683,38.97205114
Sydney,-33.87,151.21,40.0,2026-03-20T12:00:00,2461120.000000000,dso_smc,GALAXY,14.766000,-72.801000,2.7,358.034399236,358.034177256,358.035988325,358.035766045,193.21829498,21.05374978,193.21829498,21.09521271,193.21829498,21.09449742,193.07178481,21.16533578,193.07178481,21.16517277,193.22391973,21.09798534
Sydney,-33.87,151.21,40.0,2026-03-20T12:00:00,2461120.000000000,dso_m33_triangulum,GALAXY,23.462000,30.660000,5.72,358.034399236,358.034177256,358.035988325,358.035766045,281.90890721,-44.32084325,281.90890721,-44.23882282,281.90890721,-44.24056413,281.58769364,-44.57394700,281.58769364,-44.57394700,281.91223620,-44.31630947
Sydney,-33.87,151.21,40.0,2026-03-20T12:00:00,2461120.000000000,dso_m45_pleiades,STAR_CLUSTER,56.871000,24.105000,1.6,358.034399236,358.034177256,358.035988325,358.035766045,289.48482775,-14.74901003,289.48482775,-14.57678920,289.48482775,-14.58189208,289.22401866,-15.01164148,289.22401866,-15.01164148,289.48655224,-14.74650298
Sydney,-33.87,151.21,40.0,2026-03-20T12:00:00,2461120.000000000,dso_hyades,STAR_CLUSTER,66.750000,15.870000,0.5,358.034399236,358.034177256,358.035988325,358.035766045,287.55435357,-2.49443403,287.55435357,-2.30997308,287.55435357,-2.31575976,287.30185327,-2.75673374,287.30185327,-2.75673374,287.55620872,-2.49305778
Sydney,-33.87,151.21,40.0,2026-03-20T12:00:00,2461120.000000000,dso_m44_beehive,STAR_CLUSTER,130.100000,19.670000,3.7,358.034399236,358.034177256,358.035988325,358.035766045,338.65072048,33.64151079,338.65072048,33.66564689,338.65072048,33.66523253,338.27912828,33.46179736,338.27912828,33.46170102,338.64719360,33.66463073
Sydney,-33.87,151.21,40.0,2026-03-20T12:00:00,2461120.000000000,dso_double_cluster,STAR_CLUSTER,34.740000,57.130000,3.7,358.034399236,358.034177256,358.035988325,358.035766045,319.35866364,-40.67517117,319.35866364,-40.57899612,319.35866364,-40.58113196,319.18961432,-40.91994468,319.18961432,-40.91994468,319.35685691,-40.67065993
Sydney,-33.87,151.21,40.0,2026-03-20T12:00:00,2461120.000000000,dso_coma_cluster,STAR_CLUSTER,185.600000,26.100000,1.8,358.034399236,358.034177256,358.035988325,358.035766045,35.07398751,20.77944090,35.07398751,20.82149185,35.07398751,20.82076627,34.71489606,20.85675502,34.71489606,20.85658944,35.06804729,20.82344173
Sydney,-33.87,151.21,40.0,2026-03-20T12:00:00,2461120.000000000,dso_omega_centauri,GLOBULAR_CLUSTER,201.700000,-47.470000,3.9,358.034399236,358.034177256,358.035988325,358.035766045,125.71028198,48.55712145,125.71028198,48.57133205,125.71028198,48.57108847,125.49988023,48.84177617,125.49988023,48.84172034,125.71027206,48.57638482
Sydney,-33.87,151.21,40.0,2026-03-20T12:00:00,2461120.000000000,dso_47_tucanae,GLOBULAR_CLUSTER,6.020000,-72.080000,4.1,358.034399236,358.034177256,358.035988325,358.035766045,191.39258169,18.92690867,191.39258169,18.97334105,191.39258169,18.97253851,191.23425578,19.05172652,191.23425578,19.05154436,191.39806520,18.97621892
Sydney,-33.87,151.21,40.0,2026-03-20T12:00:00,2461120.000000000,dso_m13_hercules,GLOBULAR_CLUSTER,250.420000,36.460000,5.8,358.034399236,358.034177256,358.035988325,358.035766045,62.88342221,-27.57932955,62.88342221,-27.43704427,62.88342221,-27.44075638,62.73969851,-27.42591729,62.73969851,-27.42591729,62.87766417,-27.57992001
Sydney,-33.87,151.21,40.0,2026-03-20T12:00:00,2461120.000000000,dso_m42_orion_nebula,NEBULA,83.822000,-5.391000,4.0,358.034399236,358.034177256,358.035988325,358.035766045,279.78988429,23.59410631,279.78988429,23.63072625,279.78988429,23.63009555,279.57655060,23.37648166,279.57655060,23.37633527,279.79266117,23.63080686
Sydney,-33.87,151.21,40.0,2026-03-20T12:00:00,2461120.000000000,dso_m8_lagoon,NEBULA,270.920000,-24.380000,6.0,358.034399236,358.034177256,358.035988325,358.035766045,128.42790700,-9.87978875,128.42790700,-9.70087232,128.42790700,-9.70634540,128.16766520,-9.61667778,128.16766520,-9.61667778,128.42826356,-9.88013505
Sydney,-33.87,151.21,40.0,2026-03-20T12:00:00,2461120.000000000,dso_eta_carinae_nebula,NEBULA,161.260000,-59.870000,1.0,358.034399236,358.034177256,358.035988325,358.035766045,166.62387668,62.65111760,166.62387668,62.65944794,166.62387668,62.65930523,166.77192245,62.83970235,166.77192245,62.83966958,166.63167235,62.66379595
Tehran,35.69,51.39,1200.0,2026-03-20T12:00:00,2461120.000000000,star_cma_sirius,STAR,101.287000,-16.716000,-1.46,358.034399236,358.034177256,358.035988325,358.035766045,127.33299823,18.00230655,127.33299823,18.05123602,127.33299823,18.04527590,127.53150788,18.26454832,127.53150788,18.25907702,127.33125659,18.05586479
Tehran,35.69,51.39,1200.0,2026-03-20T12:00:00,2461120.000000000,star_cma_adhara,STAR,104.656000,-28.972000,1.5,358.034399236,358.034177256,358.035988325,358.035766045,133.46184600,6.86129488,133.46184600,6.98303160,133.46184600,6.96832923,133.60466810,7.16435436,133.60466810,7.15102605,133.45988918,6.99168380
Tehran,35.69,51.39,1200.0,2026-03-20T12:00:00,2461120.000000000,star_cma_wezen,STAR,107.098000,-26.393000,1.83,358.034399236,358.034177256,358.035988325,358.035766045,130.09366443,7.25369140,130.09366443,7.36993450,130.09366443,7.35588542,130.23738970,7.56856536,130.23738970,7.55586087,130.09187128,7.37802944
Tehran,35.69,51.39,1200.0,2026-03-20T12:00:00,2461120.000000000,star_cma_mirzam,STAR,95.675000,-17.956000,1.98,358.034399236,358.034177256,358.035988325,358.035766045,132.48393652,20.57261028,132.48393652,20.61511417,132.48393652,20.60993433,132.70299295,20.80210558,132.70299295,20.79733231,132.48188372,20.61945763
Tehran,35.69,51.39,1200.0,2026-03-20T12:00:00,2461120.000000000,star_cmi_procyon,STAR,114.825000,5.225000,0.34,358.034399236,358.034177256,358.035988325,358.035766045,100.33118332,22.62627937,100.33118332,22.66462621,100.33118332,22.65995172,100.50470158,22.98285346,100.50470158,22.97856635,100.33104609,22.66846814
Tehran,35.69,51.39,1200.0,2026-03-20T12:00:00,2461120.000000000,star_car_canopus,STAR,95.987000,-52.695000,-0.74,358.034399236,358.034177256,358.035988325,358.035766045,153.60665894,-7.28303231,153.60665894,-7.10154984,153.60665894,-7.12488244,153.66766075,-7.21541096,153.66766075,-7.21541096,153.60391190,-7.27837438
Tehran,35.69,51.39,1200.0,2026-03-20T12:00:00,2461120.000000000,star_car_miaplacidus,STAR,138.300000,-69.720000,1.67,358.034399236,358.034177256,358.035988325,358.035766045,155.77257816,-32.85478204,155.77257816,-32.72965291,155.77257816,-32.74504373,155.65250650,-32.79969095,155.65250650,-32.79969095,155.76936382,-32.85007849
Tehran,35.69,51.39,1200.0,2026-03-20T12:00:00,2461120.000000000,star_cen_rigil_kent,STAR,219.900000,-60.833000,-0.01,358.034399236,358.034177256,358.035988325,358.035766045,169.96802409,-64.09865448,169.96802409,-64.08131039,169.96802409,-64.08328886,169.34764659,-64.13077659,169.34764659,-64.13077659,169.96130726,-64.09577030
Tehran,35.69,51.39,1200.0,2026-03-20T12:00:00,2461120.000000000,star_cen_hadar,STAR,210.956000,-60.373000,0.61,358.034399236,358.034177256,358.035988325,358.035766045,160.66863287,-62.64215328,160.66863287,-62.62143502,160.66863287,-62.62380515,160.09216705,-62.61688649,160.09216705,-62.61688649,160.66266974,-62.63877794
Tehran,35.69,51.39,1200.0,2026-03-20T12:00:00,2461120.000000000,star_lyr_vega,STAR,279.234000,38.783000,0.03,358.034399236,358.034177256,358.035988325,358.035766045,323.29039403,-2.35438750,323.29039403,-2.16987292,323.29039403,-2.19364822,323.41427726,-2.47341789,323.41427726,-2.47341789,323.29263886,-2.34967586
Tehran,35.69,51.39,1200.0,2026-03-20T12:00:00,2461120.000000000,star_cyg_deneb,STAR,310.358000,45.280000,1.25,358.034399236,358.034177256,358.035988325,358.035766045,312.72120001,19.11027393,312.72120001,19.15623768,312.72120001,19.15063756,312.72714538,18.98108321,312.72714538,18.97582631,312.72312802,19.16301649
Tehran,35.69,51.39,1200.0,2026-03-20T12:00:00,2461120.000000000,star_cyg_sadr,STAR,305.557000,40.260000,2.23,358.034399236,358.034177256,358.035988325,358.035766045,310.40751176,13.39544766,310.40751176,13.46146008,310.40751176,13.45343142,310.44765670,13.27493239,310.44765670,13.26739384,310.40925250,13.46861623
Tehran,35.69,51.39,1200.0,2026-03-20T12:00:00,2461120.000000000,star_cyg_albireo,STAR,292.680000,27.960000,3.05,358.034399236,358.034177256,358.035988325,358.035766045,307.71631241,-2.62382097,307.71631241,-2.43941124,307.71631241,-2.46317168,307.83911584,-2.82674022,307.83911584,-2.82674022,307.71783924,-2.61910776
Tehran,35.69,51.39,1200.0,2026-03-20T12:00:00,2461120.000000000,star_aql_altair,STAR,297.696000,8.868000,0.76,358.034399236,358.034177256,358.035988325,358.035766045,290.09856160,-11.67653810,290.09856160,-11.49980155,290.09856160,-11.52243270,290.25041196,-11.95623031,290.25041196,-11.95623031,290.09914719,-11.67241673
Tehran,35.69,51.39,1200.0,2026-03-20T12:00:00,2461120.000000000,star_ori_betelgeuse,STAR,88.793000,7.407000,0.5,358.034399236,358.034177256,358.035988325,358.035766045,118.22789370,44.00415401,118.22789370,44.02081108,118.22789370,44.01877862,118.57307106,44.27327971,118.57307106,44.27139757,118.22625645,44.02222406
Tehran,35.69,51.39,1200.0,2026-03-20T12:00:00,2461120.000000000,star_ori_rigel,STAR,78.634000,-8.202000,0.13,358.034399236,358.034177256,358.035988325,358.035766045,141.71456494,38.06801345,141.71456494,38.08853865,141.71456494,38.08603450,142.07533226,38.22315910,142.07533226,38.22083171,141.71153395,38.09109833
Tehran,35.69,51.39,1200.0,2026-03-20T12:00:00,2461120.000000000,star_ori_bellatrix,STAR,81.283000,6.350000,1.64,358.034399236,358.034177256,358.035988325,358.035766045,127.08510177,48.39141927,127.08510177,48.40571274,127.08510177,48.40396857,127.50938588,48.61676303,127.50938588,48.61514549,127.08258210,48.40680039
Tehran,35.69,51.39,1200.0,2026-03-20T12:00:00,2461120.000000000,star_ori_saiph,STAR,86.939000,-9.670000,2.07,358.034399236,358.034177256,358.035988325,358.035766045,134.33125614,32.31022640,134.33125614,32.33561409,134.33125614,32.33251725,134.63101908,32.51157962,134.63101908,32.50870871,134.32885239,32.33861739
Tehran,35.69,51.39,1200.0,2026-03-20T12:00:00,2461120.000000000,star_ori_alnitak,STAR,85.190000,-1.940000,1.77,358.034399236,358.034177256,358.035988325,358.035766045,130.24971739,39.51423040,130.24971739,39.53372583,130.24971739,39.53134723,130.59787661,39.73008912,130.59787661,39.72788289,130.24733979,39.53585385
Tehran,35.69,51.39,1200.0,2026-03-20T12:00:00,2461120.000000000,star_ori_alnilam,STAR,84.530000,-1.200000,1.69,358.034399236,358.034177256,358.035988325,358.035766045,130.32361073,40.50409900,130.32361073,40.52292489,130.32361073,40.52062794,130.68061746,40.71878505,130.68061746,40.71665429,130.32119215,40.52494611
Tehran,35.69,51.39,1200.0,2026-03-20T12:00:00,2461120.000000000,star_ori_mintaka,STAR,84.050000,-0.300000,2.23,358.034399236,358.034177256,358.035988325,358.035766045,130.07913180,41.50734762,130.07913180,41.52552176,130.07913180,41.52330428,130.44445211,41.72249987,130.44445211,41.72044274,130.07669187,41.52742798
Tehran,35.69,51.39,1200.0,2026-03-20T12:00:00,2461120.000000000,star_tau_aldebaran,STAR,68.980000,16.509000,0.85,358.034399236,358.034177256,358.035988325,358.035766045,131.99865435,63.91847209,131.99865435,63.92635622,131.99865435,63.92539404,132.71678496,64.11017827,132.71678496,64.10928727,131.99424762,63.92590884
Tehran,35.69,51.39,1200.0,2026-03-20T12:00:00,2461120.000000000,star_tau_elnath,STAR,81.573000,28.608000,1.65,358.034399236,358.034177256,358.035988325,358.035766045,95.12613993,61.68595373,95.12613993,61.69463074,95.12613993,61.69357182,95.47382632,62.02151994,95.47382632,62.02054457,95.12661504,61.69392456
Tehran,35.69,51.39,1200.0,2026-03-20T12:00:00,2461120.000000000,star_aur_capella,STAR,79.172000,45.998000,0.08,358.034399236,358.034177256,358.035988325,358.035766045,56.13723782,65.10392294,56.13723782,65.11139830,56.13723782,65.11048601,56.01632972,65.44597833,56.01632972,65.44513974,56.14292007,65.11119051
Tehran,35.69,51.39,1200.0,2026-03-20T12:00:00,2461120.000000000,star_umi_polaris,STAR,37.954000,89.264000,1.98,358.034399236,358.034177256,358.035988325,358.035766045,359.95525745,36.31042446,359.95525745,36.33229323,359.95525745,36.32962528,359.81811684,36.43367750,359.81811684,36.43119547,359.95943324,36.33703699
Tehran,35.69,51.39,1200.0,2026-03-20T12:00:00,2461120.000000000,star_uma_dubhe,STAR,165.932000,61.751000,1.79,358.034399236,358.034177256,358.035988325,358.035766045,26.77692217,19.77724770,26.77692217,19.82157474,26.77692217,19.81617340,26.79467329,20.06542758,26.79467329,20.06046835,26.78029713,19.82677186
Tehran,35.69,51.39,1200.0,2026-03-20T12:00:00,2461120.000000000,star_uma_merak,STAR,165.460000,56.380000,2.37,358.034399236,358.034177256,358.035988325,358.035766045,31.26464941,16.50180946,31.26464941,16.55533814,31.26464941,16.54882021,31.30438471,16.81856583,31.30438471,16.81261118,31.26785235,16.56080782
Tehran,35.69,51.39,1200.0,2026-03-20T12:00:00,2461120.000000000,star_uma_alioth,STAR,193.507000,55.960000,1.77,358.034399236,358.034177256,358.035988325,358.035766045,19.22610585,6.40975762,19.22610585,6.53835968,19.22610585,6.52284139,19.30432674,6.74504232,19.30432674,6.73100295,19.22934829,6.54824488
Tehran,35.69,51.39,1200.0,2026-03-20T12:00:00,2461120.000000000,star_uma_mizar,STAR,206.884000,54.920000,2.23,358.034399236,358.034177256,358.035988325,358.035766045,12.64470764,2.48036774,12.64470764,2.66558394,12.64470764,2.64172466,12.74188495,2.89502645,12.74188495,2.86848095,12.64796102,2.75387125
Tehran,35.69,51.39,1200.0,2026-03-20T12:00:00,2461120.000000000,star_uma_alkaid,STAR,209.800000,49.310000,1.85,358.034399236,358.034177256,358.035988325,358.035766045,12.54069012,-3.40624753,12.54069012,-3.22218187,12.54069012,-3.24589304,12.66958196,-3.23286659,12.66958196,-3.23286659,12.54392009,-3.40162631
Tehran,35.69,51.39,1200.0,2026-03-20T12:00:00,2461120.000000000,star_cas_schedar,STAR,9.880000,59.150000,2.24,358.034399236,358.034177256,358.035988325,358.035766045,325.38730327,55.39508442,325.38730327,55.40619400,325.38730327,55.40483826,325.01750979,55.29826820,325.01750979,55.29699655,325.39170980,55.41121599
Tehran,35.69,51.39,1200.0,2026-03-20T12:00:00,2461120.000000000,star_cas_caph,STAR,1.150000,59.150000,2.28,358.034399236,358.034177256,358.035988325,358.035766045,322.76123095,51.20486609,322.76123095,51.21780654,322.76123095,51.21622743,322.46594863,51.09528328,322.46594863,51.09380146,322.76502591,51.22314772
Tehran,35.69,51.39,1200.0,2026-03-20T12:00:00,2461120.000000000,star_per_mirfak,STAR,51.080000,49.860000,1.79,358.034399236,358.034177256,358.035988325,358.035766045,5.51278430,75.65160025,5.51278430,75.65572128,5.51278430,75.65521833,4.34453403,75.78322520,4.34453403,75.78276141,5.52703017,75.65720517
Tehran,35.69,51.39,1200.0,2026-03-20T12:00:00,2461120.000000000,star_per_algol,STAR,47.040000,40.960000,2.12,358.034399236,358.034177256,358.035988325,358.035766045,344.63379236,84.41251078,344.63379236,84.41408701,344.63379236,84.41389464,341.17903655,84.40976753,341.17903655,84.40959041,344.66696666,84.41604245
Tehran,35.69,51.39,1200.0,2026-03-20T12:00:00,2461120.000000000,star_boo_arcturus,STAR,213.915000,19.182000,-0.05,358.034399236,358.034177256,358.035988325,358.035766045,17.26285774,-33.39160656,17.26285774,-33.26835220,17.26285774,-33.28349243,17.56703133,-33.19345715,17.56703133,-33.19345715,17.26654578,-33.38751046
Tehran,35.69,51.39,1200.0,2026-03-20T12:00:00,2461120.000000000,star_vir_spica,STAR,201.298000,-11.161000,0.98,358.034399236,358.034177256,358.035988325,358.035766045,52.78696574,-54.98400285,52.78696574,-54.94117212,52.78696574,-54.94615457,53.07747769,-54.65119614,53.07747769,-54.65119614,52.79078004,-54.97964692
Tehran,35.69,51.39,1200.0,2026-03-20T12:00:00,2461120.000000000,star_sco_antares,STAR,247.352000,-26.432000,0.96,358.034399236,358.034177256,358.035988325,358.035766045,295.35119103,-71.85001173,295.35119103,-71.84567715,295.35119103,-71.84616520,296.18307279,-72.11353113,296.18307279,-72.11353113,295.35395250,-71.85133354
Tehran,35.69,51.39,1200.0,2026-03-20T12:00:00,2461120.000000000,star_sco_shaula,STAR,262.690000,-37.030000,1.62,358.034399236,358.034177256,358.035988325,358.035766045,257.03004225,-62.96326193,257.03004225,-62.94331221,257.03004225,-62.94559296,257.17350187,-63.31496903,257.17350187,-63.31496903,257.02748861,-62.96366018
Tehran,35.69,51.39,1200.0,2026-03-20T12:00:00,2461120.000000000,star_leo_regulus,STAR,152.093000,11.967000,1.36,358.034399236,358.034177256,358.035988325,358.035766045,72.79438042,-3.40965376,72.79438042,-3.22558973,72.79438042,-3.24930066,72.90392203,-3.05331513,72.90392203,-3.05331513,72.79577538,-3.40509334
Tehran,35.69,51.39,1200.0,2026-03-20T12:00:00,2461120.000000000,star_gem_pollux,STAR,116.329000,28.026000,1.14,358.034399236,358.034177256,358.035988325,358.035766045,77.40396943,33.38307398,77.40396943,33.40744622,77.40396943,33.40447313,77.52754587,33.76102750,77.52754587,33.75828890,77.40543962,33.41011073
Tehran,35.69,51.39,1200.0,2026-03-20T12:00:00,2461120.000000000,star_gem_castor,STAR,113.650000,31.888000,1.58,358.034399236,358.034177256,358.035988325,358.035766045,74.27751524,37.09623955,74.27751524,37.11749431,74.27751524,37.11490121,74.38886946,37.47140857,74.38886946,37.46901772,74.27928165,37.11978319
Tehran,35.69,51.39,1200.0,2026-03-20T12:00:00,2461120.000000000,star_psa_fomalhaut,STAR,344.413000,-29.622000,1.17,358.034399236,358.034177256,358.035988325,358.035766045,231.89002155,0.88757071,231.89002155,1.07280239,231.89002155,1.04893254,231.99698772,0.96925431,231.99698772,0.92482257,231.88754245,1.31217111
Tehran,35.69,51.39,1200.0,2026-03-20T12:00:00,2461120.000000000,star_eri_achernar,STAR,24.429000,-57.237000,0.45,358.034399236,358.034177256,358.035988325,358.035766045,193.20044489,-5.12453292,193.20044489,-4.94143065,193.20044489,-4.96500168,193.27691292,-5.29210020,193.27691292,-5.29210020,193.19710404,-5.11995472
Tehran,35.69,51.39,1200.0,2026-03-20T12:00:00,2461120.000000000,dso_m31_andromeda,GALAXY,10.684000,41.269000,3.44,358.034399236,358.034177256,358.035988325,358.035766045,292.64570956,59.69284106,292.64570956,59.70225437,292.64570956,59.70110560,292.38172785,59.43294499,292.38172785,59.43186044,292.64726985,59.70789035
Tehran,35.69,51.39,1200.0,2026-03-20T12:00:00,2461120.000000000,dso_lmc,GALAXY,80.894000,-69.756000,0.9,358.034399236,358.034177256,358.035988325,358.035766045,169.06531460,-17.89162072,169.06531460,-17.72507380,169.06531460,-17.74621598,169.05662971,-17.91835354,169.05662971,-17.91835354,169.06207023,-17.88698619
Tehran,35.69,51.39,1200.0,2026-03-20T12:00:00,2461120.000000000,dso_smc,GALAXY,14.766000,-72.801000,2.7,358.034399236,358.034177256,358.035988325,358.035766045,190.39976827,-20.93383412,190.39976827,-20.77381356,190.39976827,-20.79401864,190.38306437,-21.08625261,190.38306437,-21.08625261,190.39627448,-20.92956254
Tehran,35.69,51.39,1200.0,2026-03-20T12:00:00,2461120.000000000,dso_m33_triangulum,GALAXY,23.462000,30.660000,5.72,358.034399236,358.034177256,358.035988325,358.035766045,264.43725220,68.10537384,264.43725220,68.11184762,264.43725220,68.11105755,264.38484907,67.77111735,264.38484907,67.77036744,264.43476395,68.11696667
Tehran,35.69,51.39,1200.0,2026-03-20T12:00:00,2461120.000000000,dso_m45_pleiades,STAR_CLUSTER,56.871000,24.105000,1.6,358.034399236,358.034177256,358.035988325,358.035766045,147.40459183,76.65513072,147.40459183,76.65895247,147.40459183,76.65848604,148.93336893,76.75348429,148.93336893,76.75305357,147.39307128,76.65780587
Tehran,35.69,51.39,1200.0,2026-03-20T12:00:00,2461120.000000000,dso_hyades,STAR_CLUSTER,66.750000,15.870000,0.5,358.034399236,358.034177256,358.035988325,358.035766045,136.82355834,64.70897995,136.82355834,64.71659061,136.82355834,64.71566180,137.59360082,64.87449362,137.59360082,64.87363275,136.81845399,64.71621760
Tehran,35.69,51.39,1200.0,2026-03-20T12:00:00,2461120.000000000,dso_m44_beehive,STAR_CLUSTER,130.100000,19.670000,3.7,358.034399236,358.034177256,358.035988325,358.035766045,78.65900861,18.32765348,78.65900861,18.37567773,78.65900861,18.36982747,78.77776397,18.72980430,78.77776397,18.72447392,78.66019449,18.38020005
Tehran,35.69,51.39,1200.0,2026-03-20T12:00:00,2461120.000000000,dso_double_cluster,STAR_CLUSTER,34.740000,57.130000,3.7,358.034399236,358.034177256,358.035988325,358.035766045,340.58296174,66.42466108,340.58296174,66.43169012,340.58296174,66.43083229,339.89413155,66.41263543,339.89413155,66.41183409,340.59066810,66.43532082
Tehran,35.69,51.39,1200.0,2026-03-20T12:00:00,2461120.000000000,dso_coma_cluster,STAR_CLUSTER,185.600000,26.100000,1.8,358.034399236,358.034177256,358.035988325,358.035766045,40.05637866,-15.93399927,40.05637866,-15.76379123,40.05637866,-15.78546484,40.22229389,-15.63684783,40.22229389,-15.63684783,40.05919788,-15.92921071
Tehran,35.69,51.39,1200.0,2026-03-20T12:00:00,2461120.000000000,dso_omega_centauri,GLOBULAR_CLUSTER,201.700000,-47.470000,3.9,358.034399236,358.034177256,358.035988325,358.035766045,128.97407804,-66.54158177,128.97407804,-66.52924165,128.97407804,-66.53064297,128.41910299,-66.33428374,128.41910299,-66.33428374,128.97013448,-66.53735140
Tehran,35.69,51.39,1200.0,2026-03-20T12:00:00,2461120.000000000,dso_47_tucanae,GLOBULAR_CLUSTER,6.020000,-72.080000,4.1,358.034399236,358.034177256,358.035988325,358.035766045,193.19411679,-21.76663823,193.19411679,-21.60858169,193.19411679,-21.62850726,193.17528443,-21.93429520,193.17528443,-21.93429520,193.19061581,-21.76243922
Tehran,35.69,51.39,1200.0,2026-03-20T12:00:00,2461120.000000000,dso_m13_hercules,GLOBULAR_CLUSTER,250.420000,36.460000,5.8,358.034399236,358.034177256,358.035988325,358.035766045,342.41517107,-15.25328531,342.41517107,-15.08190239,342.41517107,-15.10374742,342.62179951,-15.25783716,342.62179951,-15.25783716,342.41811536,-15.24908981
Tehran,35.69,51.39,1200.0,2026-03-20T12:00:00,2461120.000000000,dso_m42_orion_nebula,NEBULA,83.822000,-5.391000,4.0,358.034399236,358.034177256,358.035988325,358.035766045,134.30747474,37.58832142,134.30747474,37.60920277,134.30747474,37.60665520,134.64922839,37.78464542,134.64922839,37.78228127,134.30490351,37.61162958
Tehran,35.69,51.39,1200.0,2026-03-20T12:00:00,2461120.000000000,dso_m8_lagoon,NEBULA,270.920000,-24.380000,6.0,358.034399236,358.034177256,358.035988325,358.035766045,275.65878069,-52.32132471,275.65878069,-52.26936211,275.65878069,-52.27544546,275.93679954,-52.64741698,275.93679954,-52.64741698,275.65845185,-52.32085692
Tehran,35.69,51.39,1200.0,2026-03-20T12:00:00,2461120.000000000,dso_eta_carinae_nebula,NEBULA,161.260000,-59.870000,1.0,358.034399236,358.034177256,358.035988325,358.035766045,142.04578772,-41.14760134,142.04578772,-41.05325304,142.04578772,-41.06461637,141.86627335,-41.01099128,141.86627335,-41.01099128,142.04287747,-41.14273752
Tromso,69.65,18.96,10.0,2026-03-20T12:00:00,2461120.000000000,star_cma_sirius,STAR,101.287000,-16.716000,-1.46,358.034399236,358.034177256,358.035988325,358.035766045,100.97671670,-13.81160308,100.97671670,-13.63789763,100.97671670,-13.64261997,101.23752274,-13.68276642,101.23752274,-13.68276642,100.97631755,-13.80797358
Tromso,69.65,18.96,10.0,2026-03-20T12:00:00,2461120.000000000,star_cma_adhara,STAR,104.656000,-28.972000,1.5,358.034399236,358.034177256,358.035988325,358.035766045,102.79093357,-26.33860767,102.79093357,-26.19266197,102.79093357,-26.19613597,103.00776088,-26.21427312,103.00776088,-26.21427312,102.79035205,-26.33415730
Tromso,69.65,18.96,10.0,2026-03-20T12:00:00,2461120.000000000,star_cma_wezen,STAR,107.098000,-26.393000,1.83,358.034399236,358.034177256,358.035988325,358.035766045,99.47204921,-24.80056165,99.47204921,-24.65029529,99.47204921,-24.65394148,99.69820821,-24.66656614,99.69820821,-24.66656614,99.47178578,-24.79619776
Tromso,69.65,18.96,10.0,2026-03-20T12:00:00,2461120.000000000,star_cma_mirzam,STAR,95.675000,-17.956000,1.98,358.034399236,358.034177256,358.035988325,358.035766045,106.57766235,-13.06203596,106.57766235,-12.88721122,106.57766235,-12.89199189,106.83763497,-12.95027678,106.83763497,-12.95027678,106.57676719,-13.05846723
Tromso,69.65,18.96,10.0,2026-03-20T12:00:00,2461120.000000000,star_cmi_procyon,STAR,114.825000,5.225000,0.34,358.034399236,358.034177256,358.035988325,358.035766045,80.54478798,2.01137033,80.54478798,2.19661630,80.54478798,2.19129225,80.85269394,2.45604569,80.85269394,2.45579011,80.54614799,2.31622528
Tromso,69.65,18.96,10.0,2026-03-20T12:00:00,2461120.000000000,star_car_canopus,STAR,95.987000,-52.695000,-0.74,358.034399236,358.034177256,358.035988325,358.035766045,122.82013019,-44.93116044,122.82013019,-44.85150888,122.82013019,-44.85297682,122.91753109,-44.87227287,122.91753109,-44.87227287,122.81713640,-44.92618361
Tromso,69.65,18.96,10.0,2026-03-20T12:00:00,2461120.000000000,star_car_miaplacidus,STAR,138.300000,-69.720000,1.67,358.034399236,358.034177256,358.035988325,358.035766045,118.24048306,-70.48168761,118.24048306,-70.47566132,118.24048306,-70.47574486,117.98192326,-70.40596820,117.98192326,-70.40596820,118.23549456,-70.47650767
Tromso,69.65,18.96,10.0,2026-03-20T12:00:00,2461120.000000000,star_cen_rigil_kent,STAR,219.900000,-60.833000,-0.01,358.034399236,358.034177256,358.035988325,358.035766045,300.53676524,-77.05146610,300.53676524,-77.05137142,300.53676524,-77.05137268,301.72329275,-77.11524304,301.72329275,-77.11524304,300.54454708,-77.05522446
Tromso,69.65,18.96,10.0,2026-03-20T12:00:00,2461120.000000000,star_cen_hadar,STAR,210.956000,-60.373000,0.61,358.034399236,358.034177256,358.035988325,358.035766045,319.64225092,-79.07133736,319.64225092,-79.07205168,319.64225092,-79.07204227,321.04596430,-79.06493161,321.04596430,-79.06493161,319.65870342,-79.07440815
Tromso,69.65,18.96,10.0,2026-03-20T12:00:00,2461120.000000000,star_lyr_vega,STAR,279.234000,38.783000,0.03,358.034399236,358.034177256,358.035988325,358.035766045,292.10574700,33.49819032,292.10574700,33.52245699,292.10574700,33.52210909,292.28437036,33.43794051,292.28437036,33.43791638,292.10703188,33.52829743
Tromso,69.65,18.96,10.0,2026-03-20T12:00:00,2461120.000000000,star_cyg_deneb,STAR,310.358000,45.280000,1.25,358.034399236,358.034177256,358.035988325,358.035766045,268.57481453,49.90327853,268.57481453,49.91683110,268.57481453,49.91663723,268.71305759,49.76450821,268.71305759,49.76449469,268.57329496,49.92294689
Tromso,69.65,18.96,10.0,2026-03-20T12:00:00,2461120.000000000,star_cyg_sadr,STAR,305.557000,40.260000,2.23,358.034399236,358.034177256,358.035988325,358.035766045,269.59417803,43.81197405,269.59417803,43.82874298,269.59417803,43.82850297,269.76122019,43.67890551,269.76122019,43.67888879,269.59292722,43.83481718
Tromso,69.65,18.96,10.0,2026-03-20T12:00:00,2461120.000000000,star_cyg_albireo,STAR,292.680000,27.960000,3.05,358.034399236,358.034177256,358.035988325,358.035766045,275.04734729,28.17231518,275.04734729,28.20225255,275.04734729,28.20182264,275.26675383,28.06633637,275.26675383,28.06630656,275.04683692,28.20806784
Tromso,69.65,18.96,10.0,2026-03-20T12:00:00,2461120.000000000,star_aql_altair,STAR,297.696000,8.868000,0.76,358.034399236,358.034177256,358.035988325,358.035766045,262.77253132,12.19230733,262.77253132,12.26468506,262.77253132,12.26361943,263.04741262,12.09948214,263.04741262,12.09941034,262.77095719,12.27049375
Tromso,69.65,18.96,10.0,2026-03-20T12:00:00,2461120.000000000,star_ori_betelgeuse,STAR,88.793000,7.407000,0.5,358.034399236,358.034177256,358.035988325,358.035766045,104.27037827,13.09788347,104.27037827,13.16537225,104.27037827,13.16438270,104.61298847,13.28275885,104.61298847,13.28269326,104.26966276,13.16853054
Tromso,69.65,18.96,10.0,2026-03-20T12:00:00,2461120.000000000,star_ori_rigel,STAR,78.634000,-8.202000,0.13,358.034399236,358.034177256,358.035988325,358.035766045,119.07783805,1.63557097,119.07783805,1.82082559,119.07783805,1.81549889,119.38405119,2.00288139,119.38405119,2.00259517,119.07588796,1.97291739
Tromso,69.65,18.96,10.0,2026-03-20T12:00:00,2461120.000000000,star_ori_bellatrix,STAR,81.283000,6.350000,1.64,358.034399236,358.034177256,358.035988325,358.035766045,111.87134507,14.60135650,111.87134507,14.66194716,111.87134507,14.66106337,112.22169086,14.75519393,112.22169086,14.75513479,111.86994201,14.66482101
Tromso,69.65,18.96,10.0,2026-03-20T12:00:00,2461120.000000000,star_ori_saiph,STAR,86.939000,-9.670000,2.07,358.034399236,358.034177256,358.035988325,358.035766045,111.77364042,-2.38207465,111.77364042,-2.19757052,111.77364042,-2.20287182,112.06697543,-2.28792987,112.06697543,-2.28792987,111.77230626,-2.37935055
Tromso,69.65,18.96,10.0,2026-03-20T12:00:00,2461120.000000000,star_ori_alnitak,STAR,85.190000,-1.940000,1.77,358.034399236,358.034177256,358.035988325,358.035766045,110.87723519,5.49098297,110.87723519,5.63549416,110.87723519,5.63307902,111.19649397,5.73329775,111.19649397,5.73315768,110.87596336,5.64565208
Tromso,69.65,18.96,10.0,2026-03-20T12:00:00,2461120.000000000,star_ori_alnilam,STAR,84.530000,-1.200000,1.69,358.034399236,358.034177256,358.035988325,358.035766045,111.26080276,6.40613468,111.26080276,6.53479430,111.26080276,6.53273532,111.58311942,6.63039793,111.58311942,6.63027390,111.25949489,6.54220077
Tromso,69.65,18.96,10.0,2026-03-20T12:00:00,2461120.000000000,star_ori_mintaka,STAR,84.050000,-0.300000,2.23,358.034399236,358.034177256,358.035988325,358.035766045,111.42195888,7.41358143,111.42195888,7.52770417,111.42195888,7.52593125,111.74764534,7.62251409,111.74764534,7.62240418,111.42063340,7.53353129
Tromso,69.65,18.96,10.0,2026-03-20T12:00:00,2461120.000000000,star_tau_aldebaran,STAR,68.980000,16.509000,0.85,358.034399236,358.034177256,358.035988325,358.035766045,120.64550981,28.08850906,120.64550981,28.11855089,120.64550981,28.11811948,121.05271455,28.18048199,121.05271455,28.18045232,120.64312909,28.11948040
Tromso,69.65,18.96,10.0,2026-03-20T12:00:00,2461120.000000000,star_tau_elnath,STAR,81.573000,28.608000,1.65,358.034399236,358.034177256,358.035988325,358.035766045,102.83596919,35.33145634,102.83596919,35.35412250,102.83596919,35.35379769,103.26011545,35.47334087,103.26011545,35.47331849,102.83528450,35.35393784
Tromso,69.65,18.96,10.0,2026-03-20T12:00:00,2461120.000000000,star_aur_capella,STAR,79.172000,45.998000,0.08,358.034399236,358.034177256,358.035988325,358.035766045,94.51249688,51.78196859,94.51249688,51.79464472,94.51249688,51.79446340,95.01047786,51.93560188,95.01047786,51.93558936,94.51284630,51.79258567
Tromso,69.65,18.96,10.0,2026-03-20T12:00:00,2461120.000000000,star_umi_polaris,STAR,37.954000,89.264000,1.98,358.034399236,358.034177256,358.035988325,358.035766045,0.89192420,70.19084016,0.89192420,70.19664270,0.89192420,70.19655976,0.78232113,70.34156343,0.78232113,70.34155772,0.90692667,70.19833766
Tromso,69.65,18.96,10.0,2026-03-20T12:00:00,2461120.000000000,star_uma_dubhe,STAR,165.932000,61.751000,1.79,358.034399236,358.034177256,358.035988325,358.035766045,19.36798813,43.04405718,19.36798813,43.06128095,19.36798813,43.06103441,19.58394882,43.24769660,19.58394882,43.24767962,19.37470328,43.06306256
Tromso,69.65,18.96,10.0,2026-03-20T12:00:00,2461120.000000000,star_uma_merak,STAR,165.460000,56.380000,2.37,358.034399236,358.034177256,358.035988325,358.035766045,21.34758272,37.88215393,21.34758272,37.90281623,21.34758272,37.90252027,21.58356004,38.09276159,21.58356004,38.09274123,21.35372445,37.90481246
Tromso,69.65,18.96,10.0,2026-03-20T12:00:00,2461120.000000000,star_uma_alioth,STAR,193.507000,55.960000,1.77,358.034399236,358.034177256,358.035988325,358.035766045,2.20052730,35.48581912,2.20052730,35.50835706,2.20052730,35.50803409,2.40209130,35.65858974,2.40209130,35.65856751,2.20659671,35.51153943
Tromso,69.65,18.96,10.0,2026-03-20T12:00:00,2461120.000000000,star_uma_mizar,STAR,206.884000,54.920000,2.23,358.034399236,358.034177256,358.035988325,358.035766045,352.90931650,34.65281907,352.90931650,34.67606063,352.90931650,34.67572752,353.09882009,34.80074910,353.09882009,34.80072616,352.91513277,34.67976294
Tromso,69.65,18.96,10.0,2026-03-20T12:00:00,2461120.000000000,star_uma_alkaid,STAR,209.800000,49.310000,1.85,358.034399236,358.034177256,358.035988325,358.035766045,350.25144367,29.21373077,350.25144367,29.24241504,350.25144367,29.24200330,350.46013380,29.35932472,350.46013380,29.35929645,350.25681952,29.24641464
Tromso,69.65,18.96,10.0,2026-03-20T12:00:00,2461120.000000000,star_cas_schedar,STAR,9.880000,59.150000,2.24,358.034399236,358.034177256,358.035988325,358.035766045,198.78622300,79.25931091,198.78622300,79.26236701,198.78622300,79.26232333,199.58557388,79.07980372,199.58557388,79.07980066,198.75864527,79.26389497
Tromso,69.65,18.96,10.0,2026-03-20T12:00:00,2461120.000000000,star_cas_caph,STAR,1.150000,59.150000,2.28,358.034399236,358.034177256,358.035988325,358.035766045,220.08928156,77.75309597,220.08928156,77.75659309,220.08928156,77.75654311,220.49541825,77.55208304,220.49541825,77.55207953,220.06832373,77.75995075
Tromso,69.65,18.96,10.0,2026-03-20T12:00:00,2461120.000000000,star_per_mirfak,STAR,51.080000,49.860000,1.79,358.034399236,358.034177256,358.035988325,358.035766045,122.29357199,64.42761352,122.29357199,64.43532110,122.29357199,64.43521092,123.01441923,64.48710831,123.01441923,64.48710069,122.28847943,64.43242472
Tromso,69.65,18.96,10.0,2026-03-20T12:00:00,2461120.000000000,star_per_algol,STAR,47.040000,40.960000,2.12,358.034399236,358.034177256,358.035988325,358.035766045,134.89101306,57.33878424,134.89101306,57.34910665,134.89101306,57.34895905,135.51433903,57.35676561,135.51433903,57.35675536,134.88510381,57.34735163
Tromso,69.65,18.96,10.0,2026-03-20T12:00:00,2461120.000000000,star_boo_arcturus,STAR,213.915000,19.182000,-0.05,358.034399236,358.034177256,358.035988325,358.035766045,343.73763911,-0.44847577,343.73763911,-0.26341801,343.73763911,-0.26874379,344.04568034,0.17635537,344.04568034,0.17584700,343.74200606,0.23480333
Tromso,69.65,18.96,10.0,2026-03-20T12:00:00,2461120.000000000,star_vir_spica,STAR,201.298000,-11.161000,0.98,358.034399236,358.034177256,358.035988325,358.035766045,354.64064536,-31.57456523,354.64064536,-31.44505386,354.64064536,-31.44793057,355.05098055,-31.44641281,355.05098055,-31.44641281,354.64605606,-31.57287968
Tromso,69.65,18.96,10.0,2026-03-20T12:00:00,2461120.000000000,star_sco_antares,STAR,247.352000,-26.432000,0.96,358.034399236,358.034177256,358.035988325,358.035766045,298.45489990,-37.95766859,298.45489990,-37.85110334,298.45489990,-37.85326875,298.91399140,-38.02681841,298.91399140,-38.02681841,298.45681531,-37.95827120
Tromso,69.65,18.96,10.0,2026-03-20T12:00:00,2461120.000000000,star_sco_shaula,STAR,262.690000,-37.030000,1.62,358.034399236,358.034177256,358.035988325,358.035766045,277.27246692,-42.62213908,277.27246692,-42.53351350,277.27246692,-42.53520001,277.72210476,-42.75890847,277.72210476,-42.75890847,277.27211555,-42.62335641
Tromso,69.65,18.96,10.0,2026-03-20T12:00:00,2461120.000000000,star_leo_regulus,STAR,152.093000,11.967000,1.36,358.034399236,358.034177256,358.035988325,358.035766045,43.42719558,-2.88031016,43.42719558,-2.69600673,43.42719558,-2.70129805,43.73421824,-2.66843805,43.73421824,-2.66843805,43.43111660,-2.87760542
Tromso,69.65,18.96,10.0,2026-03-20T12:00:00,2461120.000000000,star_gem_pollux,STAR,116.329000,28.026000,1.14,358.034399236,358.034177256,358.035988325,358.035766045,70.79588535,22.80854780,70.79588535,22.84655913,70.79588535,22.84601165,71.13552660,23.04067948,71.13552660,23.04064225,70.79825007,22.84825004
Tromso,69.65,18.96,10.0,2026-03-20T12:00:00,2461120.000000000,star_gem_castor,STAR,113.650000,31.888000,1.58,358.034399236,358.034177256,358.035988325,358.035766045,71.53278735,27.26460405,71.53278735,27.29570371,71.53278735,27.29525694,71.88159519,27.48827098,71.88159519,27.48824044,71.53518534,27.29679651
Tromso,69.65,18.96,10.0,2026-03-20T12:00:00,2461120.000000000,star_psa_fomalhaut,STAR,344.413000,-29.622000,1.17,358.034399236,358.034177256,358.035988325,358.035766045,208.31627528,-11.85063340,208.31627528,-11.67412596,208.31627528,-11.67899557,208.59899964,-12.04617274,208.59899964,-12.04617274,208.31131101,-11.84824289
Tromso,69.65,18.96,10.0,2026-03-20T12:00:00,2461120.000000000,star_eri_achernar,STAR,24.429000,-57.237000,0.45,358.034399236,358.034177256,358.035988325,358.035766045,174.80027894,-36.87666954,174.80027894,-36.76604924,174.80027894,-36.76833157,174.97078570,-37.00037725,174.97078570,-37.00037725,174.79415363,-36.87381124
Tromso,69.65,18.96,10.0,2026-03-20T12:00:00,2461120.000000000,dso_m31_andromeda,GALAXY,10.684000,41.269000,3.44,358.034399236,358.034177256,358.035988325,358.035766045,189.41975581,61.59229317,189.41975581,61.60100415,189.41975581,61.60087961,189.94942235,61.43767480,189.94942235,61.43766609,189.40869742,61.60265715
Tromso,69.65,18.96,10.0,2026-03-20T12:00:00,2461120.000000000,dso_lmc,GALAXY,80.894000,-69.756000,0.9,358.034399236,358.034177256,358.035988325,358.035766045,146.48312847,-55.73648685,146.48312847,-55.69612006,146.48312847,-55.69676686,146.47448191,-55.76406840,146.47448191,-55.76406840,146.47656879,-55.73229839
Tromso,69.65,18.96,10.0,2026-03-20T12:00:00,2461120.000000000,dso_smc,GALAXY,14.766000,-72.801000,2.7,358.034399236,358.034177256,358.035988325,358.035766045,180.98572966,-52.31674944,180.98572966,-52.26477065,180.98572966,-52.26563920,181.08182146,-52.45832027,181.08182146,-52.45832027,180.97766784,-52.31457419
Tromso,69.65,18.96,10.0,2026-03-20T12:00:00,2461120.000000000,dso_m33_triangulum,GALAXY,23.462000,30.660000,5.72,358.034399236,358.034177256,358.035988325,358.035766045,170.66576448,50.95124185,170.66576448,50.96429981,170.66576448,50.96411303,171.17615107,50.85058771,171.17615107,50.85057470,170.65777914,50.96518126
Tromso,69.65,18.96,10.0,2026-03-20T12:00:00,2461120.000000000,dso_m45_pleiades,STAR_CLUSTER,56.871000,24.105000,1.6,358.034399236,358.034177256,358.035988325,358.035766045,130.86992552,38.77080062,130.86992552,38.79081741,130.86992552,38.79053074,131.33593699,38.81511846,131.33593699,38.81509862,130.86619659,38.79074158
Tromso,69.65,18.96,10.0,2026-03-20T12:00:00,2461120.000000000,dso_hyades,STAR_CLUSTER,66.750000,15.870000,0.5,358.034399236,358.034177256,358.035988325,358.035766045,123.17886213,28.14435253,123.17886213,28.17432468,123.17886213,28.17389428,123.58740274,28.22737602,123.58740274,28.22734640,123.17624605,28.17529323
Tromso,69.65,18.96,10.0,2026-03-20T12:00:00,2461120.000000000,dso_m44_beehive,STAR_CLUSTER,130.100000,19.670000,3.7,358.034399236,358.034177256,358.035988325,358.035766045,61.53199870,10.57804961,61.53199870,10.66095408,61.53199870,10.65972094,61.84677700,10.86623564,61.84677700,10.86615610,61.53489391,10.66500135
Tromso,69.65,18.96,10.0,2026-03-20T12:00:00,2461120.000000000,dso_double_cluster,STAR_CLUSTER,34.740000,57.130000,3.7,358.034399236,358.034177256,358.035988325,358.035766045,138.25124075,75.30098163,138.25124075,75.30520784,138.25124075,75.30514744,139.33930674,75.29842204,139.33930674,75.29841786,138.23787189,75.30216352
Tromso,69.65,18.96,10.0,2026-03-20T12:00:00,2461120.000000000,dso_coma_cluster,STAR_CLUSTER,185.600000,26.100000,1.8,358.034399236,358.034177256,358.035988325,358.035766045,9.98568246,5.93591048,9.98568246,6.07238595,9.98568246,6.07015862,10.27940896,6.24068024,10.27940896,6.24054969,9.99055443,6.08159121
Tromso,69.65,18.96,10.0,2026-03-20T12:00:00,2461120.000000000,dso_omega_centauri,GLOBULAR_CLUSTER,201.700000,-47.470000,3.9,358.034399236,358.034177256,358.035988325,358.035766045,350.85686030,-67.81543340,350.85686030,-67.80537177,350.85686030,-67.80551424,351.59901586,-67.70012328,351.59901586,-67.70012328,350.86886149,-67.81579169
Tromso,69.65,18.96,10.0,2026-03-20T12:00:00,2461120.000000000,dso_47_tucanae,GLOBULAR_CLUSTER,6.020000,-72.080000,4.1,358.034399236,358.034177256,358.035988325,358.035766045,185.33482231,-51.75839831,185.33482231,-51.70443135,185.33482231,-51.70533954,185.44931660,-51.91142482,185.44931660,-51.91142482,185.32679805,-51.75648909
Tromso,69.65,18.96,10.0,2026-03-20T12:00:00,2461120.000000000,dso_m13_hercules,GLOBULAR_CLUSTER,250.420000,36.460000,5.8,358.034399236,358.034177256,358.035988325,358.035766045,315.22842719,22.99084375,315.22842719,23.02852442,315.22842719,23.02798177,315.44501955,23.02497026,315.44501955,23.02493301,315.23156124,23.03379725
Tromso,69.65,18.96,10.0,2026-03-20T12:00:00,2461120.000000000,dso_m42_orion_nebula,NEBULA,83.822000,-5.391000,4.0,358.034399236,358.034177256,358.035988325,358.035766045,113.29725757,2.67151718,113.29725757,2.85671520,113.29725757,2.85139788,113.60721831,2.99574664,113.60721831,2.99552055,113.29578697,2.93104248
Tromso,69.65,18.96,10.0,2026-03-20T12:00:00,2461120.000000000,dso_m8_lagoon,NEBULA,270.920000,-24.380000,6.0,358.034399236,358.034177256,358.035988325,358.035766045,275.67483829,-28.20204474,275.67483829,-28.06165367,275.67483829,-28.06491613,276.06068640,-28.34188972,276.06068640,-28.34188972,275.67436583,-28.20184158
Tromso,69.65,18.96,10.0,2026-03-20T12:00:00,2461120.000000000,dso_eta_carinae_nebula,NEBULA,161.260000,-59.870000,1.0,358.034399236,358.034177256,358.035988325,358.035766045,74.49736108,-72.48088373,74.49736108,-72.47724470,74.49736108,-72.47729444,74.50895812,-72.28859915,74.50895812,-72.28859915,74.50379058,-72.47589036
CapeTown,-33.93,18.42,25.0,2000-01-01T12:00:00,2451545.000000000,star_cma_sirius,STAR,101.287000,-16.716000,-1.46,280.462105800,280.460618370,280.458555730,280.457067272,158.85496853,-36.65097086,158.85496853,-36.53951097,158.85496853,-36.54196610,158.85271766,-36.65206486,158.85271766,-36.65206486,158.84980710,-36.64995852
CapeTown,-33.93,18.42,25.0,2000-01-01T12:00:00,2451545.000000000,star_cma_adhara,STAR,104.656000,-28.972000,1.5,280.462105800,280.460618370,280.458555730,280.457067272,166.20663705,-25.67445837,166.20663705,-25.52661702,166.20663705,-25.53036254,166.20400348,-25.67520613,166.20400348,-25.67520613,166.20192945,-25.67357961
CapeTown,-33.93,18.42,25.0,2000-01-01T12:00:00,2451545.000000000,star_cma_wezen,STAR,107.098000,-26.393000,1.83,280.462105800,280.460618370,280.458555730,280.457067272,167.97544203,-28.64935798,167.97544203,-28.51035051,167.97544203,-28.51374699,167.97300682,-28.65006904,167.97300682,-28.65006904,167.97065345,-28.64856227
CapeTown,-33.93,18.42,25.0,2000-01-01T12:00:00,2451545.000000000,star_cma_mirzam,STAR,95.675000,-17.956000,1.98,280.462105800,280.460618370,280.458555730,280.457067272,153.26100742,-33.59865288,153.26100742,-33.47612719,153.26100742,-33.47893692,153.25855947,-33.59988283,153.25855947,-33.59988283,153.25608477,-33.59743418
CapeTown,-33.93,18.42,25.0,2000-01-01T12:00:00,2451545.000000000,star_cmi_procyon,STAR,114.825000,5.225000,0.34,280.462105800,280.460618370,280.458555730,280.457067272,171.64194875,-61.04823610,171.64194875,-61.02350111,171.64194875,-61.02390673,171.64098387,-61.04956513,171.64098387,-61.04956513,171.63354812,-61.04831094
CapeTown,-33.93,18.42,25.0,2000-01-01T12:00:00,2451545.000000000,star_car_canopus,STAR,95.987000,-52.695000,-0.74,280.462105800,280.460618370,280.458555730,280.457067272,166.36680517,-1.10371635,166.36680517,-0.91880614,166.36680517,-0.92437062,166.36247622,-0.44990513,166.36247622,-0.45147424,166.36218070,-1.10266484
CapeTown,-33.93,18.42,25.0,2000-01-01T12:00:00,2451545.000000000,star_car_miaplacidus,STAR,138.300000,-69.720000,1.67,280.462105800,280.460618370,280.458555730,280.457067272,186.84668691,14.61524938,186.84668691,14.67578233,186.84668691,14.67481413,186.84108210,14.67897063,186.84108210,14.67882210,186.84195113,14.67938578
CapeTown,-33.93,18.42,25.0,2000-01-01T12:00:00,2451545.000000000,star_cen_rigil_kent,STAR,219.900000,-60.833000,-0.01,280.462105800,280.460618370,280.458555730,280.457067272,215.43153461,34.37682711,215.43153461,34.40030826,215.43153461,34.39993843,215.42512216,34.40712687,215.42512216,34.40706871,215.42746624,34.40520402
CapeTown,-33.93,18.42,25.0,2000-01-01T12:00:00,2451545.000000000,star_cen_hadar,STAR,210.956000,-60.373000,0.61,280.462105800,280.460618370,280.458555730,280.457067272,214.78977493,29.99980105,214.78977493,30.02759126,214.78977493,30.02715310,214.78399805,30.03423370,214.78399805,30.03416493,214.78595363,30.03235642
CapeTown,-33.93,18.42,25.0,2000-01-01T12:00:00,2451545.000000000,star_lyr_vega,STAR,279.234000,38.783000,0.03,280.462105800,280.460618370,280.458555730,280.457067272,344.24770932,15.03806657,344.24770932,15.09688991,344.24770932,15.09595005,344.25591629,15.10170983,344.25591629,15.10156544,344.25467486,15.10018086
CapeTown,-33.93,18.42,25.0,2000-01-01T12:00:00,2451545.000000000,star_cyg_deneb,STAR,310.358000,45.280000,1.25,280.462105800,280.460618370,280.458555730,280.457067272,8.17153514,10.10851984,8.17153514,10.19502835,8.17153514,10.19361549,8.17882059,10.19735870,8.17882059,10.19714777,8.17785360,10.19826943
CapeTown,-33.93,18.42,25.0,2000-01-01T12:00:00,2451545.000000000,star_cyg_sadr,STAR,305.557000,40.260000,2.23,280.462105800,280.460618370,280.458555730,280.457067272,5.27885314,15.55321847,5.27885314,15.61007413,5.27885314,15.60916677,5.28689326,15.61244373,5.28689326,15.61230407,5.28551020,15.61235434
CapeTown,-33.93,18.42,25.0,2000-01-01T12:00:00,2451545.000000000,star_cyg_albireo,STAR,292.680000,27.960000,3.05,280.462105800,280.460618370,280.458555730,280.457067272,353.80018406,27.83011184,353.80018406,27.86047935,353.80018406,27.86000021,353.81027607,27.86350125,353.81027607,27.86342613,353.80792425,27.86234107
CapeTown,-33.93,18.42,25.0,2000-01-01T12:00:00,2451545.000000000,star_aql_altair,STAR,297.696000,8.868000,0.76,280.462105800,280.460618370,280.458555730,280.457067272,358.26796178,47.18646867,358.26796178,47.20137773,358.26796178,47.20114328,358.28276253,47.20273328,358.28276253,47.20269631,358.27810569,47.20189461
CapeTown,-33.93,18.42,25.0,2000-01-01T12:00:00,2451545.000000000,star_ori_betelgeuse,STAR,88.793000,7.407000,0.5,280.462105800,280.460618370,280.458555730,280.457067272,126.81169555,-51.61951307,126.81169555,-51.56504805,126.81169555,-51.56603786,126.80914767,-51.62062080,126.80914767,-51.62062080,126.80646923,-51.61691764
CapeTown,-33.93,18.42,25.0,2000-01-01T12:00:00,2451545.000000000,star_ori_rigel,STAR,78.634000,-8.202000,0.13,280.462105800,280.460618370,280.458555730,280.457067272,130.18788279,-33.17517091,130.18788279,-33.05115814,130.18788279,-33.05401776,130.18548195,-33.17678543,130.18548195,-33.17678543,130.18384797,-33.17320334
CapeTown,-33.93,18.42,25.0,2000-01-01T12:00:00,2451545.000000000,star_ori_bellatrix,STAR,81.283000,6.350000,1.64,280.462105800,280.460618370,280.458555730,280.457067272,119.84150051,-45.65295210,119.84150051,-45.57609503,119.84150051,-45.57759908,119.83915281,-45.65411825,119.83915281,-45.65411825,119.83741493,-45.65020629
CapeTown,-33.93,18.42,25.0,2000-01-01T12:00:00,2451545.000000000,star_ori_saiph,STAR,86.939000,-9.670000,2.07,280.462105800,280.460618370,280.458555730,280.457067272,139.30428304,-36.89380495,139.30428304,-36.78324850,139.30428304,-36.78567590,139.30185622,-36.89523971,139.30185622,-36.89523971,139.29960733,-36.89204525
CapeTown,-33.93,18.42,25.0,2000-01-01T12:00:00,2451545.000000000,star_ori_alnitak,STAR,85.190000,-1.940000,1.77,280.462105800,280.460618370,280.458555730,280.457067272,131.60856188,-42.15076678,131.60856188,-42.06030927,131.60856188,-42.06216190,131.60618580,-42.15211748,131.60618580,-42.15211748,131.60392874,-42.14859006
CapeTown,-33.93,18.42,25.0,2000-01-01T12:00:00,2451545.000000000,star_ori_alnilam,STAR,84.530000,-1.200000,1.69,280.462105800,280.460618370,280.458555730,280.457067272,130.28775849,-42.31366083,130.28775849,-42.22383620,130.28775849,-42.22567193,130.28538617,-42.31500474,130.28538617,-42.31500474,130.28319201,-42.31142641
CapeTown,-33.93,18.42,25.0,2000-01-01T12:00:00,2451545.000000000,star_ori_mintaka,STAR,84.050000,-0.300000,2.23,280.462105800,280.460618370,280.458555730,280.457067272,129.00684313,-42.69934388,129.00684313,-42.61101849,129.00684313,-42.61281447,129.00447403,-42.70067364,129.00447403,-42.70067364,129.00232735,-42.69704776
CapeTown,-33.93,18.42,25.0,2000-01-01T12:00:00,2451545.000000000,star_tau_aldebaran,STAR,68.980000,16.509000,0.85,280.462105800,280.460618370,280.458555730,280.457067272,98.45255757,-42.14776269,98.45255757,-42.05729352,98.45255757,-42.05914645,98.45083800,-42.14868241,98.45083800,-42.14868241,98.45065857,-42.14449920
CapeTown,-33.93,18.42,25.0,2000-01-01T12:00:00,2451545.000000000,star_tau_elnath,STAR,81.573000,28.608000,1.65,280.462105800,280.460618370,280.458555730,280.457067272,89.19569872,-57.85190403,89.19569872,-57.81815086,89.19569872,-57.81872264,89.19311934,-57.85191531,89.19311934,-57.85191531,89.19404127,-57.84779399
CapeTown,-33.93,18.42,25.0,2000-01-01T12:00:00,2451545.000000000,star_aur_capella,STAR,79.172000,45.998000,0.08,280.462105800,280.460618370,280.458555730,280.457067272,56.07453209,-57.66783380,56.07453209,-57.63352448,56.07453209,-57.63410682,56.07351171,-57.66670139,56.07351171,-57.66670139,56.07779824,-57.66364214
CapeTown,-33.93,18.42,25.0,2000-01-01T12:00:00,2451545.000000000,star_umi_polaris,STAR,37.954000,89.264000,1.98,280.462105800,280.460618370,280.458555730,280.457067272,0.87311454,-34.04555835,0.87311454,-33.92461575,0.87311454,-33.92737297,0.87711356,-34.04300350,0.87711356,-34.04300350,0.87968984,-34.04360049
CapeTown,-33.93,18.42,25.0,2000-01-01T12:00:00,2451545.000000000,star_uma_dubhe,STAR,165.932000,61.751000,1.79,280.462105800,280.460618370,280.458555730,280.457067272,327.83007252,-49.40131803,327.83007252,-49.33872840,327.83007252,-49.33989683,327.83453093,-49.39830298,327.83453093,-49.39830298,327.83797960,-49.40106113
CapeTown,-33.93,18.42,25.0,2000-01-01T12:00:00,2451545.000000000,star_uma_merak,STAR,165.460000,56.380000,2.37,280.462105800,280.460618370,280.458555730,280.457067272,319.94939174,-51.31481377,319.94939174,-51.25925132,319.94939174,-51.26026475,319.95403160,-51.31188989,319.95403160,-51.31188989,319.95722915,-51.31505327
CapeTown,-33.93,18.42,25.0,2000-01-01T12:00:00,2451545.000000000,star_uma_alioth,STAR,193.507000,55.960000,1.77,280.462105800,280.460618370,280.458555730,280.457067272,318.24477855,-35.85176318,318.24477855,-35.73735191,318.24477855,-35.73989885,318.24948282,-35.84810581,318.24948282,-35.84810581,318.25117077,-35.85134926
CapeTown,-33.93,18.42,25.0,2000-01-01T12:00:00,2451545.000000000,star_uma_mizar,STAR,206.884000,54.920000,2.23,280.462105800,280.460618370,280.458555730,280.457067272,319.29834305,-28.25734636,319.29834305,-28.11712532,319.29834305,-28.12056818,319.30322116,-28.25333214,319.30322116,-28.25333214,319.30445181,-28.25652646
CapeTown,-33.93,18.42,25.0,2000-01-01T12:00:00,2451545.000000000,star_uma_alkaid,STAR,209.800000,49.310000,1.85,280.462105800,280.460618370,280.458555730,280.457067272,314.24332792,-24.49374493,314.24332792,-24.34264610,314.24332792,-24.34652741,314.24822619,-24.48942653,314.24822619,-24.48942653,314.24910262,-24.49284646
CapeTown,-33.93,18.42,25.0,2000-01-01T12:00:00,2451545.000000000,star_cas_schedar,STAR,9.880000,59.150000,2.24,280.462105800,280.460618370,280.458555730,280.457067272,31.04199666,-19.92025040,31.04199666,-19.75794218,31.04199666,-19.76232423,31.04547740,-19.91977752,31.04547740,-19.91977752,31.04666216,-19.91821284
CapeTown,-33.93,18.42,25.0,2000-01-01T12:00:00,2451545.000000000,star_cas_caph,STAR,1.150000,59.150000,2.28,280.462105800,280.460618370,280.458555730,280.457067272,28.22550310,-16.33516263,28.22550310,-16.16567063,28.22550310,-16.17040452,28.22940929,-16.33471173,28.22940929,-16.33471173,28.23034631,-16.33333956
CapeTown,-33.93,18.42,25.0,2000-01-01T12:00:00,2451545.000000000,star_per_mirfak,STAR,51.080000,49.860000,1.79,280.462105800,280.460618370,280.458555730,280.457067272,50.14025602,-38.96511327,50.14025602,-38.86237166,50.14025602,-38.86456633,50.14125156,-38.96453741,50.14125156,-38.96453741,50.14358143,-38.96178950
CapeTown,-33.93,18.42,25.0,2000-01-01T12:00:00,2451545.000000000,star_per_algol,STAR,47.040000,40.960000,2.12,280.462105800,280.460618370,280.458555730,280.457067272,60.10482246,-34.14018359,60.10482246,-34.01957796,60.10482246,-34.02232408,60.10551916,-34.14031751,60.10551916,-34.14031751,60.10708216,-34.13706525
CapeTown,-33.93,18.42,25.0,2000-01-01T12:00:00,2451545.000000000,star_boo_arcturus,STAR,213.915000,19.182000,-0.05,280.462105800,280.460618370,280.458555730,280.457067272,288.72118514,-6.58570415,288.72118514,-6.40364803,288.72118514,-6.40906010,288.72527614,-6.57964830,288.72527614,-6.57964830,288.72513580,-6.58377267
CapeTown,-33.93,18.42,25.0,2000-01-01T12:00:00,2451545.000000000,star_vir_spica,STAR,201.298000,-11.161000,0.98,280.462105800,280.460618370,280.458555730,280.457067272,256.53474349,0.03256628,256.53474349,0.21770629,256.53474349,0.21213321,256.53599437,0.50956653,256.53599437,0.50843799,256.53577422,0.60219641
CapeTown,-33.93,18.42,25.0,2000-01-01T12:00:00,2451545.000000000,star_sco_antares,STAR,247.352000,-26.432000,0.96,280.462105800,280.460618370,280.458555730,280.457067272,265.24003979,45.28421828,265.24003979,45.30014938,265.24003979,45.29989882,265.24140713,45.31076370,265.24140713,45.31072421,265.24219700,45.30664627
CapeTown,-33.93,18.42,25.0,2000-01-01T12:00:00,2451545.000000000,star_sco_shaula,STAR,262.690000,-37.030000,1.62,280.462105800,280.460618370,280.458555730,280.457067272,253.45616162,60.53654638,253.45616162,60.54564451,253.45616162,60.54550153,253.45310645,60.55634755,253.45310645,60.55632500,253.45608935,60.55254237
CapeTown,-33.93,18.42,25.0,2000-01-01T12:00:00,2451545.000000000,star_leo_regulus,STAR,152.093000,11.967000,1.36,280.462105800,280.460618370,280.458555730,280.457067272,242.00927779,-52.63777727,242.00927779,-52.58693095,242.00927779,-52.58784393,242.01235512,-52.63688923,242.01235512,-52.63688923,242.00883086,-52.64022714
CapeTown,-33.93,18.42,25.0,2000-01-01T12:00:00,2451545.000000000,star_gem_pollux,STAR,116.329000,28.026000,1.14,280.462105800,280.460618370,280.458555730,280.457067272,159.03279579,-83.70371048,159.03279579,-83.70490305,159.03279579,-83.70488605,159.02626527,-83.70549492,159.02626527,-83.70549492,158.99322818,-83.70339858
CapeTown,-33.93,18.42,25.0,2000-01-01T12:00:00,2451545.000000000,star_gem_castor,STAR,113.650000,31.888000,1.58,280.462105800,280.460618370,280.458555730,280.457067272,113.53862276,-85.16006657,113.53862276,-85.16110818,113.53862276,-85.16109338,113.51663965,-85.16074110,113.51663965,-85.16074110,113.50411175,-85.15668956
CapeTown,-33.93,18.42,25.0,2000-01-01T12:00:00,2451545.000000000,star_psa_fomalhaut,STAR,344.413000,-29.622000,1.17,280.462105800,280.460618370,280.458555730,280.457067272,96.45996978,51.37213294,96.45996978,51.38499635,96.45996978,51.38479411,96.45798722,51.37688829,96.45798722,51.37685638,96.45752634,51.38101660
CapeTown,-33.93,18.42,25.0,2000-01-01T12:00:00,2451545.000000000,star_eri_achernar,STAR,24.429000,-57.237000,0.45,280.462105800,280.460618370,280.458555730,280.457067272,141.34209768,30.28247274,141.34209768,30.30995159,141.34209768,30.30951838,141.33517765,30.30702674,141.33517765,30.30695871,141.33659895,30.31005433
CapeTown,-33.93,18.42,25.0,2000-01-01T12:00:00,2451545.000000000,dso_m31_andromeda,GALAXY,10.684000,41.269000,3.44,280.462105800,280.460618370,280.458555730,280.457067272,46.46893198,-9.98791741,46.46893198,-9.80912271,46.46893198,-9.81435229,46.47205305,-9.98912122,46.47205305,-9.98912122,46.47241723,-9.98658087
CapeTown,-33.93,18.42,25.0,2000-01-01T12:00:00,2451545.000000000,dso_lmc,GALAXY,80.894000,-69.756000,0.9,280.462105800,280.460618370,280.458555730,280.457067272,167.11844756,17.30263487,167.11844756,17.35361731,167.11844756,17.35280628,167.11219773,17.35444773,167.11219773,17.35432228,167.11318514,17.35610668
CapeTown,-33.93,18.42,25.0,2000-01-01T12:00:00,2451545.000000000,dso_smc,GALAXY,14.766000,-72.801000,2.7,280.462105800,280.460618370,280.458555730,280.457067272,159.14487580,36.37443584,159.14487580,36.39625376,159.14487580,36.39591024,159.13567186,36.39519338,159.13567186,36.39513932,159.13812066,36.39721256
CapeTown,-33.93,18.42,25.0,2000-01-01T12:00:00,2451545.000000000,dso_m33_triangulum,GALAXY,23.462000,30.660000,5.72,280.462105800,280.460618370,280.458555730,280.457067272,61.32018736,-12.54775036,61.32018736,-12.37219228,61.32018736,-12.37724434,61.32199364,-12.54958939,61.32199364,-12.54958939,61.32234264,-12.54628202
CapeTown,-33.93,18.42,25.0,2000-01-01T12:00:00,2451545.000000000,dso_m45_pleiades,STAR_CLUSTER,56.871000,24.105000,1.6,280.462105800,280.460618370,280.458555730,280.457067272,82.94813323,-35.69324320,82.94813323,-35.57825074,82.94813323,-35.58081600,82.94739991,-35.69411635,82.94739991,-35.69411635,82.94801389,-35.69009766
CapeTown,-33.93,18.42,25.0,2000-01-01T12:00:00,2451545.000000000,dso_hyades,STAR_CLUSTER,66.750000,15.870000,0.5,280.462105800,280.460618370,280.458555730,280.457067272,97.70612291,-39.98478731,97.70612291,-39.88595150,97.70612291,-39.88803440,97.70452032,-39.98580186,97.70452032,-39.98580186,97.70438351,-39.98161959
CapeTown,-33.93,18.42,25.0,2000-01-01T12:00:00,2451545.000000000,dso_m44_beehive,STAR_CLUSTER,130.100000,19.670000,3.7,280.462105800,280.460618370,280.458555730,280.457067272,217.79531131,-72.60025270,217.79531131,-72.59673938,217.79531131,-72.59679188,217.79984544,-72.60134135,217.79984544,-72.60134135,217.78791440,-72.60335107
CapeTown,-33.93,18.42,25.0,2000-01-01T12:00:00,2451545.000000000,dso_double_cluster,STAR_CLUSTER,34.740000,57.130000,3.7,280.462105800,280.460618370,280.458555730,280.457067272,39.03039433,-30.98586964,39.03039433,-30.85438738,39.03039433,-30.85750641,39.03262656,-30.98521804,39.03262656,-30.98521804,39.03458200,-30.98312940
CapeTown,-33.93,18.42,25.0,2000-01-01T12:00:00,2451545.000000000,dso_coma_cluster,STAR_CLUSTER,185.600000,26.100000,1.8,280.462105800,280.460618370,280.458555730,280.457067272,281.43649459,-32.68855394,281.43649459,-32.56284863,281.43649459,-32.56576572,281.44028836,-32.68477400,281.44028836,-32.68477400,281.44017760,-32.68895393
CapeTown,-33.93,18.42,25.0,2000-01-01T12:00:00,2451545.000000000,dso_omega_centauri,GLOBULAR_CLUSTER,201.700000,-47.470000,3.9,280.462105800,280.460618370,280.458555730,280.457067272,225.52482678,19.94759269,225.52482678,19.99151797,225.52482678,19.99082152,225.52149727,19.99896678,225.52149727,19.99885853,225.52249788,19.99650727
CapeTown,-33.93,18.42,25.0,2000-01-01T12:00:00,2451545.000000000,dso_47_tucanae,GLOBULAR_CLUSTER,6.020000,-72.080000,4.1,280.462105800,280.460618370,280.458555730,280.457067272,158.59034226,39.07168597,158.59034226,39.09148976,158.59034226,39.09117809,158.58055655,39.09022789,158.58055655,39.09017880,158.58326167,39.09228433
CapeTown,-33.93,18.42,25.0,2000-01-01T12:00:00,2451545.000000000,dso_m13_hercules,GLOBULAR_CLUSTER,250.420000,36.460000,5.8,280.462105800,280.460618370,280.458555730,280.457067272,322.71424029,6.35896665,322.71424029,6.48837922,322.71424029,6.48612671,322.72095923,6.49581862,322.72095923,6.49550326,322.72041611,6.49622483
CapeTown,-33.93,18.42,25.0,2000-01-01T12:00:00,2451545.000000000,dso_m42_orion_nebula,NEBULA,83.822000,-5.391000,4.0,280.462105800,280.460618370,280.458555730,280.457067272,132.98229802,-38.59000372,132.98229802,-38.48583391,132.98229802,-38.48807019,132.97991100,-38.59144211,132.97991100,-38.59144211,132.97782802,-38.58796963
CapeTown,-33.93,18.42,25.0,2000-01-01T12:00:00,2451545.000000000,dso_m8_lagoon,NEBULA,270.920000,-24.380000,6.0,280.462105800,280.460618370,280.458555730,280.457067272,284.00573200,63.87915904,284.00573200,63.88705686,284.00573200,63.88693275,284.01421881,63.89761472,284.01421881,63.89759515,284.01326398,63.89341859
CapeTown,-33.93,18.42,25.0,2000-01-01T12:00:00,2451545.000000000,dso_eta_carinae_nebula,NEBULA,161.260000,-59.870000,1.0,280.462105800,280.460618370,280.458555730,280.457067272,200.10540681,10.08261904,200.10540681,10.16933468,200.10540681,10.16791814,200.10097653,10.17384693,200.10097653,10.17363554,200.10148570,10.17403727
Honolulu,21.31,-157.86,5.0,2000-01-01T12:00:00,2451545.000000000,star_cma_sirius,STAR,101.287000,-16.716000,-1.46,280.462105800,280.460618370,280.458555730,280.457067272,210.44033267,46.61189485,210.44033267,46.62710588,210.44033267,46.62689542,210.44342063,46.62828473,210.44342063,46.62827718,210.44615208,46.62570661
Honolulu,21.31,-157.86,5.0,2000-01-01T12:00:00,2451545.000000000,star_cma_adhara,STAR,104.656000,-28.972000,1.5,280.462105800,280.460618370,280.458555730,280.457067272,199.67060169,36.82492846,199.67060169,36.84639270,199.67060169,36.84609534,199.67385234,36.84748957,199.67385234,36.84747893,199.67588454,36.84555485
Honolulu,21.31,-157.86,5.0,2000-01-01T12:00:00,2451545.000000000,star_cma_wezen,STAR,107.098000,-26.393000,1.83,280.462105800,280.460618370,280.458555730,280.457067272,198.20197873,39.98755511,198.20197873,40.00672698,198.20197873,40.00646152,198.20506319,40.00775441,198.20506319,40.00774490,198.20746550,40.00591706
Honolulu,21.31,-157.86,5.0,2000-01-01T12:00:00,2451545.000000000,star_cma_mirzam,STAR,95.675000,-17.956000,1.98,280.462105800,280.460618370,280.458555730,280.457067272,215.87705730,42.69984075,215.87705730,42.71727262,215.87705730,42.71703133,215.88029154,42.71858300,215.88029154,42.71857435,215.88234758,42.71570194
Honolulu,21.31,-157.86,5.0,2000-01-01T12:00:00,2451545.000000000,star_cmi_procyon,STAR,114.825000,5.225000,0.34,280.462105800,280.460618370,280.458555730,280.457067272,206.19247817,72.23643350,206.19247817,72.24159447,206.19247817,72.24152314,206.19570683,72.24282152,206.19570683,72.24281896,206.20573063,72.24052999
Honolulu,21.31,-157.86,5.0,2000-01-01T12:00:00,2451545.000000000,star_car_canopus,STAR,95.987000,-52.695000,-0.74,280.462105800,280.460618370,280.458555730,280.457067272,196.13687166,12.45925916,196.13687166,12.53012967,196.13687166,12.52912082,196.14149556,12.53164666,196.14149556,12.53161195,196.14160981,12.53050140
Honolulu,21.31,-157.86,5.0,2000-01-01T12:00:00,2451545.000000000,star_car_miaplacidus,STAR,138.300000,-69.720000,1.67,280.462105800,280.460618370,280.458555730,280.457067272,174.60924787,-1.71874557,174.60924787,-1.53401120,174.60924787,-1.53924197,174.61476559,-1.72071339,174.61476559,-1.72071339,174.61391921,-1.72084818
Honolulu,21.31,-157.86,5.0,2000-01-01T12:00:00,2451545.000000000,star_cen_rigil_kent,STAR,219.900000,-60.833000,-0.01,280.462105800,280.460618370,280.458555730,280.457067272,148.56286272,-22.02171115,148.56286272,-21.86427131,148.56286272,-21.86814981,148.56923515,-22.02733358,148.56923515,-22.02733358,148.56698963,-22.02564370
Honolulu,21.31,-157.86,5.0,2000-01-01T12:00:00,2451545.000000000,star_cen_hadar,STAR,210.956000,-60.373000,0.61,280.462105800,280.460618370,280.458555730,280.457067272,148.76416823,-17.61522377,148.76416823,-17.44813443,148.76416823,-17.45245166,148.77001169,-17.62059722,148.77001169,-17.62059722,148.76809169,-17.61892055
Honolulu,21.31,-157.86,5.0,2000-01-01T12:00:00,2451545.000000000,star_lyr_vega,STAR,279.234000,38.783000,0.03,280.462105800,280.460618370,280.458555730,280.457067272,20.13284459,-26.03886761,20.13284459,-25.89206080,20.13284459,-25.89550336,20.12443187,-26.04332685,20.12443187,-26.04332685,20.12549991,-26.04142893
Honolulu,21.31,-157.86,5.0,2000-01-01T12:00:00,2451545.000000000,star_cyg_deneb,STAR,310.358000,45.280000,1.25,280.462105800,280.460618370,280.458555730,280.457067272,354.08139685,-23.03453690,354.08139685,-22.87961559,354.08139685,-22.88338665,354.07346767,-23.03562984,354.07346767,-23.03562984,354.07449936,-23.03553395
Honolulu,21.31,-157.86,5.0,2000-01-01T12:00:00,2451545.000000000,star_cyg_sadr,STAR,305.557000,40.260000,2.23,280.462105800,280.460618370,280.458555730,280.457067272,357.44214861,-28.36688668,357.44214861,-28.22700328,357.44214861,-28.23018479,357.43322841,-28.36822159,357.43322841,-28.36822159,357.43472671,-28.36788408
Honolulu,21.31,-157.86,5.0,2000-01-01T12:00:00,2451545.000000000,star_cyg_albireo,STAR,292.680000,27.960000,3.05,280.462105800,280.460618370,280.458555730,280.457067272,11.43259715,-39.80367712,11.43259715,-39.70414531,11.43259715,-39.70607176,11.42114060,-39.80671976,11.42114060,-39.80671976,11.42367583,-39.80539810
Honolulu,21.31,-157.86,5.0,2000-01-01T12:00:00,2451545.000000000,star_aql_altair,STAR,297.696000,8.868000,0.76,280.462105800,280.460618370,280.458555730,280.457067272,9.57668759,-59.43838870,9.57668759,-59.40926651,9.57668759,-59.40970114,9.55699162,-59.44057486,9.55699162,-59.44057486,9.56295898,-59.43938095
Honolulu,21.31,-157.86,5.0,2000-01-01T12:00:00,2451545.000000000,star_ori_betelgeuse,STAR,88.793000,7.407000,0.5,280.462105800,280.460618370,280.458555730,280.457067272,251.98799315,54.53976848,251.98799315,54.55123607,251.98799315,54.55107750,251.99131288,54.55196442,251.99131288,54.55195872,251.99167110,54.54786814
Honolulu,21.31,-157.86,5.0,2000-01-01T12:00:00,2451545.000000000,star_ori_rigel,STAR,78.634000,-8.202000,0.13,280.462105800,280.460618370,280.458555730,280.457067272,240.30302369,37.72381258,240.30302369,37.74459257,240.30302369,37.74430474,240.30610654,37.74624180,240.30610654,37.74623149,240.30660230,37.74236403
Honolulu,21.31,-157.86,5.0,2000-01-01T12:00:00,2451545.000000000,star_ori_bellatrix,STAR,81.283000,6.350000,1.64,280.462105800,280.460618370,280.458555730,280.457067272,255.61514790,47.36159665,255.61514790,47.37641477,255.61514790,47.37620976,255.61805647,47.37738166,255.61805647,47.37737431,255.61788980,47.37323438
Honolulu,21.31,-157.86,5.0,2000-01-01T12:00:00,2451545.000000000,star_ori_saiph,STAR,86.939000,-9.670000,2.07,280.462105800,280.460618370,280.458555730,280.457067272,232.08393926,43.24725717,232.08393926,43.26435934,232.08393926,43.26412264,232.08715509,43.26574074,232.08715509,43.26573225,232.08841158,43.26213251
Honolulu,21.31,-157.86,5.0,2000-01-01T12:00:00,2451545.000000000,star_ori_alnitak,STAR,85.190000,-1.940000,1.77,280.462105800,280.460618370,280.458555730,280.457067272,242.20085604,46.66003266,242.20085604,46.67521817,242.20085604,46.67500807,242.20399803,46.67640446,242.20399803,46.67639692,242.20480963,46.67248651
Honolulu,21.31,-157.86,5.0,2000-01-01T12:00:00,2451545.000000000,star_ori_alnilam,STAR,84.530000,-1.200000,1.69,280.462105800,280.460618370,280.458555730,280.457067272,243.63028665,46.52555698,243.63028665,46.54081387,243.63028665,46.54060278,243.63340566,46.54199166,243.63340566,46.54198409,243.63410793,46.53803864
Honolulu,21.31,-157.86,5.0,2000-01-01T12:00:00,2451545.000000000,star_ori_mintaka,STAR,84.050000,-0.300000,2.23,280.462105800,280.460618370,280.458555730,280.457067272,245.10879966,46.61065289,245.10879966,46.62586458,245.10879966,46.62565411,245.11189783,46.62702236,245.11189783,46.62701481,245.11249744,46.62303592
Honolulu,21.31,-157.86,5.0,2000-01-01T12:00:00,2451545.000000000,star_tau_aldebaran,STAR,68.980000,16.509000,0.85,280.462105800,280.460618370,280.458555730,280.457067272,274.29928644,39.27955265,274.29928644,39.29921088,274.29928644,39.29893866,274.30119383,39.30028326,274.30119383,39.30027350,274.29979517,39.29617815
Honolulu,21.31,-157.86,5.0,2000-01-01T12:00:00,2451545.000000000,star_tau_elnath,STAR,81.573000,28.608000,1.65,280.462105800,280.460618370,280.458555730,280.457067272,289.61440208,52.28458099,289.61440208,52.29703029,289.61440208,52.29685812,289.61642378,52.29686239,289.61642378,52.29685621,289.61328955,52.29313576
Honolulu,21.31,-157.86,5.0,2000-01-01T12:00:00,2451545.000000000,star_aur_capella,STAR,79.172000,45.998000,0.08,280.462105800,280.460618370,280.458555730,280.457067272,315.54943301,47.00888685,315.54943301,47.02388864,315.54943301,47.02368109,315.54969540,47.02309541,315.54969540,47.02308797,315.54544712,47.02054685
Honolulu,21.31,-157.86,5.0,2000-01-01T12:00:00,2451545.000000000,star_umi_polaris,STAR,37.954000,89.264000,1.98,280.462105800,280.460618370,280.458555730,280.457067272,359.21662495,21.37964115,359.21662495,21.42042362,359.21662495,21.41985475,359.21307343,21.41885495,359.21307343,21.41883481,359.21074597,21.41931201
Honolulu,21.31,-157.86,5.0,2000-01-01T12:00:00,2451545.000000000,star_uma_dubhe,STAR,165.932000,61.751000,1.79,280.462105800,280.460618370,280.458555730,280.457067272,25.03449064,39.85899639,25.03449064,39.87825552,25.03449064,39.87798884,25.03146965,39.87537323,25.03146965,39.87536367,25.02783483,39.87751138
Honolulu,21.31,-157.86,5.0,2000-01-01T12:00:00,2451545.000000000,star_uma_merak,STAR,165.460000,56.380000,2.37,280.462105800,280.460618370,280.458555730,280.457067272,30.94379915,42.90317197,30.94379915,42.92048059,30.94379915,42.92024102,30.94079974,42.91755750,30.94079974,42.91754891,30.93706356,42.92004664
Honolulu,21.31,-157.86,5.0,2000-01-01T12:00:00,2451545.000000000,star_uma_alioth,STAR,193.507000,55.960000,1.77,280.462105800,280.460618370,280.458555730,280.457067272,36.86783310,28.14906121,36.86783310,28.17902750,36.86783310,28.17861134,36.86435999,28.17563274,36.86435999,28.17561790,36.86205271,28.17844127
Honolulu,21.31,-157.86,5.0,2000-01-01T12:00:00,2451545.000000000,star_uma_mizar,STAR,206.884000,54.920000,2.23,280.462105800,280.460618370,280.458555730,280.457067272,37.64017415,20.53487736,37.64017415,20.57746480,37.64017415,20.57687023,37.63640392,20.57392650,37.63640392,20.57390548,37.63458661,20.57684005
Honolulu,21.31,-157.86,5.0,2000-01-01T12:00:00,2451545.000000000,star_uma_alkaid,STAR,209.800000,49.310000,1.85,280.462105800,280.460618370,280.458555730,280.457067272,43.14622785,17.77517843,43.14622785,17.82475797,43.14622785,17.82406318,43.14247037,17.82096748,43.14247037,17.82094305,43.14090480,17.82421846
Honolulu,21.31,-157.86,5.0,2000-01-01T12:00:00,2451545.000000000,star_cas_schedar,STAR,9.880000,59.150000,2.24,280.462105800,280.460618370,280.458555730,280.457067272,331.52007355,7.32570615,331.52007355,7.44098604,331.52007355,7.43924459,331.51661337,7.44238631,331.51661337,7.44233017,331.51539645,7.44330908
Honolulu,21.31,-157.86,5.0,2000-01-01T12:00:00,2451545.000000000,star_cas_caph,STAR,1.150000,59.150000,2.28,280.462105800,280.460618370,280.458555730,280.457067272,334.00598397,3.59839396,334.00598397,3.78014965,334.00598397,3.77636694,334.00207004,3.79849577,334.00207004,3.79839960,334.00110189,3.80805082
Honolulu,21.31,-157.86,5.0,2000-01-01T12:00:00,2451545.000000000,star_per_mirfak,STAR,51.080000,49.860000,1.79,280.462105800,280.460618370,280.458555730,280.457067272,316.21745637,27.91913084,316.21745637,27.94938553,316.21745637,27.94896532,316.21636857,27.94983317,316.21636857,27.94981819,316.21388909,27.94732035
Honolulu,21.31,-157.86,5.0,2000-01-01T12:00:00,2451545.000000000,star_per_algol,STAR,47.040000,40.960000,2.12,280.462105800,280.460618370,280.458555730,280.457067272,306.55776376,24.43742508,306.55776376,24.47264298,306.55776376,24.47215292,306.55706475,24.47389301,306.55706475,24.47387559,306.55504418,24.47087874
Honolulu,21.31,-157.86,5.0,2000-01-01T12:00:00,2451545.000000000,star_boo_arcturus,STAR,213.915000,19.182000,-0.05,280.462105800,280.460618370,280.458555730,280.457067272,71.60833433,5.69812110,71.60833433,5.83881416,71.60833433,5.83655448,71.60568277,5.83516699,71.60568277,5.83509795,71.60488083,5.84349404
Honolulu,21.31,-157.86,5.0,2000-01-01T12:00:00,2451545.000000000,star_vir_spica,STAR,201.298000,-11.161000,0.98,280.462105800,280.460618370,280.458555730,280.457067272,104.57695824,6.24898094,104.57695824,6.38017587,104.57695824,6.37812368,104.57703251,6.37611415,104.57703251,6.37605003,104.57647797,6.38340879
Honolulu,21.31,-157.86,5.0,2000-01-01T12:00:00,2451545.000000000,star_sco_antares,STAR,247.352000,-26.432000,0.96,280.462105800,280.460618370,280.458555730,280.457067272,107.30029298,-39.58374850,107.30029298,-39.48337276,107.30029298,-39.48532171,107.30274135,-39.59380015,107.30274135,-39.59380015,107.30060040,-39.59004692
Honolulu,21.31,-157.86,5.0,2000-01-01T12:00:00,2451545.000000000,star_sco_shaula,STAR,262.690000,-37.030000,1.62,280.462105800,280.460618370,280.458555730,280.457067272,123.45488955,-52.11719328,123.45488955,-52.06450656,123.45488955,-52.06536608,123.46262635,-52.12671318,123.46262635,-52.12671318,123.45844284,-52.12358555
Honolulu,21.31,-157.86,5.0,2000-01-01T12:00:00,2451545.000000000,star_leo_regulus,STAR,152.093000,11.967000,1.36,280.462105800,280.460618370,280.458555730,280.457067272,103.57368227,60.29891378,103.57368227,60.30810015,103.57368227,60.30797315,103.57078707,60.30708827,103.57078707,60.30708371,103.57263706,60.31090854
Honolulu,21.31,-157.86,5.0,2000-01-01T12:00:00,2451545.000000000,star_gem_pollux,STAR,116.329000,28.026000,1.14,280.462105800,280.460618370,280.458555730,280.457067272,320.95742161,81.19912307,320.95742161,81.20161752,320.95742161,81.20158305,320.96461916,81.20009837,320.96461916,81.20009715,320.94124877,81.19792119
Honolulu,21.31,-157.86,5.0,2000-01-01T12:00:00,2451545.000000000,star_gem_castor,STAR,113.650000,31.888000,1.58,280.462105800,280.460618370,280.458555730,280.457067272,324.81524260,76.75218893,324.81524260,76.75598187,324.81524260,76.75592946,324.81935719,76.75434764,324.81935719,76.75434577,324.80315200,76.75240480
Honolulu,21.31,-157.86,5.0,2000-01-01T12:00:00,2451545.000000000,star_psa_fomalhaut,STAR,344.413000,-29.622000,1.17,280.462105800,280.460618370,280.458555730,280.457067272,248.77434863,-51.56347825,248.77434863,-51.50881189,248.77434863,-51.50971017,248.78123165,-51.55582573,248.78123165,-51.55582573,248.77925486,-51.55983036
Honolulu,21.31,-157.86,5.0,2000-01-01T12:00:00,2451545.000000000,star_eri_achernar,STAR,24.429000,-57.237000,0.45,280.462105800,280.460618370,280.458555730,280.457067272,215.33142165,-22.16485678,215.33142165,-22.00776613,215.33142165,-22.01162957,215.33870067,-22.16226569,215.33870067,-22.16226569,215.33674076,-22.16505860
Honolulu,21.31,-157.86,5.0,2000-01-01T12:00:00,2451545.000000000,dso_m31_andromeda,GALAXY,10.684000,41.269000,3.44,280.462105800,280.460618370,280.458555730,280.457067272,315.77782145,-1.24037251,315.77782145,-1.05549825,315.77782145,-1.06073522,315.77479642,-0.56364681,315.77479642,-0.56397084,315.77414532,-1.24130390
Honolulu,21.31,-157.86,5.0,2000-01-01T12:00:00,2451545.000000000,dso_lmc,GALAXY,80.894000,-69.756000,0.9,280.462105800,280.460618370,280.458555730,280.457067272,193.37113100,-5.75569934,193.37113100,-5.57302320,193.37113100,-5.57814756,193.37730143,-5.75584264,193.37730143,-5.75584264,193.37618964,-5.75729684
Honolulu,21.31,-157.86,5.0,2000-01-01T12:00:00,2451545.000000000,dso_smc,GALAXY,14.766000,-72.801000,2.7,280.462105800,280.460618370,280.458555730,280.457067272,198.17326593,-25.56453726,198.17326593,-25.41638653,198.17326593,-25.41988174,198.18185001,-25.56384973,198.18185001,-25.56384973,198.17934492,-25.56562223
Honolulu,21.31,-157.86,5.0,2000-01-01T12:00:00,2451545.000000000,dso_m33_triangulum,GALAXY,23.462000,30.660000,5.72,280.462105800,280.460618370,280.458555730,280.457067272,301.70983926,3.32803664,301.70983926,3.51330287,301.70983926,3.50911566,301.70831394,3.54069280,301.70831394,3.54059174,301.70744055,3.54998378
Honolulu,21.31,-157.86,5.0,2000-01-01T12:00:00,2451545.000000000,dso_m45_pleiades,STAR_CLUSTER,56.871000,24.105000,1.6,280.462105800,280.460618370,280.458555730,280.457067272,286.34937641,29.86822162,286.34937641,29.89615856,286.34937641,29.89577083,286.35023608,29.89768412,286.35023608,29.89767028,286.34856464,29.89384251
Honolulu,21.31,-157.86,5.0,2000-01-01T12:00:00,2451545.000000000,dso_hyades,STAR_CLUSTER,66.750000,15.870000,0.5,280.462105800,280.460618370,280.458555730,280.457067272,274.20238553,37.04588510,274.20238553,37.06717854,274.20238553,37.06688356,274.20420621,37.06842388,274.20420621,37.06841332,274.20286486,37.06431581
Honolulu,21.31,-157.86,5.0,2000-01-01T12:00:00,2451545.000000000,dso_m44_beehive,STAR_CLUSTER,130.100000,19.670000,3.7,280.462105800,280.460618370,280.458555730,280.457067272,101.81465416,82.78385173,101.81465416,82.78589173,101.81465416,82.78586354,101.80108868,82.78596585,101.80108868,82.78596485,101.81101397,82.78986331
Honolulu,21.31,-157.86,5.0,2000-01-01T12:00:00,2451545.000000000,dso_double_cluster,STAR_CLUSTER,34.740000,57.130000,3.7,280.462105800,280.460618370,280.458555730,280.457067272,325.02095150,18.91394725,325.02095150,18.96041307,325.02095150,18.95976305,325.01873775,18.96118957,325.01873775,18.96116666,325.01676376,18.95931972
Honolulu,21.31,-157.86,5.0,2000-01-01T12:00:00,2451545.000000000,dso_coma_cluster,STAR_CLUSTER,185.600000,26.100000,1.8,280.462105800,280.460618370,280.458555730,280.457067272,71.89109984,32.66510322,71.89109984,32.69014856,71.89109984,32.68980126,71.88858569,32.68655556,71.88858569,32.68654314,71.88736504,32.69053652
Honolulu,21.31,-157.86,5.0,2000-01-01T12:00:00,2451545.000000000,dso_omega_centauri,GLOBULAR_CLUSTER,201.700000,-47.470000,3.9,280.462105800,280.460618370,280.458555730,280.457067272,137.83197539,-8.54896078,137.83197539,-8.36864400,137.83197539,-8.37364010,137.83595373,-8.55480967,137.83595373,-8.55480967,137.83472226,-8.55244827
Honolulu,21.31,-157.86,5.0,2000-01-01T12:00:00,2451545.000000000,dso_47_tucanae,GLOBULAR_CLUSTER,6.020000,-72.080000,4.1,280.462105800,280.460618370,280.458555730,280.457067272,198.20213404,-28.29708153,198.20213404,-28.15698283,198.20213404,-28.16017222,198.21116677,-28.29632532,198.21116677,-28.29632532,198.20843852,-28.29809972
Honolulu,21.31,-157.86,5.0,2000-01-01T12:00:00,2451545.000000000,dso_m13_hercules,GLOBULAR_CLUSTER,250.420000,36.460000,5.8,280.462105800,280.460618370,280.458555730,280.457067272,40.92703704,-14.08754469,40.92703704,-13.91426644,40.92703704,-13.91888999,40.92116834,-14.09405549,40.92116834,-14.09405549,40.92113665,-14.09098027
Honolulu,21.31,-157.86,5.0,2000-01-01T12:00:00,2451545.000000000,dso_m42_orion_nebula,NEBULA,83.822000,-5.391000,4.0,280.462105800,280.460618370,280.458555730,280.457067272,239.33816762,43.54634174,239.33816762,43.56326656,239.33816762,43.56303232,239.34130199,43.56461437,239.34130199,43.56460597,239.34213724,43.56076941
Honolulu,21.31,-157.86,5.0,2000-01-01T12:00:00,2451545.000000000,dso_m8_lagoon,NEBULA,270.920000,-24.380000,6.0,280.462105800,280.460618370,280.458555730,280.457067272,102.13474565,-60.69829998,102.13474565,-60.67263902,102.13474565,-60.67301669,102.13773324,-60.70929478,102.13773324,-60.70929478,102.13456828,-60.70540237
Honolulu,21.31,-157.86,5.0,2000-01-01T12:00:00,2451545.000000000,dso_eta_carinae_nebula,NEBULA,161.260000,-59.870000,1.0,280.462105800,280.460618370,280.458555730,280.457067272,161.69487516,2.91714512,161.69487516,3.10294897,161.69487516,3.09786586,161.69944548,3.14248411,161.69944548,3.14237452,161.69892921,3.15852390
Quito,0.0,-78.5,2850.0,2000-01-01T12:00:00,2451545.000000000,star_cma_sirius,STAR,101.287000,-16.716000,-1.46,280.462105800,280.460618370,280.458555730,280.457067272,253.00512216,-10.21271112,253.00512216,-10.03417336,253.00512216,-10.07929419,253.00670270,-10.21422488,253.00670270,-10.21422488,253.00525499,-10.21702835
Quito,0.0,-78.5,2850.0,2000-01-01T12:00:00,2451545.000000000,star_cma_adhara,STAR,104.656000,-28.972000,1.5,280.462105800,280.460618370,280.458555730,280.457067272,240.82872659,-6.38103054,240.82872659,-6.19881521,240.82872659,-6.24489453,240.82991162,-6.38331108,240.82991162,-6.38331108,240.82860860,-6.38542362
Quito,0.0,-78.5,2850.0,2000-01-01T12:00:00,2451545.000000000,star_cma_wezen,STAR,107.098000,-26.393000,1.83,280.462105800,280.460618370,280.458555730,280.457067272,243.52368640,-4.34948773,243.52368640,-4.16591542,243.52368640,-4.21234620,243.52476848,-4.35155433,243.52476848,-4.35155433,243.52359857,-4.35382914
Quito,0.0,-78.5,2850.0,2000-01-01T12:00:00,2451545.000000000,star_cma_mirzam,STAR,95.675000,-17.956000,1.98,280.462105800,280.460618370,280.458555730,280.457067272,251.34283043,-15.46701802,251.34283043,-15.29599856,251.34283043,-15.33915225,251.34472928,-15.46862423,251.34472928,-15.46862423,251.34297202,-15.47134019
Quito,0.0,-78.5,2850.0,2000-01-01T12:00:00,2451545.000000000,star_cmi_procyon,STAR,114.825000,5.225000,0.34,280.462105800,280.460618370,280.458555730,280.457067272,275.23014890,2.85639285,275.23014890,3.04156995,275.23014890,2.99474144,275.23151610,3.08703208,275.23151610,3.03012362,275.23068932,3.09928589
Quito,0.0,-78.5,2850.0,2000-01-01T12:00:00,2451545.000000000,star_car_canopus,STAR,95.987000,-52.695000,-0.74,280.462105800,280.460618370,280.458555730,280.457067272,216.22268834,-9.59447467,216.22268834,-9.41524279,216.22268834,-9.46054489,216.22379696,-9.59878262,216.22379696,-9.59878262,216.22219859,-9.59924557
Quito,0.0,-78.5,2850.0,2000-01-01T12:00:00,2451545.000000000,star_car_miaplacidus,STAR,138.300000,-69.720000,1.67,280.462105800,280.460618370,280.458555730,280.457067272,198.32276229,8.85319347,198.32276229,8.95088903,198.32276229,8.92611009,198.32187183,8.94672919,198.32187183,8.92228422,198.32158450,8.94897478
Quito,0.0,-78.5,2850.0,2000-01-01T12:00:00,2451545.000000000,star_cen_rigil_kent,STAR,219.900000,-60.833000,-0.01,280.462105800,280.460618370,280.458555730,280.457067272,170.24674077,27.63077076,170.24674077,27.66139325,170.24674077,27.65355339,170.24387507,27.65472421,170.24387507,27.64693987,170.24461550,27.65726162
Quito,0.0,-78.5,2850.0,2000-01-01T12:00:00,2451545.000000000,star_cen_hadar,STAR,210.956000,-60.373000,0.61,280.462105800,280.460618370,280.458555730,280.457067272,174.91982466,29.23385372,174.91982466,29.26251457,174.91982466,29.25517600,174.91667856,29.25630945,174.91667856,29.24902086,174.91764585,29.25857714
Quito,0.0,-78.5,2850.0,2000-01-01T12:00:00,2451545.000000000,star_lyr_vega,STAR,279.234000,38.783000,0.03,280.462105800,280.460618370,280.458555730,280.457067272,50.51755356,9.89401346,50.51755356,9.98226500,50.51755356,9.95983842,50.51970740,9.97538790,50.51970740,9.95327044,50.51812990,9.97787253
Quito,0.0,-78.5,2850.0,2000-01-01T12:00:00,2451545.000000000,star_cyg_deneb,STAR,310.358000,45.280000,1.25,280.462105800,280.460618370,280.458555730,280.457067272,43.21728122,-12.82599000,43.21728122,-12.65082518,43.21728122,-12.69506405,43.21763207,-12.83328953,43.21763207,-12.83328953,43.21762652,-12.83233529
Quito,0.0,-78.5,2850.0,2000-01-01T12:00:00,2451545.000000000,star_cyg_sadr,STAR,305.557000,40.260000,2.23,280.462105800,280.460618370,280.458555730,280.457067272,48.93412025,-10.32931098,48.93412025,-10.15090854,48.93412025,-10.19599402,48.93462125,-10.33718417,48.93462125,-10.33718417,48.93441421,-10.33583860
Quito,0.0,-78.5,2850.0,2000-01-01T12:00:00,2451545.000000000,star_cyg_albireo,STAR,292.680000,27.960000,3.05,280.462105800,280.460618370,280.458555730,280.457067272,62.03706358,-0.62937625,62.03706358,-0.44435513,62.03706358,-0.49115537,62.03811114,-0.06199111,62.03811114,-0.20401300,62.03723830,0.09475191
Quito,0.0,-78.5,2850.0,2000-01-01T12:00:00,2451545.000000000,star_aql_altair,STAR,297.696000,8.868000,0.76,280.462105800,280.460618370,280.458555730,280.457067272,81.08762164,-5.65993670,81.08762164,-5.47719340,81.08762164,-5.52340972,81.08804365,-5.67010400,81.08804365,-5.67010400,81.08738577,-5.66690989
Quito,0.0,-78.5,2850.0,2000-01-01T12:00:00,2451545.000000000,star_ori_betelgeuse,STAR,88.793000,7.407000,0.5,280.462105800,280.460618370,280.458555730,280.457067272,278.04627122,-22.95930192,278.04627122,-22.80418971,278.04627122,-22.84318202,278.04832319,-22.95965979,278.04832319,-22.95965979,278.04677205,-22.96345968
Quito,0.0,-78.5,2850.0,2000-01-01T12:00:00,2451545.000000000,star_ori_rigel,STAR,78.634000,-8.202000,0.13,280.462105800,280.460618370,280.458555730,280.457067272,260.20988851,-32.93785018,260.20988851,-32.81300976,260.20988851,-32.84414022,260.21284937,-32.93860243,260.21284937,-32.93860243,260.21025250,-32.94175712
Quito,0.0,-78.5,2850.0,2000-01-01T12:00:00,2451545.000000000,star_ori_bellatrix,STAR,81.283000,6.350000,1.64,280.462105800,280.460618370,280.458555730,280.457067272,277.37011057,-30.46561891,277.37011057,-30.33241922,277.37011057,-30.36571104,277.37242462,-30.46578909,277.37242462,-30.46578909,277.37059859,-30.46957090
Quito,0.0,-78.5,2850.0,2000-01-01T12:00:00,2451545.000000000,star_ori_saiph,STAR,86.939000,-9.670000,2.07,280.462105800,280.460618370,280.458555730,280.457067272,259.34819587,-24.63768845,259.34819587,-24.48697893,259.34819587,-24.52482228,259.35062771,-24.63872441,259.35062771,-24.63872441,259.34850151,-24.64183960
Quito,0.0,-78.5,2850.0,2000-01-01T12:00:00,2451545.000000000,star_ori_alnitak,STAR,85.190000,-1.940000,1.77,280.462105800,280.460618370,280.458555730,280.457067272,267.82497737,-26.74990247,267.82497737,-26.60515317,267.82497737,-26.64144379,267.82738122,-26.75050325,267.82738122,-26.75050325,267.82538083,-26.75397486
Quito,0.0,-78.5,2850.0,2000-01-01T12:00:00,2451545.000000000,star_ori_alnilam,STAR,84.530000,-1.200000,1.69,280.462105800,280.460618370,280.458555730,280.457067272,268.64567031,-27.41999583,268.64567031,-27.27723194,268.64567031,-27.31300608,268.64808966,-27.42054638,268.64808966,-27.42054638,268.64608331,-27.42404858
Quito,0.0,-78.5,2850.0,2000-01-01T12:00:00,2451545.000000000,star_ori_mintaka,STAR,84.050000,-0.300000,2.23,280.462105800,280.460618370,280.458555730,280.457067272,269.65810252,-27.90615292,269.65810252,-27.76485711,269.65810252,-27.80024960,269.66052218,-27.90665130,269.66052218,-27.90665130,269.65852595,-27.91019024
Quito,0.0,-78.5,2850.0,2000-01-01T12:00:00,2451545.000000000,star_tau_aldebaran,STAR,68.980000,16.509000,0.85,280.462105800,280.460618370,280.458555730,280.457067272,292.05112319,-40.81428564,292.05112319,-40.71864805,292.05112319,-40.74229407,292.05303256,-40.81375692,292.05303256,-40.81375692,292.05164994,-40.81780934
Quito,0.0,-78.5,2850.0,2000-01-01T12:00:00,2451545.000000000,star_tau_elnath,STAR,81.573000,28.608000,1.65,280.462105800,280.460618370,280.458555730,280.457067272,302.30096759,-26.36213076,302.30096759,-26.21625303,302.30096759,-26.25283737,302.30243910,-26.36223008,302.30243910,-26.36223008,302.30161904,-26.36631493
Quito,0.0,-78.5,2850.0,2000-01-01T12:00:00,2451545.000000000,star_aur_capella,STAR,79.172000,45.998000,0.08,280.462105800,280.460618370,280.458555730,280.457067272,320.92513492,-22.09553933,320.92513492,-21.93827931,320.92513492,-21.97783269,320.92620675,-22.09624532,320.92620675,-22.09624532,320.92589594,-22.10005749
Quito,0.0,-78.5,2850.0,2000-01-01T12:00:00,2451545.000000000,star_umi_polaris,STAR,37.954000,89.264000,1.98,280.462105800,280.460618370,280.458555730,280.457067272,359.79515002,-0.70380926,359.79515002,-0.51880412,359.79515002,-0.56560041,359.79715847,-0.11932427,359.79715847,-0.26420852,359.79629101,0.04151625
Quito,0.0,-78.5,2850.0,2000-01-01T12:00:00,2451545.000000000,star_uma_dubhe,STAR,165.932000,61.751000,1.79,280.462105800,280.460618370,280.458555730,280.457067272,342.45919566,22.50845026,342.45919566,22.54701666,342.45919566,22.53714887,342.46318595,22.54628903,342.46318595,22.53650654,342.46112489,22.54326915
Quito,0.0,-78.5,2850.0,2000-01-01T12:00:00,2451545.000000000,star_uma_merak,STAR,165.460000,56.380000,2.37,280.462105800,280.460618370,280.458555730,280.457067272,338.41836527,26.43100816,338.41836527,26.46323863,338.41836527,26.45498800,338.42262432,26.46285777,338.42262432,26.45466983,338.42044238,26.45961726
Quito,0.0,-78.5,2850.0,2000-01-01T12:00:00,2451545.000000000,star_uma_alioth,STAR,193.507000,55.960000,1.77,280.462105800,280.460618370,280.458555730,280.457067272,354.32546536,33.62331232,354.32546536,33.64746495,354.32546536,33.64127912,354.33101281,33.64581725,354.33101281,33.63967082,354.32788519,33.64338315
Quito,0.0,-78.5,2850.0,2000-01-01T12:00:00,2451545.000000000,star_uma_mizar,STAR,206.884000,54.920000,2.23,280.462105800,280.460618370,280.458555730,280.457067272,3.44581328,34.93473607,3.44581328,34.95773626,3.44581328,34.95184525,3.45169310,34.95522305,3.45169310,34.94936854,3.44822104,34.95334671
Quito,0.0,-78.5,2850.0,2000-01-01T12:00:00,2451545.000000000,star_uma_alkaid,STAR,209.800000,49.310000,1.85,280.462105800,280.460618370,280.458555730,280.457067272,6.68519665,40.23407989,6.68519665,40.25308573,6.68519665,40.24821691,6.69196869,40.25039989,6.69196869,40.24555923,6.68787401,40.24873702
Quito,0.0,-78.5,2850.0,2000-01-01T12:00:00,2451545.000000000,star_cas_schedar,STAR,9.880000,59.150000,2.24,280.462105800,280.460618370,280.458555730,280.457067272,7.12429459,-30.09217839,7.12429459,-29.95776036,7.12429459,-29.99136785,7.12343858,-30.09549113,7.12343858,-30.09549113,7.12471529,-30.09706238
Quito,0.0,-78.5,2850.0,2000-01-01T12:00:00,2451545.000000000,star_cas_caph,STAR,1.150000,59.150000,2.28,280.462105800,280.460618370,280.458555730,280.457067272,11.97990627,-28.63908665,11.97990627,-28.50004721,11.97990627,-28.53485355,11.97910000,-28.64288633,11.97910000,-28.64288633,11.98031591,-28.64413240
Quito,0.0,-78.5,2850.0,2000-01-01T12:00:00,2451545.000000000,star_per_mirfak,STAR,51.080000,49.860000,1.79,280.462105800,280.460618370,280.458555730,280.457067272,337.68664336,-34.27350188,337.68664336,-34.15337202,337.68664336,-34.18328810,337.68636481,-34.27449614,337.68636481,-34.27449614,337.68716791,-34.27771987
Quito,0.0,-78.5,2850.0,2000-01-01T12:00:00,2451545.000000000,star_per_algol,STAR,47.040000,40.960000,2.12,280.462105800,280.460618370,280.458555730,280.457067272,333.97167144,-43.15293769,333.97167144,-43.06637635,333.97167144,-43.08771850,333.97080777,-43.15319949,333.97080777,-43.15319949,333.97205411,-43.15657944
Quito,0.0,-78.5,2850.0,2000-01-01T12:00:00,2451545.000000000,star_boo_arcturus,STAR,213.915000,19.182000,-0.05,280.462105800,280.460618370,280.458555730,280.457067272,30.76144224,67.51965959,30.76144224,67.52632534,30.76144224,67.52461716,30.77722360,67.52259701,30.77722360,67.52090034,30.76643457,67.52264770
Quito,0.0,-78.5,2850.0,2000-01-01T12:00:00,2451545.000000000,star_vir_spica,STAR,201.298000,-11.161000,0.98,280.462105800,280.460618370,280.458555730,280.457067272,183.36749217,78.82205270,183.36749217,78.82523635,183.36749217,78.82442047,183.33661439,78.82307903,183.33661439,78.82227229,183.35423930,78.82488764
Quito,0.0,-78.5,2850.0,2000-01-01T12:00:00,2451545.000000000,star_sco_antares,STAR,247.352000,-26.432000,0.96,280.462105800,280.460618370,280.458555730,280.457067272,124.92456686,38.97234433,124.92456686,38.99221815,124.92456686,38.98712715,124.92314610,38.98283411,124.92314610,38.97777175,124.92253458,38.98683787
Quito,0.0,-78.5,2850.0,2000-01-01T12:00:00,2451545.000000000,star_sco_shaula,STAR,262.690000,-37.030000,1.62,280.462105800,280.460618370,280.458555730,280.457067272,130.85301917,22.98265071,130.85301917,23.02034613,130.85301917,23.01070050,130.85199698,23.01099501,130.85199698,23.00142741,130.85142031,23.01497180
Quito,0.0,-78.5,2850.0,2000-01-01T12:00:00,2451545.000000000,star_leo_regulus,STAR,152.093000,11.967000,1.36,280.462105800,280.460618370,280.458555730,280.457067272,285.49407672,39.09235524,285.49407672,39.11214451,285.49407672,39.10707516,285.49549352,39.11442908,285.49549352,39.10939029,285.49539867,39.11040304
Quito,0.0,-78.5,2850.0,2000-01-01T12:00:00,2451545.000000000,star_gem_pollux,STAR,116.329000,28.026000,1.14,280.462105800,280.460618370,280.458555730,280.457067272,298.09343169,3.85864937,298.09343169,4.03589753,298.09343169,3.99184110,298.09530730,4.04971566,298.09530730,4.00259581,298.09440385,4.05534498
Quito,0.0,-78.5,2850.0,2000-01-01T12:00:00,2451545.000000000,star_gem_castor,STAR,113.650000,31.888000,1.58,280.462105800,280.460618370,280.458555730,280.457067272,301.89731445,1.43770626,301.89731445,1.62296001,301.89731445,1.57610593,301.89922095,1.75603682,301.89922095,1.67754263,301.89830578,1.78849641
Quito,0.0,-78.5,2850.0,2000-01-01T12:00:00,2451545.000000000,star_psa_fomalhaut,STAR,344.413000,-29.622000,1.17,280.462105800,280.460618370,280.458555730,280.457067272,133.01569998,-43.56278132,133.01569998,-43.47781405,133.01569998,-43.49875271,133.01704453,-43.57147828,133.01704453,-43.57147828,133.01523880,-43.56749886
Quito,0.0,-78.5,2850.0,2000-01-01T12:00:00,2451545.000000000,star_eri_achernar,STAR,24.429000,-57.237000,0.45,280.462105800,280.460618370,280.458555730,280.457067272,181.58705550,-32.72192372,181.58705550,-32.59633391,181.58705550,-32.62765780,181.58989193,-32.72869584,181.58989193,-32.72869584,181.58666325,-32.72676774
Quito,0.0,-78.5,2850.0,2000-01-01T12:00:00,2451545.000000000,dso_m31_andromeda,GALAXY,10.684000,41.269000,3.44,280.462105800,280.460618370,280.458555730,280.457067272,12.56148734,-47.48410302,12.56148734,-47.41427996,12.56148734,-47.43140273,12.55811531,-47.48664422,12.55811531,-47.48664422,12.56146578,-47.48785081
Quito,0.0,-78.5,2850.0,2000-01-01T12:00:00,2451545.000000000,dso_lmc,GALAXY,80.894000,-69.756000,0.9,280.462105800,280.460618370,280.458555730,280.457067272,197.53117049,-10.27868411,197.53117049,-10.10022275,197.53117049,-10.14532362,197.53208025,-10.28468537,197.53208025,-10.28468537,197.53044376,-10.28382189
Quito,0.0,-78.5,2850.0,2000-01-01T12:00:00,2451545.000000000,dso_smc,GALAXY,14.766000,-72.801000,2.7,280.462105800,280.460618370,280.458555730,280.457067272,177.77985753,-17.05193393,177.77985753,-16.88376516,177.77985753,-16.92617243,177.78107948,-17.05955365,177.78107948,-17.05955365,177.77910348,-17.05739032
Quito,0.0,-78.5,2850.0,2000-01-01T12:00:00,2451545.000000000,dso_m33_triangulum,GALAXY,23.462000,30.660000,5.72,280.462105800,280.460618370,280.458555730,280.457067272,357.46844526,-59.30626149,357.46844526,-59.27676500,357.46844526,-59.28389162,357.46331949,-59.30667838,357.46331949,-59.30667838,357.46823383,-59.30886071
Quito,0.0,-78.5,2850.0,2000-01-01T12:00:00,2451545.000000000,dso_m45_pleiades,STAR_CLUSTER,56.871000,24.105000,1.6,280.462105800,280.460618370,280.458555730,280.457067272,308.01553845,-48.46209283,308.01553845,-48.39598004,308.01553845,-48.41217285,308.01623311,-48.46116410,308.01623311,-48.46116410,308.01598766,-48.46521033
Quito,0.0,-78.5,2850.0,2000-01-01T12:00:00,2451545.000000000,dso_hyades,STAR_CLUSTER,66.750000,15.870000,0.5,280.462105800,280.460618370,280.458555730,280.457067272,291.97261309,-43.04848860,291.97261309,-42.96152101,291.97261309,-42.98296604,291.97455877,-43.04783994,291.97455877,-43.04783994,291.97313251,-43.05189161
Quito,0.0,-78.5,2850.0,2000-01-01T12:00:00,2451545.000000000,dso_m44_beehive,STAR_CLUSTER,130.100000,19.670000,3.7,280.462105800,280.460618370,280.458555730,280.457067272,290.61270364,17.05044511,290.61270364,17.10220559,290.61270364,17.08897892,290.61444489,17.10381931,290.61444489,17.09073877,290.61373210,17.09990395
Quito,0.0,-78.5,2850.0,2000-01-01T12:00:00,2451545.000000000,dso_double_cluster,STAR_CLUSTER,34.740000,57.130000,3.7,280.462105800,280.460618370,280.458555730,280.457067272,351.86394865,-31.95500653,351.86394865,-31.82678394,351.86394865,-31.85878793,351.86333928,-31.95703881,351.86333928,-31.95703881,351.86444205,-31.95954827
Quito,0.0,-78.5,2850.0,2000-01-01T12:00:00,2451545.000000000,dso_coma_cluster,STAR_CLUSTER,185.600000,26.100000,1.8,280.462105800,280.460618370,280.458555730,280.457067272,330.09791874,59.50425578,330.09791874,59.51374028,330.09791874,59.51130988,330.10699156,59.51556348,330.10699156,59.51314781,330.10256877,59.51200111
Quito,0.0,-78.5,2850.0,2000-01-01T12:00:00,2451545.000000000,dso_omega_centauri,GLOBULAR_CLUSTER,201.700000,-47.470000,3.9,280.462105800,280.460618370,280.458555730,280.457067272,180.24106890,42.53524734,180.24106890,42.55277967,180.24106890,42.54828806,180.23580437,42.54760329,180.23580437,42.54313678,180.23815816,42.54955317
Quito,0.0,-78.5,2850.0,2000-01-01T12:00:00,2451545.000000000,dso_47_tucanae,GLOBULAR_CLUSTER,6.020000,-72.080000,4.1,280.462105800,280.460618370,280.458555730,280.457067272,174.92464808,-17.20141480,174.92464808,-17.03352908,174.92464808,-17.07586223,174.92583067,-17.20925804,174.92583067,-17.20925804,174.92387945,-17.20692455
Quito,0.0,-78.5,2850.0,2000-01-01T12:00:00,2451545.000000000,dso_m13_hercules,GLOBULAR_CLUSTER,250.420000,36.460000,5.8,280.462105800,280.460618370,280.458555730,280.457067272,45.36693015,32.23738982,45.36693015,32.26284859,45.36693015,32.25632870,45.37155017,32.25609853,45.37155017,32.24962001,45.36815642,32.25713277
Quito,0.0,-78.5,2850.0,2000-01-01T12:00:00,2451545.000000000,dso_m42_orion_nebula,NEBULA,83.822000,-5.391000,4.0,280.462105800,280.460618370,280.458555730,280.457067272,263.88922294,-27.99889751,263.88922294,-27.85788438,263.88922294,-27.89320341,263.89177687,-27.99963196,263.89177687,-27.99963196,263.88959276,-28.00294709
Quito,0.0,-78.5,2850.0,2000-01-01T12:00:00,2451545.000000000,dso_m8_lagoon,NEBULA,270.920000,-24.380000,6.0,280.462105800,280.460618370,280.458555730,280.457067272,115.89965916,19.09544815,115.89965916,19.14144948,115.89965916,19.12968733,115.89948663,19.13175552,115.89948663,19.12010450,115.89848100,19.13586503
Quito,0.0,-78.5,2850.0,2000-01-01T12:00:00,2451545.000000000,dso_eta_carinae_nebula,NEBULA,161.260000,-59.870000,1.0,280.462105800,280.460618370,280.458555730,280.457067272,200.73105012,22.37408887,200.73105012,22.41290823,200.73105012,22.40297593,200.72874802,22.40913474,200.72874802,22.39928727,200.72949886,22.40975183
Sydney,-33.87,151.21,40.0,2000-01-01T12:00:00,2451545.000000000,star_cma_sirius,STAR,101.287000,-16.716000,-1.46,280.462105800,280.460618370,280.458555730,280.457067272,64.56234455,58.38581423,64.56234455,58.39572666,64.56234455,58.39555683,64.55816579,58.39625011,64.55816579,58.39621081,64.55664958,58.39925353
Sydney,-33.87,151.21,40.0,2000-01-01T12:00:00,2451545.000000000,star_cma_adhara,STAR,104.656000,-28.972000,1.5,280.462105800,280.460618370,280.458555730,280.457067272,89.18919061,61.54850979,89.18919061,61.55723667,89.18919061,61.55708717,89.18518499,61.55929647,89.18518499,61.55926187,89.18605022,61.56170568
Sydney,-33.87,151.21,40.0,2000-01-01T12:00:00,2451545.000000000,star_cma_wezen,STAR,107.098000,-26.393000,1.83,280.462105800,280.460618370,280.458555730,280.457067272,85.85335804,58.62196485,85.85335804,58.63178609,85.85335804,58.63161782,85.84987715,58.63363598,85.84987715,58.63359704,85.85009789,58.63615120
Sydney,-33.87,151.21,40.0,2000-01-01T12:00:00,2451545.000000000,star_cma_mirzam,STAR,95.675000,-17.956000,1.98,280.462105800,280.460618370,280.458555730,280.457067272,59.46796368,63.29645471,59.46796368,63.30455660,59.46796368,63.30441781,59.46249069,63.30470504,59.46249069,63.30467293,59.46071239,63.30777275
Sydney,-33.87,151.21,40.0,2000-01-01T12:00:00,2451545.000000000,star_cmi_procyon,STAR,114.825000,5.225000,0.34,280.462105800,280.460618370,280.458555730,280.457067272,54.80410381,33.53346134,54.80410381,33.55769578,54.80410381,33.55727973,54.80259812,33.55777900,54.80259812,33.55768301,54.79998824,33.56083783
Sydney,-33.87,151.21,40.0,2000-01-01T12:00:00,2451545.000000000,star_car_canopus,STAR,95.987000,-52.695000,-0.74,280.462105800,280.460618370,280.458555730,280.457067272,144.70838099,64.39839931,144.70838099,64.40611698,144.70838099,64.40598477,144.71057452,64.41075925,144.71057452,64.41072867,144.71433479,64.41048811
Sydney,-33.87,151.21,40.0,2000-01-01T12:00:00,2451545.000000000,star_car_miaplacidus,STAR,138.300000,-69.720000,1.67,280.462105800,280.460618370,280.458555730,280.457067272,155.61917461,39.55727483,155.61917461,39.57674056,155.61917461,39.57640667,155.62438775,39.58162974,155.62438775,39.58155259,155.62411531,39.58073495
Sydney,-33.87,151.21,40.0,2000-01-01T12:00:00,2451545.000000000,star_cen_rigil_kent,STAR,219.900000,-60.833000,-0.01,280.462105800,280.460618370,280.458555730,280.457067272,164.96829166,8.19553082,164.96829166,8.30017847,164.96829166,8.29828727,164.97580367,8.30502726,164.97580367,8.30462028,164.97344092,8.30551530
Sydney,-33.87,151.21,40.0,2000-01-01T12:00:00,2451545.000000000,star_cen_hadar,STAR,210.956000,-60.373000,0.61,280.462105800,280.460618370,280.458555730,280.457067272,160.88223380,9.97741215,160.88223380,10.06497848,160.88223380,10.06342448,160.88939066,10.06962714,160.88939066,10.06928585,160.88713406,10.06954704
Sydney,-33.87,151.21,40.0,2000-01-01T12:00:00,2451545.000000000,star_lyr_vega,STAR,279.234000,38.783000,0.03,280.462105800,280.460618370,280.458555730,280.457067272,290.51595940,-67.35424016,290.51595940,-67.34337989,290.51595940,-67.34356237,290.51180971,-67.34561680,290.51180971,-67.34561680,290.51556559,-67.34717572
Sydney,-33.87,151.21,40.0,2000-01-01T12:00:00,2451545.000000000,star_cyg_deneb,STAR,310.358000,45.280000,1.25,280.462105800,280.460618370,280.458555730,280.457067272,302.71840792,-44.40221350,302.71840792,-44.32050914,302.71840792,-44.32224202,302.71664539,-44.39497525,302.71664539,-44.39497525,302.71680228,-44.39592290
Sydney,-33.87,151.21,40.0,2000-01-01T12:00:00,2451545.000000000,star_cyg_sadr,STAR,305.557000,40.260000,2.23,280.462105800,280.460618370,280.458555730,280.457067272,294.88330600,-47.19555496,294.88330600,-47.12463023,294.88330600,-47.12608473,294.88251934,-47.18764142,294.88251934,-47.18764142,294.88280699,-47.18898820
Sydney,-33.87,151.21,40.0,2000-01-01T12:00:00,2451545.000000000,star_cyg_albireo,STAR,292.680000,27.960000,3.05,280.462105800,280.460618370,280.458555730,280.457067272,271.76064041,-54.56513078,271.76064041,-54.52090492,271.76064041,-54.52173949,271.76419247,-54.55607168,271.76419247,-54.55607168,271.76434024,-54.55842382
Sydney,-33.87,151.21,40.0,2000-01-01T12:00:00,2451545.000000000,star_aql_altair,STAR,297.696000,8.868000,0.76,280.462105800,280.460618370,280.458555730,280.457067272,250.31323821,-40.96594753,250.31323821,-40.87089632,250.31323821,-40.87299957,250.32087171,-40.95750885,250.32087171,-40.95750885,250.31903163,-40.96045842
Sydney,-33.87,151.21,40.0,2000-01-01T12:00:00,2451545.000000000,star_ori_betelgeuse,STAR,88.793000,7.407000,0.5,280.462105800,280.460618370,280.458555730,280.457067272,24.69117104,45.64643405,24.69117104,45.66216550,24.69117104,45.66189581,24.68947062,45.66114091,24.68947062,45.66107852,24.68530951,45.66391347
Sydney,-33.87,151.21,40.0,2000-01-01T12:00:00,2451545.000000000,star_ori_rigel,STAR,78.634000,-8.202000,0.13,280.462105800,280.460618370,280.458555730,280.457067272,15.63410373,63.54302235,15.63410373,63.55103764,15.63410373,63.55090033,15.63142161,63.54898601,15.63142161,63.54895423,15.62506047,63.55153742
Sydney,-33.87,151.21,40.0,2000-01-01T12:00:00,2451545.000000000,star_ori_bellatrix,STAR,81.283000,6.350000,1.64,280.462105800,280.460618370,280.458555730,280.457067272,14.58835895,48.76370671,14.58835895,48.77781459,14.58835895,48.77757278,14.58710328,48.77644265,14.58710328,48.77638670,14.58223950,48.77893821
Sydney,-33.87,151.21,40.0,2000-01-01T12:00:00,2451545.000000000,star_ori_saiph,STAR,86.939000,-9.670000,2.07,280.462105800,280.460618370,280.458555730,280.457067272,33.62400060,62.03430797,33.62400060,62.04285915,33.62400060,62.04271266,33.61991758,62.04159482,33.61991758,62.04156092,33.61544787,62.04456890
Sydney,-33.87,151.21,40.0,2000-01-01T12:00:00,2451545.000000000,star_ori_alnitak,STAR,85.190000,-1.940000,1.77,280.462105800,280.460618370,280.458555730,280.457067272,24.47581878,55.66020264,24.47581878,55.67120275,24.47581878,55.67101427,24.47338003,55.66979090,24.47338003,55.66974727,24.46860519,55.67257376
Sydney,-33.87,151.21,40.0,2000-01-01T12:00:00,2451545.000000000,star_ori_alnilam,STAR,84.530000,-1.200000,1.69,280.462105800,280.460618370,280.458555730,280.457067272,22.94449983,55.18303528,22.94449983,55.19423293,22.94449983,55.19404106,22.94221918,55.19278880,22.94221918,55.19274439,22.93737181,55.19553339
Sydney,-33.87,151.21,40.0,2000-01-01T12:00:00,2451545.000000000,star_ori_mintaka,STAR,84.050000,-0.300000,2.23,280.462105800,280.460618370,280.458555730,280.457067272,21.66118133,54.48010993,21.66118133,54.49160278,21.66118133,54.49140585,21.65905973,54.49014684,21.65905973,54.49010126,21.65417872,54.49285734
Sydney,-33.87,151.21,40.0,2000-01-01T12:00:00,2451545.000000000,star_tau_aldebaran,STAR,68.980000,16.509000,0.85,280.462105800,280.460618370,280.458555730,280.457067272,356.65773835,39.55747061,356.65773835,39.57693621,356.65773835,39.57660232,356.65784865,39.57604729,356.65784865,39.57597012,356.65298682,39.57784287
Sydney,-33.87,151.21,40.0,2000-01-01T12:00:00,2451545.000000000,star_tau_elnath,STAR,81.573000,28.608000,1.65,280.462105800,280.460618370,280.458555730,280.457067272,9.74430598,26.82327908,9.74430598,26.85496948,9.74430598,26.85442446,9.74344523,26.85478812,9.74344523,26.85466279,9.73963959,26.85711490
Sydney,-33.87,151.21,40.0,2000-01-01T12:00:00,2451545.000000000,star_aur_capella,STAR,79.172000,45.998000,0.08,280.462105800,280.460618370,280.458555730,280.457067272,5.28510032,9.84507114,5.28510032,9.93372935,5.28510032,9.93215439,5.28383621,9.93466986,5.28383621,9.93432426,5.28067719,9.93792907
Sydney,-33.87,151.21,40.0,2000-01-01T12:00:00,2451545.000000000,star_umi_polaris,STAR,37.954000,89.264000,1.98,280.462105800,280.460618370,280.458555730,280.457067272,359.51656466,-33.25761495,359.51656466,-33.13389067,359.51656466,-33.13690503,359.51149414,-33.25680953,359.51149414,-33.25680953,359.51031532,-33.25482414
Sydney,-33.87,151.21,40.0,2000-01-01T12:00:00,2451545.000000000,star_uma_dubhe,STAR,165.932000,61.751000,1.79,280.462105800,280.460618370,280.458555730,280.457067272,33.55233507,-31.34035253,33.55233507,-31.21005360,33.55233507,-31.21330378,33.54840016,-31.34298373,33.54840016,-31.34298373,33.54617707,-31.33997718
Sydney,-33.87,151.21,40.0,2000-01-01T12:00:00,2451545.000000000,star_uma_merak,STAR,165.460000,56.380000,2.37,280.462105800,280.460618370,280.458555730,280.457067272,39.46953477,-29.63370917,39.46953477,-29.49781227,39.46953477,-29.50127273,39.46619868,-29.63673156,39.46619868,-29.63673156,39.46376025,-29.63364782
Sydney,-33.87,151.21,40.0,2000-01-01T12:00:00,2451545.000000000,star_uma_alioth,STAR,193.507000,55.960000,1.77,280.462105800,280.460618370,280.458555730,280.457067272,42.25926261,-44.98798044,42.25926261,-44.90854918,42.25926261,-44.91022189,42.25419480,-44.99197438,42.25419480,-44.99197438,42.25185961,-44.98886561
Sydney,-33.87,151.21,40.0,2000-01-01T12:00:00,2451545.000000000,star_uma_mizar,STAR,206.884000,54.920000,2.23,280.462105800,280.460618370,280.458555730,280.457067272,41.84808165,-52.62977460,41.84808165,-52.57890015,41.84808165,-52.57988047,41.84132507,-52.63411616,41.84132507,-52.63411616,41.83915511,-52.63101064
Sydney,-33.87,151.21,40.0,2000-01-01T12:00:00,2451545.000000000,star_uma_alkaid,STAR,209.800000,49.310000,1.85,280.462105800,280.460618370,280.458555730,280.457067272,50.48225774,-55.65481956,50.48225774,-55.61418806,50.48225774,-55.61494608,50.47617941,-55.66009665,50.47617941,-55.66009665,50.47339047,-55.65695711
Sydney,-33.87,151.21,40.0,2000-01-01T12:00:00,2451545.000000000,star_cas_schedar,STAR,9.880000,59.150000,2.24,280.462105800,280.460618370,280.458555730,280.457067272,331.94792855,-16.09467823,331.94792855,-15.92475488,331.94792855,-15.92973611,331.94640894,-16.09159979,331.94640894,-16.09159979,331.94452220,-16.09096525
Sydney,-33.87,151.21,40.0,2000-01-01T12:00:00,2451545.000000000,star_cas_caph,STAR,1.150000,59.150000,2.28,280.462105800,280.460618370,280.458555730,280.457067272,329.11385818,-19.66437629,329.11385818,-19.50150844,329.11385818,-19.50613326,329.11219365,-19.66082893,329.11219365,-19.66082893,329.11052834,-19.66034720
Sydney,-33.87,151.21,40.0,2000-01-01T12:00:00,2451545.000000000,star_per_mirfak,STAR,51.080000,49.860000,1.79,280.462105800,280.460618370,280.458555730,280.457067272,346.86134252,4.30230496,346.86134252,4.47072355,346.86134252,4.46713520,346.86054674,4.48041012,346.86054674,4.47972996,346.85756171,4.48956667
Sydney,-33.87,151.21,40.0,2000-01-01T12:00:00,2451545.000000000,star_per_algol,STAR,47.040000,40.960000,2.12,280.462105800,280.460618370,280.458555730,280.457067272,341.24692900,11.80838869,341.24692900,11.88303995,341.24692900,11.88172908,341.24692497,11.88511212,341.24692497,11.88482027,341.24353825,11.88681510
Sydney,-33.87,151.21,40.0,2000-01-01T12:00:00,2451545.000000000,star_boo_arcturus,STAR,213.915000,19.182000,-0.05,280.462105800,280.460618370,280.458555730,280.457067272,103.91848179,-53.42673241,103.91848179,-53.37863439,103.91848179,-53.37955319,103.92483437,-53.43304255,103.92483437,-53.43304255,103.91865243,-53.43118110
Sydney,-33.87,151.21,40.0,2000-01-01T12:00:00,2451545.000000000,star_vir_spica,STAR,201.298000,-11.161000,0.98,280.462105800,280.460618370,280.458555730,280.457067272,123.98342936,-24.30985186,123.98342936,-24.15825883,123.98342936,-24.16236265,123.99011444,-24.31218529,123.99011444,-24.31218529,123.98597937,-24.31130428
Sydney,-33.87,151.21,40.0,2000-01-01T12:00:00,2451545.000000000,star_sco_antares,STAR,247.352000,-26.432000,0.96,280.462105800,280.460618370,280.458555730,280.457067272,175.54613066,-29.56137813,175.54613066,-29.42524964,175.54613066,-29.42871900,175.55760825,-29.55908208,175.55760825,-29.55908208,175.55338077,-29.56089498
Sydney,-33.87,151.21,40.0,2000-01-01T12:00:00,2451545.000000000,star_sco_shaula,STAR,262.690000,-37.030000,1.62,280.462105800,280.460618370,280.458555730,280.457067272,189.24457254,-18.36424803,189.24457254,-18.19864811,189.24457254,-18.20340795,189.25491229,-18.36013927,189.25491229,-18.36013927,189.25145449,-18.36250758
Sydney,-33.87,151.21,40.0,2000-01-01T12:00:00,2451545.000000000,star_leo_regulus,STAR,152.093000,11.967000,1.36,280.462105800,280.460618370,280.458555730,280.457067272,74.75795408,1.12158423,74.75795408,1.30682883,74.75795408,1.30101046,74.75832088,1.46560762,74.75832088,1.46428089,74.75557261,1.51260935
Sydney,-33.87,151.21,40.0,2000-01-01T12:00:00,2451545.000000000,star_gem_pollux,STAR,116.329000,28.026000,1.14,280.462105800,280.460618370,280.458555730,280.457067272,39.97949570,15.03884454,39.97949570,15.09766482,39.97949570,15.09664220,39.97811376,15.09764819,39.97811376,15.09741723,39.97518909,15.10094541
Sydney,-33.87,151.21,40.0,2000-01-01T12:00:00,2451545.000000000,star_gem_castor,STAR,113.650000,31.888000,1.58,280.462105800,280.460618370,280.458555730,280.457067272,35.70246655,13.27789750,35.70246655,13.34448601,35.70246655,13.34332309,35.70100990,13.34450842,35.70100990,13.34424752,35.69804960,13.34791114
Sydney,-33.87,151.21,40.0,2000-01-01T12:00:00,2451545.000000000,star_psa_fomalhaut,STAR,344.413000,-29.622000,1.17,280.462105800,280.460618370,280.458555730,280.457067272,245.95966775,18.05702716,245.95966775,18.10580227,245.95966775,18.10495841,245.96728472,18.11194131,245.96728472,18.11174932,245.96423430,18.10899806
Sydney,-33.87,151.21,40.0,2000-01-01T12:00:00,2451545.000000000,star_eri_achernar,STAR,24.429000,-57.237000,0.45,280.462105800,280.460618370,280.458555730,280.457067272,218.83065731,50.68603790,218.83065731,50.69921963,218.83065731,50.69899372,218.84036402,50.70338152,218.84036402,50.70332924,218.83835115,50.70025606
Sydney,-33.87,151.21,40.0,2000-01-01T12:00:00,2451545.000000000,dso_m31_andromeda,GALAXY,10.684000,41.269000,3.44,280.462105800,280.460618370,280.458555730,280.457067272,318.80144898,-3.72329360,318.80144898,-3.53938417,318.80144898,-3.54514138,318.80203685,-3.72000751,318.80203685,-3.72000751,318.79946719,-3.72008883
Sydney,-33.87,151.21,40.0,2000-01-01T12:00:00,2451545.000000000,dso_lmc,GALAXY,80.894000,-69.756000,0.9,280.462105800,280.460618370,280.458555730,280.457067272,174.60905598,53.74755951,174.60905598,53.75936552,174.60905598,53.75916321,174.61574475,53.76442792,174.61574475,53.76438110,174.61650710,53.76261294
Sydney,-33.87,151.21,40.0,2000-01-01T12:00:00,2451545.000000000,dso_smc,GALAXY,14.766000,-72.801000,2.7,280.462105800,280.460618370,280.458555730,280.457067272,199.39732533,41.78994271,199.39732533,41.80793786,199.39732533,41.80762926,199.40569511,41.81312683,199.40569511,41.81305549,199.40436176,41.81037171
Sydney,-33.87,151.21,40.0,2000-01-01T12:00:00,2451545.000000000,dso_m33_triangulum,GALAXY,23.462000,30.660000,5.72,280.462105800,280.460618370,280.458555730,280.457067272,319.19623545,11.05686090,319.19623545,11.13636313,319.19623545,11.13496192,319.19780399,11.13981100,319.19780399,11.13950058,319.19441676,11.14048518
Sydney,-33.87,151.21,40.0,2000-01-01T12:00:00,2451545.000000000,dso_m45_pleiades,STAR_CLUSTER,56.871000,24.105000,1.6,280.462105800,280.460618370,280.458555730,280.457067272,344.32861569,30.34258722,344.32861569,30.37000052,344.32861569,30.36952956,344.32934303,30.37013983,344.32934303,30.37003131,344.32489101,30.37135194
Sydney,-33.87,151.21,40.0,2000-01-01T12:00:00,2451545.000000000,dso_hyades,STAR_CLUSTER,66.750000,15.870000,0.5,280.462105800,280.460618370,280.458555730,280.457067272,353.81754530,40.04122075,353.81754530,40.06035633,353.81754530,40.06002812,353.81787900,40.05946314,353.81787900,40.05938728,353.81290610,40.06113180
Sydney,-33.87,151.21,40.0,2000-01-01T12:00:00,2451545.000000000,dso_m44_beehive,STAR_CLUSTER,130.100000,19.670000,3.7,280.462105800,280.460618370,280.458555730,280.457067272,55.36555732,12.81069089,55.36555732,12.87966302,55.36555732,12.87845662,55.36462355,12.87965079,55.36462355,12.87938071,55.36191302,12.88319758
Sydney,-33.87,151.21,40.0,2000-01-01T12:00:00,2451545.000000000,dso_double_cluster,STAR_CLUSTER,34.740000,57.130000,3.7,280.462105800,280.460618370,280.458555730,280.457067272,340.85458315,-6.19309849,340.85458315,-6.01074062,340.85458315,-6.01641058,340.85336071,-6.19135544,340.85336071,-6.19135544,340.85090584,-6.19025250
Sydney,-33.87,151.21,40.0,2000-01-01T12:00:00,2451545.000000000,dso_coma_cluster,STAR_CLUSTER,185.600000,26.100000,1.8,280.462105800,280.460618370,280.458555730,280.457067272,78.81725316,-33.20190720,78.81725316,-33.07798794,78.81725316,-33.08100913,78.81819681,-33.20680864,78.81819681,-33.20680864,78.81444159,-33.20405036
Sydney,-33.87,151.21,40.0,2000-01-01T12:00:00,2451545.000000000,dso_omega_centauri,GLOBULAR_CLUSTER,201.700000,-47.470000,3.9,280.462105800,280.460618370,280.458555730,280.457067272,148.78043094,2.84527346,148.78043094,3.03045190,148.78043094,3.02464751,148.78722780,3.07868234,148.78722780,3.07779490,148.78460850,3.09408690
Sydney,-33.87,151.21,40.0,2000-01-01T12:00:00,2451545.000000000,dso_47_tucanae,GLOBULAR_CLUSTER,6.020000,-72.080000,4.1,280.462105800,280.460618370,280.458555730,280.457067272,201.28211359,39.46140974,201.28211359,39.48094167,201.28211359,39.48060664,201.29051240,39.48620770,201.29051240,39.48613029,201.28899163,39.48339866
Sydney,-33.87,151.21,40.0,2000-01-01T12:00:00,2451545.000000000,dso_m13_hercules,GLOBULAR_CLUSTER,250.420000,36.460000,5.8,280.462105800,280.460618370,280.458555730,280.457067272,21.29462140,-87.21346038,21.29462140,-87.21413004,21.29462140,-87.21411969,21.12876754,-87.21666167,21.12876754,-87.21666167,21.15742608,-87.21391953
Sydney,-33.87,151.21,40.0,2000-01-01T12:00:00,2451545.000000000,dso_m42_orion_nebula,NEBULA,83.822000,-5.391000,4.0,280.462105800,280.460618370,280.458555730,280.457067272,24.29682668,59.37020133,24.29682668,59.37973660,24.29682668,59.37957324,24.29393692,59.37817225,24.29393692,59.37813444,24.28883935,59.38095660
Sydney,-33.87,151.21,40.0,2000-01-01T12:00:00,2451545.000000000,dso_m8_lagoon,NEBULA,270.920000,-24.380000,6.0,280.462105800,280.460618370,280.458555730,280.457067272,200.06033145,-28.94646405,200.06033145,-28.80838600,200.06033145,-28.81193092,200.07170913,-28.94158674,200.07170913,-28.94158674,200.06806167,-28.94429977
Sydney,-33.87,151.21,40.0,2000-01-01T12:00:00,2451545.000000000,dso_eta_carinae_nebula,NEBULA,161.260000,-59.870000,1.0,280.462105800,280.460618370,280.458555730,280.457067272,144.96781064,29.00726630,144.96781064,29.03619258,144.96781064,29.03569545,144.97267727,29.04052458,144.97267727,29.04041012,144.97163876,29.04020539
Tehran,35.69,51.39,1200.0,2000-01-01T12:00:00,2451545.000000000,star_cma_sirius,STAR,101.287000,-16.716000,-1.46,280.462105800,280.460618370,280.458555730,280.457067272,80.68388699,-41.45118303,80.68388699,-41.35801071,80.68388699,-41.36922360,80.68312841,-41.44914060,80.68312841,-41.44914060,80.68664823,-41.44742922
Tehran,35.69,51.39,1200.0,2000-01-01T12:00:00,2451545.000000000,star_cma_adhara,STAR,104.656000,-28.972000,1.5,280.462105800,280.460618370,280.458555730,280.457067272,94.15054031,-49.94895206,94.15054031,-49.88839574,94.15054031,-49.89552676,94.15001512,-49.94647559,94.15001512,-49.94647559,94.15297106,-49.94488771
Tehran,35.69,51.39,1200.0,2000-01-01T12:00:00,2451545.000000000,star_cma_wezen,STAR,107.098000,-26.393000,1.83,280.462105800,280.460618370,280.458555730,280.457067272,89.08231086,-50.90024294,89.08231086,-50.84317722,89.08231086,-50.84988134,89.08206332,-50.89798559,89.08206332,-50.89798559,89.08516593,-50.89634050
Tehran,35.69,51.39,1200.0,2000-01-01T12:00:00,2451545.000000000,star_cma_mirzam,STAR,95.675000,-17.956000,1.98,280.462105800,280.460618370,280.458555730,280.457067272,85.76205963,-37.58998502,85.76205963,-37.48203452,85.76205963,-37.49515561,85.76093458,-37.58776775,85.76093458,-37.58776775,85.76437601,-37.58609214
Tehran,35.69,51.39,1200.0,2000-01-01T12:00:00,2451545.000000000,star_cmi_procyon,STAR,114.825000,5.225000,0.34,280.462105800,280.460618370,280.458555730,280.457067272,48.11092354,-36.34506743,48.11092354,-36.23247381,48.11092354,-36.24620267,48.11019815,-36.34377802,48.11019815,-36.34377802,48.11448220,-36.34215911
Tehran,35.69,51.39,1200.0,2000-01-01T12:00:00,2451545.000000000,star_car_canopus,STAR,95.987000,-52.695000,-0.74,280.462105800,280.460618370,280.458555730,280.457067272,131.74583969,-47.76055359,131.74583969,-47.69178319,131.74583969,-47.69992623,131.74292559,-47.75663770,131.74292559,-47.75663770,131.74504236,-47.75581738
Tehran,35.69,51.39,1200.0,2000-01-01T12:00:00,2451545.000000000,star_car_miaplacidus,STAR,138.300000,-69.720000,1.67,280.462105800,280.460618370,280.458555730,280.457067272,171.83196895,-55.18090198,171.83196895,-55.13872132,171.83196895,-55.14362588,171.82614341,-55.17623716,171.82614341,-55.17623716,171.82750281,-55.17659945
Tehran,35.69,51.39,1200.0,2000-01-01T12:00:00,2451545.000000000,star_cen_rigil_kent,STAR,219.900000,-60.833000,-0.01,280.462105800,280.460618370,280.458555730,280.457067272,216.86828857,-41.10423495,216.86828857,-41.00971879,216.86828857,-41.02110361,216.85988110,-41.09924423,216.85988110,-41.09924423,216.86286363,-41.10070624
Tehran,35.69,51.39,1200.0,2000-01-01T12:00:00,2451545.000000000,star_cen_hadar,STAR,210.956000,-60.373000,0.61,280.462105800,280.460618370,280.458555730,280.457067272,217.25615370,-45.50576848,217.25615370,-45.42834234,217.25615370,-45.43756326,217.24760719,-45.50100483,217.24760719,-45.50100483,217.25046202,-45.50247323
Tehran,35.69,51.39,1200.0,2000-01-01T12:00:00,2451545.000000000,star_lyr_vega,STAR,279.234000,38.783000,0.03,280.462105800,280.460618370,280.458555730,280.457067272,290.58712233,48.56931990,290.58712233,48.58352442,290.58712233,48.58179110,290.58276230,48.59217570,290.58276230,48.59055676,290.58528265,48.59080341
Tehran,35.69,51.39,1200.0,2000-01-01T12:00:00,2451545.000000000,star_cyg_deneb,STAR,310.358000,45.280000,1.25,280.462105800,280.460618370,280.458555730,280.457067272,307.12424792,71.13072550,307.12424792,71.13623133,307.12424792,71.13555939,307.12668096,71.14360225,307.12668096,71.14297601,307.12619855,71.14264234
Tehran,35.69,51.39,1200.0,2000-01-01T12:00:00,2451545.000000000,star_cyg_sadr,STAR,305.557000,40.260000,2.23,280.462105800,280.460618370,280.458555730,280.457067272,290.40748415,68.85373747,290.40748415,68.85996823,290.40748415,68.85920782,290.40404934,68.86789358,290.40404934,68.86718449,290.40492749,68.86654830
Tehran,35.69,51.39,1200.0,2000-01-01T12:00:00,2451545.000000000,star_cyg_albireo,STAR,292.680000,27.960000,3.05,280.462105800,280.460618370,280.458555730,280.457067272,268.08635448,56.06232391,268.08635448,56.07315926,268.08635448,56.07183698,268.07800717,56.08143511,268.07800717,56.08020025,268.08100560,56.07973933
Tehran,35.69,51.39,1200.0,2000-01-01T12:00:00,2451545.000000000,star_aql_altair,STAR,297.696000,8.868000,0.76,280.462105800,280.460618370,280.458555730,280.457067272,237.62496570,48.93444294,237.62496570,48.94846641,237.62496570,48.94675518,237.61327734,48.95551889,237.61327734,48.95392048,237.61751017,48.95376416
Tehran,35.69,51.39,1200.0,2000-01-01T12:00:00,2451545.000000000,star_ori_betelgeuse,STAR,88.793000,7.407000,0.5,280.462105800,280.460618370,280.458555730,280.457067272,67.46232841,-16.84518852,67.46232841,-16.67663230,67.46232841,-16.69806563,67.46115482,-16.84360451,67.46115482,-16.84360451,67.46498628,-16.84186342
Tehran,35.69,51.39,1200.0,2000-01-01T12:00:00,2451545.000000000,star_ori_rigel,STAR,78.634000,-8.202000,0.13,280.462105800,280.460618370,280.458555730,280.457067272,86.92710121,-18.38688669,86.92710121,-18.22133275,86.92710121,-18.24233151,86.92525106,-18.38499352,86.92525106,-18.38499352,86.92889046,-18.38332798
Tehran,35.69,51.39,1200.0,2000-01-01T12:00:00,2451545.000000000,star_ori_bellatrix,STAR,81.283000,6.350000,1.64,280.462105800,280.460618370,280.458555730,280.457067272,73.21261035,-11.77677788,73.21261035,-11.60017286,73.21261035,-11.62278460,73.21122051,-11.77528360,73.21122051,-11.77528360,73.21500876,-11.77354407
Tehran,35.69,51.39,1200.0,2000-01-01T12:00:00,2451545.000000000,star_ori_saiph,STAR,86.939000,-9.670000,2.07,280.462105800,280.460618370,280.458555730,280.457067272,83.13776283,-25.94819399,83.13776283,-25.80112849,83.13776283,-25.81951005,83.13626145,-25.94618472,83.13626145,-25.94618472,83.13987595,-25.94448896
Tehran,35.69,51.39,1200.0,2000-01-01T12:00:00,2451545.000000000,star_ori_alnitak,STAR,85.190000,-1.940000,1.77,280.462105800,280.460618370,280.458555730,280.457067272,77.49531939,-19.96276700,77.49531939,-19.80055248,77.49531939,-19.82107113,77.49387594,-19.96100072,77.49387594,-19.96100072,77.49760118,-19.95927373
Tehran,35.69,51.39,1200.0,2000-01-01T12:00:00,2451545.000000000,star_ori_alnilam,STAR,84.530000,-1.200000,1.69,280.462105800,280.460618370,280.458555730,280.457067272,77.29936431,-18.98871069,77.29936431,-18.82439975,77.29936431,-18.84521941,77.29791058,-18.98697107,77.29791058,-18.98697107,77.30164231,-18.98524329
Tehran,35.69,51.39,1200.0,2000-01-01T12:00:00,2451545.000000000,star_ori_mintaka,STAR,84.050000,-0.300000,2.23,280.462105800,280.460618370,280.458555730,280.457067272,76.85715055,-18.05887292,76.85715055,-17.89265830,76.85715055,-17.91375246,76.85569736,-18.05716329,76.85569736,-18.05716329,76.85943752,-18.05543381
Tehran,35.69,51.39,1200.0,2000-01-01T12:00:00,2451545.000000000,star_tau_aldebaran,STAR,68.980000,16.509000,0.85,280.462105800,280.460618370,280.458555730,280.457067272,72.48545368,3.96082604,72.48545368,4.13612674,72.48545368,4.11487773,72.48412850,4.14956614,72.48412850,4.12885556,72.48794380,4.16035406
Tehran,35.69,51.39,1200.0,2000-01-01T12:00:00,2451545.000000000,star_tau_elnath,STAR,81.573000,28.608000,1.65,280.462105800,280.460618370,280.458555730,280.457067272,55.79421488,2.21537741,55.79421488,2.40061302,55.79421488,2.37674938,55.79351494,2.48130348,55.79351494,2.45212362,55.79730828,2.50533978
Tehran,35.69,51.39,1200.0,2000-01-01T12:00:00,2451545.000000000,star_aur_capella,STAR,79.172000,45.998000,0.08,280.462105800,280.460618370,280.458555730,280.457067272,43.25240710,14.57278515,43.25240710,14.63349480,43.25240710,14.62610723,43.25249204,14.63619991,43.25249204,14.62935222,43.25609906,14.63800741
Tehran,35.69,51.39,1200.0,2000-01-01T12:00:00,2451545.000000000,star_umi_polaris,STAR,37.954000,89.264000,1.98,280.462105800,280.460618370,280.458555730,280.457067272,0.82984655,35.98128409,0.82984655,36.00341681,0.82984655,36.00071668,0.83163428,36.00811467,0.83163428,36.00559396,0.83426268,36.00867119
Tehran,35.69,51.39,1200.0,2000-01-01T12:00:00,2451545.000000000,star_uma_dubhe,STAR,165.932000,61.751000,1.79,280.462105800,280.460618370,280.458555730,280.457067272,353.31969609,8.10520633,353.31969609,8.21087739,353.31969609,8.19808769,353.31869385,8.21647021,353.31869385,8.20465802,353.32226210,8.21870921
Tehran,35.69,51.39,1200.0,2000-01-01T12:00:00,2451545.000000000,star_uma_merak,STAR,165.460000,56.380000,2.37,280.462105800,280.460618370,280.458555730,280.457067272,352.50455395,2.79053236,352.50455395,2.97571729,352.50455395,2.95186444,352.50321069,3.02840275,352.50321069,3.00261589,352.50693740,3.04505871
Tehran,35.69,51.39,1200.0,2000-01-01T12:00:00,2451545.000000000,star_uma_alioth,STAR,193.507000,55.960000,1.77,280.462105800,280.460618370,280.458555730,280.457067272,337.91627980,8.26108872,337.91627980,8.36500446,337.91627980,8.35242421,337.91443598,8.37146947,337.91443598,8.35985344,337.91799266,8.37315690
Tehran,35.69,51.39,1200.0,2000-01-01T12:00:00,2451545.000000000,star_uma_mizar,STAR,206.884000,54.920000,2.23,280.462105800,280.460618370,280.458555730,280.457067272,331.20356682,12.11317350,331.20356682,12.18600938,331.20356682,12.17715724,331.20150224,12.19300329,331.20150224,12.18481719,331.20494200,12.19327910
Tehran,35.69,51.39,1200.0,2000-01-01T12:00:00,2451545.000000000,star_uma_alkaid,STAR,209.800000,49.310000,1.85,280.462105800,280.460618370,280.458555730,280.457067272,325.94988421,9.28196566,325.94988421,9.37555920,325.94988421,9.36421292,325.94729136,9.38267812,325.94729136,9.37220479,325.95082441,9.38352220
Tehran,35.69,51.39,1200.0,2000-01-01T12:00:00,2451545.000000000,star_cas_schedar,STAR,9.880000,59.150000,2.24,280.462105800,280.460618370,280.458555730,280.457067272,34.38151532,55.98589414,34.38151532,55.99676069,34.38151532,55.99543460,34.38743289,55.99724861,34.38743289,55.99600982,34.38974536,55.99862604
Tehran,35.69,51.39,1200.0,2000-01-01T12:00:00,2451545.000000000,star_cas_caph,STAR,1.150000,59.150000,2.28,280.462105800,280.460618370,280.458555730,280.457067272,29.89646540,59.77370738,29.89646540,59.78309025,29.89646540,59.78194519,29.90394597,59.78375378,29.90394597,59.78268435,29.90583619,59.78505377
Tehran,35.69,51.39,1200.0,2000-01-01T12:00:00,2451545.000000000,star_per_mirfak,STAR,51.080000,49.860000,1.79,280.462105800,280.460618370,280.458555730,280.457067272,48.99340294,32.94290621,48.99340294,32.96768806,48.99340294,32.96466505,48.99454910,32.96870546,48.99454910,32.96588396,48.99795723,32.97026466
Tehran,35.69,51.39,1200.0,2000-01-01T12:00:00,2451545.000000000,star_per_algol,STAR,47.040000,40.960000,2.12,280.462105800,280.460618370,280.458555730,280.457067272,60.09952194,32.62854955,60.09952194,32.65362984,60.09952194,32.65057047,60.09997275,32.65402579,60.09997275,32.65117040,60.10359399,32.65567387
Tehran,35.69,51.39,1200.0,2000-01-01T12:00:00,2451545.000000000,star_boo_arcturus,STAR,213.915000,19.182000,-0.05,280.462105800,280.460618370,280.458555730,280.457067272,302.17969447,-9.65582997,302.17969447,-9.47666522,302.17969447,-9.49965511,302.17461180,-9.65047528,302.17461180,-9.65047528,302.17865612,-9.65153972
Tehran,35.69,51.39,1200.0,2000-01-01T12:00:00,2451545.000000000,star_vir_spica,STAR,201.298000,-11.161000,0.98,280.462105800,280.460618370,280.458555730,280.457067272,286.08682719,-39.12280641,286.08682719,-39.02066668,286.08682719,-39.03303281,286.07950103,-39.11962177,286.07950103,-39.11962177,286.08414881,-39.12102698
Tehran,35.69,51.39,1200.0,2000-01-01T12:00:00,2451545.000000000,star_sco_antares,STAR,247.352000,-26.432000,0.96,280.462105800,280.460618370,280.458555730,280.457067272,245.21899792,-10.95457188,245.21899792,-10.77691911,245.21899792,-10.79968550,245.21089111,-10.94826172,245.21089111,-10.94826172,245.21467368,-10.94999865
Tehran,35.69,51.39,1200.0,2000-01-01T12:00:00,2451545.000000000,star_sco_shaula,STAR,262.690000,-37.030000,1.62,280.462105800,280.460618370,280.458555730,280.457067272,228.73480461,-6.93550973,228.73480461,-6.75373534,228.73480461,-6.77711103,228.72630959,-6.92919402,228.72630959,-6.92919402,228.73004304,-6.93081977
Tehran,35.69,51.39,1200.0,2000-01-01T12:00:00,2451545.000000000,star_leo_regulus,STAR,152.093000,11.967000,1.36,280.462105800,280.460618370,280.458555730,280.457067272,359.67708190,-42.34326014,359.67708190,-42.25355054,359.67708190,-42.26432184,359.67449884,-42.34243262,359.67449884,-42.34243262,359.67980216,-42.34184092
Tehran,35.69,51.39,1200.0,2000-01-01T12:00:00,2451545.000000000,star_gem_pollux,STAR,116.329000,28.026000,1.14,280.462105800,280.460618370,280.458555730,280.457067272,32.63686743,-18.02605373,32.63686743,-17.85977367,32.63686743,-17.88087728,32.63593664,-18.02432565,32.63593664,-18.02432565,32.64008906,-18.02293744
Tehran,35.69,51.39,1200.0,2000-01-01T12:00:00,2451545.000000000,star_gem_castor,STAR,113.650000,31.888000,1.58,280.462105800,280.460618370,280.458555730,280.457067272,32.68504689,-13.52103449,32.68504689,-13.34688802,32.68504689,-13.36913786,32.68420223,-13.51921600,32.68420223,-13.51921600,32.68826488,-13.51782690
Tehran,35.69,51.39,1200.0,2000-01-01T12:00:00,2451545.000000000,star_psa_fomalhaut,STAR,344.413000,-29.622000,1.17,280.462105800,280.460618370,280.458555730,280.457067272,168.09576103,23.62363946,168.09576103,23.66020875,168.09576103,23.65575047,168.08669194,23.66365349,168.08669194,23.65950133,168.09125597,23.66336901
Tehran,35.69,51.39,1200.0,2000-01-01T12:00:00,2451545.000000000,star_eri_achernar,STAR,24.429000,-57.237000,0.45,280.462105800,280.460618370,280.458555730,280.457067272,153.84077527,-12.91985776,153.84077527,-12.74482747,153.84077527,-12.76720723,153.83467121,-12.91599404,153.83467121,-12.91599404,153.83808347,-12.91581217
Tehran,35.69,51.39,1200.0,2000-01-01T12:00:00,2451545.000000000,dso_m31_andromeda,GALAXY,10.684000,41.269000,3.44,280.462105800,280.460618370,280.458555730,280.457067272,67.60928517,59.35448057,67.60928517,59.36402180,67.60928517,59.36285742,67.61249859,59.36150422,67.61249859,59.36041657,67.61619473,59.36320827
Tehran,35.69,51.39,1200.0,2000-01-01T12:00:00,2451545.000000000,dso_lmc,GALAXY,80.894000,-69.756000,0.9,280.462105800,280.460618370,280.458555730,280.457067272,154.83890534,-39.72738131,154.83890534,-39.62755658,154.83890534,-39.63962363,154.83385747,-39.72280273,154.83385747,-39.72280273,154.83622478,-39.72265110
Tehran,35.69,51.39,1200.0,2000-01-01T12:00:00,2451545.000000000,dso_smc,GALAXY,14.766000,-72.801000,2.7,280.462105800,280.460618370,280.458555730,280.457067272,167.42526463,-22.42767828,167.42526463,-22.27123458,167.42526463,-22.29093146,167.41875127,-22.42298269,167.41875127,-22.42298269,167.42184821,-22.42321295
Tehran,35.69,51.39,1200.0,2000-01-01T12:00:00,2451545.000000000,dso_m33_triangulum,GALAXY,23.462000,30.660000,5.72,280.462105800,280.460618370,280.458555730,280.457067272,81.35280039,46.99978296,81.35280039,47.01478952,81.35280039,47.01295837,81.35222037,47.01282352,81.35222037,47.01111259,81.35640347,47.01447471
Tehran,35.69,51.39,1200.0,2000-01-01T12:00:00,2451545.000000000,dso_m45_pleiades,STAR_CLUSTER,56.871000,24.105000,1.6,280.462105800,280.460618370,280.458555730,280.457067272,72.57022642,17.61206044,72.57022642,17.66211639,72.57022642,17.65601959,72.56913827,17.66350771,72.56913827,17.65784431,72.57297445,17.66532973
Tehran,35.69,51.39,1200.0,2000-01-01T12:00:00,2451545.000000000,dso_hyades,STAR_CLUSTER,66.750000,15.870000,0.5,280.462105800,280.460618370,280.458555730,280.457067272,74.26407336,5.32186542,74.26407336,5.46959030,74.26407336,5.45179300,74.26267210,5.47418933,74.26267210,5.45748316,74.26649436,5.48094051
Tehran,35.69,51.39,1200.0,2000-01-01T12:00:00,2451545.000000000,dso_m44_beehive,STAR_CLUSTER,130.100000,19.670000,3.7,280.462105800,280.460618370,280.458555730,280.457067272,24.00066442,-30.93112613,24.00066442,-30.79946207,24.00066442,-30.81573226,23.99938638,-30.92976172,23.99938638,-30.92976172,24.00394494,-30.92854742
Tehran,35.69,51.39,1200.0,2000-01-01T12:00:00,2451545.000000000,dso_double_cluster,STAR_CLUSTER,34.740000,57.130000,3.7,280.462105800,280.460618370,280.458555730,280.457067272,41.92691089,43.69751814,41.92691089,43.71435406,41.92691089,43.71229978,41.92971499,43.71506207,41.92971499,43.71314302,41.93274562,43.71654130
Tehran,35.69,51.39,1200.0,2000-01-01T12:00:00,2451545.000000000,dso_coma_cluster,STAR_CLUSTER,185.600000,26.100000,1.8,280.462105800,280.460618370,280.458555730,280.457067272,327.82284408,-20.47631759,327.82284408,-20.31525043,327.82284408,-20.33560492,327.81901462,-20.47286209,327.81901462,-20.47286209,327.82346067,-20.47322457
Tehran,35.69,51.39,1200.0,2000-01-01T12:00:00,2451545.000000000,dso_omega_centauri,GLOBULAR_CLUSTER,201.700000,-47.470000,3.9,280.462105800,280.460618370,280.458555730,280.457067272,236.33636802,-51.62305453,236.33636802,-51.56860222,236.33636802,-51.57498794,236.32700433,-51.61915430,236.32700433,-51.61915430,236.33030047,-51.62084874
Tehran,35.69,51.39,1200.0,2000-01-01T12:00:00,2451545.000000000,dso_47_tucanae,GLOBULAR_CLUSTER,6.020000,-72.080000,4.1,280.462105800,280.460618370,280.458555730,280.457067272,169.38203736,-20.39071202,169.38203736,-20.22945159,169.38203736,-20.24983370,169.37533934,-20.38599987,169.37533934,-20.38599987,169.37851043,-20.38628897
Tehran,35.69,51.39,1200.0,2000-01-01T12:00:00,2451545.000000000,dso_m13_hercules,GLOBULAR_CLUSTER,250.420000,36.460000,5.8,280.462105800,280.460618370,280.458555730,280.457067272,297.43087318,26.35589236,297.43087318,26.38822792,297.43087318,26.38428485,297.42662112,26.39692139,297.42662112,26.39324697,297.42979306,26.39569453
Tehran,35.69,51.39,1200.0,2000-01-01T12:00:00,2451545.000000000,dso_m42_orion_nebula,NEBULA,83.822000,-5.391000,4.0,280.462105800,280.460618370,280.458555730,280.457067272,81.31610805,-20.94170896,81.31610805,-20.78170662,81.31610805,-20.80190910,81.31454554,-20.93985123,81.31454554,-20.93985123,81.31822242,-20.93814357
Tehran,35.69,51.39,1200.0,2000-01-01T12:00:00,2451545.000000000,dso_m8_lagoon,NEBULA,270.920000,-24.380000,6.0,280.462105800,280.460618370,280.458555730,280.457067272,233.30419609,6.80730416,233.30419609,6.92983032,233.30419609,6.91503411,233.29545472,6.93834317,233.29545472,6.92464028,233.29932365,6.93956789
Tehran,35.69,51.39,1200.0,2000-01-01T12:00:00,2451545.000000000,dso_eta_carinae_nebula,NEBULA,161.260000,-59.870000,1.0,280.462105800,280.460618370,280.458555730,280.457067272,191.23598675,-65.06745145,191.23598675,-65.05219103,191.23598675,-65.05392863,191.22810472,-65.06324683,191.22810472,-65.06324683,191.22871548,-65.06415476
Tromso,69.65,18.96,10.0,2000-01-01T12:00:00,2451545.000000000,star_cma_sirius,STAR,101.287000,-16.716000,-1.46,280.462105800,280.460618370,280.458555730,280.457067272,21.58204810,-35.88952632,21.58204810,-35.77525370,21.58204810,-35.77764436,21.58351330,-35.88774459,21.58351330,-35.88774459,21.58724152,-35.88861990
Tromso,69.65,18.96,10.0,2000-01-01T12:00:00,2451545.000000000,star_cma_adhara,STAR,104.656000,-28.972000,1.5,280.462105800,280.460618370,280.458555730,280.457067272,19.63320510,-48.44867719,19.63320510,-48.38251377,19.63320510,-48.38367634,19.63621329,-48.44712667,19.63621329,-48.44712667,19.63971735,-48.44798545
Tromso,69.65,18.96,10.0,2000-01-01T12:00:00,2451545.000000000,star_cma_wezen,STAR,107.098000,-26.393000,1.83,280.462105800,280.460618370,280.458555730,280.457067272,16.01026981,-46.14791135,16.01026981,-46.07296457,16.01026981,-46.07432296,16.01297020,-46.14658952,16.01297020,-46.14658952,16.01646260,-46.14741490
Tromso,69.65,18.96,10.0,2000-01-01T12:00:00,2451545.000000000,star_cma_mirzam,STAR,95.675000,-17.956000,1.98,280.462105800,280.460618370,280.458555730,280.457067272,28.36945280,-36.29150318,28.36945280,-36.17871154,28.36945280,-36.18105792,28.37078528,-36.28934726,28.37078528,-36.28934726,28.37458683,-36.29027220
Tromso,69.65,18.96,10.0,2000-01-01T12:00:00,2451545.000000000,star_cmi_procyon,STAR,114.825000,5.225000,0.34,280.462105800,280.460618370,280.458555730,280.457067272,4.73561979,-15.06041611,4.73561979,-14.88870946,4.73561979,-14.89332931,4.73593626,-15.05903116,4.73593626,-15.05903116,4.73981611,-15.05973217
Tromso,69.65,18.96,10.0,2000-01-01T12:00:00,2451545.000000000,star_car_canopus,STAR,95.987000,-52.695000,-0.74,280.462105800,280.460618370,280.458555730,280.457067272,44.54574684,-69.91369909,44.54574684,-69.90689573,44.54574684,-69.90699046,44.55400658,-69.91032788,44.55400658,-69.91032788,44.55782248,-69.91131790
Tromso,69.65,18.96,10.0,2000-01-01T12:00:00,2451545.000000000,star_car_miaplacidus,STAR,138.300000,-69.720000,1.67,280.462105800,280.460618370,280.458555730,280.457067272,260.55239253,-83.46477952,260.55239253,-83.46598562,260.55239253,-83.46596996,260.52997347,-83.46993128,260.52997347,-83.46993128,260.52961878,-83.46907557
Tromso,69.65,18.96,10.0,2000-01-01T12:00:00,2451545.000000000,star_cen_rigil_kent,STAR,219.900000,-60.833000,-0.01,280.462105800,280.460618370,280.458555730,280.457067272,231.10437535,-51.98427661,231.10437535,-51.93111672,231.10437535,-51.93200876,231.09183967,-51.98662271,231.09183967,-51.98662271,231.09588298,-51.98562856
Tromso,69.65,18.96,10.0,2000-01-01T12:00:00,2451545.000000000,star_cen_hadar,STAR,210.956000,-60.373000,0.61,280.462105800,280.460618370,280.458555730,280.457067272,237.51924451,-54.13132819,237.51924451,-54.08564035,237.51924451,-54.08638673,237.50708947,-54.13413744,237.50708947,-54.13413744,237.51097718,-54.13315181
Tromso,69.65,18.96,10.0,2000-01-01T12:00:00,2451545.000000000,star_lyr_vega,STAR,279.234000,38.783000,0.03,280.462105800,280.460618370,280.458555730,280.457067272,209.89237121,57.32067891,209.89237121,57.33100849,209.89237121,57.33086079,209.87640328,57.33231803,209.87640328,57.33230778,209.87994187,57.33321220
Tromso,69.65,18.96,10.0,2000-01-01T12:00:00,2451545.000000000,star_cyg_deneb,STAR,310.358000,45.280000,1.25,280.462105800,280.460618370,280.458555730,280.457067272,161.58007794,65.02270458,161.58007794,65.03020769,161.58007794,65.03010043,161.56454777,65.02732964,161.56454777,65.02732220,161.56663367,65.02766852
Tromso,69.65,18.96,10.0,2000-01-01T12:00:00,2451545.000000000,star_cyg_sadr,STAR,305.557000,40.260000,2.23,280.462105800,280.460618370,280.458555730,280.457067272,170.49409946,60.43508366,170.49409946,60.44421941,170.49409946,60.44408880,170.47890592,60.44220295,170.47890592,60.44219388,170.48146639,60.44267359
Tromso,69.65,18.96,10.0,2000-01-01T12:00:00,2451545.000000000,star_cyg_albireo,STAR,292.680000,27.960000,3.05,280.462105800,280.460618370,280.458555730,280.457067272,188.94458168,48.12819658,188.94458168,48.14262254,188.94458168,48.14241615,188.93082340,48.14253292,188.93082340,48.14251860,188.93416554,48.14322958
Tromso,69.65,18.96,10.0,2000-01-01T12:00:00,2451545.000000000,star_aql_altair,STAR,297.696000,8.868000,0.76,280.462105800,280.460618370,280.458555730,280.457067272,181.95987999,29.20829445,181.95987999,29.23698505,181.95987999,29.23657322,181.94827888,29.23743632,181.94827888,29.23740790,181.95193561,29.23803799
Tromso,69.65,18.96,10.0,2000-01-01T12:00:00,2451545.000000000,star_ori_betelgeuse,STAR,88.793000,7.407000,0.5,280.462105800,280.460618370,280.458555730,280.457067272,30.87387205,-10.13206393,30.87387205,-9.95343339,30.87387205,-9.95841719,30.87399782,-10.13013067,30.87399782,-10.13013067,30.87800947,-10.13107067
Tromso,69.65,18.96,10.0,2000-01-01T12:00:00,2451545.000000000,star_ori_rigel,STAR,78.634000,-8.202000,0.13,280.462105800,280.460618370,280.458555730,280.457067272,44.71177875,-23.22996434,44.71177875,-23.07554175,44.71177875,-23.07936041,44.71166976,-23.22737802,44.71166976,-23.22737802,44.71570070,-23.22836829
Tromso,69.65,18.96,10.0,2000-01-01T12:00:00,2451545.000000000,star_ori_bellatrix,STAR,81.283000,6.350000,1.64,280.462105800,280.460618370,280.458555730,280.457067272,38.50493674,-9.68260126,38.50493674,-9.50346592,38.50493674,-9.50847715,38.50481520,-9.68058932,38.50481520,-9.68058932,38.50885125,-9.68156405
Tromso,69.65,18.96,10.0,2000-01-01T12:00:00,2451545.000000000,star_ori_saiph,STAR,86.939000,-9.670000,2.07,280.462105800,280.460618370,280.458555730,280.457067272,36.27400811,-26.53361571,36.27400811,-26.38823514,36.27400811,-26.39168712,36.27443157,-26.53121547,36.27443157,-26.53121547,36.27838414,-26.53218181
Tromso,69.65,18.96,10.0,2000-01-01T12:00:00,2451545.000000000,star_ori_alnitak,STAR,85.190000,-1.940000,1.77,280.462105800,280.460618370,280.458555730,280.457067272,36.38160325,-18.61093739,36.38160325,-18.44584154,36.38160325,-18.45013759,36.38173153,-18.60871112,36.38173153,-18.60871112,36.38572282,-18.60967790
Tromso,69.65,18.96,10.0,2000-01-01T12:00:00,2451545.000000000,star_ori_alnilam,STAR,84.530000,-1.200000,1.69,280.462105800,280.460618370,280.458555730,280.457067272,36.89921939,-17.75007796,36.89921939,-17.58325222,36.89921939,-17.58763079,36.89930489,-17.74786069,36.89930489,-17.74786069,36.90330285,-17.74882953
Tromso,69.65,18.96,10.0,2000-01-01T12:00:00,2451545.000000000,star_ori_mintaka,STAR,84.050000,-0.300000,2.23,280.462105800,280.460618370,280.458555730,280.457067272,37.19321785,-16.76947264,37.19321785,-16.60077570,37.19321785,-16.60524527,37.19326768,-16.76727432,37.19326768,-16.76727432,37.19727133,-16.76824430
Tromso,69.65,18.96,10.0,2000-01-01T12:00:00,2451545.000000000,star_tau_aldebaran,STAR,68.980000,16.509000,0.85,280.462105800,280.460618370,280.458555730,280.457067272,47.75126251,3.09788720,47.75126251,3.28446395,47.75126251,3.27974923,47.75074691,3.31946900,47.75074691,3.31925777,47.75481853,3.33241135
Tromso,69.65,18.96,10.0,2000-01-01T12:00:00,2451545.000000000,star_tau_elnath,STAR,81.573000,28.608000,1.65,280.462105800,280.460618370,280.458555730,280.457067272,33.41066243,11.99445313,33.41066243,12.06798640,33.41066243,12.06690264,33.41084654,12.07080060,33.41084654,12.07072863,33.41497613,12.07040836
Tromso,69.65,18.96,10.0,2000-01-01T12:00:00,2451545.000000000,star_aur_capella,STAR,79.172000,45.998000,0.08,280.462105800,280.460618370,280.458555730,280.457067272,30.98697701,29.34134378,30.98697701,29.36987999,30.98697701,29.36947039,30.98797808,29.37172398,30.98797808,29.37169571,30.99222891,29.37072075
Tromso,69.65,18.96,10.0,2000-01-01T12:00:00,2451545.000000000,star_umi_polaris,STAR,37.954000,89.264000,1.98,280.462105800,280.460618370,280.458555730,280.457067272,2.07164904,69.52590621,2.07164904,69.53192078,2.07164904,69.53183481,2.08148172,69.53455975,2.08148172,69.53455379,2.08752526,69.53387118
Tromso,69.65,18.96,10.0,2000-01-01T12:00:00,2451545.000000000,star_uma_dubhe,STAR,165.932000,61.751000,1.79,280.462105800,280.460618370,280.458555730,280.457067272,330.69130551,45.44681923,330.69130551,45.46266041,330.69130551,45.46243372,330.69094529,45.46738914,330.69094529,45.46737342,330.69600719,45.46714567
Tromso,69.65,18.96,10.0,2000-01-01T12:00:00,2451545.000000000,star_uma_merak,STAR,165.460000,56.380000,2.37,280.462105800,280.460618370,280.458555730,280.457067272,328.48153840,40.31959791,328.48153840,40.33854654,328.48153840,40.33827523,328.48058463,40.34324696,328.48058463,40.34322817,328.48548878,40.34303478
Tromso,69.65,18.96,10.0,2000-01-01T12:00:00,2451545.000000000,star_uma_alioth,STAR,193.507000,55.960000,1.77,280.462105800,280.460618370,280.458555730,280.457067272,308.75196886,46.34476283,308.75196886,46.36011619,308.75196886,46.35989649,308.74888510,46.36548738,308.74888510,46.36547214,308.75397734,46.36562346
Tromso,69.65,18.96,10.0,2000-01-01T12:00:00,2451545.000000000,star_uma_mizar,STAR,206.884000,54.920000,2.23,280.462105800,280.460618370,280.458555730,280.457067272,298.24629348,49.32182967,298.24629348,49.33566322,298.24629348,49.33546532,298.24173707,49.34122748,298.24173707,49.34121375,298.24688208,49.34154253
Tromso,69.65,18.96,10.0,2000-01-01T12:00:00,2451545.000000000,star_uma_alkaid,STAR,209.800000,49.310000,1.85,280.462105800,280.460618370,280.458555730,280.457067272,291.71729205,45.42874878,291.71729205,45.44459992,291.71729205,45.44437309,291.71178977,45.45001416,291.71178977,45.44999843,291.71674911,45.45042617
Tromso,69.65,18.96,10.0,2000-01-01T12:00:00,2451545.000000000,star_cas_schedar,STAR,9.880000,59.150000,2.24,280.462105800,280.460618370,280.458555730,280.457067272,74.08664868,59.83622293,74.08664868,59.84558230,74.08664868,59.84544848,74.08843048,59.84268016,74.08843048,59.84267087,74.09179935,59.84173758
Tromso,69.65,18.96,10.0,2000-01-01T12:00:00,2451545.000000000,star_cas_caph,STAR,1.150000,59.150000,2.28,280.462105800,280.460618370,280.458555730,280.457067272,81.08211287,62.79935152,81.08211287,62.80762915,81.08211287,62.80751081,81.08340108,62.80414208,81.08340108,62.80413387,81.08646932,62.80326033
Tromso,69.65,18.96,10.0,2000-01-01T12:00:00,2451545.000000000,star_per_mirfak,STAR,51.080000,49.860000,1.79,280.462105800,280.460618370,280.458555730,280.457067272,50.77990759,39.34659715,50.77990759,39.36620870,50.77990759,39.36592786,50.78093252,39.36626269,50.78093252,39.36624323,50.78498969,39.36520408
Tromso,69.65,18.96,10.0,2000-01-01T12:00:00,2451545.000000000,star_per_algol,STAR,47.040000,40.960000,2.12,280.462105800,280.460618370,280.458555730,280.457067272,58.42645722,32.35205888,58.42645722,32.37740587,58.42645722,32.37704238,58.42639053,32.37763147,58.42639053,32.37760635,58.43036683,32.37658145
Tromso,69.65,18.96,10.0,2000-01-01T12:00:00,2451545.000000000,star_boo_arcturus,STAR,213.915000,19.182000,-0.05,280.462105800,280.460618370,280.458555730,280.457067272,272.73220337,19.49810170,272.73220337,19.54310115,272.73220337,19.54245092,272.72501872,19.54706546,272.72501872,19.54702108,272.72932765,19.54782276
Tromso,69.65,18.96,10.0,2000-01-01T12:00:00,2451545.000000000,star_vir_spica,STAR,201.298000,-11.161000,0.98,280.462105800,280.460618370,280.458555730,280.457067272,273.69430077,-13.27731247,273.69430077,-13.10280305,273.69430077,-13.10756722,273.68765351,-13.27764103,273.68765351,-13.27764103,273.69156076,-13.27692309
Tromso,69.65,18.96,10.0,2000-01-01T12:00:00,2451545.000000000,star_sco_antares,STAR,247.352000,-26.432000,0.96,280.462105800,280.460618370,280.458555730,280.457067272,226.47957068,-13.05647953,226.47957068,-12.88164671,226.47957068,-12.88642781,226.46915058,-13.05662177,226.46915058,-13.05662177,226.47323400,-13.05562920
Tromso,69.65,18.96,10.0,2000-01-01T12:00:00,2451545.000000000,star_sco_shaula,STAR,262.690000,-37.030000,1.62,280.462105800,280.460618370,280.458555730,280.457067272,210.54589211,-20.00695311,210.54589211,-19.84483616,210.54589211,-19.84899363,210.53467195,-20.00702906,210.53467195,-20.00702906,210.53886164,-20.00609100
Tromso,69.65,18.96,10.0,2000-01-01T12:00:00,2451545.000000000,star_leo_regulus,STAR,152.093000,11.967000,1.36,280.462105800,280.460618370,280.458555730,280.457067272,327.96916975,-5.27690717,327.96916975,-5.09390420,327.96916975,-5.09912692,327.96748289,-5.27575466,327.96748289,-5.27575466,327.97146157,-5.27589408
Tromso,69.65,18.96,10.0,2000-01-01T12:00:00,2451545.000000000,star_gem_pollux,STAR,116.329000,28.026000,1.14,280.462105800,280.460618370,280.458555730,280.457067272,2.75040123,7.69984909,2.75040123,7.81033647,2.75040123,7.80863081,2.75048254,7.81383055,2.75048254,7.81372301,2.75465073,7.81526906
Tromso,69.65,18.96,10.0,2000-01-01T12:00:00,2451545.000000000,star_gem_castor,STAR,113.650000,31.888000,1.58,280.462105800,280.460618370,280.458555730,280.457067272,4.99696982,11.62343959,4.99696982,11.69923343,4.99696982,11.69811403,4.99716586,11.70265262,4.99716586,11.70257849,5.00137988,11.70257270
Tromso,69.65,18.96,10.0,2000-01-01T12:00:00,2451545.000000000,star_psa_fomalhaut,STAR,344.413000,-29.622000,1.17,280.462105800,280.460618370,280.458555730,280.457067272,140.60758789,-14.45856283,140.60758789,-14.28587188,140.60758789,-14.29054193,140.59882445,-14.45675773,140.59882445,-14.45675773,140.60315039,-14.45674574
Tromso,69.65,18.96,10.0,2000-01-01T12:00:00,2451545.000000000,star_eri_achernar,STAR,24.429000,-57.237000,0.45,280.462105800,280.460618370,280.458555730,280.457067272,121.98334058,-50.54465957,121.98334058,-50.48629559,121.98334058,-50.48729323,121.97489407,-50.53997168,121.97489407,-50.53997168,121.98011296,-50.54027784
Tromso,69.65,18.96,10.0,2000-01-01T12:00:00,2451545.000000000,dso_m31_andromeda,GALAXY,10.684000,41.269000,3.44,280.462105800,280.460618370,280.458555730,280.457067272,89.75664526,44.62044724,89.75664526,44.63675072,89.75664526,44.63651740,89.75428129,44.63443941,89.75428129,44.63442323,89.75772223,44.63361774
Tromso,69.65,18.96,10.0,2000-01-01T12:00:00,2451545.000000000,dso_lmc,GALAXY,80.894000,-69.756000,0.9,280.462105800,280.460618370,280.458555730,280.457067272,108.59229694,-76.86366775,108.59229694,-76.86347599,108.59229694,-76.86347854,108.58346169,-76.85798186,108.58346169,-76.85798186,108.59116951,-76.85849878
Tromso,69.65,18.96,10.0,2000-01-01T12:00:00,2451545.000000000,dso_smc,GALAXY,14.766000,-72.801000,2.7,280.462105800,280.460618370,280.458555730,280.457067272,144.59821543,-60.42220622,144.59821543,-60.39580371,144.59821543,-60.39620494,144.58496766,-60.41820779,144.58496766,-60.41820779,144.59078311,-60.41812670
Tromso,69.65,18.96,10.0,2000-01-01T12:00:00,2451545.000000000,dso_m33_triangulum,GALAXY,23.462000,30.660000,5.72,280.462105800,280.460618370,280.458555730,280.457067272,83.75508305,30.60874043,83.75508305,30.63586626,83.75508305,30.63547707,83.75267313,30.63525381,83.75267313,30.63522693,83.75641512,30.63436292
Tromso,69.65,18.96,10.0,2000-01-01T12:00:00,2451545.000000000,dso_m45_pleiades,STAR_CLUSTER,56.871000,24.105000,1.6,280.462105800,280.460618370,280.458555730,280.457067272,56.47793422,13.68369836,56.47793422,13.74833604,56.47793422,13.74739041,56.47714244,13.75046115,56.47714244,13.75039774,56.48118434,13.74981398
Tromso,69.65,18.96,10.0,2000-01-01T12:00:00,2451545.000000000,dso_hyades,STAR_CLUSTER,66.750000,15.870000,0.5,280.462105800,280.460618370,280.458555730,280.457067272,49.98925317,3.06720721,49.98925317,3.25378753,49.98925317,3.24900377,49.98862283,3.29009196,49.98862283,3.28987945,49.99269235,3.30325582
Tromso,69.65,18.96,10.0,2000-01-01T12:00:00,2451545.000000000,dso_m44_beehive,STAR_CLUSTER,130.100000,19.670000,3.7,280.462105800,280.460618370,280.458555730,280.457067272,349.94734326,-0.35648253,349.94734326,-0.17140733,349.94734326,-0.17673371,349.94693948,0.17515688,349.94693948,0.17464829,349.95100374,0.30222315
Tromso,69.65,18.96,10.0,2000-01-01T12:00:00,2451545.000000000,dso_double_cluster,STAR_CLUSTER,34.740000,57.130000,3.7,280.462105800,280.460618370,280.458555730,280.457067272,57.87544538,50.35314119,57.87544538,50.36647961,57.87544538,50.36628881,57.87734354,50.36527449,57.87734354,50.36526125,57.88124678,50.36423988
Tromso,69.65,18.96,10.0,2000-01-01T12:00:00,2451545.000000000,dso_coma_cluster,STAR_CLUSTER,185.600000,26.100000,1.8,280.462105800,280.460618370,280.458555730,280.457067272,300.97135882,16.63802792,300.97135882,16.69110755,300.97135882,16.69033713,300.96712431,16.69526670,300.96712431,16.69521447,300.97147502,16.69571596
Tromso,69.65,18.96,10.0,2000-01-01T12:00:00,2451545.000000000,dso_omega_centauri,GLOBULAR_CLUSTER,201.700000,-47.470000,3.9,280.462105800,280.460618370,280.458555730,280.457067272,255.67546777,-46.25781153,255.67546777,-46.18328812,255.67546777,-46.18463682,255.66636626,-46.26085830,255.66636626,-46.26085830,255.66998428,-46.25996275
Tromso,69.65,18.96,10.0,2000-01-01T12:00:00,2451545.000000000,dso_47_tucanae,GLOBULAR_CLUSTER,6.020000,-72.080000,4.1,280.462105800,280.460618370,280.458555730,280.457067272,147.64031614,-58.17314073,147.64031614,-58.14034895,147.64031614,-58.14085974,147.62718350,-58.16938231,147.62718350,-58.16938231,147.63284041,-58.16924873
Tromso,69.65,18.96,10.0,2000-01-01T12:00:00,2451545.000000000,dso_m13_hercules,GLOBULAR_CLUSTER,250.420000,36.460000,5.8,280.462105800,280.460618370,280.458555730,280.457067272,244.62087745,47.78550890,244.62087745,47.80010900,244.62087745,47.79990012,244.60914149,47.80398114,244.60914149,47.80396665,244.61348928,47.80488829
Tromso,69.65,18.96,10.0,2000-01-01T12:00:00,2451545.000000000,dso_m42_orion_nebula,NEBULA,83.822000,-5.391000,4.0,280.462105800,280.460618370,280.458555730,280.457067272,38.58239094,-21.69415641,38.58239094,-21.53592591,38.58239094,-21.53990893,38.58252560,-21.69179243,38.58252560,-21.69179243,38.58651752,-21.69276743
Tromso,69.65,18.96,10.0,2000-01-01T12:00:00,2451545.000000000,dso_m8_lagoon,NEBULA,270.920000,-24.380000,6.0,280.462105800,280.460618370,280.458555730,280.457067272,205.93365820,-6.23810434,205.93365820,-6.05578029,205.93365820,-6.06096608,205.92260588,-6.23778824,205.92260588,-6.23778824,205.92671965,-6.23687974
Tromso,69.65,18.96,10.0,2000-01-01T12:00:00,2451545.000000000,dso_eta_carinae_nebula,NEBULA,161.260000,-59.870000,1.0,280.462105800,280.460618370,280.458555730,280.457067272,278.47237025,-70.20682456,278.47237025,-70.20042775,278.47237025,-70.20051662,278.46622886,-70.21177416,278.46622886,-70.21177416,278.46822675,-70.21111602
CapeTown,-33.93,18.42,25.0,2030-06-21T00:00:00,2462673.500000000,star_cma_sirius,STAR,101.287000,-16.716000,-1.46,269.237017385,269.237370140,269.241346540,269.241700351,172.55631084,-38.99337442,172.55631084,-38.89074062,172.55631084,-38.89293217,172.13646757,-38.99087266,172.13646757,-38.99087266,172.56296381,-38.99432906
CapeTown,-33.93,18.42,25.0,2030-06-21T00:00:00,2462673.500000000,star_cma_adhara,STAR,104.656000,-28.972000,1.5,269.237017385,269.237370140,269.241346540,269.241700351,177.34158680,-27.00055376,177.34158680,-26.85654189,177.34158680,-26.86013278,177.04794107,-27.03374876,177.04794107,-27.03374876,177.34738970,-27.00153685
CapeTown,-33.93,18.42,25.0,2030-06-21T00:00:00,2462673.500000000,star_cma_wezen,STAR,107.098000,-26.393000,1.83,269.237017385,269.237370140,269.241346540,269.241700351,179.73637196,-29.62412859,179.73637196,-29.48820099,179.73637196,-29.49148184,179.41883676,-29.67462793,179.41883676,-29.67462793,179.74226937,-29.62495282
CapeTown,-33.93,18.42,25.0,2030-06-21T00:00:00,2462673.500000000,star_cma_mirzam,STAR,95.675000,-17.956000,1.98,269.237017385,269.237370140,269.241346540,269.241700351,166.09488790,-36.92066876,166.09488790,-36.81021244,166.09488790,-36.81263678,165.70198317,-36.87118341,165.70198317,-36.87118341,166.10135856,-36.92199892
CapeTown,-33.93,18.42,25.0,2030-06-21T00:00:00,2462673.500000000,star_cmi_procyon,STAR,114.825000,5.225000,0.34,269.237017385,269.237370140,269.241346540,269.241700351,195.38748326,-60.37671203,195.38748326,-60.35018641,195.38748326,-60.35062427,194.62264537,-60.53484577,194.62264537,-60.53484577,195.39682842,-60.37548876
CapeTown,-33.93,18.42,25.0,2030-06-21T00:00:00,2462673.500000000,star_car_canopus,STAR,95.987000,-52.695000,-0.74,269.237017385,269.237370140,269.241346540,269.241700351,173.04732737,-2.77533475,173.04732737,-2.59098705,173.04732737,-2.59652436,172.94725159,-2.77808876,172.94725159,-2.77808876,173.05265464,-2.77675693
CapeTown,-33.93,18.42,25.0,2030-06-21T00:00:00,2462673.500000000,star_car_miaplacidus,STAR,138.300000,-69.720000,1.67,269.237017385,269.237370140,269.241346540,269.241700351,190.55390229,16.16046436,190.55390229,16.21514885,190.55390229,16.21427721,190.59019538,16.08630033,190.59019538,16.08616482,190.55919495,16.21466771
CapeTown,-33.93,18.42,25.0,2030-06-21T00:00:00,2462673.500000000,star_cen_rigil_kent,STAR,219.900000,-60.833000,-0.01,269.237017385,269.237370140,269.241346540,269.241700351,215.79229073,40.11670588,215.79229073,40.13579056,215.79229073,40.13549024,215.97078058,39.84469789,215.97078058,39.84465009,215.79735229,40.13252994
CapeTown,-33.93,18.42,25.0,2030-06-21T00:00:00,2462673.500000000,star_cen_hadar,STAR,210.956000,-60.373000,0.61,269.237017385,269.237370140,269.241346540,269.241700351,216.04212235,35.71015603,216.04212235,35.73250930,216.04212235,35.73215732,216.18144956,35.44048430,216.18144956,35.44042832,216.04684164,35.72950382
CapeTown,-33.93,18.42,25.0,2030-06-21T00:00:00,2462673.500000000,star_lyr_vega,STAR,279.234000,38.783000,0.03,269.237017385,269.237370140,269.241346540,269.241700351,353.36220250,16.86652255,353.36220250,16.91886397,353.36220250,16.91803074,353.14340827,16.92205579,353.14340827,16.92192706,353.35626075,16.91901138
CapeTown,-33.93,18.42,25.0,2030-06-21T00:00:00,2462673.500000000,star_cyg_deneb,STAR,310.358000,45.280000,1.25,269.237017385,269.237370140,269.241346540,269.241700351,16.06410471,7.99860089,16.06410471,8.10550263,16.06410471,8.10371352,15.91895809,8.27013759,15.91895809,8.26988213,16.05896319,8.10796218
CapeTown,-33.93,18.42,25.0,2030-06-21T00:00:00,2462673.500000000,star_cyg_sadr,STAR,305.557000,40.260000,2.23,269.237017385,269.237370140,269.241346540,269.241700351,14.17239157,13.84150373,14.17239157,13.90541080,14.17239157,13.90438641,13.98466959,14.05833011,13.98466959,14.05817509,14.16703987,13.90638212
CapeTown,-33.93,18.42,25.0,2030-06-21T00:00:00,2462673.500000000,star_cyg_albireo,STAR,292.680000,27.960000,3.05,269.237017385,269.237370140,269.241346540,269.241700351,5.32606338,27.83800471,5.32606338,27.86836218,5.32606338,27.86788321,5.01679409,27.95887606,5.01679409,27.95880124,5.31979363,27.86869801
CapeTown,-33.93,18.42,25.0,2030-06-21T00:00:00,2462673.500000000,star_aql_altair,STAR,297.696000,8.868000,0.76,269.237017385,269.237370140,269.241346540,269.241700351,14.88934026,45.99722113,14.88934026,46.01276155,14.88934026,46.01251715,14.39011311,46.17075123,14.39011311,46.17071290,14.88174839,46.01397898
CapeTown,-33.93,18.42,25.0,2030-06-21T00:00:00,2462673.500000000,star_ori_betelgeuse,STAR,88.793000,7.407000,0.5,269.237017385,269.237370140,269.241346540,269.241700351,143.09393478,-58.47904936,143.09393478,-58.44716206,143.09393478,-58.44769869,142.42473182,-58.27043787,142.42473182,-58.27043787,143.10271927,-58.48175270
CapeTown,-33.93,18.42,25.0,2030-06-21T00:00:00,2462673.500000000,star_ori_rigel,STAR,78.634000,-8.202000,0.13,269.237017385,269.237370140,269.241346540,269.241700351,141.77103671,-39.89194529,141.77103671,-39.79275258,141.77103671,-39.79484557,141.39163090,-39.67576107,141.39163090,-39.67576107,141.77698239,-39.89454581
CapeTown,-33.93,18.42,25.0,2030-06-21T00:00:00,2462673.500000000,star_ori_bellatrix,STAR,81.283000,6.350000,1.64,269.237017385,269.237370140,269.241346540,269.241700351,133.05359082,-53.44610514,133.05359082,-53.39807396,133.05359082,-53.39892832,132.54185111,-53.17809772,132.54185111,-53.17809772,133.06050735,-53.44940418
CapeTown,-33.93,18.42,25.0,2030-06-21T00:00:00,2462673.500000000,star_ori_saiph,STAR,86.939000,-9.670000,2.07,269.237017385,269.237370140,269.241346540,269.241700351,152.36374120,-42.31086311,152.36374120,-42.22102761,152.36374120,-42.22286363,151.92704558,-42.16399408,151.92704558,-42.16399408,152.37040877,-42.31292815
CapeTown,-33.93,18.42,25.0,2030-06-21T00:00:00,2462673.500000000,star_ori_alnitak,STAR,85.190000,-1.940000,1.77,269.237017385,269.237370140,269.241346540,269.241700351,145.40197179,-48.55754332,145.40197179,-48.49179049,145.40197179,-48.49303086,144.90231109,-48.36416649,144.90231109,-48.36416649,145.40906291,-48.56005445
CapeTown,-33.93,18.42,25.0,2030-06-21T00:00:00,2462673.500000000,star_ori_alnilam,STAR,84.530000,-1.200000,1.69,269.237017385,269.237370140,269.241346540,269.241700351,143.98782514,-48.89316886,143.98782514,-48.82867841,143.98782514,-48.82988991,143.48883405,-48.69071954,143.48883405,-48.69071954,143.99488012,-48.89576812
CapeTown,-33.93,18.42,25.0,2030-06-21T00:00:00,2462673.500000000,star_ori_mintaka,STAR,84.050000,-0.300000,2.23,269.237017385,269.237370140,269.241346540,269.241700351,142.67063864,-49.43962394,142.67063864,-49.37717706,142.67063864,-49.37834228,142.16911797,-49.22882849,142.16911797,-49.22882849,142.67768878,-49.44230733
CapeTown,-33.93,18.42,25.0,2030-06-21T00:00:00,2462673.500000000,star_tau_aldebaran,STAR,68.980000,16.509000,0.85,269.237017385,269.237370140,269.241346540,269.241700351,107.19215247,-51.60599291,107.19215247,-51.55147933,107.19215247,-51.55247017,106.89397539,-51.22566635,106.89397539,-51.22566635,107.19592363,-51.61042786
CapeTown,-33.93,18.42,25.0,2030-06-21T00:00:00,2462673.500000000,star_tau_elnath,STAR,81.573000,28.608000,1.65,269.237017385,269.237370140,269.241346540,269.241700351,96.64967699,-67.54725609,96.64967699,-67.53673370,96.64967699,-67.53689664,96.32967178,-67.14240007,96.32967178,-67.14240007,96.65357326,-67.55236163
CapeTown,-33.93,18.42,25.0,2030-06-21T00:00:00,2462673.500000000,star_aur_capella,STAR,79.172000,45.998000,0.08,269.237017385,269.237370140,269.241346540,269.241700351,51.92832427,-65.60220097,51.92832427,-65.58803496,51.92832427,-65.58825783,52.30853100,-65.24417926,52.30853100,-65.24417926,51.92236774,-65.60695500
CapeTown,-33.93,18.42,25.0,2030-06-21T00:00:00,2462673.500000000,star_umi_polaris,STAR,37.954000,89.264000,1.98,269.237017385,269.237370140,269.241346540,269.241700351,0.64171938,-34.23878513,0.64171938,-34.11853126,0.64171938,-34.12126583,0.83448008,-34.18243969,0.83448008,-34.18243969,0.63528840,-34.24054544
CapeTown,-33.93,18.42,25.0,2030-06-21T00:00:00,2462673.500000000,star_uma_dubhe,STAR,165.932000,61.751000,1.79,269.237017385,269.237370140,269.241346540,269.241700351,325.50912640,-44.09291041,325.50912640,-44.01000431,325.50912640,-44.01165973,325.78223451,-44.28525426,325.78223451,-44.28525426,325.50230844,-44.09254722
CapeTown,-33.93,18.42,25.0,2030-06-21T00:00:00,2462673.500000000,star_uma_merak,STAR,165.460000,56.380000,2.37,269.237017385,269.237370140,269.241346540,269.241700351,318.06418241,-44.96565745,318.06418241,-44.88613965,318.06418241,-44.88770958,318.32098485,-45.20460895,318.32098485,-45.20460895,318.05771851,-44.96484416
CapeTown,-33.93,18.42,25.0,2030-06-21T00:00:00,2462673.500000000,star_uma_alioth,STAR,193.507000,55.960000,1.77,269.237017385,269.237370140,269.241346540,269.241700351,319.86981880,-29.51855295,319.86981880,-29.38228756,319.86981880,-29.38558095,319.98096793,-29.74781408,319.98096793,-29.74781408,319.86437964,-29.51866082
CapeTown,-33.93,18.42,25.0,2030-06-21T00:00:00,2462673.500000000,star_uma_mizar,STAR,206.884000,54.920000,2.23,269.237017385,269.237370140,269.241346540,269.241700351,322.10635559,-22.14027699,322.10635559,-21.98312622,322.10635559,-21.98727108,322.16459347,-22.35616546,322.16459347,-22.35616546,322.10109755,-22.14084511
CapeTown,-33.93,18.42,25.0,2030-06-21T00:00:00,2462673.500000000,star_uma_alkaid,STAR,209.800000,49.310000,1.85,269.237017385,269.237370140,269.241346540,269.241700351,317.88782292,-17.78638763,317.88782292,-17.61963320,317.88782292,-17.62422991,317.90974599,-18.02862406,317.90974599,-18.02862406,317.88289213,-17.78708785
CapeTown,-33.93,18.42,25.0,2030-06-21T00:00:00,2462673.500000000,star_cas_schedar,STAR,9.880000,59.150000,2.24,269.237017385,269.237370140,269.241346540,269.241700351,34.01728883,-25.21065720,34.01728883,-25.06151894,34.01728883,-25.06531804,34.07646639,-24.93535883,34.07646639,-24.93535883,34.01292394,-25.21341362
CapeTown,-33.93,18.42,25.0,2030-06-21T00:00:00,2462673.500000000,star_cas_caph,STAR,1.150000,59.150000,2.28,269.237017385,269.237370140,269.241346540,269.241700351,31.73886256,-21.25724315,31.73886256,-21.09797628,31.73886256,-21.10221698,31.77632904,-20.99459304,31.77632904,-20.99459304,31.73444777,-21.25974992
CapeTown,-33.93,18.42,25.0,2030-06-21T00:00:00,2462673.500000000,star_per_mirfak,STAR,51.080000,49.860000,1.79,269.237017385,269.237370140,269.241346540,269.241700351,50.82972193,-46.51573764,50.82972193,-46.44220661,50.82972193,-46.44362980,50.97474692,-46.16184066,50.97474692,-46.16184066,50.82591254,-46.51996408
CapeTown,-33.93,18.42,25.0,2030-06-21T00:00:00,2462673.500000000,star_per_algol,STAR,47.040000,40.960000,2.12,269.237017385,269.237370140,269.241346540,269.241700351,62.82884870,-42.71348676,62.82884870,-42.62521635,62.82884870,-42.62701089,62.87383094,-42.32127650,62.87383094,-42.32127650,62.82664163,-42.71782727
CapeTown,-33.93,18.42,25.0,2030-06-21T00:00:00,2462673.500000000,star_boo_arcturus,STAR,213.915000,19.182000,-0.05,269.237017385,269.237370140,269.241346540,269.241700351,294.95963956,2.41853490,294.95963956,2.60375623,294.95963956,2.59819118,294.86266046,2.33348560,294.86266046,2.33282780,294.95635429,2.68996978
CapeTown,-33.93,18.42,25.0,2030-06-21T00:00:00,2462673.500000000,star_vir_spica,STAR,201.298000,-11.161000,0.98,269.237017385,269.237370140,269.241346540,269.241700351,262.75946743,9.61248887,262.75946743,9.70312707,262.75946743,9.70164040,262.67425551,9.28384927,262.67425551,9.28361922,262.75906519,9.70309194
CapeTown,-33.93,18.42,25.0,2030-06-21T00:00:00,2462673.500000000,star_sco_antares,STAR,247.352000,-26.432000,0.96,269.237017385,269.237370140,269.241346540,269.241700351,271.34279855,55.01366779,271.34279855,55.02493610,271.34279855,55.02475898,271.16807353,54.60260490,271.16807353,54.60257651,271.34074433,55.01973267
CapeTown,-33.93,18.42,25.0,2030-06-21T00:00:00,2462673.500000000,star_sco_shaula,STAR,262.690000,-37.030000,1.62,269.237017385,269.237370140,269.241346540,269.241700351,254.05263173,69.91357402,254.05263173,69.91946476,254.05263173,69.91937221,254.14232169,69.49683394,254.14232169,69.49681902,254.05432839,69.91371448
CapeTown,-33.93,18.42,25.0,2030-06-21T00:00:00,2462673.500000000,star_leo_regulus,STAR,152.093000,11.967000,1.36,269.237017385,269.237370140,269.241346540,269.241700351,252.50836348,-43.64299260,252.50836348,-43.55833727,252.50836348,-43.56003754,252.35111422,-44.05560471,252.35111422,-44.05560471,252.50913386,-43.64060478
CapeTown,-33.93,18.42,25.0,2030-06-21T00:00:00,2462673.500000000,star_gem_pollux,STAR,116.329000,28.026000,1.14,269.237017385,269.237370140,269.241346540,269.241700351,235.08354222,-80.14897415,235.08354222,-80.14995620,235.08354222,-80.14994206,233.83495429,-80.51591648,233.83495429,-80.51591648,235.09588737,-80.14459607
CapeTown,-33.93,18.42,25.0,2030-06-21T00:00:00,2462673.500000000,star_gem_castor,STAR,113.650000,31.888000,1.58,269.237017385,269.237370140,269.241346540,269.241700351,250.56405796,-84.16833384,250.56405796,-84.16949055,250.56405796,-84.16947409,249.54150887,-84.57491717,249.54150887,-84.57491717,250.57179993,-84.16341018
CapeTown,-33.93,18.42,25.0,2030-06-21T00:00:00,2462673.500000000,star_psa_fomalhaut,STAR,344.413000,-29.622000,1.17,269.237017385,269.237370140,269.241346540,269.241700351,101.17201447,41.76861911,101.17201447,41.78662770,101.17201447,41.78634436,101.20929748,42.19000541,101.20929748,42.18996139,101.17460857,41.78979151
CapeTown,-33.93,18.42,25.0,2030-06-21T00:00:00,2462673.500000000,star_eri_achernar,STAR,24.429000,-57.237000,0.45,269.237017385,269.237370140,269.241346540,269.241700351,143.67658502,24.40701097,143.67658502,24.44227788,143.67658502,24.44172058,143.76511890,24.64802813,143.76511890,24.64794179,143.68196442,24.44315725
CapeTown,-33.93,18.42,25.0,2030-06-21T00:00:00,2462673.500000000,dso_m31_andromeda,GALAXY,10.684000,41.269000,3.44,269.237017385,269.237370140,269.241346540,269.241700351,51.29408296,-17.35941128,51.29408296,-17.19182741,51.29408296,-17.19646526,51.27455735,-17.00238145,51.27455735,-17.00238145,51.29125552,-17.36198570
CapeTown,-33.93,18.42,25.0,2030-06-21T00:00:00,2462673.500000000,dso_lmc,GALAXY,80.894000,-69.756000,0.9,269.237017385,269.237370140,269.241346540,269.241700351,170.65530324,15.49322495,170.65530324,15.55030359,170.65530324,15.54939256,170.69292962,15.56602292,170.69292962,15.56588285,170.66093976,15.55050172
CapeTown,-33.93,18.42,25.0,2030-06-21T00:00:00,2462673.500000000,dso_smc,GALAXY,14.766000,-72.801000,2.7,269.237017385,269.237370140,269.241346540,269.241700351,159.17847844,32.96839445,159.17847844,32.99315232,159.17847844,32.99276227,159.36657161,33.09210554,159.36657161,33.09204445,159.18495247,32.99332750
CapeTown,-33.93,18.42,25.0,2030-06-21T00:00:00,2462673.500000000,dso_m33_triangulum,GALAXY,23.462000,30.660000,5.72,269.237017385,269.237370140,269.241346540,269.241700351,66.40136741,-21.30365278,66.40136741,-21.14449499,66.40136741,-21.14873071,66.36104846,-20.90198554,66.36104846,-20.90198554,66.39990085,-21.30665583
CapeTown,-33.93,18.42,25.0,2030-06-21T00:00:00,2462673.500000000,dso_m45_pleiades,STAR_CLUSTER,56.871000,24.105000,1.6,269.237017385,269.237370140,269.241346540,269.241700351,88.76837356,-45.38539581,88.76837356,-45.30750395,88.76837356,-45.30903349,88.64095365,-44.97027247,88.64095365,-44.97027247,88.76942933,-45.38996466
CapeTown,-33.93,18.42,25.0,2030-06-21T00:00:00,2462673.500000000,dso_hyades,STAR_CLUSTER,66.750000,15.870000,0.5,269.237017385,269.237370140,269.241346540,269.241700351,106.12526965,-49.47649571,106.12526965,-49.41418617,106.12526965,-49.41534830,105.85088442,-49.09300564,105.85088442,-49.09300564,106.12873826,-49.48088981
CapeTown,-33.93,18.42,25.0,2030-06-21T00:00:00,2462673.500000000,dso_m44_beehive,STAR_CLUSTER,130.100000,19.670000,3.7,269.237017385,269.237370140,269.241346540,269.241700351,240.54934573,-65.12431273,240.54934573,-65.10917057,240.54934573,-65.10940977,240.11724347,-65.51036983,240.11724347,-65.51036983,240.55323087,-65.12052215
CapeTown,-33.93,18.42,25.0,2030-06-21T00:00:00,2462673.500000000,dso_double_cluster,STAR_CLUSTER,34.740000,57.130000,3.7,269.237017385,269.237370140,269.241346540,269.241700351,40.35182472,-37.25431406,40.35182472,-37.14510421,40.35182472,-37.14749061,40.47775401,-36.94628247,40.47775401,-36.94628247,40.34747963,-37.25781807
CapeTown,-33.93,18.42,25.0,2030-06-21T00:00:00,2462673.500000000,dso_coma_cluster,STAR_CLUSTER,185.600000,26.100000,1.8,269.237017385,269.237370140,269.241346540,269.241700351,286.52280100,-23.27137552,286.52280100,-23.11705914,286.52280100,-23.12107867,286.50871001,-23.65742454,286.50871001,-23.65742454,286.52004464,-23.27107698
CapeTown,-33.93,18.42,25.0,2030-06-21T00:00:00,2462673.500000000,dso_omega_centauri,GLOBULAR_CLUSTER,201.700000,-47.470000,3.9,269.237017385,269.237370140,269.241346540,269.241700351,229.02491809,27.15161297,229.02491809,27.18286221,229.02491809,27.18236903,229.06248058,26.82993042,229.06248058,26.82985196,229.02804669,27.18010436
CapeTown,-33.93,18.42,25.0,2030-06-21T00:00:00,2462673.500000000,dso_47_tucanae,GLOBULAR_CLUSTER,6.020000,-72.080000,4.1,269.237017385,269.237370140,269.241346540,269.241700351,158.02187095,35.52827425,158.02187095,35.55077708,158.02187095,35.55042274,158.23559329,35.65798092,158.23559329,35.65792538,158.02853450,35.55103074
CapeTown,-33.93,18.42,25.0,2030-06-21T00:00:00,2462673.500000000,dso_m13_hercules,GLOBULAR_CLUSTER,250.420000,36.460000,5.8,269.237017385,269.237370140,269.241346540,269.241700351,330.38726009,11.67373912,330.38726009,11.74921905,330.38726009,11.74799866,330.21692425,11.58817626,330.21692425,11.58798929,330.38179841,11.74936486
CapeTown,-33.93,18.42,25.0,2030-06-21T00:00:00,2462673.500000000,dso_m42_orion_nebula,NEBULA,83.822000,-5.391000,4.0,269.237017385,269.237370140,269.241346540,269.241700351,145.98612911,-44.86807329,145.98612911,-44.78817708,145.98612911,-44.78975647,145.53505281,-44.67860891,145.53505281,-44.67860891,145.99279027,-44.87051864
CapeTown,-33.93,18.42,25.0,2030-06-21T00:00:00,2462673.500000000,dso_m8_lagoon,NEBULA,270.920000,-24.380000,6.0,269.237017385,269.237370140,269.241346540,269.241700351,299.72444205,72.91879260,299.72444205,72.92374287,299.72444205,72.92366510,298.81993834,72.57989077,298.81993834,72.57987826,299.71183007,72.91916852
CapeTown,-33.93,18.42,25.0,2030-06-21T00:00:00,2462673.500000000,dso_eta_carinae_nebula,NEBULA,161.260000,-59.870000,1.0,269.237017385,269.237370140,269.241346540,269.241700351,204.55737782,13.85132217,204.55737782,13.91518428,204.55737782,13.91416064,204.56474005,13.69337539,204.56474005,13.69321631,204.56195587,13.91464253
Honolulu,21.31,-157.86,5.0,2030-06-21T00:00:00,2462673.500000000,star_cma_sirius,STAR,101.287000,-16.716000,-1.46,269.237017385,269.237370140,269.241346540,269.241700351,194.86136873,50.75540986,194.86136873,50.76855913,194.86136873,50.76837726,195.37148915,50.72071366,195.37148915,50.72070713,194.85372475,50.77059224
Honolulu,21.31,-157.86,5.0,2030-06-21T00:00:00,2462673.500000000,star_cma_adhara,STAR,104.656000,-28.972000,1.5,269.237017385,269.237370140,269.241346540,269.241700351,187.26796706,39.29242277,187.26796706,39.31207203,187.26796706,39.31179994,187.60871789,39.32176405,187.60871789,39.32175431,187.26163056,39.31410378
Honolulu,21.31,-157.86,5.0,2030-06-21T00:00:00,2462673.500000000,star_cma_wezen,STAR,107.098000,-26.393000,1.83,269.237017385,269.237370140,269.241346540,269.241700351,184.79862111,42.08943766,184.79862111,42.10724524,184.79862111,42.10699874,185.17516445,42.13506695,185.17516445,42.13505812,184.79203895,42.10902244
Honolulu,21.31,-157.86,5.0,2030-06-21T00:00:00,2462673.500000000,star_cma_mirzam,STAR,95.675000,-17.956000,1.98,269.237017385,269.237370140,269.241346540,269.241700351,202.10607839,47.92831637,202.10607839,47.94284368,202.10607839,47.94264271,202.55597253,47.84227669,202.55597253,47.84226945,202.09901044,47.94540872
Honolulu,21.31,-157.86,5.0,2030-06-21T00:00:00,2462673.500000000,star_cmi_procyon,STAR,114.825000,5.225000,0.34,269.237017385,269.237370140,269.241346540,269.241700351,166.45814786,73.41682528,166.45814786,73.42162274,166.45814786,73.42155644,167.79024311,73.57709878,167.79024311,73.57709643,166.44248639,73.42058067
Honolulu,21.31,-157.86,5.0,2030-06-21T00:00:00,2462673.500000000,star_car_canopus,STAR,95.987000,-52.695000,-0.74,269.237017385,269.237370140,269.241346540,269.241700351,189.47532363,14.79726836,189.47532363,14.85705440,189.47532363,14.85621095,189.57870946,14.85228189,189.57870946,14.85225251,189.47013334,14.86057810
Honolulu,21.31,-157.86,5.0,2030-06-21T00:00:00,2462673.500000000,star_car_miaplacidus,STAR,138.300000,-69.720000,1.67,269.237017385,269.237370140,269.241346540,269.241700351,170.99145223,-3.16726388,170.99145223,-2.98308688,170.99145223,-2.98829053,170.95925199,-3.03593360,170.95925199,-3.03593360,170.98655598,-3.16515857
Honolulu,21.31,-157.86,5.0,2030-06-21T00:00:00,2462673.500000000,star_cen_rigil_kent,STAR,219.900000,-60.833000,-0.01,269.237017385,269.237370140,269.241346540,269.241700351,148.78851515,-27.76510434,148.78851515,-27.62338023,148.78851515,-27.62662955,148.60570840,-27.48646140,148.60570840,-27.48646140,148.78392448,-27.76165897
Honolulu,21.31,-157.86,5.0,2030-06-21T00:00:00,2462673.500000000,star_cen_hadar,STAR,210.956000,-60.373000,0.61,269.237017385,269.237370140,269.241346540,269.241700351,148.14497542,-23.39248948,148.14497542,-23.23848477,148.14497542,-23.24221741,147.99469975,-23.11038232,147.99469975,-23.11038232,148.14061376,-23.38918482
Honolulu,21.31,-157.86,5.0,2030-06-21T00:00:00,2462673.500000000,star_lyr_vega,STAR,279.234000,38.783000,0.03,269.237017385,269.237370140,269.241346540,269.241700351,10.55496548,-28.85643443,10.55496548,-28.71807387,10.55496548,-28.72120013,10.79289677,-28.83783748,10.79289677,-28.83783748,10.56110404,-28.85458191
Honolulu,21.31,-157.86,5.0,2030-06-21T00:00:00,2462673.500000000,star_cyg_deneb,STAR,310.358000,45.280000,1.25,269.237017385,269.237370140,269.241346540,269.241700351,345.63959968,-21.03826076,345.63959968,-20.87848231,345.63959968,-20.88246308,345.79315353,-21.20352384,345.79315353,-21.20352384,345.64489518,-21.03725326
Honolulu,21.31,-157.86,5.0,2030-06-21T00:00:00,2462673.500000000,star_cyg_sadr,STAR,305.557000,40.260000,2.23,269.237017385,269.237370140,269.241346540,269.241700351,347.68438469,-26.87774188,347.68438469,-26.73336790,347.68438469,-26.73671684,347.88972576,-27.02872957,347.88972576,-27.02872957,347.69003383,-26.87691086
Honolulu,21.31,-157.86,5.0,2030-06-21T00:00:00,2462673.500000000,star_cyg_albireo,STAR,292.680000,27.960000,3.05,269.237017385,269.237370140,269.241346540,269.241700351,358.12097627,-40.63912708,358.12097627,-40.54281284,358.12097627,-40.54465473,358.48703258,-40.71402965,358.48703258,-40.71402965,358.12802677,-40.63826681
Honolulu,21.31,-157.86,5.0,2030-06-21T00:00:00,2462673.500000000,star_aql_altair,STAR,297.696000,8.868000,0.76,269.237017385,269.237370140,269.241346540,269.241700351,347.07395164,-59.03635630,347.07395164,-59.00608868,347.07395164,-59.00654245,347.75040049,-59.19148143,347.75040049,-59.19148143,347.08391389,-59.03704399
Honolulu,21.31,-157.86,5.0,2030-06-21T00:00:00,2462673.500000000,star_ori_betelgeuse,STAR,88.793000,7.407000,0.5,269.237017385,269.237370140,269.241346540,269.241700351,240.29127966,64.47129959,240.29127966,64.47899210,240.29127966,64.47888577,240.82862823,64.14398180,240.82862823,64.14397792,240.28437132,64.48346187
Honolulu,21.31,-157.86,5.0,2030-06-21T00:00:00,2462673.500000000,star_ori_rigel,STAR,78.634000,-8.202000,0.13,269.237017385,269.237370140,269.241346540,269.241700351,230.55392091,46.64620827,230.55392091,46.66140110,230.55392091,46.66119090,230.87925386,46.37625582,230.87925386,46.37624821,230.54866466,46.66548984
Honolulu,21.31,-157.86,5.0,2030-06-21T00:00:00,2462673.500000000,star_ori_bellatrix,STAR,81.283000,6.350000,1.64,269.237017385,269.237370140,269.241346540,269.241700351,246.86517157,57.63609342,246.86517157,57.64629846,246.86517157,57.64615737,247.20689186,57.28399596,247.20689186,57.28399082,246.86045603,57.65108228
Honolulu,21.31,-157.86,5.0,2030-06-21T00:00:00,2462673.500000000,star_ori_saiph,STAR,86.939000,-9.670000,2.07,269.237017385,269.237370140,269.241346540,269.241700351,219.76337772,51.03030272,219.76337772,51.04332396,219.76337772,51.04314386,220.20340124,50.82193876,220.20340124,50.82193225,219.75677655,51.04685227
Honolulu,21.31,-157.86,5.0,2030-06-21T00:00:00,2462673.500000000,star_ori_alnitak,STAR,85.190000,-1.940000,1.77,269.237017385,269.237370140,269.241346540,269.241700351,230.52893189,55.69120697,230.52893189,55.70219432,230.52893189,55.70204239,230.98145404,55.41676123,230.98145404,55.41675572,230.52255569,55.70625691
Honolulu,21.31,-157.86,5.0,2030-06-21T00:00:00,2462673.500000000,star_ori_alnilam,STAR,84.530000,-1.200000,1.69,269.237017385,269.237370140,269.241346540,269.241700351,232.28773422,55.72057149,232.28773422,55.73154677,232.28773422,55.73139501,232.72771808,55.43660753,232.72771808,55.43660202,232.28153489,55.73569789
Honolulu,21.31,-157.86,5.0,2030-06-21T00:00:00,2462673.500000000,star_ori_mintaka,STAR,84.050000,-0.300000,2.23,269.237017385,269.237370140,269.241346540,269.241700351,234.05138444,55.96522747,234.05138444,55.97610247,234.05138444,55.97595210,234.48185991,55.67189945,234.48185991,55.67189399,234.04533576,55.98033887
Honolulu,21.31,-157.86,5.0,2030-06-21T00:00:00,2462673.500000000,star_tau_aldebaran,STAR,68.980000,16.509000,0.85,269.237017385,269.237370140,269.241346540,269.241700351,270.59596139,50.13814136,270.59596139,50.15158178,270.59596139,50.15139587,270.65951582,49.73075485,270.65951582,49.73074807,270.59497622,50.15684203
Honolulu,21.31,-157.86,5.0,2030-06-21T00:00:00,2462673.500000000,star_tau_elnath,STAR,81.573000,28.608000,1.65,269.237017385,269.237370140,269.241346540,269.241700351,291.38122171,62.50449657,291.38122171,62.51287918,291.38122171,62.51276330,291.19635185,62.09878823,291.19635185,62.09878399,291.38361989,62.51818621
Honolulu,21.31,-157.86,5.0,2030-06-21T00:00:00,2462673.500000000,star_aur_capella,STAR,79.172000,45.998000,0.08,269.237017385,269.237370140,269.241346540,269.241700351,321.35872927,54.31014178,321.35872927,54.32170677,321.35872927,54.32154685,320.95532617,54.01001191,320.95532617,54.01000611,321.36449619,54.32603656
Honolulu,21.31,-157.86,5.0,2030-06-21T00:00:00,2462673.500000000,star_umi_polaris,STAR,37.954000,89.264000,1.98,269.237017385,269.237370140,269.241346540,269.241700351,359.40919564,21.58434525,359.40919564,21.62470999,359.40919564,21.62414706,359.24172045,21.55990208,359.24172045,21.55988208,359.41461548,21.62795567
Honolulu,21.31,-157.86,5.0,2030-06-21T00:00:00,2462673.500000000,star_uma_dubhe,STAR,165.932000,61.751000,1.79,269.237017385,269.237370140,269.241346540,269.241700351,28.42299770,35.01402286,28.42299770,35.03695577,28.42299770,35.03663795,28.13931673,35.18434538,28.13931673,35.18433406,28.42876634,35.03836633
Honolulu,21.31,-157.86,5.0,2030-06-21T00:00:00,2462673.500000000,star_uma_merak,STAR,165.460000,56.380000,2.37,269.237017385,269.237370140,269.241346540,269.241700351,34.57474572,37.05787195,34.57474572,37.07915618,34.57474572,37.07886133,34.28219232,37.26861761,34.28219232,37.26860712,34.58039165,37.08015159
Honolulu,21.31,-157.86,5.0,2030-06-21T00:00:00,2462673.500000000,star_uma_alioth,STAR,193.507000,55.960000,1.77,269.237017385,269.237370140,269.241346540,269.241700351,36.84380616,21.67022615,36.84380616,21.71041781,36.84380616,21.70985733,36.69224968,21.91643931,36.69224968,21.91641966,36.84863666,21.71266263
Honolulu,21.31,-157.86,5.0,2030-06-21T00:00:00,2462673.500000000,star_uma_mizar,STAR,206.884000,54.920000,2.23,269.237017385,269.237370140,269.241346540,269.241700351,36.26881505,14.04246500,36.26881505,14.10546323,36.26881505,14.10457232,36.17248348,14.30803504,36.17248348,14.30800455,36.27350649,14.10867416
Honolulu,21.31,-157.86,5.0,2030-06-21T00:00:00,2462673.500000000,star_uma_alkaid,STAR,209.800000,49.310000,1.85,269.237017385,269.237370140,269.241346540,269.241700351,41.10044232,10.52295978,41.10044232,10.60627281,41.10044232,10.60507197,41.03169997,10.83963752,41.03169997,10.83959765,41.10486791,10.61019910
Honolulu,21.31,-157.86,5.0,2030-06-21T00:00:00,2462673.500000000,star_cas_schedar,STAR,9.880000,59.150000,2.24,269.237017385,269.237370140,269.241346540,269.241700351,329.09623362,12.78810609,329.09623362,12.85719741,329.09623362,12.85621543,329.02059743,12.58946922,329.02059743,12.58943466,329.10034273,12.86151383
Honolulu,21.31,-157.86,5.0,2030-06-21T00:00:00,2462673.500000000,star_cas_caph,STAR,1.150000,59.150000,2.28,269.237017385,269.237370140,269.241346540,269.241700351,330.94660359,8.70070989,330.94660359,8.79994280,330.94660359,8.79848320,330.89426600,8.54426640,330.89426600,8.54421675,330.95078135,8.80514890
Honolulu,21.31,-157.86,5.0,2030-06-21T00:00:00,2462673.500000000,star_per_mirfak,STAR,51.080000,49.860000,1.79,269.237017385,269.237370140,269.241346540,269.241700351,316.98181289,35.45872523,316.98181289,35.48128560,316.98181289,35.48097297,316.79121531,35.14893818,316.79121531,35.14892685,316.98568106,35.48565186
Honolulu,21.31,-157.86,5.0,2030-06-21T00:00:00,2462673.500000000,star_per_algol,STAR,47.040000,40.960000,2.12,269.237017385,269.237370140,269.241346540,269.241700351,305.98360190,33.25666228,305.98360190,33.28115119,305.98360190,33.28081166,305.85208550,32.90435736,305.85208550,32.90434505,305.98642351,33.28574532
Honolulu,21.31,-157.86,5.0,2030-06-21T00:00:00,2462673.500000000,star_boo_arcturus,STAR,213.915000,19.182000,-0.05,269.237017385,269.237370140,269.241346540,269.241700351,67.55499075,-4.47427502,67.55499075,-4.29077444,67.55499075,-4.29594294,67.56919796,-4.10234949,67.56919796,-4.10234949,67.55770741,-4.47168173
Honolulu,21.31,-157.86,5.0,2030-06-21T00:00:00,2462673.500000000,star_vir_spica,STAR,201.298000,-11.161000,0.98,269.237017385,269.237370140,269.241346540,269.241700351,100.45092598,-4.38986254,100.45092598,-4.20631328,100.45092598,-4.21148435,100.44461958,-3.95710117,100.44461958,-3.95710117,100.45078405,-4.38718962
Honolulu,21.31,-157.86,5.0,2030-06-21T00:00:00,2462673.500000000,star_sco_antares,STAR,247.352000,-26.432000,0.96,269.237017385,269.237370140,269.241346540,269.241700351,106.26764658,-50.03458532,106.26764658,-49.97434544,106.26764658,-49.97535555,106.19242966,-49.60269854,106.19242966,-49.60269854,106.26649501,-50.02908574
Honolulu,21.31,-157.86,5.0,2030-06-21T00:00:00,2462673.500000000,star_sco_shaula,STAR,262.690000,-37.030000,1.62,269.237017385,269.237370140,269.241346540,269.241700351,129.05495298,-60.98375431,129.05495298,-60.95884987,129.05495298,-60.95921528,128.65453444,-60.60748907,128.65453444,-60.60748907,129.04920693,-60.97865709
Honolulu,21.31,-157.86,5.0,2030-06-21T00:00:00,2462673.500000000,star_leo_regulus,STAR,152.093000,11.967000,1.36,269.237017385,269.237370140,269.241346540,269.241700351,96.83917464,49.58469845,96.83917464,49.59840437,96.83917464,49.59821478,96.82001169,50.02650993,96.82001169,50.02650323,96.83945285,49.59649293
Honolulu,21.31,-157.86,5.0,2030-06-21T00:00:00,2462673.500000000,star_gem_pollux,STAR,116.329000,28.026000,1.14,269.237017385,269.237370140,269.241346540,269.241700351,35.47138222,81.73577257,35.47138222,81.73811272,35.47138222,81.73808038,32.79601981,81.92292448,32.79601981,81.92292335,35.50140783,81.73628824
Honolulu,21.31,-157.86,5.0,2030-06-21T00:00:00,2462673.500000000,star_gem_castor,STAR,113.650000,31.888000,1.58,269.237017385,269.237370140,269.241346540,269.241700351,12.59682237,79.20737186,12.59682237,79.21044309,12.59682237,79.21040065,10.36058308,79.23341645,10.36058308,79.23341494,12.62263226,79.21055559
Honolulu,21.31,-157.86,5.0,2030-06-21T00:00:00,2462673.500000000,star_psa_fomalhaut,STAR,344.413000,-29.622000,1.17,269.237017385,269.237370140,269.241346540,269.241700351,248.91877361,-41.43424432,248.91877361,-41.34100634,248.91877361,-41.34276915,248.72122457,-41.81014823,248.72122457,-41.81014823,248.91534186,-41.43606661
Honolulu,21.31,-157.86,5.0,2030-06-21T00:00:00,2462673.500000000,star_eri_achernar,STAR,24.429000,-57.237000,0.45,269.237017385,269.237370140,269.241346540,269.241700351,214.36520603,-16.00194376,214.36520603,-15.83185576,214.36520603,-15.83631884,214.24355171,-16.18854046,214.24355171,-16.18854046,214.36036280,-16.00086704
Honolulu,21.31,-157.86,5.0,2030-06-21T00:00:00,2462673.500000000,dso_m31_andromeda,GALAXY,10.684000,41.269000,3.44,269.237017385,269.237370140,269.241346540,269.241700351,312.03774832,6.65577577,312.03774832,6.78056258,312.03774832,6.77864018,312.00858406,6.43202768,312.00858406,6.43196404,312.04068105,6.78771316
Honolulu,21.31,-157.86,5.0,2030-06-21T00:00:00,2462673.500000000,dso_lmc,GALAXY,80.894000,-69.756000,0.9,269.237017385,269.237370140,269.241346540,269.241700351,190.16871928,-3.61116373,190.16871928,-3.42719793,190.16871928,-3.43239078,190.13133848,-3.62203549,190.13133848,-3.62203549,190.16358860,-3.60926612
Honolulu,21.31,-157.86,5.0,2030-06-21T00:00:00,2462673.500000000,dso_smc,GALAXY,14.766000,-72.801000,2.7,269.237017385,269.237370140,269.241346540,269.241700351,198.68875489,-22.19113935,198.68875489,-22.03411306,198.68875489,-22.03797372,198.50501609,-22.26559164,198.50501609,-22.26559164,198.68320034,-22.18977474
Honolulu,21.31,-157.86,5.0,2030-06-21T00:00:00,2462673.500000000,dso_m33_triangulum,GALAXY,23.462000,30.660000,5.72,269.237017385,269.237370140,269.241346540,269.241700351,298.38032782,12.78290404,298.38032782,12.85202286,298.38032782,12.85104047,298.34439203,12.45373042,298.34439203,12.45369549,298.38218404,12.85657588
Honolulu,21.31,-157.86,5.0,2030-06-21T00:00:00,2462673.500000000,dso_m45_pleiades,STAR_CLUSTER,56.871000,24.105000,1.6,269.237017385,269.237370140,269.241346540,269.241700351,284.22919199,40.37345071,284.22919199,40.39236343,284.22919199,40.39210157,284.18837742,39.96961039,284.18837742,39.96960086,284.22991112,40.39742608
Honolulu,21.31,-157.86,5.0,2030-06-21T00:00:00,2462673.500000000,dso_hyades,STAR_CLUSTER,66.750000,15.870000,0.5,269.237017385,269.237370140,269.241346540,269.241700351,270.44894125,47.90544944,270.44894125,47.91998838,270.44894125,47.91978724,270.50847538,47.49929147,270.50847538,47.49928415,270.44798254,47.92520699
Honolulu,21.31,-157.86,5.0,2030-06-21T00:00:00,2462673.500000000,dso_m44_beehive,STAR_CLUSTER,130.100000,19.670000,3.7,269.237017385,269.237370140,269.241346540,269.241700351,92.14570233,71.97611959,92.14570233,71.98136136,92.14570233,71.98128891,91.99369715,72.40513875,91.99369715,72.40513622,92.14750770,71.97757000
Honolulu,21.31,-157.86,5.0,2030-06-21T00:00:00,2462673.500000000,dso_double_cluster,STAR_CLUSTER,34.740000,57.130000,3.7,269.237017385,269.237370140,269.241346540,269.241700351,324.52164645,25.26010237,324.52164645,25.29403535,324.52164645,25.29356341,324.37553474,24.99969539,324.37553474,24.99967838,324.52571539,25.29810894
Honolulu,21.31,-157.86,5.0,2030-06-21T00:00:00,2462673.500000000,dso_coma_cluster,STAR_CLUSTER,185.600000,26.100000,1.8,269.237017385,269.237370140,269.241346540,269.241700351,69.70525656,22.41650406,69.70525656,22.45524327,69.70525656,22.45470341,69.61658010,22.83322918,69.61658010,22.83321039,69.70793115,22.45674763
Honolulu,21.31,-157.86,5.0,2030-06-21T00:00:00,2462673.500000000,dso_omega_centauri,GLOBULAR_CLUSTER,201.700000,-47.470000,3.9,269.237017385,269.237370140,269.241346540,269.241700351,135.46972875,-16.08908708,135.46972875,-15.91915377,135.46972875,-15.92360921,135.38759480,-15.74203916,135.38759480,-15.74203916,135.46647310,-16.08582408
Honolulu,21.31,-157.86,5.0,2030-06-21T00:00:00,2462673.500000000,dso_47_tucanae,GLOBULAR_CLUSTER,6.020000,-72.080000,4.1,269.237017385,269.237370140,269.241346540,269.241700351,199.30695780,-24.86424433,199.30695780,-24.71415200,199.30695780,-24.71772446,199.09993282,-24.94327954,199.09993282,-24.94327954,199.30128466,-24.86298272
Honolulu,21.31,-157.86,5.0,2030-06-21T00:00:00,2462673.500000000,dso_m13_hercules,GLOBULAR_CLUSTER,250.420000,36.460000,5.8,269.237017385,269.237370140,269.241346540,269.241700351,34.10490243,-20.66815183,34.10490243,-20.50752070,34.10490243,-20.51153938,34.25047202,-20.47850868,34.25047202,-20.47850868,34.11004052,-20.66535914
Honolulu,21.31,-157.86,5.0,2030-06-21T00:00:00,2462673.500000000,dso_m42_orion_nebula,NEBULA,83.822000,-5.391000,4.0,269.237017385,269.237370140,269.241346540,269.241700351,228.03320114,52.28187809,228.03320114,52.29432860,228.03320114,52.29415641,228.44753039,52.02304262,228.44753039,52.02303638,228.02708947,52.29828467
Honolulu,21.31,-157.86,5.0,2030-06-21T00:00:00,2462673.500000000,dso_m8_lagoon,NEBULA,270.920000,-24.380000,6.0,269.237017385,269.237370140,269.241346540,269.241700351,103.27002113,-71.34825427,103.27002113,-71.34332868,103.27002113,-71.34339442,103.15881050,-70.91356268,103.15881050,-70.91356268,103.26849319,-71.34242530
Honolulu,21.31,-157.86,5.0,2030-06-21T00:00:00,2462673.500000000,dso_eta_carinae_nebula,NEBULA,161.260000,-59.870000,1.0,269.237017385,269.237370140,269.241346540,269.241700351,157.44118158,-0.96629086,157.44118158,-0.78134631,157.44118158,-0.78658620,157.42623939,-0.14832406,157.42623939,-0.14860917,157.43680106,-0.14346394
Quito,0.0,-78.5,2850.0,2030-06-21T00:00:00,2462673.500000000,star_cma_sirius,STAR,101.287000,-16.716000,-1.46,269.237017385,269.237370140,269.241346540,269.241700351,253.24692025,0.84662656,253.24692025,1.03185544,253.24692025,0.98500574,253.28328515,0.93045001,253.28328515,0.82989994,253.24729351,1.27718548
Quito,0.0,-78.5,2850.0,2030-06-21T00:00:00,2462673.500000000,star_cma_adhara,STAR,104.656000,-28.972000,1.5,269.237017385,269.237370140,269.241346540,269.241700351,240.91689202,3.68196775,240.91689202,3.86236495,240.91689202,3.81751895,240.97126024,3.63072588,240.97126024,3.57976012,240.91750916,3.89467511
Quito,0.0,-78.5,2850.0,2030-06-21T00:00:00,2462673.500000000,star_cma_wezen,STAR,107.098000,-26.393000,1.83,269.237017385,269.237370140,269.241346540,269.241700351,243.39937548,5.96412056,243.39937548,6.10010754,243.39937548,6.06594904,243.46605529,5.83529269,243.46605529,5.79985782,243.39995728,6.11163387
Quito,0.0,-78.5,2850.0,2030-06-21T00:00:00,2462673.500000000,star_cma_mirzam,STAR,95.675000,-17.956000,1.98,269.237017385,269.237370140,269.241346540,269.241700351,251.96802504,-4.50132352,251.96802504,-4.31783869,251.96802504,-4.36424689,251.97810960,-4.81932062,251.97810960,-4.81932062,251.96840912,-4.49605962
Quito,0.0,-78.5,2850.0,2030-06-21T00:00:00,2462673.500000000,star_cmi_procyon,STAR,114.825000,5.225000,0.34,269.237017385,269.237370140,269.241346540,269.241700351,275.32018978,14.42761730,275.32018978,14.48893818,275.32018978,14.47328681,275.38597661,14.08809393,275.38597661,14.07220233,275.32011772,14.49528994
Quito,0.0,-78.5,2850.0,2030-06-21T00:00:00,2462673.500000000,star_car_canopus,STAR,95.987000,-52.695000,-0.74,269.237017385,269.237370140,269.241346540,269.241700351,217.19673954,-2.78031059,217.19673954,-2.59596496,217.19673954,-2.64259450,217.20982909,-2.87952908,217.20982909,-2.87952908,217.19768756,-2.77494212
Quito,0.0,-78.5,2850.0,2030-06-21T00:00:00,2462673.500000000,star_car_miaplacidus,STAR,138.300000,-69.720000,1.67,269.237017385,269.237370140,269.241346540,269.241700351,196.20085792,12.14112348,196.20085792,12.21379694,196.20085792,12.19527857,196.32670544,12.27126569,196.32670544,12.25308457,196.20210456,12.22103099
Quito,0.0,-78.5,2850.0,2030-06-21T00:00:00,2462673.500000000,star_cen_rigil_kent,STAR,219.900000,-60.833000,-0.01,269.237017385,269.237370140,269.241346540,269.241700351,164.59598618,24.91662235,164.59598618,24.95108236,164.59598618,24.94226241,164.78728757,25.22357671,164.78728757,25.21493287,164.59738424,24.95735948
Quito,0.0,-78.5,2850.0,2030-06-21T00:00:00,2462673.500000000,star_cen_hadar,STAR,210.956000,-60.373000,0.61,269.237017385,269.237370140,269.241346540,269.241700351,168.66393109,27.39214046,168.66393109,27.42307261,168.66393109,27.41515363,168.88273416,27.67082058,168.88273416,27.66304148,168.66540094,27.42910552
Quito,0.0,-78.5,2850.0,2030-06-21T00:00:00,2462673.500000000,star_lyr_vega,STAR,279.234000,38.783000,0.03,269.237017385,269.237370140,269.241346540,269.241700351,51.18246835,0.96740353,51.18246835,1.15264020,51.18246835,1.10578889,51.20731263,1.51618602,51.20731263,1.43219994,51.18171546,1.38211057
Quito,0.0,-78.5,2850.0,2030-06-21T00:00:00,2462673.500000000,star_cyg_deneb,STAR,310.358000,45.280000,1.25,269.237017385,269.237370140,269.241346540,269.241700351,40.54098761,-20.48303814,40.54098761,-20.32198618,40.54098761,-20.36253089,40.72511756,-20.34869717,40.72511756,-20.34869717,40.54013396,-20.47798957
Quito,0.0,-78.5,2850.0,2030-06-21T00:00:00,2462673.500000000,star_cyg_sadr,STAR,305.557000,40.260000,2.23,269.237017385,269.237370140,269.241346540,269.241700351,46.81946204,-18.85800918,46.81946204,-18.69342490,46.81946204,-18.73489380,46.98479543,-18.67968436,46.98479543,-18.67968436,46.81869450,-18.85288745
Quito,0.0,-78.5,2850.0,2030-06-21T00:00:00,2462673.500000000,star_cyg_albireo,STAR,292.680000,27.960000,3.05,269.237017385,269.237370140,269.241346540,269.241700351,61.42251001,-10.79966642,61.42251001,-10.62182415,61.42251001,-10.66676326,61.51799567,-10.52780862,61.51799567,-10.52780862,61.42196577,-10.79420275
Quito,0.0,-78.5,2850.0,2030-06-21T00:00:00,2462673.500000000,star_aql_altair,STAR,297.696000,8.868000,0.76,269.237017385,269.237370140,269.241346540,269.241700351,80.63337901,-17.11311970,80.63337901,-16.94506649,80.63337901,-16.98744350,80.73590165,-16.74561518,80.73590165,-16.74561518,80.63320084,-17.10789429
Quito,0.0,-78.5,2850.0,2030-06-21T00:00:00,2462673.500000000,star_ori_betelgeuse,STAR,88.793000,7.407000,0.5,269.237017385,269.237370140,269.241346540,269.241700351,277.56026281,-11.43935373,277.56026281,-11.26231017,277.56026281,-11.30704048,277.56915728,-11.84754127,277.56915728,-11.84754127,277.56013744,-11.43407843
Quito,0.0,-78.5,2850.0,2030-06-21T00:00:00,2462673.500000000,star_ori_rigel,STAR,78.634000,-8.202000,0.13,269.237017385,269.237370140,269.241346540,269.241700351,261.21437761,-21.51077083,261.21437761,-21.35210279,261.21437761,-21.39202416,261.15703676,-21.86983253,261.15703676,-21.86983253,261.21455978,-21.50555490
Quito,0.0,-78.5,2850.0,2030-06-21T00:00:00,2462673.500000000,star_ori_bellatrix,STAR,81.283000,6.350000,1.64,269.237017385,269.237370140,269.241346540,269.241700351,276.74059510,-18.92803437,276.74059510,-18.76359630,276.74059510,-18.80502694,276.73124159,-19.33455304,276.73124159,-19.33455304,276.74047630,-18.92279572
Quito,0.0,-78.5,2850.0,2030-06-21T00:00:00,2462673.500000000,star_ori_saiph,STAR,86.939000,-9.670000,2.07,269.237017385,269.237370140,269.241346540,269.241700351,260.07105328,-13.24833070,260.07105328,-13.07377854,260.07105328,-13.11785708,260.04812447,-13.60278675,260.04812447,-13.60278675,260.07126652,-13.24303779
Quito,0.0,-78.5,2850.0,2030-06-21T00:00:00,2462673.500000000,star_ori_alnitak,STAR,85.190000,-1.940000,1.77,269.237017385,269.237370140,269.241346540,269.241700351,268.00355418,-15.15923463,268.00355418,-14.98769334,268.00355418,-15.03098367,267.98633495,-15.54256117,267.98633495,-15.54256117,268.00361056,-15.15395723
Quito,0.0,-78.5,2850.0,2030-06-21T00:00:00,2462673.500000000,star_ori_alnilam,STAR,84.530000,-1.200000,1.69,269.237017385,269.237370140,269.241346540,269.241700351,268.76834328,-15.82232169,268.76834328,-15.65191744,268.76834328,-15.69491005,268.75032356,-16.20804687,268.75032356,-16.20804687,268.76838393,-15.81704874
Quito,0.0,-78.5,2850.0,2030-06-21T00:00:00,2462673.500000000,star_ori_mintaka,STAR,84.050000,-0.300000,2.23,269.237017385,269.237370140,269.241346540,269.241700351,269.70455733,-16.30289773,269.70455733,-16.13334749,269.70455733,-16.17611648,269.68680343,-16.69146484,269.68680343,-16.69146484,269.70457911,-16.29762881
Quito,0.0,-78.5,2850.0,2030-06-21T00:00:00,2462673.500000000,star_tau_aldebaran,STAR,68.980000,16.509000,0.85,269.237017385,269.237370140,269.241346540,269.241700351,289.20245382,-29.88743577,289.20245382,-29.75235499,289.20245382,-29.78613426,289.21789662,-30.31059641,289.21789662,-30.31059641,289.20206639,-29.88244713
Quito,0.0,-78.5,2850.0,2030-06-21T00:00:00,2462673.500000000,star_tau_elnath,STAR,81.573000,28.608000,1.65,269.237017385,269.237370140,269.241346540,269.241700351,299.95529650,-16.33327765,299.95529650,-16.16378225,299.95529650,-16.20653688,300.00269554,-16.75407531,300.00269554,-16.75407531,299.95473101,-16.32802920
Quito,0.0,-78.5,2850.0,2030-06-21T00:00:00,2462673.500000000,star_aur_capella,STAR,79.172000,45.998000,0.08,269.237017385,269.237370140,269.241346540,269.241700351,317.99319406,-14.41271244,317.99319406,-14.23994811,317.99319406,-14.28355866,318.07218602,-14.79660319,318.07218602,-14.79660319,317.99235866,-14.40746513
Quito,0.0,-78.5,2850.0,2030-06-21T00:00:00,2462673.500000000,star_umi_polaris,STAR,37.954000,89.264000,1.98,269.237017385,269.237370140,269.241346540,269.241700351,359.62798499,-0.48916333,359.62798499,-0.30411353,359.62798499,-0.35092084,359.66342077,-0.07529246,359.66342077,-0.21797656,359.62681464,0.20668440
Quito,0.0,-78.5,2850.0,2030-06-21T00:00:00,2462673.500000000,star_uma_dubhe,STAR,165.932000,61.751000,1.79,269.237017385,269.237370140,269.241346540,269.241700351,347.43030592,25.68948146,347.43030592,25.72277372,347.43030592,25.71425192,347.29492149,25.47823017,347.29492149,25.46968327,347.42888952,25.72843947
Quito,0.0,-78.5,2850.0,2030-06-21T00:00:00,2462673.500000000,star_uma_merak,STAR,165.460000,56.380000,2.37,269.237017385,269.237370140,269.241346540,269.241700351,344.31070181,30.30790447,344.31070181,30.33535556,344.31070181,30.32832624,344.14762983,30.07165200,344.14762983,30.06459767,344.30922142,30.34058819
Quito,0.0,-78.5,2850.0,2030-06-21T00:00:00,2462673.500000000,star_uma_alioth,STAR,193.507000,55.960000,1.77,269.237017385,269.237370140,269.241346540,269.241700351,2.10635764,34.14501294,2.10635764,34.16869793,2.10635764,34.16263172,1.86664252,34.01954769,1.86664252,34.01348656,2.10471072,34.17391307
Quito,0.0,-78.5,2850.0,2030-06-21T00:00:00,2462673.500000000,star_uma_mizar,STAR,206.884000,54.920000,2.23,269.237017385,269.237370140,269.241346540,269.241700351,11.29558591,33.59250510,11.29558591,33.61668574,11.29558591,33.61049275,11.04820148,33.53356673,11.04820148,33.52739437,11.29397275,33.62210275
Quito,0.0,-78.5,2850.0,2030-06-21T00:00:00,2462673.500000000,star_uma_alkaid,STAR,209.800000,49.310000,1.85,269.237017385,269.237370140,269.241346540,269.241700351,15.98509323,38.09105895,15.98509323,38.11156723,15.98509323,38.10631386,15.68267228,38.06256508,15.68267228,38.05733416,15.98338575,38.11672565
Quito,0.0,-78.5,2850.0,2030-06-21T00:00:00,2462673.500000000,star_cas_schedar,STAR,9.880000,59.150000,2.24,269.237017385,269.237370140,269.241346540,269.241700351,0.24750677,-30.68506844,0.24750677,-30.55259036,0.24750677,-30.58569529,0.51466298,-30.84612976,0.51466298,-30.84612976,0.24633936,-30.68040178
Quito,0.0,-78.5,2850.0,2030-06-21T00:00:00,2462673.500000000,star_cas_caph,STAR,1.150000,59.150000,2.28,269.237017385,269.237370140,269.241346540,269.241700351,5.41300124,-30.24801277,5.41300124,-30.11410166,5.41300124,-30.14757779,5.68371195,-30.37275126,5.68371195,-30.37275126,5.41184317,-30.24334824
Quito,0.0,-78.5,2850.0,2030-06-21T00:00:00,2462673.500000000,star_per_mirfak,STAR,51.080000,49.860000,1.79,269.237017385,269.237370140,269.241346540,269.241700351,331.19178226,-29.09894153,331.19178226,-28.96134366,331.19178226,-28.99577580,331.37210108,-29.43139267,331.37210108,-29.43139267,331.19076092,-29.09407516
Quito,0.0,-78.5,2850.0,2030-06-21T00:00:00,2462673.500000000,star_per_algol,STAR,47.040000,40.960000,2.12,269.237017385,269.237370140,269.241346540,269.241700351,325.49990254,-37.13271845,325.49990254,-37.02305371,325.49990254,-37.05028147,325.70731350,-37.49007863,325.70731350,-37.49007863,325.49888320,-37.12816810
Quito,0.0,-78.5,2850.0,2030-06-21T00:00:00,2462673.500000000,star_boo_arcturus,STAR,213.915000,19.182000,-0.05,269.237017385,269.237370140,269.241346540,269.241700351,49.16514985,60.06901886,49.16514985,60.07829099,49.16514985,60.07591500,48.52179316,60.26864770,48.52179316,60.26630416,49.16311329,60.08228087
Quito,0.0,-78.5,2850.0,2030-06-21T00:00:00,2462673.500000000,star_vir_spica,STAR,201.298000,-11.161000,0.98,269.237017385,269.237370140,269.241346540,269.241700351,136.46379995,74.28823998,136.46379995,74.29277194,136.46379995,74.29161054,137.12168051,74.68831161,137.12168051,74.68719101,136.46761499,74.29546034
Quito,0.0,-78.5,2850.0,2030-06-21T00:00:00,2462673.500000000,star_sco_antares,STAR,247.352000,-26.432000,0.96,269.237017385,269.237370140,269.241346540,269.241700351,120.70275631,29.09389641,120.70275631,29.12272077,120.70275631,29.11534041,120.76821628,29.55407960,120.76821628,29.54687789,120.70349678,29.12919202
Quito,0.0,-78.5,2850.0,2030-06-21T00:00:00,2462673.500000000,star_sco_shaula,STAR,262.690000,-37.030000,1.62,269.237017385,269.237370140,269.241346540,269.241700351,128.36758398,13.90271714,128.36758398,13.96634484,128.36758398,13.95010975,128.42954160,14.38569538,128.42954160,14.37012870,128.36836825,13.97392395
Quito,0.0,-78.5,2850.0,2030-06-21T00:00:00,2462673.500000000,star_leo_regulus,STAR,152.093000,11.967000,1.36,269.237017385,269.237370140,269.241346540,269.241700351,288.67467523,50.24517216,288.67467523,50.25856172,288.67467523,50.25513098,288.74594056,49.83365975,288.74594056,49.83019668,288.67406980,50.26127717
Quito,0.0,-78.5,2850.0,2030-06-21T00:00:00,2462673.500000000,star_gem_pollux,STAR,116.329000,28.026000,1.14,269.237017385,269.237370140,269.241346540,269.241700351,298.90441160,14.14331053,298.90441160,14.20586155,298.90441160,14.18989884,298.92572731,13.78702470,298.92572731,13.77079148,298.90382315,14.21230153
Quito,0.0,-78.5,2850.0,2030-06-21T00:00:00,2462673.500000000,star_gem_castor,STAR,113.650000,31.888000,1.58,269.237017385,269.237370140,269.241346540,269.241700351,302.53129553,11.35243016,302.53129553,11.42995733,302.53129553,11.41021782,302.54947247,11.01578775,302.54947247,10.99563394,302.53064741,11.43692563
Quito,0.0,-78.5,2850.0,2030-06-21T00:00:00,2462673.500000000,star_psa_fomalhaut,STAR,344.413000,-29.622000,1.17,269.237017385,269.237370140,269.241346540,269.241700351,142.27129182,-51.55894438,142.27129182,-51.50426173,142.27129182,-51.51760219,142.04437257,-51.18074002,142.04437257,-51.18074002,142.27249818,-51.55585310
Quito,0.0,-78.5,2850.0,2030-06-21T00:00:00,2462673.500000000,star_eri_achernar,STAR,24.429000,-57.237000,0.45,269.237017385,269.237370140,269.241346540,269.241700351,188.88198551,-31.83287385,188.88198551,-31.70423625,188.88198551,-31.73634751,188.65830330,-31.72191591,188.65830330,-31.72191591,188.88315912,-31.82811046
Quito,0.0,-78.5,2850.0,2030-06-21T00:00:00,2462673.500000000,dso_m31_andromeda,GALAXY,10.684000,41.269000,3.44,269.237017385,269.237370140,269.241346540,269.241700351,359.58656785,-48.56499974,359.58656785,-48.49927501,359.58656785,-48.51537066,0.06575060,-48.73096689,0.06575060,-48.73096689,359.58516899,-48.56141112
Quito,0.0,-78.5,2850.0,2030-06-21T00:00:00,2462673.500000000,dso_lmc,GALAXY,80.894000,-69.756000,0.9,269.237017385,269.237370140,269.241346540,269.241700351,199.14827621,-6.78179486,199.14827621,-6.59989517,199.14827621,-6.64589248,199.13131149,-6.74672827,199.13131149,-6.74672827,199.14937435,-6.77634662
Quito,0.0,-78.5,2850.0,2030-06-21T00:00:00,2462673.500000000,dso_smc,GALAXY,14.766000,-72.801000,2.7,269.237017385,269.237370140,269.241346540,269.241700351,181.33419721,-17.32000358,181.33419721,-17.15234416,181.33419721,-17.19461806,181.24443221,-17.15527754,181.24443221,-17.15527754,181.33533729,-17.31470190
Quito,0.0,-78.5,2850.0,2030-06-21T00:00:00,2462673.500000000,dso_m33_triangulum,GALAXY,23.462000,30.660000,5.72,269.237017385,269.237370140,269.241346540,269.241700351,339.11642412,-56.75134337,339.11642412,-56.71420912,339.11642412,-56.72320920,339.62320385,-57.04478647,339.62320385,-57.04478647,339.11487304,-56.74814363
Quito,0.0,-78.5,2850.0,2030-06-21T00:00:00,2462673.500000000,dso_m45_pleiades,STAR_CLUSTER,56.871000,24.105000,1.6,269.237017385,269.237370140,269.241346540,269.241700351,301.74103707,-38.82257255,301.74103707,-38.71928763,301.74103707,-38.74488321,301.82559322,-39.24218912,301.82559322,-39.24218912,301.74036651,-38.81797290
Quito,0.0,-78.5,2850.0,2030-06-21T00:00:00,2462673.500000000,dso_hyades,STAR_CLUSTER,66.750000,15.870000,0.5,269.237017385,269.237370140,269.241346540,269.241700351,288.91349560,-32.10844251,288.91349560,-31.98074298,288.91349560,-32.01261179,288.92602145,-32.53152239,288.92602145,-32.53152239,288.91310613,-32.10352610
Quito,0.0,-78.5,2850.0,2030-06-21T00:00:00,2462673.500000000,dso_m44_beehive,STAR_CLUSTER,130.100000,19.670000,3.7,269.237017385,269.237370140,269.241346540,269.241700351,292.26482975,27.91942191,292.26482975,27.94967624,292.26482975,27.94193045,292.30022290,27.52610051,292.30022290,27.51827413,292.26431900,27.95457085
Quito,0.0,-78.5,2850.0,2030-06-21T00:00:00,2462673.500000000,dso_double_cluster,STAR_CLUSTER,34.740000,57.130000,3.7,269.237017385,269.237370140,269.241346540,269.241700351,345.05128696,-29.46476769,345.05128696,-29.32833061,345.05128696,-29.36246158,345.27506881,-29.72379821,345.27506881,-29.72379821,345.05016235,-29.45997593
Quito,0.0,-78.5,2850.0,2030-06-21T00:00:00,2462673.500000000,dso_coma_cluster,STAR_CLUSTER,185.600000,26.100000,1.8,269.237017385,269.237370140,269.241346540,269.241700351,350.32622622,63.66562370,350.32622622,63.67359606,350.32622622,63.67155309,349.63319401,63.44158475,349.63319401,63.43953403,350.32297535,63.67595209
Quito,0.0,-78.5,2850.0,2030-06-21T00:00:00,2462673.500000000,dso_omega_centauri,GLOBULAR_CLUSTER,201.700000,-47.470000,3.9,269.237017385,269.237370140,269.241346540,269.241700351,169.75671256,41.33970399,169.75671256,41.35798523,169.75671256,41.35330190,170.10863075,41.59760458,170.10863075,41.59298738,169.75854161,41.36293845
Quito,0.0,-78.5,2850.0,2030-06-21T00:00:00,2462673.500000000,dso_47_tucanae,GLOBULAR_CLUSTER,6.020000,-72.080000,4.1,269.237017385,269.237370140,269.241346540,269.241700351,178.56776476,-18.04088916,178.56776476,-17.87463867,178.56776476,-17.91654372,178.47519975,-17.85713192,178.47519975,-17.85713192,178.56890504,-18.03560991
Quito,0.0,-78.5,2850.0,2030-06-21T00:00:00,2462673.500000000,dso_m13_hercules,GLOBULAR_CLUSTER,250.420000,36.460000,5.8,269.237017385,269.237370140,269.241346540,269.241700351,49.57558493,23.75988084,49.57558493,23.79621797,49.57558493,23.78691890,49.43730669,23.99343704,49.43730669,23.98429871,49.57462174,23.80286481
Quito,0.0,-78.5,2850.0,2030-06-21T00:00:00,2462673.500000000,dso_m42_orion_nebula,NEBULA,83.822000,-5.391000,4.0,269.237017385,269.237370140,269.241346540,269.241700351,264.39548146,-16.47153870,264.39548146,-16.30229413,264.39548146,-16.34498308,264.36661995,-16.84262164,264.36661995,-16.84262164,264.39560680,-16.46626591
Quito,0.0,-78.5,2850.0,2030-06-21T00:00:00,2462673.500000000,dso_m8_lagoon,NEBULA,270.920000,-24.380000,6.0,269.237017385,269.237370140,269.241346540,269.241700351,114.66460044,8.50344649,114.66460044,8.60473332,114.66460044,8.57906357,114.69961513,9.03667795,114.69961513,9.01245468,114.66509899,8.61370574
Quito,0.0,-78.5,2850.0,2030-06-21T00:00:00,2462673.500000000,dso_eta_carinae_nebula,NEBULA,161.260000,-59.870000,1.0,269.237017385,269.237370140,269.241346540,269.241700351,195.70030950,25.85131240,195.70030950,25.88436820,195.70030950,25.87590679,195.94099356,25.94444506,195.94099356,25.93607119,195.70175117,25.89012044
Sydney,-33.87,151.21,40.0,2030-06-21T00:00:00,2462673.500000000,star_cma_sirius,STAR,101.287000,-16.716000,-1.46,269.237017385,269.237370140,269.241346540,269.241700351,75.55537210,49.38354096,75.55537210,49.39734446,75.55537210,49.39710788,75.23797040,49.65086463,75.23797040,49.65081037,75.55917984,49.39327838
Sydney,-33.87,151.21,40.0,2030-06-21T00:00:00,2462673.500000000,star_cma_adhara,STAR,104.656000,-28.972000,1.5,269.237017385,269.237370140,269.241346540,269.241700351,95.14252508,52.01759465,95.14252508,52.03016405,95.14252508,52.02994865,94.93503517,52.26152636,94.93503517,52.26147693,95.14408613,52.02550580
Sydney,-33.87,151.21,40.0,2030-06-21T00:00:00,2462673.500000000,star_cma_wezen,STAR,107.098000,-26.393000,1.83,269.237017385,269.237370140,269.241346540,269.241700351,92.55225790,49.08143120,92.55225790,49.09538235,92.55225790,49.09514323,92.31903093,49.33142170,92.31903093,49.33136683,92.55403376,49.09088024
Sydney,-33.87,151.21,40.0,2030-06-21T00:00:00,2462673.500000000,star_cma_mirzam,STAR,95.675000,-17.956000,1.98,269.237017385,269.237370140,269.241346540,269.241700351,72.44018675,54.53752588,72.44018675,54.54899442,72.44018675,54.54879791,72.10850975,54.80317870,72.10850975,54.80313364,72.44486185,54.54489865
Sydney,-33.87,151.21,40.0,2030-06-21T00:00:00,2462673.500000000,star_cmi_procyon,STAR,114.825000,5.225000,0.34,269.237017385,269.237370140,269.241346540,269.241700351,64.12166226,25.27110172,64.12166226,25.30501803,64.12166226,25.30443437,63.76586969,25.55871570,63.76586969,25.55858313,64.12520707,25.30263610
Sydney,-33.87,151.21,40.0,2030-06-21T00:00:00,2462673.500000000,star_car_canopus,STAR,95.987000,-52.695000,-0.74,269.237017385,269.237370140,269.241346540,269.241700351,137.55001153,58.41813071,137.55001153,58.42803064,137.55001153,58.42786103,137.58731722,58.52653131,137.58731722,58.52649221,137.54525315,58.42357109
Sydney,-33.87,151.21,40.0,2030-06-21T00:00:00,2462673.500000000,star_car_miaplacidus,STAR,138.300000,-69.720000,1.67,269.237017385,269.237370140,269.241346540,269.241700351,155.50776622,35.66441288,155.50776622,35.68680364,155.50776622,35.68641937,155.34351159,35.70912333,155.34351159,35.70903468,155.50307099,35.68375162
Sydney,-33.87,151.21,40.0,2030-06-21T00:00:00,2462673.500000000,star_cen_rigil_kent,STAR,219.900000,-60.833000,-0.01,269.237017385,269.237370140,269.241346540,269.241700351,170.41183187,6.22913566,170.41183187,6.36065619,170.41183187,6.35817614,170.09066506,6.31991884,170.09066506,6.31940272,170.40709691,6.36407189
Sydney,-33.87,151.21,40.0,2030-06-21T00:00:00,2462673.500000000,star_cen_hadar,STAR,210.956000,-60.373000,0.61,269.237017385,269.237370140,269.241346540,269.241700351,166.11072540,7.33163268,166.11072540,7.44683391,166.11072540,7.44472211,165.79506434,7.42420513,165.79506434,7.42375566,166.10616993,7.44838325
Sydney,-33.87,151.21,40.0,2030-06-21T00:00:00,2462673.500000000,star_lyr_vega,STAR,279.234000,38.783000,0.03,269.237017385,269.237370140,269.241346540,269.241700351,290.45941819,-58.40319340,290.45941819,-58.37108284,290.45941819,-58.37166554,290.38335099,-58.60864896,290.38335099,-58.60864896,290.45991994,-58.40889323
Sydney,-33.87,151.21,40.0,2030-06-21T00:00:00,2462673.500000000,star_cyg_deneb,STAR,310.358000,45.280000,1.25,269.237017385,269.237370140,269.241346540,269.241700351,304.75206962,-36.47700671,304.75206962,-36.36490148,304.75206962,-36.36752538,304.56393865,-36.63517874,304.56393865,-36.63517874,304.75385116,-36.48187513
Sydney,-33.87,151.21,40.0,2030-06-21T00:00:00,2462673.500000000,star_cyg_sadr,STAR,305.557000,40.260000,2.23,269.237017385,269.237370140,269.241346540,269.241700351,297.51166713,-38.63766313,297.51166713,-38.53367450,297.51166713,-38.53604342,297.31854556,-38.82104691,297.31854556,-38.82104691,297.51270262,-38.64273882
Sydney,-33.87,151.21,40.0,2030-06-21T00:00:00,2462673.500000000,star_cyg_albireo,STAR,292.680000,27.960000,3.05,269.237017385,269.237370140,269.241346540,269.241700351,277.39625604,-45.03923883,277.39625604,-44.96000626,277.39625604,-44.96167375,277.16556142,-45.27639516,277.16556142,-45.27639516,277.39486841,-45.04460096
Sydney,-33.87,151.21,40.0,2030-06-21T00:00:00,2462673.500000000,star_aql_altair,STAR,297.696000,8.868000,0.76,269.237017385,269.237370140,269.241346540,269.241700351,258.76791664,-31.73037713,258.76791664,-31.60139217,258.76791664,-31.60459430,258.44179539,-31.99105380,258.44179539,-31.99105380,258.76484593,-31.73488912
Sydney,-33.87,151.21,40.0,2030-06-21T00:00:00,2462673.500000000,star_ori_betelgeuse,STAR,88.793000,7.407000,0.5,269.237017385,269.237370140,269.241346540,269.241700351,38.88059328,40.54028064,38.88059328,40.55908258,38.88059328,40.55876010,38.42336775,40.77501492,38.42336775,40.77494095,38.88638581,40.55690022
Sydney,-33.87,151.21,40.0,2030-06-21T00:00:00,2462673.500000000,star_ori_rigel,STAR,78.634000,-8.202000,0.13,269.237017385,269.237370140,269.241346540,269.241700351,37.86199245,59.13552737,37.86199245,59.14515185,37.86199245,59.14498696,37.28706341,59.35844482,37.28706341,59.35840698,37.87067961,59.14293137
Sydney,-33.87,151.21,40.0,2030-06-21T00:00:00,2462673.500000000,star_ori_bellatrix,STAR,81.283000,6.350000,1.64,269.237017385,269.237370140,269.241346540,269.241700351,30.61453866,45.01097431,30.61453866,45.02705767,30.61453866,45.02678193,30.10781039,45.22117467,30.10781039,45.22111132,30.62105892,45.02527134
Sydney,-33.87,151.21,40.0,2030-06-21T00:00:00,2462673.500000000,star_ori_saiph,STAR,86.939000,-9.670000,2.07,269.237017385,269.237370140,269.241346540,269.241700351,51.76174549,55.47062264,51.76174549,55.48170096,51.76174549,55.48151114,51.29848497,55.72211473,51.29848497,55.72207119,51.76866721,55.47861068
Sydney,-33.87,151.21,40.0,2030-06-21T00:00:00,2462673.500000000,star_ori_alnitak,STAR,85.190000,-1.940000,1.77,269.237017385,269.237370140,269.241346540,269.241700351,41.69078060,50.36074981,41.69078060,50.37408463,41.69078060,50.37385609,41.19871388,50.59625143,41.19871388,50.59619896,41.69755557,50.37162439
Sydney,-33.87,151.21,40.0,2030-06-21T00:00:00,2462673.500000000,star_ori_alnilam,STAR,84.530000,-1.200000,1.69,269.237017385,269.237370140,269.241346540,269.241700351,40.19722935,50.09622102,40.19722935,50.10968140,40.19722935,50.10945071,39.69966614,50.32852993,39.69966614,50.32847696,40.20404306,50.10731109
Sydney,-33.87,151.21,40.0,2030-06-21T00:00:00,2462673.500000000,star_ori_mintaka,STAR,84.050000,-0.300000,2.23,269.237017385,269.237370140,269.241346540,269.241700351,38.83044167,49.58301892,38.83044167,49.59672565,38.83044167,49.59649073,38.32958260,49.81240865,38.32958260,49.81235470,38.83724784,49.59443937
Sydney,-33.87,151.21,40.0,2030-06-21T00:00:00,2462673.500000000,star_tau_aldebaran,STAR,68.980000,16.509000,0.85,269.237017385,269.237370140,269.241346540,269.241700351,11.05662309,38.84241315,11.05662309,38.86237900,11.05662309,38.86203650,10.53742435,38.98984980,10.53742435,38.98977102,11.06265102,38.86164148
Sydney,-33.87,151.21,40.0,2030-06-21T00:00:00,2462673.500000000,star_tau_elnath,STAR,81.573000,28.608000,1.65,269.237017385,269.237370140,269.241346540,269.241700351,20.75624992,24.23862304,20.75624992,24.27416339,20.75624992,24.27355148,20.32717812,24.43726231,20.32717812,24.43712292,20.76146067,24.27313836
Sydney,-33.87,151.21,40.0,2030-06-21T00:00:00,2462673.500000000,star_aur_capella,STAR,79.172000,45.998000,0.08,269.237017385,269.237370140,269.241346540,269.241700351,13.39483453,8.22509442,13.39483453,8.32941090,13.39483453,8.32752645,13.02361091,8.46489106,13.02361091,8.46449099,13.39966076,8.33062774
Sydney,-33.87,151.21,40.0,2030-06-21T00:00:00,2462673.500000000,star_umi_polaris,STAR,37.954000,89.264000,1.98,269.237017385,269.237370140,269.241346540,269.241700351,359.84160535,-33.26974857,359.84160535,-33.14606679,359.84160535,-33.14907966,359.66347991,-33.18955515,359.66347991,-33.18955515,359.84729648,-33.27243776
Sydney,-33.87,151.21,40.0,2030-06-21T00:00:00,2462673.500000000,star_uma_dubhe,STAR,165.932000,61.751000,1.79,269.237017385,269.237370140,269.241346540,269.241700351,34.83210796,-36.77893267,34.83210796,-36.66794848,34.83210796,-36.67053635,34.60784393,-36.57147251,34.60784393,-36.57147251,34.83801956,-36.77966546
Sydney,-33.87,151.21,40.0,2030-06-21T00:00:00,2462673.500000000,star_uma_merak,STAR,165.460000,56.380000,2.37,269.237017385,269.237370140,269.241346540,269.241700351,41.41745562,-35.89546035,41.41745562,-35.78120953,41.41745562,-35.78390319,41.17128107,-35.67154646,41.17128107,-35.67154646,41.42302494,-35.89589546
Sydney,-33.87,151.21,40.0,2030-06-21T00:00:00,2462673.500000000,star_uma_alioth,STAR,193.507000,55.960000,1.77,269.237017385,269.237370140,269.241346540,269.241700351,40.90329992,-51.40381272,40.90329992,-51.34857148,40.90329992,-51.34965055,40.72884903,-51.18018309,40.72884903,-51.18018309,40.91068339,-51.40345607
Sydney,-33.87,151.21,40.0,2030-06-21T00:00:00,2462673.500000000,star_uma_mizar,STAR,206.884000,54.920000,2.23,269.237017385,269.237370140,269.241346540,269.241700351,37.70368076,-58.83130593,37.70368076,-58.80044665,37.70368076,-58.80100432,37.60280894,-58.61503350,37.60280894,-58.61503350,37.71287262,-58.83079115
Sydney,-33.87,151.21,40.0,2030-06-21T00:00:00,2462673.500000000,star_uma_alkaid,STAR,209.800000,49.310000,1.85,269.237017385,269.237370140,269.241346540,269.241700351,46.48271359,-62.89372887,46.48271359,-62.87361390,46.48271359,-62.87396416,46.35752405,-62.65745222,46.35752405,-62.65745222,46.49242902,-62.89236440
Sydney,-33.87,151.21,40.0,2030-06-21T00:00:00,2462673.500000000,star_cas_schedar,STAR,9.880000,59.150000,2.24,269.237017385,269.237370140,269.241346540,269.241700351,336.39763572,-11.98320717,336.39763572,-11.80687633,336.39763572,-11.81220382,336.11190913,-12.00775960,336.11190913,-12.00775960,336.40135853,-11.98617719
Sydney,-33.87,151.21,40.0,2030-06-21T00:00:00,2462673.500000000,star_cas_caph,STAR,1.150000,59.150000,2.28,269.237017385,269.237370140,269.241346540,269.241700351,333.09212714,-15.09539603,333.09212714,-14.92374779,333.09212714,-14.92882009,332.82065098,-15.13494411,332.82065098,-15.13494411,333.09571014,-15.09858131
Sydney,-33.87,151.21,40.0,2030-06-21T00:00:00,2462673.500000000,star_per_mirfak,STAR,51.080000,49.860000,1.79,269.237017385,269.237370140,269.241346540,269.241700351,354.30795977,5.80192285,354.30795977,5.94075286,354.30795977,5.93809286,353.94251062,5.99895480,353.94251062,5.99841569,354.31237680,5.94578422
Sydney,-33.87,151.21,40.0,2030-06-21T00:00:00,2462673.500000000,star_per_algol,STAR,47.040000,40.960000,2.12,269.237017385,269.237370140,269.241346540,269.241700351,349.99683351,14.11959462,349.99683351,14.18225028,349.99683351,14.18115864,349.59266780,14.22117684,349.59266780,14.22093175,350.00116826,14.18233842
Sydney,-33.87,151.21,40.0,2030-06-21T00:00:00,2462673.500000000,star_boo_arcturus,STAR,213.915000,19.182000,-0.05,269.237017385,269.237370140,269.241346540,269.241700351,115.83983233,-62.40312407,115.83983233,-62.38182477,115.83983233,-62.38219723,115.14877765,-62.21506324,115.14877765,-62.21506324,115.83770642,-62.39954578
Sydney,-33.87,151.21,40.0,2030-06-21T00:00:00,2462673.500000000,star_vir_spica,STAR,201.298000,-11.161000,0.98,269.237017385,269.237370140,269.241346540,269.241700351,133.83569632,-31.70788211,133.83569632,-31.57882103,133.83569632,-31.58202593,133.34718903,-31.58813641,133.34718903,-31.58813641,133.83268814,-31.70728687
Sydney,-33.87,151.21,40.0,2030-06-21T00:00:00,2462673.500000000,star_sco_antares,STAR,247.352000,-26.432000,0.96,269.237017385,269.237370140,269.241346540,269.241700351,187.56956346,-29.22736070,187.56956346,-29.09016891,187.56956346,-29.09367933,187.08937440,-29.34340219,187.08937440,-29.34340219,187.56349598,-29.22899420
Sydney,-33.87,151.21,40.0,2030-06-21T00:00:00,2462673.500000000,star_sco_shaula,STAR,262.690000,-37.030000,1.62,269.237017385,269.237370140,269.241346540,269.241700351,198.74070728,-15.97614105,198.74070728,-15.80600740,198.74070728,-15.81099965,198.33197568,-16.13573079,198.33197568,-16.13573079,198.73516317,-15.97847173
Sydney,-33.87,151.21,40.0,2030-06-21T00:00:00,2462673.500000000,star_leo_regulus,STAR,152.093000,11.967000,1.36,269.237017385,269.237370140,269.241346540,269.241700351,81.25327715,-8.23281084,81.25327715,-8.05218783,81.25327715,-8.05775839,80.90469838,-7.97969951,80.90469838,-7.97969951,81.25528041,-8.23415661
Sydney,-33.87,151.21,40.0,2030-06-21T00:00:00,2462673.500000000,star_gem_pollux,STAR,116.329000,28.026000,1.14,269.237017385,269.237370140,269.241346540,269.241700351,48.00519071,8.35067968,48.00519071,8.45360967,48.00519071,8.45175338,47.64998502,8.68766952,47.64998502,8.68727871,48.00931972,8.45443941
Sydney,-33.87,151.21,40.0,2030-06-21T00:00:00,2462673.500000000,star_gem_castor,STAR,113.650000,31.888000,1.58,269.237017385,269.237370140,269.241346540,269.241700351,43.63029032,7.12279832,43.63029032,7.24082724,43.63029032,7.23865429,43.27522933,7.46612889,43.27522933,7.46568163,43.63459373,7.24285420
Sydney,-33.87,151.21,40.0,2030-06-21T00:00:00,2462673.500000000,star_psa_fomalhaut,STAR,344.413000,-29.622000,1.17,269.237017385,269.237370140,269.241346540,269.241700351,251.16388519,26.97737296,251.16388519,27.00885510,251.16388519,27.00831370,250.81630525,26.75137914,250.81630525,26.75125325,251.16033969,27.00937213
Sydney,-33.87,151.21,40.0,2030-06-21T00:00:00,2462673.500000000,star_eri_achernar,STAR,24.429000,-57.237000,0.45,269.237017385,269.237370140,269.241346540,269.241700351,215.13822788,56.52058005,215.13822788,56.53122953,215.13822788,56.53104706,215.01400722,56.32242940,215.01400722,56.32238683,215.12956111,56.53142235
Sydney,-33.87,151.21,40.0,2030-06-21T00:00:00,2462673.500000000,dso_m31_andromeda,GALAXY,10.684000,41.269000,3.44,269.237017385,269.237370140,269.241346540,269.241700351,325.30852055,2.10652696,325.30852055,2.29176859,325.30852055,2.28595592,324.95824786,2.30940019,324.95824786,2.30834205,325.31139473,2.39979403
Sydney,-33.87,151.21,40.0,2030-06-21T00:00:00,2462673.500000000,dso_lmc,GALAXY,80.894000,-69.756000,0.9,269.237017385,269.237370140,269.241346540,269.241700351,168.59941492,52.41863120,168.59941492,52.43102052,168.59941492,52.43080821,168.58070571,52.39427058,168.58070571,52.39422138,168.59224419,52.42811087
Sydney,-33.87,151.21,40.0,2030-06-21T00:00:00,2462673.500000000,dso_smc,GALAXY,14.766000,-72.801000,2.7,269.237017385,269.237370140,269.241346540,269.241700351,197.47396085,44.89592857,197.47396085,44.91207646,197.47396085,44.91179962,197.32946081,44.75785027,197.32946081,44.75778589,197.46682719,44.91086808
Sydney,-33.87,151.21,40.0,2030-06-21T00:00:00,2462673.500000000,dso_m33_triangulum,GALAXY,23.462000,30.660000,5.72,269.237017385,269.237370140,269.241346540,269.241700351,327.72080456,16.69786536,327.72080456,16.75074987,327.72080456,16.74983320,327.30454248,16.69066615,327.30454248,16.69045739,327.72392568,16.75106245
Sydney,-33.87,151.21,40.0,2030-06-21T00:00:00,2462673.500000000,dso_m45_pleiades,STAR_CLUSTER,56.871000,24.105000,1.6,269.237017385,269.237370140,269.241346540,269.241700351,356.64269619,31.85762558,356.64269619,31.88345960,356.64269619,31.88301594,356.14865531,31.95167468,356.14865531,31.95157265,356.64787686,31.88326984
Sydney,-33.87,151.21,40.0,2030-06-21T00:00:00,2462673.500000000,dso_hyades,STAR_CLUSTER,66.750000,15.870000,0.5,269.237017385,269.237370140,269.241346540,269.241700351,8.43596560,39.78238711,8.43596560,39.80169845,8.43596560,39.80136721,7.90597289,39.91891291,7.90597289,39.91883667,8.44203154,39.80110805
Sydney,-33.87,151.21,40.0,2030-06-21T00:00:00,2462673.500000000,dso_m44_beehive,STAR_CLUSTER,130.100000,19.670000,3.7,269.237017385,269.237370140,269.241346540,269.241700351,62.72138639,4.58380264,62.72138639,4.74638349,62.72138639,4.74301992,62.37738227,4.99999809,62.37738227,4.99937332,62.72469718,4.75795761
Sydney,-33.87,151.21,40.0,2030-06-21T00:00:00,2462673.500000000,dso_double_cluster,STAR_CLUSTER,34.740000,57.130000,3.7,269.237017385,269.237370140,269.241346540,269.241700351,346.67831709,-3.58085470,346.67831709,-3.39687388,346.67831709,-3.40263498,346.35433945,-3.55866375,346.35433945,-3.55866375,346.68245633,-3.58330010
Sydney,-33.87,151.21,40.0,2030-06-21T00:00:00,2462673.500000000,dso_coma_cluster,STAR_CLUSTER,185.600000,26.100000,1.8,269.237017385,269.237370140,269.241346540,269.241700351,84.39700492,-42.66415349,84.39700492,-42.57569127,84.39700492,-42.57760793,84.00130833,-42.41079104,84.00130833,-42.41079104,84.39942797,-42.66242052
Sydney,-33.87,151.21,40.0,2030-06-21T00:00:00,2462673.500000000,dso_omega_centauri,GLOBULAR_CLUSTER,201.700000,-47.470000,3.9,269.237017385,269.237370140,269.241346540,269.241700351,155.31336111,-1.57266407,155.31336111,-1.38788466,155.31336111,-1.39368725,154.95819060,-1.54814487,154.95819060,-1.54814487,155.30936689,-1.57476929
Sydney,-33.87,151.21,40.0,2030-06-21T00:00:00,2462673.500000000,dso_47_tucanae,GLOBULAR_CLUSTER,6.020000,-72.080000,4.1,269.237017385,269.237370140,269.241346540,269.241700351,200.09436935,42.92002544,200.09436935,42.93732388,200.09436935,42.93702726,199.92959484,42.77391992,199.92959484,42.77385094,200.08745701,42.93624252
Sydney,-33.87,151.21,40.0,2030-06-21T00:00:00,2462673.500000000,dso_m13_hercules,GLOBULAR_CLUSTER,250.420000,36.460000,5.8,269.237017385,269.237370140,269.241346540,269.241700351,289.73618079,-81.24793478,289.73618079,-81.24908445,289.73618079,-81.24906648,290.46469089,-81.45416101,290.46469089,-81.45416101,289.73814770,-81.25348403
Sydney,-33.87,151.21,40.0,2030-06-21T00:00:00,2462673.500000000,dso_m42_orion_nebula,NEBULA,83.822000,-5.391000,4.0,269.237017385,269.237370140,269.241346540,269.241700351,42.98364378,53.98635141,42.98364378,53.99805470,42.98364378,53.99785416,42.47746344,54.22293520,42.47746344,54.22288917,42.99092806,53.99549672
Sydney,-33.87,151.21,40.0,2030-06-21T00:00:00,2462673.500000000,dso_m8_lagoon,NEBULA,270.920000,-24.380000,6.0,269.237017385,269.237370140,269.241346540,269.241700351,211.04911605,-24.74704808,211.04911605,-24.59663581,211.04911605,-24.60068816,210.62196407,-24.94709850,210.62196407,-24.94709850,211.04339743,-24.74977046
Sydney,-33.87,151.21,40.0,2030-06-21T00:00:00,2462673.500000000,dso_eta_carinae_nebula,NEBULA,161.260000,-59.870000,1.0,269.237017385,269.237370140,269.241346540,269.241700351,147.62382347,23.76239840,147.62382347,23.79873126,147.62382347,23.79810556,147.38669535,23.85672470,147.38669535,23.85658155,147.62011974,23.79627537
Tehran,35.69,51.39,1200.0,2030-06-21T00:00:00,2462673.500000000,star_cma_sirius,STAR,101.287000,-16.716000,-1.46,269.237017385,269.237370140,269.241346540,269.241700351,71.63959742,-50.57863573,71.63959742,-50.52039614,71.63959742,-50.52724362,71.89698103,-50.29645675,71.89698103,-50.29645675,71.63425947,-50.58263207
Tehran,35.69,51.39,1200.0,2030-06-21T00:00:00,2462673.500000000,star_cma_adhara,STAR,104.656000,-28.972000,1.5,269.237017385,269.237370140,269.241346540,269.241700351,87.70506358,-59.30709722,87.70506358,-59.27760310,87.70506358,-59.28100074,87.81214964,-59.04915863,87.81214964,-59.04915863,87.69993457,-59.31164274
Tehran,35.69,51.39,1200.0,2030-06-21T00:00:00,2462673.500000000,star_cma_wezen,STAR,107.098000,-26.393000,1.83,269.237017385,269.237370140,269.241346540,269.241700351,81.27934820,-60.24164751,81.27934820,-60.21475485,81.27934820,-60.21784661,81.43005271,-59.97133614,81.43005271,-59.97133614,81.27336467,-60.24588742
Tehran,35.69,51.39,1200.0,2030-06-21T00:00:00,2462673.500000000,star_cma_mirzam,STAR,95.675000,-17.956000,1.98,269.237017385,269.237370140,269.241346540,269.241700351,77.81044491,-46.87710544,77.81044491,-46.80496161,77.81044491,-46.81352332,78.04305339,-46.60181993,78.04305339,-46.60181993,77.80590995,-46.88142909
Tehran,35.69,51.39,1200.0,2030-06-21T00:00:00,2462673.500000000,star_cmi_procyon,STAR,114.825000,5.225000,0.34,269.237017385,269.237370140,269.241346540,269.241700351,35.55332841,-42.71156050,35.55332841,-42.62328261,35.55332841,-42.63387191,35.98642411,-42.45551956,35.98642411,-42.45551956,35.54772382,-42.71396883
Tehran,35.69,51.39,1200.0,2030-06-21T00:00:00,2462673.500000000,star_car_canopus,STAR,95.987000,-52.695000,-0.74,269.237017385,269.237370140,269.241346540,269.241700351,132.87111893,-54.60709480,132.87111893,-54.56300945,132.87111893,-54.56814239,132.80709866,-54.51422819,132.80709866,-54.51422819,132.87203726,-54.61255344
Tehran,35.69,51.39,1200.0,2030-06-21T00:00:00,2462673.500000000,star_car_miaplacidus,STAR,138.300000,-69.720000,1.67,269.237017385,269.237370140,269.241346540,269.241700351,178.61742859,-55.81525162,178.61742859,-55.77513950,178.61742859,-55.77979666,178.55698313,-55.94614417,178.55698313,-55.94614417,178.62356776,-55.81946480
Tehran,35.69,51.39,1200.0,2030-06-21T00:00:00,2462673.500000000,star_cen_rigil_kent,STAR,219.900000,-60.833000,-0.01,269.237017385,269.237370140,269.241346540,269.241700351,215.88524421,-35.40914724,215.88524421,-35.29311683,215.88524421,-35.30729822,216.11600569,-35.67117698,216.11600569,-35.67117698,215.89076025,-35.41218909
Tehran,35.69,51.39,1200.0,2030-06-21T00:00:00,2462673.500000000,star_cen_hadar,STAR,210.956000,-60.373000,0.61,269.237017385,269.237370140,269.241346540,269.241700351,217.17672287,-39.69978604,217.17672287,-39.59985539,217.17672287,-39.61193611,217.39708412,-39.96444856,217.39708412,-39.96444856,217.18254040,-39.70260563
Tehran,35.69,51.39,1200.0,2030-06-21T00:00:00,2462673.500000000,star_lyr_vega,STAR,279.234000,38.783000,0.03,269.237017385,269.237370140,269.241346540,269.241700351,288.00987075,57.38656964,288.00987075,57.39687314,288.00987075,57.39561575,288.00969995,57.18793687,288.00969995,57.18675286,288.01237258,57.39152920
Tehran,35.69,51.39,1200.0,2030-06-21T00:00:00,2462673.500000000,star_cyg_deneb,STAR,310.358000,45.280000,1.25,269.237017385,269.237370140,269.241346540,269.241700351,325.07309978,77.69661230,325.07309978,77.70012606,325.07309978,77.69969722,324.07071854,77.65447790,324.07071854,77.65407767,325.06537051,77.69531224
Tehran,35.69,51.39,1200.0,2030-06-21T00:00:00,2462673.500000000,star_cyg_sadr,STAR,305.557000,40.260000,2.23,269.237017385,269.237370140,269.241346540,269.241700351,296.29405565,77.46749821,296.29405565,77.47107951,296.29405565,77.47064243,295.57799188,77.29268264,295.57799188,77.29227019,296.29686226,77.46596834
Tehran,35.69,51.39,1200.0,2030-06-21T00:00:00,2462673.500000000,star_cyg_albireo,STAR,292.680000,27.960000,3.05,269.237017385,269.237370140,269.241346540,269.241700351,259.67233610,65.40621555,259.67233610,65.41358794,259.67233610,65.41268821,259.81362027,65.13238226,259.81362027,65.13153148,259.68015539,65.40930040
Tehran,35.69,51.39,1200.0,2030-06-21T00:00:00,2462673.500000000,star_aql_altair,STAR,297.696000,8.868000,0.76,269.237017385,269.237370140,269.241346540,269.241700351,223.03698461,56.26919630,223.03698461,56.27994750,223.03698461,56.27863549,223.50686118,56.00441981,223.50686118,56.00318136,223.04530087,56.27763440
Tehran,35.69,51.39,1200.0,2030-06-21T00:00:00,2462673.500000000,star_ori_betelgeuse,STAR,88.793000,7.407000,0.5,269.237017385,269.237370140,269.241346540,269.241700351,59.02091692,-25.27389970,59.02091692,-25.12493697,59.02091692,-25.14358270,59.34316580,-24.98831922,59.34316580,-24.98831922,59.01671388,-25.27759951
Tehran,35.69,51.39,1200.0,2030-06-21T00:00:00,2462673.500000000,star_ori_rigel,STAR,78.634000,-8.202000,0.13,269.237017385,269.237370140,269.241346540,269.241700351,79.65676436,-27.70212691,79.65676436,-27.56021218,79.65676436,-27.57788122,79.92705235,-27.42944728,79.92705235,-27.42944728,79.65341856,-27.70642577
Tehran,35.69,51.39,1200.0,2030-06-21T00:00:00,2462673.500000000,star_ori_bellatrix,STAR,81.283000,6.350000,1.64,269.237017385,269.237370140,269.241346540,269.241700351,65.42580737,-20.58932940,65.42580737,-20.42851863,65.42580737,-20.44883648,65.73466538,-20.30371395,65.73466538,-20.30371395,65.42197390,-20.59315931
Tehran,35.69,51.39,1200.0,2030-06-21T00:00:00,2462673.500000000,star_ori_saiph,STAR,86.939000,-9.670000,2.07,269.237017385,269.237370140,269.241346540,269.241700351,75.32132006,-35.17310461,75.32132006,-35.05621549,75.32132006,-35.07051030,75.59062964,-34.89472587,75.59062964,-34.89472587,75.31741748,-35.17736161
Tehran,35.69,51.39,1200.0,2030-06-21T00:00:00,2462673.500000000,star_ori_alnitak,STAR,85.190000,-1.940000,1.77,269.237017385,269.237370140,269.241346540,269.241700351,69.47981743,-28.98169057,69.47981743,-28.84372327,69.47981743,-28.86085069,69.77473732,-28.69803373,69.77473732,-28.69803373,69.47588911,-28.98572014
Tehran,35.69,51.39,1200.0,2030-06-21T00:00:00,2462673.500000000,star_ori_alnilam,STAR,84.530000,-1.200000,1.69,269.237017385,269.237370140,269.241346540,269.241700351,69.32350958,-27.99986633,69.32350958,-27.85885616,69.32350958,-27.87640075,69.61964954,-27.71610247,69.61964954,-27.71610247,69.31961164,-28.00388315
Tehran,35.69,51.39,1200.0,2030-06-21T00:00:00,2462673.500000000,star_ori_mintaka,STAR,84.050000,-0.300000,2.23,269.237017385,269.237370140,269.241346540,269.241700351,68.90259653,-27.05064941,68.90259653,-26.90678567,68.90259653,-26.92472354,69.20054409,-26.76662086,69.20054409,-26.76662086,68.89871400,-27.05464528
Tehran,35.69,51.39,1200.0,2030-06-21T00:00:00,2462673.500000000,star_tau_aldebaran,STAR,68.980000,16.509000,0.85,269.237017385,269.237370140,269.241346540,269.241700351,65.59732024,-4.83701574,65.59732024,-4.65373227,65.59732024,-4.67732982,65.91061674,-4.55107757,65.91061674,-4.55107757,65.59372468,-4.84047700
Tehran,35.69,51.39,1200.0,2030-06-21T00:00:00,2462673.500000000,star_tau_elnath,STAR,81.573000,28.608000,1.65,269.237017385,269.237370140,269.241346540,269.241700351,48.78095246,-5.28478541,48.78095246,-5.10178764,48.78095246,-5.12534336,49.10125509,-5.00665602,49.10125509,-5.00665602,48.77688606,-5.28818980
Tehran,35.69,51.39,1200.0,2030-06-21T00:00:00,2462673.500000000,star_aur_capella,STAR,79.172000,45.998000,0.08,269.237017385,269.237370140,269.241346540,269.241700351,37.82032308,8.37161313,37.82032308,8.47431518,37.82032308,8.46187981,38.11615109,8.73306145,38.11615109,8.72187997,37.81608271,8.47426913
Tehran,35.69,51.39,1200.0,2030-06-21T00:00:00,2462673.500000000,star_umi_polaris,STAR,37.954000,89.264000,1.98,269.237017385,269.237370140,269.241346540,269.241700351,0.75627341,35.71584573,0.75627341,35.73819434,0.75627341,35.73546790,0.88587624,35.87126684,0.88587624,35.86873352,0.75187304,35.73459449
Tehran,35.69,51.39,1200.0,2030-06-21T00:00:00,2462673.500000000,star_uma_dubhe,STAR,165.932000,61.751000,1.79,269.237017385,269.237370140,269.241346540,269.241700351,347.89440455,9.50455503,347.89440455,9.59613954,347.89440455,9.58503391,348.16279383,9.66969435,348.16279383,9.65950762,347.89158518,9.59480061
Tehran,35.69,51.39,1200.0,2030-06-21T00:00:00,2462673.500000000,star_uma_merak,STAR,165.460000,56.380000,2.37,269.237017385,269.237370140,269.241346540,269.241700351,346.22095209,4.39070801,346.22095209,4.55729731,346.22095209,4.53719209,346.51468468,4.62856161,346.51468468,4.60948938,346.21828456,4.56939388
Tehran,35.69,51.39,1200.0,2030-06-21T00:00:00,2462673.500000000,star_uma_alioth,STAR,193.507000,55.960000,1.77,269.237017385,269.237370140,269.241346540,269.241700351,332.59047702,12.06988833,332.59047702,12.14297707,332.59047702,12.13409445,332.84482950,12.14035059,332.84482950,12.13213034,332.58860819,12.14066737
Tehran,35.69,51.39,1200.0,2030-06-21T00:00:00,2462673.500000000,star_uma_mizar,STAR,206.884000,54.920000,2.23,269.237017385,269.237370140,269.241346540,269.241700351,326.43216113,16.86054257,326.43216113,16.91290307,326.43216113,16.90652677,326.66162828,16.87877656,326.66162828,16.87284354,326.43068061,16.90971920
Tehran,35.69,51.39,1200.0,2030-06-21T00:00:00,2462673.500000000,star_uma_alkaid,STAR,209.800000,49.310000,1.85,269.237017385,269.237370140,269.241346540,269.241700351,320.70613314,14.78154640,320.70613314,14.84139629,320.70613314,14.83411276,320.94862199,14.77897036,320.94862199,14.77218842,320.70511397,14.83845373
Tehran,35.69,51.39,1200.0,2030-06-21T00:00:00,2462673.500000000,star_cas_schedar,STAR,9.880000,59.150000,2.24,269.237017385,269.237370140,269.241346540,269.241700351,37.57198988,50.33883667,37.57198988,50.35218185,37.57198988,50.35055337,37.73476033,50.61318661,37.73476033,50.61167914,37.56512439,50.35064557
Tehran,35.69,51.39,1200.0,2030-06-21T00:00:00,2462673.500000000,star_cas_caph,STAR,1.150000,59.150000,2.28,269.237017385,269.237370140,269.241346540,269.241700351,35.21720903,54.57641561,35.21720903,54.58786771,35.21720903,54.58647018,35.33939381,54.84357622,35.33939381,54.84228289,35.20959753,54.58633204
Tehran,35.69,51.39,1200.0,2030-06-21T00:00:00,2462673.500000000,star_per_mirfak,STAR,51.080000,49.860000,1.79,269.237017385,269.237370140,269.241346540,269.241700351,45.66721331,25.95017590,45.66721331,25.98308858,45.66721331,25.97907526,45.93954744,26.25842903,45.93954744,26.25473257,45.66255506,25.98143767
Tehran,35.69,51.39,1200.0,2030-06-21T00:00:00,2462673.500000000,star_per_algol,STAR,47.040000,40.960000,2.12,269.237017385,269.237370140,269.241346540,269.241700351,55.88764300,24.60336225,55.88764300,24.63831465,55.88764300,24.63405309,56.18601913,24.92445827,56.18601913,24.92053827,55.88328610,24.63700234
Tehran,35.69,51.39,1200.0,2030-06-21T00:00:00,2462673.500000000,star_boo_arcturus,STAR,213.915000,19.182000,-0.05,269.237017385,269.237370140,269.241346540,269.241700351,294.85871211,-1.47879808,294.85871211,-1.29399081,294.85871211,-1.31780699,295.18422789,-1.65944492,295.18422789,-1.65944492,294.85976337,-1.48241504
Tehran,35.69,51.39,1200.0,2030-06-21T00:00:00,2462673.500000000,star_vir_spica,STAR,201.298000,-11.161000,0.98,269.237017385,269.237370140,269.241346540,269.241700351,277.77797175,-29.97989752,277.77797175,-29.84511557,277.77797175,-29.86180865,278.19590887,-30.21772413,278.19590887,-30.21772413,277.78061810,-29.98124123
Tehran,35.69,51.39,1200.0,2030-06-21T00:00:00,2462673.500000000,star_sco_antares,STAR,247.352000,-26.432000,0.96,269.237017385,269.237370140,269.241346540,269.241700351,238.84906277,-2.59905114,238.84906277,-2.41463148,238.84906277,-2.43839332,239.17062400,-2.89195809,239.17062400,-2.89195809,238.85334026,-2.60273079
Tehran,35.69,51.39,1200.0,2030-06-21T00:00:00,2462673.500000000,star_sco_shaula,STAR,262.690000,-37.030000,1.62,269.237017385,269.237370140,269.241346540,269.241700351,222.25628243,-0.13644331,222.25628243,0.04867032,222.25628243,0.02481353,222.57857695,0.12707988,222.57857695,0.06764956,222.26088899,0.46565027
Tehran,35.69,51.39,1200.0,2030-06-21T00:00:00,2462673.500000000,star_leo_regulus,STAR,152.093000,11.967000,1.36,269.237017385,269.237370140,269.241346540,269.241700351,344.48224861,-41.18678718,344.48224861,-41.09259059,344.48224861,-41.10393449,345.04490335,-41.12650069,345.04490335,-41.12650069,344.47901910,-41.18720494
Tehran,35.69,51.39,1200.0,2030-06-21T00:00:00,2462673.500000000,star_gem_pollux,STAR,116.329000,28.026000,1.14,269.237017385,269.237370140,269.241346540,269.241700351,22.72826025,-22.50966738,22.72826025,-22.35342702,22.72826025,-22.37309513,23.11849173,-22.28958868,23.11849173,-22.28958868,22.72393201,-22.51241230
Tehran,35.69,51.39,1200.0,2030-06-21T00:00:00,2462673.500000000,star_gem_castor,STAR,113.650000,31.888000,1.58,269.237017385,269.237370140,269.241346540,269.241700351,23.49888714,-18.06247031,23.49888714,-17.89626288,23.49888714,-17.91735599,23.87191061,-17.84012834,23.87191061,-17.84012834,23.49465861,-18.06539708
Tehran,35.69,51.39,1200.0,2030-06-21T00:00:00,2462673.500000000,star_psa_fomalhaut,STAR,344.413000,-29.622000,1.17,269.237017385,269.237370140,269.241346540,269.241700351,157.52021486,20.98823590,157.52021486,21.02983798,157.52021486,21.02476773,157.95187528,21.00359852,157.95187528,20.99887403,157.52304034,21.02913409
Tehran,35.69,51.39,1200.0,2030-06-21T00:00:00,2462673.500000000,star_eri_achernar,STAR,24.429000,-57.237000,0.45,269.237017385,269.237370140,269.241346540,269.241700351,149.21113005,-17.26100824,149.21113005,-17.09323605,149.21113005,-17.11455562,149.44143602,-17.24858403,149.44143602,-17.24858403,149.21314147,-17.26549056
Tehran,35.69,51.39,1200.0,2030-06-21T00:00:00,2462673.500000000,dso_m31_andromeda,GALAXY,10.684000,41.269000,3.44,269.237017385,269.237370140,269.241346540,269.241700351,65.86523221,50.67707571,65.86523221,50.69026164,65.86523221,50.68865258,66.19839183,50.97962317,66.19839183,50.97813523,65.85939374,50.69039213
Tehran,35.69,51.39,1200.0,2030-06-21T00:00:00,2462673.500000000,dso_lmc,GALAXY,80.894000,-69.756000,0.9,269.237017385,269.237370140,269.241346540,269.241700351,155.60073945,-43.53014194,155.60073945,-43.44504773,155.60073945,-43.45523357,155.64688314,-43.55020303,155.64688314,-43.55020303,155.60378501,-43.53526838
Tehran,35.69,51.39,1200.0,2030-06-21T00:00:00,2462673.500000000,dso_smc,GALAXY,14.766000,-72.801000,2.7,269.237017385,269.237370140,269.241346540,269.241700351,164.52523431,-24.55595660,164.52523431,-24.40502576,164.52523431,-24.42394654,164.71681467,-24.62058420,164.71681467,-24.62058420,164.52840024,-24.56056950
Tehran,35.69,51.39,1200.0,2030-06-21T00:00:00,2462673.500000000,dso_m33_triangulum,GALAXY,23.462000,30.660000,5.72,269.237017385,269.237370140,269.241346540,269.241700351,76.04226692,37.78166359,76.04226692,37.80240048,76.04226692,37.79987052,76.40933215,38.08384512,76.40933215,38.08150612,76.03824976,37.80224453
Tehran,35.69,51.39,1200.0,2030-06-21T00:00:00,2462673.500000000,dso_m45_pleiades,STAR_CLUSTER,56.871000,24.105000,1.6,269.237017385,269.237370140,269.241346540,269.241700351,66.44648700,8.78684586,66.44648700,8.88520507,66.44648700,8.87328857,66.76417665,9.17011205,66.76417665,9.15941651,66.44288296,8.88529720
Tehran,35.69,51.39,1200.0,2030-06-21T00:00:00,2462673.500000000,dso_hyades,STAR_CLUSTER,66.750000,15.870000,0.5,269.237017385,269.237370140,269.241346540,269.241700351,67.44538433,-3.57315423,67.44538433,-3.38916960,67.44538433,-3.41286908,67.75854520,-3.28783164,67.75854520,-3.28783164,67.44186715,-3.57657828
Tehran,35.69,51.39,1200.0,2030-06-21T00:00:00,2462673.500000000,dso_m44_beehive,STAR_CLUSTER,130.100000,19.670000,3.7,269.237017385,269.237370140,269.241346540,269.241700351,11.48159602,-33.92825832,11.48159602,-33.80689887,11.48159602,-33.82178656,11.94622283,-33.74753962,11.94622283,-33.74753962,11.47713665,-33.93008635
Tehran,35.69,51.39,1200.0,2030-06-21T00:00:00,2462673.500000000,dso_double_cluster,STAR_CLUSTER,34.740000,57.130000,3.7,269.237017385,269.237370140,269.241346540,269.241700351,41.00747909,37.37291505,41.00747909,37.39395884,41.00747909,37.39139147,41.23854124,37.66166135,41.23854124,37.65928676,41.00207520,37.39224668
Tehran,35.69,51.39,1200.0,2030-06-21T00:00:00,2462673.500000000,dso_coma_cluster,STAR_CLUSTER,185.600000,26.100000,1.8,269.237017385,269.237370140,269.241346540,269.241700351,318.52529328,-14.96002147,318.52529328,-14.78814791,318.52529328,-14.81006464,318.91808114,-15.03231694,318.91808114,-15.03231694,318.52455719,-14.96244782
Tehran,35.69,51.39,1200.0,2030-06-21T00:00:00,2462673.500000000,dso_omega_centauri,GLOBULAR_CLUSTER,201.700000,-47.470000,3.9,269.237017385,269.237370140,269.241346540,269.241700351,235.13728637,-43.77929329,235.13728637,-43.69516799,235.13728637,-43.70523138,235.42545082,-44.06845856,235.42545082,-44.06845856,235.14316965,-43.78104581
Tehran,35.69,51.39,1200.0,2030-06-21T00:00:00,2462673.500000000,dso_47_tucanae,GLOBULAR_CLUSTER,6.020000,-72.080000,4.1,269.237017385,269.237370140,269.241346540,269.241700351,166.09870092,-22.23610677,166.09870092,-22.07919077,166.09870092,-22.09895455,166.30468008,-22.30843988,166.30468008,-22.30843988,166.10192616,-22.24062669
Tehran,35.69,51.39,1200.0,2030-06-21T00:00:00,2462673.500000000,dso_m13_hercules,GLOBULAR_CLUSTER,250.420000,36.460000,5.8,269.237017385,269.237370140,269.241346540,269.241700351,292.99960278,34.78971048,292.99960278,34.81283442,292.99960278,34.81001347,293.16446768,34.62351851,293.16446768,34.62086641,293.00090063,34.80798097
Tehran,35.69,51.39,1200.0,2030-06-21T00:00:00,2462673.500000000,dso_m42_orion_nebula,NEBULA,83.822000,-5.391000,4.0,269.237017385,269.237370140,269.241346540,269.241700351,73.54337772,-30.11193182,73.54337772,-29.97757793,73.54337772,-29.99421281,73.82585143,-29.83161172,73.82585143,-29.83161172,73.53960595,-30.11609441
Tehran,35.69,51.39,1200.0,2030-06-21T00:00:00,2462673.500000000,dso_m8_lagoon,NEBULA,270.920000,-24.380000,6.0,269.237017385,269.237370140,269.241346540,269.241700351,225.31971635,14.02181502,225.31971635,14.08490555,225.31971635,14.07723002,225.66377821,13.80691890,225.66377821,13.79966502,225.32445717,14.08284497
Tehran,35.69,51.39,1200.0,2030-06-21T00:00:00,2462673.500000000,dso_eta_carinae_nebula,NEBULA,161.260000,-59.870000,1.0,269.237017385,269.237370140,269.241346540,269.241700351,202.46074976,-62.16626338,202.46074976,-62.14438083,202.46074976,-62.14688655,202.43179826,-62.39022495,202.43179826,-62.39022495,202.46977936,-62.16892937
Tromso,69.65,18.96,10.0,2030-06-21T00:00:00,2462673.500000000,star_cma_sirius,STAR,101.287000,-16.716000,-1.46,269.237017385,269.237370140,269.241346540,269.241700351,7.88628773,-36.94395298,7.88628773,-36.83358347,7.88628773,-36.83585847,8.28935072,-36.89225191,8.28935072,-36.89225191,7.87976319,-36.94384294
Tromso,69.65,18.96,10.0,2030-06-21T00:00:00,2462673.500000000,star_cma_adhara,STAR,104.656000,-28.972000,1.5,269.237017385,269.237370140,269.241346540,269.241700351,4.36051023,-49.32432703,4.36051023,-49.26145024,4.36051023,-49.26254231,4.75653363,-49.27083452,4.75653363,-49.27083452,4.35255316,-49.32372774
Tromso,69.65,18.96,10.0,2030-06-21T00:00:00,2462673.500000000,star_cma_wezen,STAR,107.098000,-26.393000,1.83,269.237017385,269.237370140,269.241346540,269.241700351,1.04089459,-46.79286871,1.04089459,-46.72040186,1.04089459,-46.72170384,1.44265648,-46.73816807,1.44265648,-46.73816807,1.03345620,-46.79210193
Tromso,69.65,18.96,10.0,2030-06-21T00:00:00,2462673.500000000,star_cma_mirzam,STAR,95.675000,-17.956000,1.98,269.237017385,269.237370140,269.241346540,269.241700351,14.72519803,-37.78149689,14.72519803,-37.67426719,14.72519803,-37.67645153,15.12293138,-37.73325314,15.12293138,-37.73325314,14.71850180,-37.78177074
Tromso,69.65,18.96,10.0,2030-06-21T00:00:00,2462673.500000000,star_cmi_procyon,STAR,114.825000,5.225000,0.34,269.237017385,269.237370140,269.241346540,269.241700351,352.75148444,-15.04364020,352.75148444,-14.87190559,352.75148444,-14.87652685,353.17097491,-14.98786528,353.17097491,-14.98786528,352.74658035,-15.04360247
Tromso,69.65,18.96,10.0,2030-06-21T00:00:00,2462673.500000000,star_car_canopus,STAR,95.987000,-52.695000,-0.74,269.237017385,269.237370140,269.241346540,269.241700351,24.40638806,-72.17368284,24.40638806,-72.16971169,24.40638806,-72.16976608,24.70224981,-72.13142774,24.70224981,-72.13142774,24.38871255,-72.17446085
Tromso,69.65,18.96,10.0,2030-06-21T00:00:00,2462673.500000000,star_car_miaplacidus,STAR,138.300000,-69.720000,1.67,269.237017385,269.237370140,269.241346540,269.241700351,254.72042360,-79.66116049,254.72042360,-79.66203459,254.72042360,-79.66202311,255.47321772,-79.65590993,255.47321772,-79.65590993,254.73767647,-79.65670373
Tromso,69.65,18.96,10.0,2030-06-21T00:00:00,2462673.500000000,star_cen_rigil_kent,STAR,219.900000,-60.833000,-0.01,269.237017385,269.237370140,269.241346540,269.241700351,223.28528889,-49.08909959,223.28528889,-49.02534358,223.28528889,-49.02645437,223.77589218,-49.11655052,223.77589218,-49.11655052,223.29328841,-49.08771188
Tromso,69.65,18.96,10.0,2030-06-21T00:00:00,2462673.500000000,star_cen_hadar,STAR,210.956000,-60.373000,0.61,269.237017385,269.237370140,269.241346540,269.241700351,229.49935029,-50.97011651,229.49935029,-50.91330496,229.49935029,-50.91427073,229.99715542,-50.99167458,229.99715542,-50.99167458,229.50719775,-50.96825251
Tromso,69.65,18.96,10.0,2030-06-21T00:00:00,2462673.500000000,star_lyr_vega,STAR,279.234000,38.783000,0.03,269.237017385,269.237370140,269.241346540,269.241700351,193.15928525,58.81417390,193.15928525,58.82392125,193.15928525,58.82378188,193.55194714,58.77501887,193.55194714,58.77500918,193.17047865,58.82424311
Tromso,69.65,18.96,10.0,2030-06-21T00:00:00,2462673.500000000,star_cyg_deneb,STAR,310.358000,45.280000,1.25,269.237017385,269.237370140,269.241346540,269.241700351,143.42632721,63.28016584,143.42632721,63.28827346,143.42632721,63.28815755,143.90015768,63.23960059,143.90015768,63.23959253,143.43405965,63.29231484
Tromso,69.65,18.96,10.0,2030-06-21T00:00:00,2462673.500000000,star_cyg_sadr,STAR,305.557000,40.260000,2.23,269.237017385,269.237370140,269.241346540,269.241700351,153.12759689,59.28114457,153.12759689,59.29071364,153.12759689,59.29057683,153.58051068,59.23877568,153.58051068,59.23876617,153.13584856,59.29407249
Tromso,69.65,18.96,10.0,2030-06-21T00:00:00,2462673.500000000,star_cyg_albireo,STAR,292.680000,27.960000,3.05,269.237017385,269.237370140,269.241346540,269.241700351,173.63317721,48.28359379,173.63317721,48.29794141,173.63317721,48.29773614,174.05745051,48.24414569,174.05745051,48.24413142,173.64126223,48.29966185
Tromso,69.65,18.96,10.0,2030-06-21T00:00:00,2462673.500000000,star_aql_altair,STAR,297.696000,8.868000,0.76,269.237017385,269.237370140,269.241346540,269.241700351,168.84009570,28.96490044,168.84009570,28.99387676,168.84009570,28.99346078,169.27015632,28.93945501,169.27015632,28.93942625,168.84607094,28.99550947
Tromso,69.65,18.96,10.0,2030-06-21T00:00:00,2462673.500000000,star_ori_betelgeuse,STAR,88.793000,7.407000,0.5,269.237017385,269.237370140,269.241346540,269.241700351,19.25764190,-11.83897393,19.25764190,-11.66245105,19.25764190,-11.66732148,19.67215028,-11.79346589,19.67215028,-11.79346589,19.25227161,-11.83955719
Tromso,69.65,18.96,10.0,2030-06-21T00:00:00,2462673.500000000,star_ori_rigel,STAR,78.634000,-8.202000,0.13,269.237017385,269.237370140,269.241346540,269.241700351,32.41028731,-25.70290236,32.41028731,-25.55514127,32.41028731,-25.55868677,32.81105942,-25.66652185,32.81105942,-25.66652185,32.40463639,-25.70402082
Tromso,69.65,18.96,10.0,2030-06-21T00:00:00,2462673.500000000,star_ori_bellatrix,STAR,81.283000,6.350000,1.64,269.237017385,269.237370140,269.241346540,269.241700351,26.95181545,-11.83929766,26.95181545,-11.66277520,26.95181545,-11.66764561,27.36516228,-11.79870084,27.36516228,-11.79870084,26.94651541,-11.84003030
Tromso,69.65,18.96,10.0,2030-06-21T00:00:00,2462673.500000000,star_ori_saiph,STAR,86.939000,-9.670000,2.07,269.237017385,269.237370140,269.241346540,269.241700351,23.59894908,-28.53017799,23.59894908,-28.39080003,23.59894908,-28.39402503,24.00016804,-28.48744247,24.00016804,-28.48744247,23.59297438,-28.53094799
Tromso,69.65,18.96,10.0,2030-06-21T00:00:00,2462673.500000000,star_ori_alnitak,STAR,85.190000,-1.940000,1.77,269.237017385,269.237370140,269.241346540,269.241700351,24.25989392,-20.62987163,24.25989392,-20.46915317,24.25989392,-20.47324705,24.66730384,-20.58753695,24.66730384,-20.58753695,24.25430640,-20.63062383
Tromso,69.65,18.96,10.0,2030-06-21T00:00:00,2462673.500000000,star_ori_alnilam,STAR,84.530000,-1.200000,1.69,269.237017385,269.237370140,269.241346540,269.241700351,24.83895112,-19.80066146,24.83895112,-19.63809079,24.83895112,-19.64226908,25.24684016,-19.75870932,25.24684016,-19.75870932,24.83340140,-19.80142634
Tromso,69.65,18.96,10.0,2030-06-21T00:00:00,2462673.500000000,star_ori_mintaka,STAR,84.050000,-0.300000,2.23,269.237017385,269.237370140,269.241346540,269.241700351,25.19870167,-18.83884697,25.19870167,-18.67422277,25.19870167,-18.67849659,25.60723116,-18.79712994,25.60723116,-18.79712994,25.19319027,-18.83961486
Tromso,69.65,18.96,10.0,2030-06-21T00:00:00,2462673.500000000,star_tau_aldebaran,STAR,68.980000,16.509000,0.85,269.237017385,269.237370140,269.241346540,269.241700351,36.89859968,0.43225074,36.89859968,0.61744228,36.89859968,0.61211289,37.32067174,0.88068729,37.32067174,0.88028912,36.89364822,0.92257944
Tromso,69.65,18.96,10.0,2030-06-21T00:00:00,2462673.500000000,star_tau_elnath,STAR,81.573000,28.608000,1.65,269.237017385,269.237370140,269.241346540,269.241700351,23.13355639,10.09435247,23.13355639,10.18097417,23.13355639,10.17968048,23.56122454,10.22540905,23.56122454,10.22532484,23.12821631,10.18295196
Tromso,69.65,18.96,10.0,2030-06-21T00:00:00,2462673.500000000,star_aur_capella,STAR,79.172000,45.998000,0.08,269.237017385,269.237370140,269.241346540,269.241700351,21.91771851,27.54899681,21.91771851,27.57972487,21.91771851,27.57928350,22.35646484,27.62485629,22.35646484,27.62482592,21.91173577,27.58032909
Tromso,69.65,18.96,10.0,2030-06-21T00:00:00,2462673.500000000,star_umi_polaris,STAR,37.954000,89.264000,1.98,269.237017385,269.237370140,269.241346540,269.241700351,1.51172533,69.33797197,1.51172533,69.34404679,1.51172533,69.34395996,1.96820059,69.39637203,1.96820059,69.39636602,1.49667700,69.34257834
Tromso,69.65,18.96,10.0,2030-06-21T00:00:00,2462673.500000000,star_uma_dubhe,STAR,165.932000,61.751000,1.79,269.237017385,269.237370140,269.241346540,269.241700351,323.22231027,47.51591824,323.22231027,47.53065665,323.22231027,47.53044578,323.62247471,47.58003042,323.62247471,47.58001582,323.21776044,47.52732596
Tromso,69.65,18.96,10.0,2030-06-21T00:00:00,2462673.500000000,star_uma_merak,STAR,165.460000,56.380000,2.37,269.237017385,269.237370140,269.241346540,269.241700351,320.36529897,42.53175876,320.36529897,42.54929322,320.36529897,42.54904222,320.76731398,42.59782165,320.76731398,42.59780428,320.36147562,42.54618135
Tromso,69.65,18.96,10.0,2030-06-21T00:00:00,2462673.500000000,star_uma_alioth,STAR,193.507000,55.960000,1.77,269.237017385,269.237370140,269.241346540,269.241700351,300.31066410,49.51590394,300.31066410,49.52964317,300.31066410,49.52944662,300.68998331,49.56620556,300.68998331,49.56619194,300.30905216,49.52548098
Tromso,69.65,18.96,10.0,2030-06-21T00:00:00,2462673.500000000,star_uma_mizar,STAR,206.884000,54.920000,2.23,269.237017385,269.237370140,269.241346540,269.241700351,289.31817496,52.85906385,289.31817496,52.87125760,289.31817496,52.87108320,289.68400818,52.89929337,289.68400818,52.89928128,289.31818565,52.86676054
Tromso,69.65,18.96,10.0,2030-06-21T00:00:00,2462673.500000000,star_uma_alkaid,STAR,209.800000,49.310000,1.85,269.237017385,269.237370140,269.241346540,269.241700351,282.06150715,49.13530524,282.06150715,49.14922996,282.06150715,49.14903075,282.43172086,49.17146142,282.43172086,49.17144761,282.06263385,49.14499864
Tromso,69.65,18.96,10.0,2030-06-21T00:00:00,2462673.500000000,star_cas_schedar,STAR,9.880000,59.150000,2.24,269.237017385,269.237370140,269.241346540,269.241700351,65.20887584,56.16286401,65.20887584,56.17365841,65.20887584,56.17350406,65.71222075,56.18584245,65.71222075,56.18583174,65.20242341,56.17713907
Tromso,69.65,18.96,10.0,2030-06-21T00:00:00,2462673.500000000,star_cas_caph,STAR,1.150000,59.150000,2.28,269.237017385,269.237370140,269.241346540,269.241700351,71.66803329,58.99995663,71.66803329,59.00963284,71.66803329,59.00949449,72.18243071,59.01592911,72.18243071,59.01591951,71.66198999,59.01355510
Tromso,69.65,18.96,10.0,2030-06-21T00:00:00,2462673.500000000,star_per_mirfak,STAR,51.080000,49.860000,1.79,269.237017385,269.237370140,269.241346540,269.241700351,41.89339111,36.48587365,41.89339111,36.50760338,41.89339111,36.50729206,42.34934296,36.53926338,42.34934296,36.53924185,41.88735894,36.50919321
Tromso,69.65,18.96,10.0,2030-06-21T00:00:00,2462673.500000000,star_per_algol,STAR,47.040000,40.960000,2.12,269.237017385,269.237370140,269.241346540,269.241700351,48.82590884,29.18088574,48.82590884,29.20960830,48.82590884,29.20919600,49.27591193,29.23548871,49.27591193,29.23546029,48.82074835,29.21140384
Tromso,69.65,18.96,10.0,2030-06-21T00:00:00,2462673.500000000,star_boo_arcturus,STAR,213.915000,19.182000,-0.05,269.237017385,269.237370140,269.241346540,269.241700351,261.73149749,23.38674139,261.73149749,23.42372027,261.73149749,23.42318789,262.13699196,23.42970444,262.13699196,23.42966789,261.73448756,23.42219288
Tromso,69.65,18.96,10.0,2030-06-21T00:00:00,2462673.500000000,star_vir_spica,STAR,201.298000,-11.161000,0.98,269.237017385,269.237370140,269.241346540,269.241700351,262.75089694,-9.39304759,262.75089694,-9.21359803,262.75089694,-9.21862638,263.18950297,-9.38437139,263.18950297,-9.38437139,262.75361568,-9.39287305
Tromso,69.65,18.96,10.0,2030-06-21T00:00:00,2462673.500000000,star_sco_antares,STAR,247.352000,-26.432000,0.96,269.237017385,269.237370140,269.241346540,269.241700351,216.11679945,-10.43963878,216.11679945,-10.26136568,216.11679945,-10.26633011,216.55739899,-10.47463632,216.55739899,-10.47463632,216.12252263,-10.43995732
Tromso,69.65,18.96,10.0,2030-06-21T00:00:00,2462673.500000000,star_sco_shaula,STAR,262.690000,-37.030000,1.62,269.237017385,269.237370140,269.241346540,269.241700351,200.78897528,-18.26046728,200.78897528,-18.09465731,200.78897528,-18.09898724,201.23298638,-18.30617351,201.23298638,-18.30617351,200.79517809,-18.26097846
Tromso,69.65,18.96,10.0,2030-06-21T00:00:00,2462673.500000000,star_leo_regulus,STAR,152.093000,11.967000,1.36,269.237017385,269.237370140,269.241346540,269.241700351,316.80099975,-2.95918862,316.80099975,-2.77491915,316.80099975,-2.78020876,317.22660106,-2.90946000,317.22660106,-2.90946000,316.79860438,-2.95956647
Tromso,69.65,18.96,10.0,2030-06-21T00:00:00,2462673.500000000,star_gem_pollux,STAR,116.329000,28.026000,1.14,269.237017385,269.237370140,269.241346540,269.241700351,352.33983731,7.79940292,352.33983731,7.90867251,352.33983731,7.90698907,352.76284514,7.96446271,352.76284514,7.96435698,352.33506136,7.91138570
Tromso,69.65,18.96,10.0,2030-06-21T00:00:00,2462673.500000000,star_gem_castor,STAR,113.650000,31.888000,1.58,269.237017385,269.237370140,269.241346540,269.241700351,354.85509931,11.56164523,354.85509931,11.63782800,354.85509931,11.63670244,355.27899163,11.69332169,355.27899163,11.69324750,354.85016031,11.63891492
Tromso,69.65,18.96,10.0,2030-06-21T00:00:00,2462673.500000000,star_psa_fomalhaut,STAR,344.413000,-29.622000,1.17,269.237017385,269.237370140,269.241346540,269.241700351,130.45015977,-17.12681455,130.45015977,-16.95878726,130.45015977,-16.96322406,130.86978787,-17.17581800,130.86978787,-17.17581800,130.45275524,-17.12887832
Tromso,69.65,18.96,10.0,2030-06-21T00:00:00,2462673.500000000,star_eri_achernar,STAR,24.429000,-57.237000,0.45,269.237017385,269.237370140,269.241346540,269.241700351,113.44272267,-53.94269020,113.44272267,-53.89636135,113.44272267,-53.89711995,113.81069884,-53.98323257,113.81069884,-53.98323257,113.44397660,-53.94750079
Tromso,69.65,18.96,10.0,2030-06-21T00:00:00,2462673.500000000,dso_m31_andromeda,GALAXY,10.684000,41.269000,3.44,269.237017385,269.237370140,269.241346540,269.241700351,79.09723559,40.74186234,79.09723559,40.76053140,79.09723559,40.76026411,79.56910300,40.75902923,79.56910300,40.75901071,79.09405178,40.76390834
Tromso,69.65,18.96,10.0,2030-06-21T00:00:00,2462673.500000000,dso_lmc,GALAXY,80.894000,-69.756000,0.9,269.237017385,269.237370140,269.241346540,269.241700351,103.33695704,-80.57267173,103.33695704,-80.57373047,103.33695704,-80.57371661,103.46394184,-80.60564450,103.46394184,-80.60564450,103.33458434,-80.57822436
Tromso,69.65,18.96,10.0,2030-06-21T00:00:00,2462673.500000000,dso_smc,GALAXY,14.766000,-72.801000,2.7,269.237017385,269.237370140,269.241346540,269.241700351,139.37555431,-62.75453928,139.37555431,-62.73409158,139.37555431,-62.73439492,139.76304088,-62.81023097,139.76304088,-62.81023097,139.38222575,-62.75902003
Tromso,69.65,18.96,10.0,2030-06-21T00:00:00,2462673.500000000,dso_m33_triangulum,GALAXY,23.462000,30.660000,5.72,269.237017385,269.237370140,269.241346540,269.241700351,73.19918825,26.78546487,73.19918825,26.81720671,73.19918825,26.81675062,73.65111444,26.82066007,73.65111444,26.82062865,73.19598188,26.81974458
Tromso,69.65,18.96,10.0,2030-06-21T00:00:00,2462673.500000000,dso_m45_pleiades,STAR_CLUSTER,56.871000,24.105000,1.6,269.237017385,269.237370140,269.241346540,269.241700351,46.04928856,10.61031170,46.04928856,10.69297859,46.04928856,10.69174929,46.48061631,10.72069917,46.48061631,10.72061862,46.04461038,10.69523212
Tromso,69.65,18.96,10.0,2030-06-21T00:00:00,2462673.500000000,dso_hyades,STAR_CLUSTER,66.750000,15.870000,0.5,269.237017385,269.237370140,269.241346540,269.241700351,39.12909969,0.29346506,39.12909969,0.47864044,39.12909969,0.47331130,39.55114607,0.75748325,39.55114607,0.75706843,39.12422507,0.80875575
Tromso,69.65,18.96,10.0,2030-06-21T00:00:00,2462673.500000000,dso_m44_beehive,STAR_CLUSTER,130.100000,19.670000,3.7,269.237017385,269.237370140,269.241346540,269.241700351,339.01539745,0.61825903,339.01539745,0.80346936,339.01539745,0.79813980,339.43797558,1.06471622,339.43797558,1.06434104,339.01136004,1.07773364
Tromso,69.65,18.96,10.0,2030-06-21T00:00:00,2462673.500000000,dso_double_cluster,STAR_CLUSTER,34.740000,57.130000,3.7,269.237017385,269.237370140,269.241346540,269.241700351,49.50125535,47.17701789,49.50125535,47.19193187,49.50125535,47.19171848,49.97660388,47.21767672,49.97660388,47.21766193,49.49457547,47.19419737
Tromso,69.65,18.96,10.0,2030-06-21T00:00:00,2462673.500000000,dso_coma_cluster,STAR_CLUSTER,185.600000,26.100000,1.8,269.237017385,269.237370140,269.241346540,269.241700351,290.60533657,20.11093860,290.60533657,20.15448452,290.60533657,20.15385575,291.01541191,20.18665314,291.01541191,20.18661024,290.60534554,20.15320240
Tromso,69.65,18.96,10.0,2030-06-21T00:00:00,2462673.500000000,dso_omega_centauri,GLOBULAR_CLUSTER,201.700000,-47.470000,3.9,269.237017385,269.237370140,269.241346540,269.241700351,245.90494041,-42.57169521,245.90494041,-42.48287352,245.90494041,-42.48456495,246.38826487,-42.57736335,246.38826487,-42.57736335,245.91032047,-42.56937118
Tromso,69.65,18.96,10.0,2030-06-21T00:00:00,2462673.500000000,dso_47_tucanae,GLOBULAR_CLUSTER,6.020000,-72.080000,4.1,269.237017385,269.237370140,269.241346540,269.241700351,142.08960044,-60.34663328,142.08960044,-60.32002612,142.08960044,-60.32043079,142.48576298,-60.40318952,142.48576298,-60.40318952,142.09624745,-60.35091777
Tromso,69.65,18.96,10.0,2030-06-21T00:00:00,2462673.500000000,dso_m13_hercules,GLOBULAR_CLUSTER,250.420000,36.460000,5.8,269.237017385,269.237370140,269.241346540,269.241700351,231.31690260,51.12288552,231.31690260,51.13586386,231.31690260,51.13567821,231.68691361,51.11162630,231.68691361,51.11161341,231.32467904,51.13340839
Tromso,69.65,18.96,10.0,2030-06-21T00:00:00,2462673.500000000,dso_m42_orion_nebula,NEBULA,83.822000,-5.391000,4.0,269.237017385,269.237370140,269.241346540,269.241700351,26.28344038,-23.83381232,26.28344038,-23.68095662,26.28344038,-23.68470944,26.68770938,-23.79288654,26.68770938,-23.79288654,26.27774673,-23.83466365
Tromso,69.65,18.96,10.0,2030-06-21T00:00:00,2462673.500000000,dso_m8_lagoon,NEBULA,270.920000,-24.380000,6.0,269.237017385,269.237370140,269.241346540,269.241700351,195.32159015,-4.80290183,195.32159015,-4.61959740,195.32159015,-4.62483637,195.75667364,-4.85175661,195.75667364,-4.85175661,195.32753209,-4.80355332
Tromso,69.65,18.96,10.0,2030-06-21T00:00:00,2462673.500000000,dso_eta_carinae_nebula,NEBULA,161.260000,-59.870000,1.0,269.237017385,269.237370140,269.241346540,269.241700351,266.88563997,-66.33924615,266.88563997,-66.32652318,266.88563997,-66.32670564,267.44298576,-66.32219531,267.44298576,-66.32219531,266.89093328,-66.33475168
CapeTown,-33.93,18.42,25.0,2015-12-31T23:59:59,2457388.499988426,star_cma_sirius,STAR,101.287000,-16.716000,-1.46,100.087167452,100.086835163,100.086951151,100.086618981,314.12914555,66.99203908,314.12914555,66.99887915,314.12914555,66.99877168,313.80930793,66.87291310,313.80930793,66.87289605,314.11858882,66.99537601
CapeTown,-33.93,18.42,25.0,2015-12-31T23:59:59,2457388.499988426,star_cma_adhara,STAR,104.656000,-28.972000,1.5,100.087167452,100.086835163,100.086951151,100.086618981,289.21312698,77.34033402,289.21312698,77.34395285,289.21312698,77.34389600,289.02760236,77.20441395,289.02760236,77.20440491,289.20223158,77.33903110
CapeTown,-33.93,18.42,25.0,2015-12-31T23:59:59,2457388.499988426,star_cma_wezen,STAR,107.098000,-26.393000,1.83,100.087167452,100.086835163,100.086951151,100.086618981,304.74774255,77.73497390,304.74774255,77.73847636,304.74774255,77.73842134,304.39225112,77.60439936,304.39225112,77.60439062,304.73092742,77.73436336
CapeTown,-33.93,18.42,25.0,2015-12-31T23:59:59,2457388.499988426,star_cma_mirzam,STAR,95.675000,-17.956000,1.98,100.087167452,100.086835163,100.086951151,100.086618981,302.57572529,64.23379771,302.57572529,64.24157232,302.57572529,64.24145015,302.32730367,64.10624805,302.32730367,64.10622867,302.56796577,64.23739114
CapeTown,-33.93,18.42,25.0,2015-12-31T23:59:59,2457388.499988426,star_cmi_procyon,STAR,114.825000,5.225000,0.34,100.087167452,100.086835163,100.086951151,100.086618981,354.54227107,50.74855541,354.54227107,50.76170788,354.54227107,50.76150110,354.20679181,50.70415510,354.20679181,50.70412241,354.53401881,50.76115871
CapeTown,-33.93,18.42,25.0,2015-12-31T23:59:59,2457388.499988426,star_car_canopus,STAR,95.987000,-52.695000,-0.74,100.087167452,100.086835163,100.086951151,100.086618981,213.62736372,65.33628022,213.62736372,65.34367639,213.62736372,65.34356017,213.74312102,65.30683841,213.74312102,65.30682005,213.63722034,65.33992950
CapeTown,-33.93,18.42,25.0,2015-12-31T23:59:59,2457388.499988426,star_car_miaplacidus,STAR,138.300000,-69.720000,1.67,100.087167452,100.086835163,100.086951151,100.086618981,168.88131991,52.50980847,168.88131991,52.52215711,168.88131991,52.52196299,168.86365734,52.59015961,168.86365734,52.59012906,168.89041325,52.52164856
CapeTown,-33.93,18.42,25.0,2015-12-31T23:59:59,2457388.499988426,star_cen_rigil_kent,STAR,219.900000,-60.833000,-0.01,100.087167452,100.086835163,100.086951151,100.086618981,148.58966832,23.94567049,148.58966832,23.98169494,148.58966832,23.98112552,148.45510465,24.08628215,148.45510465,24.08619358,148.59541555,23.98187719
CapeTown,-33.93,18.42,25.0,2015-12-31T23:59:59,2457388.499988426,star_cen_hadar,STAR,210.956000,-60.373000,0.61,100.087167452,100.086835163,100.086951151,100.086618981,146.15886657,27.77602029,146.15886657,27.80645666,146.15886657,27.80597643,146.02900475,27.91473542,146.02900475,27.91466046,146.16467134,27.80676848
CapeTown,-33.93,18.42,25.0,2015-12-31T23:59:59,2457388.499988426,star_lyr_vega,STAR,279.234000,38.783000,0.03,100.087167452,100.086835163,100.086951151,100.086618981,66.91350747,-73.86773549,66.91350747,-73.86544327,66.91350747,-73.86547727,67.04344141,-73.77427489,67.04344141,-73.77427489,66.90805272,-73.87360764
CapeTown,-33.93,18.42,25.0,2015-12-31T23:59:59,2457388.499988426,star_cyg_deneb,STAR,310.358000,45.280000,1.25,100.087167452,100.086835163,100.086951151,100.086618981,324.74073546,-75.35817197,324.74073546,-75.35705788,324.74073546,-75.35707427,324.84189625,-75.46584548,324.84189625,-75.46584548,324.72076656,-75.35597986
CapeTown,-33.93,18.42,25.0,2015-12-31T23:59:59,2457388.499988426,star_cyg_sadr,STAR,305.557000,40.260000,2.23,100.087167452,100.086835163,100.086951151,100.086618981,320.21176528,-81.42601266,320.21176528,-81.42718015,320.21176528,-81.42716341,320.46248945,-81.53877662,320.46248945,-81.53877662,320.17926025,-81.42318616
CapeTown,-33.93,18.42,25.0,2015-12-31T23:59:59,2457388.499988426,star_cyg_albireo,STAR,292.680000,27.960000,3.05,100.087167452,100.086835163,100.086951151,100.086618981,139.15973561,-82.33179507,139.15973561,-82.33301573,139.15973561,-82.33299828,138.53041403,-82.21791306,138.53041403,-82.21791306,139.19619777,-82.33522398
CapeTown,-33.93,18.42,25.0,2015-12-31T23:59:59,2457388.499988426,star_aql_altair,STAR,297.696000,8.868000,0.76,100.087167452,100.086835163,100.086951151,100.086618981,178.54278929,-64.97517961,178.54278929,-64.95972632,178.54278929,-64.95997075,178.10973006,-64.92690473,178.10973006,-64.92690473,178.55664370,-64.97541981
CapeTown,-33.93,18.42,25.0,2015-12-31T23:59:59,2457388.499988426,star_ori_betelgeuse,STAR,88.793000,7.407000,0.5,100.087167452,100.086835163,100.086951151,100.086618981,320.33428000,40.10865908,320.33428000,40.12774918,320.33428000,40.12744878,320.09251915,40.00962566,320.09251915,40.00957813,320.32851544,40.12520320
CapeTown,-33.93,18.42,25.0,2015-12-31T23:59:59,2457388.499988426,star_ori_rigel,STAR,78.634000,-8.202000,0.13,100.087167452,100.086835163,100.086951151,100.086618981,295.91611718,45.36538153,295.91611718,45.38126768,295.91611718,45.38101782,295.71890539,45.24369161,295.71890539,45.24365202,295.91209496,45.37739710
CapeTown,-33.93,18.42,25.0,2015-12-31T23:59:59,2457388.499988426,star_ori_bellatrix,STAR,81.283000,6.350000,1.64,100.087167452,100.086835163,100.086951151,100.086618981,311.80613570,36.63365432,311.80613570,36.65526782,311.80613570,36.65492754,311.58531712,36.52801598,311.58531712,36.52796217,311.80123608,36.65249552
CapeTown,-33.93,18.42,25.0,2015-12-31T23:59:59,2457388.499988426,star_ori_saiph,STAR,86.939000,-9.670000,2.07,100.087167452,100.086835163,100.086951151,100.086618981,302.77737587,52.38215801,302.77737587,52.39456363,302.77737587,52.39436861,302.55392956,52.25968613,302.55392956,52.25965521,302.77187938,52.39068276
CapeTown,-33.93,18.42,25.0,2015-12-31T23:59:59,2457388.499988426,star_ori_alnitak,STAR,85.190000,-1.940000,1.77,100.087167452,100.086835163,100.086951151,100.086618981,308.81993505,45.51680525,308.81993505,45.53260787,308.81993505,45.53235933,308.59136638,45.40226861,308.59136638,45.40222925,308.81457909,45.52927629
CapeTown,-33.93,18.42,25.0,2015-12-31T23:59:59,2457388.499988426,star_ori_alnilam,STAR,84.530000,-1.200000,1.69,100.087167452,100.086835163,100.086951151,100.086618981,308.78748100,44.52564932,308.78748100,44.54200670,308.78748100,44.54174941,308.56061208,44.41168713,308.56061208,44.41164639,308.78222194,44.53871534
CapeTown,-33.93,18.42,25.0,2015-12-31T23:59:59,2457388.499988426,star_ori_mintaka,STAR,84.050000,-0.300000,2.23,100.087167452,100.086835163,100.086951151,100.086618981,309.08769566,43.52874393,309.08769566,43.54567913,309.08769566,43.54541274,308.86174651,43.41565553,308.86174651,43.41561335,309.08249947,43.54244538
CapeTown,-33.93,18.42,25.0,2015-12-31T23:59:59,2457388.499988426,star_tau_aldebaran,STAR,68.980000,16.509000,0.85,100.087167452,100.086835163,100.086951151,100.086618981,308.84347260,21.09199952,308.84347260,21.13338158,308.84347260,21.13272615,308.64425544,21.00487256,308.64425544,21.00476979,308.83945983,21.13170311
CapeTown,-33.93,18.42,25.0,2015-12-31T23:59:59,2457388.499988426,star_tau_elnath,STAR,81.573000,28.608000,1.65,100.087167452,100.086835163,100.086951151,100.086618981,326.44244777,18.47020211,326.44244777,18.51783904,326.44244777,18.51708248,326.23247766,18.40937244,326.23247766,18.40925439,326.43749062,18.51684727
CapeTown,-33.93,18.42,25.0,2015-12-31T23:59:59,2457388.499988426,star_aur_capella,STAR,79.172000,45.998000,0.08,100.087167452,100.086835163,100.086951151,100.086618981,334.03521089,2.63733749,334.03521089,2.82253901,334.03521089,2.81697647,333.84782090,2.78621003,333.84782090,2.78561844,334.03018732,2.89508290
CapeTown,-33.93,18.42,25.0,2015-12-31T23:59:59,2457388.499988426,star_umi_polaris,STAR,37.954000,89.264000,1.98,100.087167452,100.086835163,100.086951151,100.086618981,359.22638543,-33.75758089,359.22638543,-33.63561660,359.22638543,-33.63840763,359.12624429,-33.80610492,359.12624429,-33.80610492,359.21983300,-33.75943658
CapeTown,-33.93,18.42,25.0,2015-12-31T23:59:59,2457388.499988426,star_uma_dubhe,STAR,165.932000,61.751000,1.79,100.087167452,100.086835163,100.086951151,100.086618981,21.11669706,-13.06368536,21.11669706,-12.88886301,21.11669706,-12.89387544,20.96502409,-13.06238998,20.96502409,-13.06238998,21.11188731,-13.06612613
CapeTown,-33.93,18.42,25.0,2015-12-31T23:59:59,2457388.499988426,star_uma_merak,STAR,165.460000,56.380000,2.37,100.087167452,100.086835163,100.086951151,100.086618981,24.32537223,-8.70700724,24.32537223,-8.52684733,24.32537223,-8.53215308,24.16325580,-8.69807422,24.16325580,-8.69807422,24.32081297,-8.70932753
CapeTown,-33.93,18.42,25.0,2015-12-31T23:59:59,2457388.499988426,star_uma_alioth,STAR,193.507000,55.960000,1.77,100.087167452,100.086835163,100.086951151,100.086618981,35.26741361,-20.05216200,35.26741361,-19.89014511,35.26741361,-19.89451343,35.13242099,-20.01873398,35.13242099,-20.01873398,35.26325165,-20.05528703
CapeTown,-33.93,18.42,25.0,2015-12-31T23:59:59,2457388.499988426,star_uma_mizar,STAR,206.884000,54.920000,2.23,100.087167452,100.086835163,100.086951151,100.086618981,39.97849993,-26.35708698,39.97849993,-26.21119467,39.97849993,-26.21486083,39.85882650,-26.31358384,39.85882650,-26.31358384,39.97446985,-26.36067586
CapeTown,-33.93,18.42,25.0,2015-12-31T23:59:59,2457388.499988426,star_uma_alkaid,STAR,209.800000,49.310000,1.85,100.087167452,100.086835163,100.086951151,100.086618981,46.51335030,-25.87124224,46.51335030,-25.72395786,46.51335030,-25.72768055,46.38991460,-25.81386054,46.38991460,-25.81386054,46.50989531,-25.87500216
CapeTown,-33.93,18.42,25.0,2015-12-31T23:59:59,2457388.499988426,star_cas_schedar,STAR,9.880000,59.150000,2.24,100.087167452,100.086835163,100.086951151,100.086618981,322.08014820,-37.84618185,322.08014820,-37.73919596,322.08014820,-37.74151548,321.95251184,-37.95922728,321.95251184,-37.95922728,322.07417906,-37.84572911
CapeTown,-33.93,18.42,25.0,2015-12-31T23:59:59,2457388.499988426,star_cas_caph,STAR,1.150000,59.150000,2.28,100.087167452,100.086835163,100.086951151,100.086618981,322.01590102,-42.31965468,322.01590102,-42.22985334,322.01590102,-42.23168845,321.89742173,-42.43251309,321.89742173,-42.43251309,322.00949848,-42.31893922
CapeTown,-33.93,18.42,25.0,2015-12-31T23:59:59,2457388.499988426,star_per_mirfak,STAR,51.080000,49.860000,1.79,100.087167452,100.086835163,100.086951151,100.086618981,322.54663634,-12.67663690,322.54663634,-12.50125996,322.54663634,-12.50630224,322.38038264,-12.79056742,322.38038264,-12.79056742,322.54190324,-12.67763924
CapeTown,-33.93,18.42,25.0,2015-12-31T23:59:59,2457388.499988426,star_per_algol,STAR,47.040000,40.960000,2.12,100.087167452,100.086835163,100.086951151,100.086618981,313.60682498,-9.47448145,313.60682498,-9.29511940,313.60682498,-9.30038056,313.43378346,-9.59847207,313.43378346,-9.59847207,313.60265721,-9.47551109
CapeTown,-33.93,18.42,25.0,2015-12-31T23:59:59,2457388.499988426,star_boo_arcturus,STAR,213.915000,19.182000,-0.05,100.087167452,100.086835163,100.086951151,100.086618981,76.82089863,-15.01765589,76.82089863,-14.84587802,76.82089863,-14.85072948,76.66192628,-14.90774996,76.66192628,-14.90774996,76.82057773,-15.02106710
CapeTown,-33.93,18.42,25.0,2015-12-31T23:59:59,2457388.499988426,star_vir_spica,STAR,201.298000,-11.161000,0.98,100.087167452,100.086835163,100.086951151,100.086618981,95.57661251,12.00374063,95.57661251,12.07721891,95.57661251,12.07603282,95.39311649,12.20773218,95.39311649,12.20755431,95.57816550,12.07836246
CapeTown,-33.93,18.42,25.0,2015-12-31T23:59:59,2457388.499988426,star_sco_antares,STAR,247.352000,-26.432000,0.96,100.087167452,100.086835163,100.086951151,100.086618981,134.58074806,-12.68446481,134.58074806,-12.50909894,134.58074806,-12.51414061,134.39468422,-12.56514644,134.39468422,-12.56514644,134.58555453,-12.68715810
CapeTown,-33.93,18.42,25.0,2015-12-31T23:59:59,2457388.499988426,star_sco_shaula,STAR,262.690000,-37.030000,1.62,100.087167452,100.086835163,100.086951151,100.086618981,151.70789837,-11.69107661,151.70789837,-11.51435907,151.70789837,-11.51947416,151.51679226,-11.59355654,151.51679226,-11.59355654,151.71352215,-11.69337395
CapeTown,-33.93,18.42,25.0,2015-12-31T23:59:59,2457388.499988426,star_leo_regulus,STAR,152.093000,11.967000,1.36,100.087167452,100.086835163,100.086951151,100.086618981,41.06797592,34.03630725,41.06797592,34.06008865,41.06797592,34.05971407,40.80109569,34.11084606,40.80109569,34.11078726,41.06391866,34.06150156
CapeTown,-33.93,18.42,25.0,2015-12-31T23:59:59,2457388.499988426,star_gem_pollux,STAR,116.329000,28.026000,1.14,100.087167452,100.086835163,100.086951151,100.086618981,358.07342805,28.06035153,358.07342805,28.09042859,358.07342805,28.08995408,357.82271144,28.04076595,357.82271144,28.04069138,358.06753069,28.09000690
CapeTown,-33.93,18.42,25.0,2015-12-31T23:59:59,2457388.499988426,star_gem_castor,STAR,113.650000,31.888000,1.58,100.087167452,100.086835163,100.086951151,100.086618981,355.72480224,24.07917122,355.72480224,24.11497372,355.72480224,24.11440785,355.48600248,24.06021963,355.48600248,24.06013094,355.71907464,24.11453379
CapeTown,-33.93,18.42,25.0,2015-12-31T23:59:59,2457388.499988426,star_psa_fomalhaut,STAR,344.413000,-29.622000,1.17,100.087167452,100.086835163,100.086951151,100.086618981,220.06361117,-13.01354729,220.06361117,-12.83865221,220.06361117,-12.84366854,219.86045499,-13.06143552,219.86045499,-13.06143552,220.06776343,-13.01423901
CapeTown,-33.93,18.42,25.0,2015-12-31T23:59:59,2457388.499988426,star_eri_achernar,STAR,24.429000,-57.237000,0.45,100.087167452,100.086835163,100.086951151,100.086618981,217.00086803,25.98523472,217.00086803,26.01809688,217.00086803,26.01757799,216.88987999,25.97548404,216.88987999,25.97540264,217.00544394,26.01586660
CapeTown,-33.93,18.42,25.0,2015-12-31T23:59:59,2457388.499988426,dso_m31_andromeda,GALAXY,10.684000,41.269000,3.44,100.087167452,100.086835163,100.086951151,100.086618981,300.50877142,-33.85901856,300.50877142,-33.73741350,300.50877142,-33.74019261,300.34396139,-33.99007505,300.34396139,-33.99007505,300.50481773,-33.85786804
CapeTown,-33.93,18.42,25.0,2015-12-31T23:59:59,2457388.499988426,dso_lmc,GALAXY,80.894000,-69.756000,0.9,100.087167452,100.086835163,100.086951151,100.086618981,198.67396329,48.68918494,198.67396329,48.70332980,198.67396329,48.70310738,198.65663640,48.70266742,198.65663640,48.70263234,198.68152930,48.70078314
CapeTown,-33.93,18.42,25.0,2015-12-31T23:59:59,2457388.499988426,dso_smc,GALAXY,14.766000,-72.801000,2.7,100.087167452,100.086835163,100.086951151,100.086618981,199.14948919,28.35765123,199.14948919,28.38735954,199.14948919,28.38689090,199.04985532,28.38640653,199.04985532,28.38633302,199.15527764,28.38553277
CapeTown,-33.93,18.42,25.0,2015-12-31T23:59:59,2457388.499988426,dso_m33_triangulum,GALAXY,23.462000,30.660000,5.72,100.087167452,100.086835163,100.086951151,100.086618981,294.14257546,-20.19423601,294.14257546,-20.03253503,294.14257546,-20.03688851,293.96557010,-20.32831281,293.96557010,-20.32831281,294.13968126,-20.19407695
CapeTown,-33.93,18.42,25.0,2015-12-31T23:59:59,2457388.499988426,dso_m45_pleiades,STAR_CLUSTER,56.871000,24.105000,1.6,100.087167452,100.086835163,100.086951151,100.086618981,306.06307150,7.70728183,306.06307150,7.81767747,306.06307150,7.81582043,305.87622992,7.68969107,305.87622992,7.68941853,306.05946817,7.81926741
CapeTown,-33.93,18.42,25.0,2015-12-31T23:59:59,2457388.499988426,dso_hyades,STAR_CLUSTER,66.750000,15.870000,0.5,100.087167452,100.086835163,100.086951151,100.086618981,306.70775203,20.09288994,306.70775203,20.13647750,306.70775203,20.13578651,306.51133496,20.00647227,306.51133496,20.00636405,306.70391743,20.13486129
CapeTown,-33.93,18.42,25.0,2015-12-31T23:59:59,2457388.499988426,dso_m44_beehive,STAR_CLUSTER,130.100000,19.670000,3.7,100.087167452,100.086835163,100.086951151,100.086618981,13.68152643,35.28765049,13.68152643,35.31035322,13.68152643,35.30999571,13.40271181,35.29690107,13.40271181,35.29684479,13.67558961,35.31068670
CapeTown,-33.93,18.42,25.0,2015-12-31T23:59:59,2457388.499988426,dso_double_cluster,STAR_CLUSTER,34.740000,57.130000,3.7,100.087167452,100.086835163,100.086951151,100.086618981,323.67286151,-24.71787028,323.67286151,-24.56737858,323.67286151,-24.57123427,323.52444498,-24.82969607,323.52444498,-24.82969607,323.66765892,-24.71824328
CapeTown,-33.93,18.42,25.0,2015-12-31T23:59:59,2457388.499988426,dso_coma_cluster,STAR_CLUSTER,185.600000,26.100000,1.8,100.087167452,100.086835163,100.086951151,100.086618981,56.08175722,2.46952369,56.08175722,2.65474082,56.08175722,2.64917632,55.89670786,2.79419561,55.89670786,2.79360508,56.07954825,2.73775400
CapeTown,-33.93,18.42,25.0,2015-12-31T23:59:59,2457388.499988426,dso_omega_centauri,GLOBULAR_CLUSTER,201.700000,-47.470000,3.9,100.087167452,100.086835163,100.086951151,100.086618981,130.32253286,28.41653711,130.32253286,28.44617320,130.32253286,28.44570571,130.17525842,28.57284936,130.17525842,28.57277641,130.32741344,28.44705417
CapeTown,-33.93,18.42,25.0,2015-12-31T23:59:59,2457388.499988426,dso_47_tucanae,GLOBULAR_CLUSTER,6.020000,-72.080000,4.1,100.087167452,100.086835163,100.086951151,100.086618981,198.49693725,25.68751019,198.49693725,25.72080533,198.49693725,25.72027954,198.38929795,25.72156712,198.38929795,25.72148481,198.50263714,25.71916400
CapeTown,-33.93,18.42,25.0,2015-12-31T23:59:59,2457388.499988426,dso_m13_hercules,GLOBULAR_CLUSTER,250.420000,36.460000,5.8,100.087167452,100.086835163,100.086951151,100.086618981,72.18950019,-51.13183848,72.18950019,-51.07561396,72.18950019,-51.07664172,72.11105791,-51.03033555,72.11105791,-51.03033555,72.18808068,-51.13746356
CapeTown,-33.93,18.42,25.0,2015-12-31T23:59:59,2457388.499988426,dso_m42_orion_nebula,NEBULA,83.822000,-5.391000,4.0,100.087167452,100.086835163,100.086951151,100.086618981,304.00102656,47.16363351,304.00102656,47.17855446,304.00102656,47.17831982,303.78174724,47.04463942,303.78174724,47.04460225,303.99598071,47.17492993
CapeTown,-33.93,18.42,25.0,2015-12-31T23:59:59,2457388.499988426,dso_m8_lagoon,NEBULA,270.920000,-24.380000,6.0,100.087167452,100.086835163,100.086951151,100.086618981,152.21134623,-26.16238215,152.21134623,-26.01592907,152.21134623,-26.01961793,151.99470602,-26.06594207,151.99470602,-26.06594207,152.21754312,-26.16498117
CapeTown,-33.93,18.42,25.0,2015-12-31T23:59:59,2457388.499988426,dso_eta_carinae_nebula,NEBULA,161.260000,-59.870000,1.0,100.087167452,100.086835163,100.086951151,100.086618981,146.41494405,51.94507919,146.41494405,51.95768137,146.41494405,51.95748325,146.34856185,52.06637184,146.34856185,52.06634071,146.42308099,51.95873274
Honolulu,21.31,-157.86,5.0,2015-12-31T23:59:59,2457388.499988426,star_cma_sirius,STAR,101.287000,-16.716000,-1.46,100.087167452,100.086835163,100.086951151,100.086618981,80.44061213,-69.87044431,80.44061213,-69.86357995,80.44061213,-69.86367260,80.52772892,-69.69527208,80.52772892,-69.69527208,80.44413592,-69.86518425
Honolulu,21.31,-157.86,5.0,2015-12-31T23:59:59,2457388.499988426,star_cma_adhara,STAR,104.656000,-28.972000,1.5,100.087167452,100.086835163,100.086951151,100.086618981,119.54744533,-72.49609043,119.54744533,-72.49246752,119.54744533,-72.49251547,119.29249286,-72.37272277,119.29249286,-72.37272277,119.54046748,-72.49110552
Honolulu,21.31,-157.86,5.0,2015-12-31T23:59:59,2457388.499988426,star_cma_wezen,STAR,107.098000,-26.393000,1.83,100.087167452,100.086835163,100.086951151,100.086618981,113.41934032,-75.40837066,113.41934032,-75.40729156,113.41934032,-75.40730558,113.13401053,-75.27228843,113.13401053,-75.27228843,113.41302543,-75.40324428
Honolulu,21.31,-157.86,5.0,2015-12-31T23:59:59,2457388.499988426,star_cma_mirzam,STAR,95.675000,-17.956000,1.98,100.087167452,100.086835163,100.086951151,100.086618981,86.97550744,-64.97020226,86.97550744,-64.95473854,86.97550744,-64.95495640,87.03254895,-64.79850641,87.03254895,-64.79850641,86.97702230,-64.96482787
Honolulu,21.31,-157.86,5.0,2015-12-31T23:59:59,2457388.499988426,star_cmi_procyon,STAR,114.825000,5.225000,0.34,100.087167452,100.086835163,100.086951151,100.086618981,15.69456850,-62.58471003,15.69456850,-62.56385284,15.69456850,-62.56415373,16.12533373,-62.49011004,16.12533373,-62.49011004,15.70504120,-62.58289507
Honolulu,21.31,-157.86,5.0,2015-12-31T23:59:59,2457388.499988426,star_car_canopus,STAR,95.987000,-52.695000,-0.74,100.087167452,100.086835163,100.086951151,100.086618981,153.84137584,-52.73412916,153.84137584,-52.68362117,153.84137584,-52.68443860,153.75523782,-52.70294808,153.75523782,-52.70294808,153.83410088,-52.73072245
Honolulu,21.31,-157.86,5.0,2015-12-31T23:59:59,2457388.499988426,star_car_miaplacidus,STAR,138.300000,-69.720000,1.67,100.087167452,100.086835163,100.086951151,100.086618981,187.26200799,-40.56162813,187.26200799,-40.46501472,187.26200799,-40.46686439,187.26435823,-40.63005860,187.26435823,-40.63005860,187.25514790,-40.56000500
Honolulu,21.31,-157.86,5.0,2015-12-31T23:59:59,2457388.499988426,star_cen_rigil_kent,STAR,219.900000,-60.833000,-0.01,100.087167452,100.086835163,100.086951151,100.086618981,209.87564650,-14.75172968,209.87564650,-14.57951330,209.87564650,-14.58408282,209.98277017,-14.87485297,209.98277017,-14.87485297,209.87058970,-14.74995813
Honolulu,21.31,-157.86,5.0,2015-12-31T23:59:59,2457388.499988426,star_cen_hadar,STAR,210.956000,-60.373000,0.61,100.087167452,100.086835163,100.086951151,100.086618981,211.42209321,-18.90663612,211.42209321,-18.74215331,211.42209321,-18.74634755,211.52106271,-19.03310680,211.52106271,-19.03310680,211.41700986,-18.90510066
Honolulu,21.31,-157.86,5.0,2015-12-31T23:59:59,2457388.499988426,star_lyr_vega,STAR,279.234000,38.783000,0.03,100.087167452,100.086835163,100.086951151,100.086618981,316.82758008,63.72970942,316.82758008,63.73765938,316.82758008,63.73754949,316.66842080,63.66653352,316.66842080,63.66652956,316.83575015,63.74257898
Honolulu,21.31,-157.86,5.0,2015-12-31T23:59:59,2457388.499988426,star_cyg_deneb,STAR,310.358000,45.280000,1.25,100.087167452,100.086835163,100.086951151,100.086618981,13.84327749,65.02939627,13.84327749,65.03689710,13.84327749,65.03679342,13.68199013,65.12457017,13.68199013,65.12456646,13.85595115,65.03724684
Honolulu,21.31,-157.86,5.0,2015-12-31T23:59:59,2457388.499988426,star_cyg_sadr,STAR,305.557000,40.260000,2.23,100.087167452,100.086835163,100.086951151,100.086618981,8.04962382,70.76703861,8.04962382,70.77265885,8.04962382,70.77258117,7.76260898,70.84506651,7.76260898,70.84506374,8.06614322,70.77323484
Honolulu,21.31,-157.86,5.0,2015-12-31T23:59:59,2457388.499988426,star_cyg_albireo,STAR,292.680000,27.960000,3.05,100.087167452,100.086835163,100.086951151,100.086618981,309.96523046,79.16451933,309.96523046,79.16760305,309.96523046,79.16756043,309.38135776,79.07815093,309.38135776,79.07814939,309.98209847,79.17253460
Honolulu,21.31,-157.86,5.0,2015-12-31T23:59:59,2457388.499988426,star_aql_altair,STAR,297.696000,8.868000,0.76,100.087167452,100.086835163,100.086951151,100.086618981,199.29951709,76.91498057,199.29951709,76.91872524,199.29951709,76.91867349,200.00899967,76.81880240,200.00899967,76.81880053,199.27571532,76.92071301
Honolulu,21.31,-157.86,5.0,2015-12-31T23:59:59,2457388.499988426,star_ori_betelgeuse,STAR,88.793000,7.407000,0.5,100.087167452,100.086835163,100.086951151,100.086618981,52.18219803,-46.56064468,52.18219803,-46.48728624,52.18219803,-46.48857608,52.39435455,-46.39641222,52.39435455,-46.39641222,52.18700478,-46.55653484
Honolulu,21.31,-157.86,5.0,2015-12-31T23:59:59,2457388.499988426,star_ori_rigel,STAR,78.634000,-8.202000,0.13,100.087167452,100.086835163,100.086951151,100.086618981,79.28376796,-46.20375856,79.28376796,-46.12902697,79.28376796,-46.13034749,79.40945655,-46.02852341,79.40945655,-46.02852341,79.28557174,-46.19883816
Honolulu,21.31,-157.86,5.0,2015-12-31T23:59:59,2457388.499988426,star_ori_bellatrix,STAR,81.283000,6.350000,1.64,100.087167452,100.086835163,100.086951151,100.086618981,59.82950925,-41.40980289,59.82950925,-41.31647019,59.82950925,-41.31823541,60.01081162,-41.23873469,60.01081162,-41.23873469,59.83321629,-41.40553084
Honolulu,21.31,-157.86,5.0,2015-12-31T23:59:59,2457388.499988426,star_ori_saiph,STAR,86.939000,-9.670000,2.07,100.087167452,100.086835163,100.086951151,100.086618981,76.44257319,-54.33967043,76.44257319,-54.29468687,76.44257319,-54.29540021,76.57429329,-54.16357160,76.57429329,-54.16357160,76.44515317,-54.33459695
Honolulu,21.31,-157.86,5.0,2015-12-31T23:59:59,2457388.499988426,star_ori_alnitak,STAR,85.190000,-1.940000,1.77,100.087167452,100.086835163,100.086951151,100.086618981,66.60039756,-49.24830065,66.60039756,-49.18514001,66.60039756,-49.18621035,66.76931023,-49.07335742,66.76931023,-49.07335742,66.60389537,-49.24360141
Honolulu,21.31,-157.86,5.0,2015-12-31T23:59:59,2457388.499988426,star_ori_alnilam,STAR,84.530000,-1.200000,1.69,100.087167452,100.086835163,100.086951151,100.086618981,66.16032935,-48.30024318,66.16032935,-48.23351911,66.16032935,-48.23466449,66.32995734,-48.12548838,66.32995734,-48.12548838,66.16381054,-48.29557993
Honolulu,21.31,-157.86,5.0,2015-12-31T23:59:59,2457388.499988426,star_ori_mintaka,STAR,84.050000,-0.300000,2.23,100.087167452,100.086835163,100.086951151,100.086618981,65.39569757,-47.41863530,65.39569757,-47.34856254,65.39569757,-47.34978006,65.56711029,-47.24421462,65.56711029,-47.24421462,65.39920476,-47.41401761
Honolulu,21.31,-157.86,5.0,2015-12-31T23:59:59,2457388.499988426,star_tau_aldebaran,STAR,68.980000,16.509000,0.85,100.087167452,100.086835163,100.086951151,100.086618981,58.19812637,-25.71350895,58.19812637,-25.56577781,58.19812637,-25.56925651,58.36558598,-25.54429981,58.36558598,-25.54429981,58.20134263,-25.70990889
Honolulu,21.31,-157.86,5.0,2015-12-31T23:59:59,2457388.499988426,star_tau_elnath,STAR,81.573000,28.608000,1.65,100.087167452,100.086835163,100.086951151,100.086618981,39.53727616,-26.66507189,39.53727616,-26.52007443,39.53727616,-26.52344716,39.73231281,-26.51903212,39.73231281,-26.51903212,39.54180311,-26.66191802
Honolulu,21.31,-157.86,5.0,2015-12-31T23:59:59,2457388.499988426,star_aur_capella,STAR,79.172000,45.998000,0.08,100.087167452,100.086835163,100.086951151,100.086618981,28.85393177,-12.33516594,28.85393177,-12.15931292,28.85393177,-12.16406998,29.02775281,-12.20980213,29.02775281,-12.20980213,28.85858902,-12.33266558
Honolulu,21.31,-157.86,5.0,2015-12-31T23:59:59,2457388.499988426,star_umi_polaris,STAR,37.954000,89.264000,1.98,100.087167452,100.086835163,100.086951151,100.086618981,0.70031691,21.18064605,0.70031691,21.22184172,0.70031691,21.22126698,0.78567236,21.27700041,0.78567236,21.27698012,0.70584255,21.22524256
Honolulu,21.31,-157.86,5.0,2015-12-31T23:59:59,2457388.499988426,star_uma_dubhe,STAR,165.932000,61.751000,1.79,100.087167452,100.086835163,100.086951151,100.086618981,340.76385105,0.08309877,340.76385105,0.26824613,340.76385105,0.26299925,340.91138936,0.54368026,340.91138936,0.54345706,340.76844149,0.64202626
Honolulu,21.31,-157.86,5.0,2015-12-31T23:59:59,2457388.499988426,star_uma_merak,STAR,165.460000,56.380000,2.37,100.087167452,100.086835163,100.086951151,100.086618981,337.48905039,-4.18282437,337.48905039,-3.99915863,337.48905039,-4.00433584,337.64918459,-4.19723968,337.64918459,-4.19723968,337.49350249,-4.18066114
Honolulu,21.31,-157.86,5.0,2015-12-31T23:59:59,2457388.499988426,star_uma_alioth,STAR,193.507000,55.960000,1.77,100.087167452,100.086835163,100.086951151,100.086618981,327.53335837,7.73075761,327.53335837,7.84086439,327.53335837,7.83921663,327.65824538,7.79993168,327.65824538,7.79987782,327.53740227,7.84730220
Honolulu,21.31,-157.86,5.0,2015-12-31T23:59:59,2457388.499988426,star_uma_mizar,STAR,206.884000,54.920000,2.23,100.087167452,100.086835163,100.086951151,100.086618981,323.69431312,14.38597324,323.69431312,14.44747153,323.69431312,14.44660282,323.80006517,14.39548446,323.80006517,14.39545415,323.69825166,14.45234773
Honolulu,21.31,-157.86,5.0,2015-12-31T23:59:59,2457388.499988426,star_uma_alkaid,STAR,209.800000,49.310000,1.85,100.087167452,100.086835163,100.086951151,100.086618981,317.61630739,14.53840998,317.61630739,14.59926336,317.61630739,14.59840418,317.72301525,14.53067855,317.72301525,14.53064852,317.61984347,14.60425517
Honolulu,21.31,-157.86,5.0,2015-12-31T23:59:59,2457388.499988426,star_cas_schedar,STAR,9.880000,59.150000,2.24,100.087167452,100.086835163,100.086951151,100.086618981,32.96320124,29.44806361,32.96320124,29.47647689,32.96320124,29.47608249,33.04915338,29.60883106,33.04915338,29.60881705,32.96845196,29.47790113
Honolulu,21.31,-157.86,5.0,2015-12-31T23:59:59,2457388.499988426,star_cas_caph,STAR,1.150000,59.150000,2.28,100.087167452,100.086835163,100.086951151,100.086618981,31.89914572,33.82921788,31.89914572,33.85318444,31.89914572,33.85285220,31.97213343,33.98316922,31.97213343,33.98315739,31.90473406,33.85428521
Honolulu,21.31,-157.86,5.0,2015-12-31T23:59:59,2457388.499988426,star_per_mirfak,STAR,51.080000,49.860000,1.79,100.087167452,100.086835163,100.086951151,100.086618981,37.61107071,4.66236155,37.61107071,4.82331556,37.61107071,4.82051528,37.75028600,4.96753686,37.75028600,4.96745827,37.61532014,4.83820950
Honolulu,21.31,-157.86,5.0,2015-12-31T23:59:59,2457388.499988426,star_per_algol,STAR,47.040000,40.960000,2.12,100.087167452,100.086835163,100.086951151,100.086618981,46.85412977,3.18986898,46.85412977,3.37616876,46.85412977,3.37172833,46.99672385,3.55538699,46.99672385,3.55528623,46.85785026,3.42114568
Honolulu,21.31,-157.86,5.0,2015-12-31T23:59:59,2457388.499988426,star_boo_arcturus,STAR,213.915000,19.182000,-0.05,100.087167452,100.086835163,100.086951151,100.086618981,287.27777979,8.49491528,287.27777979,8.59629265,287.27777979,8.59479677,287.40765052,8.46088080,287.40765052,8.46083070,287.27873158,8.60263197
Honolulu,21.31,-157.86,5.0,2015-12-31T23:59:59,2457388.499988426,star_vir_spica,STAR,201.298000,-11.161000,0.98,100.087167452,100.086835163,100.086951151,100.086618981,263.17546865,-13.93333583,263.17546865,-13.75981783,263.17546865,-13.76445366,263.32488466,-14.10075680,263.32488466,-14.10075680,263.17417313,-13.93210066
Honolulu,21.31,-157.86,5.0,2015-12-31T23:59:59,2457388.499988426,star_sco_antares,STAR,247.352000,-26.432000,0.96,100.087167452,100.086835163,100.086951151,100.086618981,230.42271547,18.71021652,230.42271547,18.75721364,230.42271547,18.75655600,230.58398831,18.60433913,230.58398831,18.60431576,230.41857215,18.76210595
Honolulu,21.31,-157.86,5.0,2015-12-31T23:59:59,2457388.499988426,star_sco_shaula,STAR,262.690000,-37.030000,1.62,100.087167452,100.086835163,100.086951151,100.086618981,212.74436248,20.90403974,212.74436248,20.94582183,212.74436248,20.94523874,212.92447587,20.81977795,212.92447587,20.81975719,212.73910363,20.95017002
Honolulu,21.31,-157.86,5.0,2015-12-31T23:59:59,2457388.499988426,star_leo_regulus,STAR,152.093000,11.967000,1.36,100.087167452,100.086835163,100.086951151,100.086618981,315.52660062,-45.56204155,315.52660062,-45.48483303,315.52660062,-45.48620962,315.82952970,-45.64208128,315.82952970,-45.64208128,315.53106062,-45.56312076
Honolulu,21.31,-157.86,5.0,2015-12-31T23:59:59,2457388.499988426,star_gem_pollux,STAR,116.329000,28.026000,1.14,100.087167452,100.086835163,100.086951151,100.086618981,6.55071171,-40.40629453,6.55071171,-40.30908187,6.55071171,-40.31094718,6.83385591,-40.33602180,6.83385591,-40.33602180,6.55716047,-40.40453232
Honolulu,21.31,-157.86,5.0,2015-12-31T23:59:59,2457388.499988426,star_gem_castor,STAR,113.650000,31.888000,1.58,100.087167452,100.086835163,100.086951151,100.086618981,8.76241753,-36.24806320,8.76241753,-36.13511109,8.76241753,-36.13741216,9.02465234,-36.17160865,9.02465234,-36.17160865,8.76850486,-36.24609958
Honolulu,21.31,-157.86,5.0,2015-12-31T23:59:59,2457388.499988426,star_psa_fomalhaut,STAR,344.413000,-29.622000,1.17,100.087167452,100.086835163,100.086951151,100.086618981,139.74153294,24.79544150,139.74153294,24.83009064,139.74153294,24.82960861,139.95316196,24.89906331,139.95316196,24.89904622,139.73715199,24.83141782
Honolulu,21.31,-157.86,5.0,2015-12-31T23:59:59,2457388.499988426,star_eri_achernar,STAR,24.429000,-57.237000,0.45,100.087167452,100.086835163,100.086951151,100.086618981,146.40301896,-13.77322131,146.40301896,-13.59945709,146.40301896,-13.60410557,146.50169741,-13.72124441,146.50169741,-13.72124441,146.39865185,-13.77040238
Honolulu,21.31,-157.86,5.0,2015-12-31T23:59:59,2457388.499988426,dso_m31_andromeda,GALAXY,10.684000,41.269000,3.44,100.087167452,100.086835163,100.086951151,100.086618981,53.55118675,29.62898709,53.55118675,29.65719377,53.55118675,29.65680226,53.66560406,29.81916535,53.66560406,29.81915147,53.55506646,29.65780490
Honolulu,21.31,-157.86,5.0,2015-12-31T23:59:59,2457388.499988426,dso_lmc,GALAXY,80.894000,-69.756000,0.9,100.087167452,100.086835163,100.086951151,100.086618981,163.64964745,-35.66465125,163.64964745,-35.54955411,163.64964745,-35.55191858,163.66388755,-35.66336071,163.66388755,-35.66336071,163.64362887,-35.66177777
Honolulu,21.31,-157.86,5.0,2015-12-31T23:59:59,2457388.499988426,dso_smc,GALAXY,14.766000,-72.801000,2.7,100.087167452,100.086835163,100.086951151,100.086618981,162.90223096,-15.34082670,162.90223096,-15.16959205,162.90223096,-15.17411217,162.99326469,-15.33766808,162.99326469,-15.33766808,162.89706255,-15.33820394
Honolulu,21.31,-157.86,5.0,2015-12-31T23:59:59,2457388.499988426,dso_m33_triangulum,GALAXY,23.462000,30.660000,5.72,100.087167452,100.086835163,100.086951151,100.086618981,63.17134955,17.73530039,63.17134955,17.78499565,63.17134955,17.78429918,63.30782535,17.95512132,63.30782535,17.95509708,63.17408536,17.78691427
Honolulu,21.31,-157.86,5.0,2015-12-31T23:59:59,2457388.499988426,dso_m45_pleiades,STAR_CLUSTER,56.871000,24.105000,1.6,100.087167452,100.086835163,100.086951151,100.086618981,57.82518171,-12.06656642,57.82518171,-11.89034757,57.82518171,-11.89512388,57.98092598,-11.89842739,57.98092598,-11.89842739,57.82818851,-12.06374265
Honolulu,21.31,-157.86,5.0,2015-12-31T23:59:59,2457388.499988426,dso_hyades,STAR_CLUSTER,66.750000,15.870000,0.5,100.087167452,100.086835163,100.086951151,100.086618981,60.09066073,-24.28060067,60.09066073,-24.12892935,60.09066073,-24.13256572,60.25413354,-24.11006839,60.25413354,-24.11006839,60.09369030,-24.27703495
Honolulu,21.31,-157.86,5.0,2015-12-31T23:59:59,2457388.499988426,dso_m44_beehive,STAR_CLUSTER,130.100000,19.670000,3.7,100.087167452,100.086835163,100.086951151,100.086618981,348.47699090,-48.31956365,348.47699090,-48.25291261,348.47699090,-48.25405644,348.81870455,-48.30263332,348.81870455,-48.30263332,348.48404196,-48.31913444
Honolulu,21.31,-157.86,5.0,2015-12-31T23:59:59,2457388.499988426,dso_double_cluster,STAR_CLUSTER,34.740000,57.130000,3.7,100.087167452,100.086835163,100.086951151,100.086618981,34.30914390,16.30803669,34.30914390,16.36221602,34.30914390,16.36145461,34.42545241,16.49798932,34.42545241,16.49796288,34.31377542,16.36498335
Honolulu,21.31,-157.86,5.0,2015-12-31T23:59:59,2457388.499988426,dso_coma_cluster,STAR_CLUSTER,185.600000,26.100000,1.8,100.087167452,100.086835163,100.086951151,100.086618981,304.53689959,-12.31473641,304.53689959,-12.13885529,304.53689959,-12.14361383,304.71190818,-12.41993193,304.71190818,-12.41993193,304.53931728,-12.31328290
Honolulu,21.31,-157.86,5.0,2015-12-31T23:59:59,2457388.499988426,dso_omega_centauri,GLOBULAR_CLUSTER,201.700000,-47.470000,3.9,100.087167452,100.086835163,100.086951151,100.086618981,225.89967238,-22.35953764,225.89967238,-22.20292549,225.89967238,-22.20676838,226.00615417,-22.51096144,226.00615417,-22.51096144,225.89526580,-22.35854677
Honolulu,21.31,-157.86,5.0,2015-12-31T23:59:59,2457388.499988426,dso_47_tucanae,GLOBULAR_CLUSTER,6.020000,-72.080000,4.1,100.087167452,100.086835163,100.086951151,100.086618981,163.46459593,-12.66318237,163.46459593,-12.48778644,163.46459593,-12.49251955,163.56415877,-12.66178950,163.56415877,-12.66178950,163.45945274,-12.66063101
Honolulu,21.31,-157.86,5.0,2015-12-31T23:59:59,2457388.499988426,dso_m13_hercules,GLOBULAR_CLUSTER,250.420000,36.460000,5.8,100.087167452,100.086835163,100.086951151,100.086618981,300.50913441,42.89647351,300.50913441,42.91378618,300.50913441,42.91354655,300.53841096,42.80359215,300.53841096,42.80358352,300.51217865,42.91942212
Honolulu,21.31,-157.86,5.0,2015-12-31T23:59:59,2457388.499988426,dso_m42_orion_nebula,NEBULA,83.822000,-5.391000,4.0,100.087167452,100.086835163,100.086951151,100.086618981,72.26713978,-49.72668425,72.26713978,-49.66530465,72.26713978,-49.66633813,72.41592238,-49.55050404,72.41592238,-49.55050404,72.26998056,-49.72181243
Honolulu,21.31,-157.86,5.0,2015-12-31T23:59:59,2457388.499988426,dso_m8_lagoon,NEBULA,270.920000,-24.380000,6.0,100.087167452,100.086835163,100.086951151,100.086618981,215.13169400,35.23058345,215.13169400,35.25333393,215.13169400,35.25301866,215.34309343,35.12254797,215.34309343,35.12253663,215.12576915,35.25757092
Honolulu,21.31,-157.86,5.0,2015-12-31T23:59:59,2457388.499988426,dso_eta_carinae_nebula,NEBULA,161.260000,-59.870000,1.0,100.087167452,100.086835163,100.086951151,100.086618981,205.43672454,-42.53910504,205.43672454,-42.45015665,205.43672454,-42.45181196,205.45680685,-42.65389765,205.45680685,-42.65389765,205.43008539,-42.53855195
Quito,0.0,-78.5,2850.0,2015-12-31T23:59:59,2457388.499988426,star_cma_sirius,STAR,101.287000,-16.716000,-1.46,100.087167452,100.086835163,100.086951151,100.086618981,106.98564972,9.68246339,106.98564972,9.77249752,106.98564972,9.74962589,106.97414504,9.94993410,106.97414504,9.92776411,106.98562661,9.78051946
Quito,0.0,-78.5,2850.0,2015-12-31T23:59:59,2457388.499988426,star_cma_adhara,STAR,104.656000,-28.972000,1.5,100.087167452,100.086835163,100.086951151,100.086618981,119.16742358,5.91532187,119.16742358,6.05215545,119.16742358,6.01779267,119.15041075,6.19665879,119.15041075,6.16294971,119.16770055,6.06422103
Quito,0.0,-78.5,2850.0,2015-12-31T23:59:59,2457388.499988426,star_cma_wezen,STAR,107.098000,-26.393000,1.83,100.087167452,100.086835163,100.086951151,100.086618981,116.48682966,3.86762634,116.48682966,4.04470652,116.48682966,4.00069156,116.46314750,4.20595305,116.46314750,4.16013224,116.48705126,4.07337105
Quito,0.0,-78.5,2850.0,2015-12-31T23:59:59,2457388.499988426,star_cma_mirzam,STAR,95.675000,-17.956000,1.98,100.087167452,100.086835163,100.086951151,100.086618981,108.61978200,14.94414015,108.61978200,15.00333563,108.61978200,14.98822254,108.62289603,15.17752050,108.62289603,15.16276172,108.61978046,15.01045791
Quito,0.0,-78.5,2850.0,2015-12-31T23:59:59,2457388.499988426,star_cmi_procyon,STAR,114.825000,5.225000,0.34,100.087167452,100.086835163,100.086951151,100.086618981,84.80610761,-3.44147061,84.80610761,-3.25742183,84.80610761,-3.30397529,84.76668946,-3.22491050,84.76668946,-3.22491050,84.80559276,-3.43626635
Quito,0.0,-78.5,2850.0,2015-12-31T23:59:59,2457388.499988426,star_car_canopus,STAR,95.987000,-52.695000,-0.74,100.087167452,100.086835163,100.086951151,100.086618981,143.72556850,9.31887117,143.72556850,9.41212613,143.72556850,9.38845157,143.72626670,9.47391169,143.72626670,9.45071420,143.72636308,9.42039969
Quito,0.0,-78.5,2850.0,2015-12-31T23:59:59,2457388.499988426,star_car_miaplacidus,STAR,138.300000,-69.720000,1.67,100.087167452,100.086835163,100.086951151,100.086618981,161.80196893,-8.95562817,161.80196893,-8.77572015,161.80196893,-8.82119870,161.73324240,-8.96377556,161.73324240,-8.96377556,161.80317767,-8.95020968
Quito,0.0,-78.5,2850.0,2015-12-31T23:59:59,2457388.499988426,star_cen_rigil_kent,STAR,219.900000,-60.833000,-0.01,100.087167452,100.086835163,100.086951151,100.086618981,190.07797707,-27.44871556,190.07797707,-27.30603775,190.07797707,-27.34178951,189.94686618,-27.55974064,189.94686618,-27.55974064,190.07970000,-27.44364432
Quito,0.0,-78.5,2850.0,2015-12-31T23:59:59,2457388.499988426,star_cen_hadar,STAR,210.956000,-60.373000,0.61,100.087167452,100.086835163,100.086951151,100.086618981,185.43251988,-29.09762903,185.43251988,-28.96002702,185.43251988,-28.99446023,185.28959548,-29.19323293,185.28959548,-29.19323293,185.43426443,-29.09271926
Quito,0.0,-78.5,2850.0,2015-12-31T23:59:59,2457388.499988426,star_lyr_vega,STAR,279.234000,38.783000,0.03,100.087167452,100.086835163,100.086951151,100.086618981,309.44321425,-9.49935255,309.44321425,-9.32001736,309.44321425,-9.36534643,309.43986868,-9.59958808,309.43986868,-9.59958808,309.44262391,-9.49337019
Quito,0.0,-78.5,2850.0,2015-12-31T23:59:59,2457388.499988426,star_cyg_deneb,STAR,310.358000,45.280000,1.25,100.087167452,100.086835163,100.086951151,100.086618981,316.92831060,13.16171475,316.92831060,13.22888176,316.92831060,13.21175220,316.84452841,13.15580989,316.84452841,13.13881468,316.92766552,13.23608350
Quito,0.0,-78.5,2850.0,2015-12-31T23:59:59,2457388.499988426,star_cyg_sadr,STAR,305.557000,40.260000,2.23,100.087167452,100.086835163,100.086951151,100.086618981,311.18315064,10.71130704,311.18315064,10.79323822,311.18315064,10.77239334,311.11040038,10.70048065,311.11040038,10.67976727,311.18262039,10.80098341
Quito,0.0,-78.5,2850.0,2015-12-31T23:59:59,2457388.499988426,star_cyg_albireo,STAR,292.680000,27.960000,3.05,100.087167452,100.086835163,100.086951151,100.086618981,298.00288324,1.10235324,298.00288324,1.28759698,298.00288324,1.24074430,297.96432089,1.32632696,297.96432089,1.23750476,298.00261588,1.50010421
Quito,0.0,-78.5,2850.0,2015-12-31T23:59:59,2457388.499988426,star_aql_altair,STAR,297.696000,8.868000,0.76,100.087167452,100.086835163,100.086951151,100.086618981,278.96498046,6.21988220,278.96498046,6.35155497,278.96498046,6.31843956,278.91784134,6.17335526,278.91784134,6.13953968,278.96518222,6.36311234
Quito,0.0,-78.5,2850.0,2015-12-31T23:59:59,2457388.499988426,star_ori_betelgeuse,STAR,88.793000,7.407000,0.5,100.087167452,100.086835163,100.086951151,100.086618981,81.98763952,22.37332953,81.98763952,22.41215033,81.98763952,22.40221766,81.97342475,22.63239943,81.97342475,22.62265736,81.98699816,22.41861185
Quito,0.0,-78.5,2850.0,2015-12-31T23:59:59,2457388.499988426,star_ori_rigel,STAR,78.634000,-8.202000,0.13,100.087167452,100.086835163,100.086951151,100.086618981,99.70894894,32.38032505,99.70894894,32.40564458,99.70894894,32.39916030,99.74671902,32.59948125,99.74671902,32.59308707,99.70866082,32.41157931
Quito,0.0,-78.5,2850.0,2015-12-31T23:59:59,2457388.499988426,star_ori_bellatrix,STAR,81.283000,6.350000,1.64,100.087167452,100.086835163,100.086951151,100.086618981,82.65952239,29.87967758,82.65952239,29.90760169,82.65952239,29.90045144,82.65528106,30.12696675,82.65528106,30.11992791,82.65884833,29.91360291
Quito,0.0,-78.5,2850.0,2015-12-31T23:59:59,2457388.499988426,star_ori_saiph,STAR,86.939000,-9.670000,2.07,100.087167452,100.086835163,100.086951151,100.086618981,100.60075274,24.08302042,100.60075274,24.11881656,100.60075274,24.10965555,100.61828139,24.31119982,100.61828139,24.30219357,100.60052704,24.12524690
Quito,0.0,-78.5,2850.0,2015-12-31T23:59:59,2457388.499988426,star_ori_alnitak,STAR,85.190000,-1.940000,1.77,100.087167452,100.086835163,100.086951151,100.086618981,92.15714806,26.17345742,92.15714806,26.20605047,92.15714806,26.19770723,92.16560808,26.41363077,92.16560808,26.40542546,92.15671297,26.21232134
Quito,0.0,-78.5,2850.0,2015-12-31T23:59:59,2457388.499988426,star_ori_alnilam,STAR,84.530000,-1.200000,1.69,100.087167452,100.086835163,100.086951151,100.086618981,91.33914310,26.84210096,91.33914310,26.87376580,91.33914310,26.86565965,91.34741921,27.08257263,91.34741921,27.07459852,91.33868533,26.87999302
Quito,0.0,-78.5,2850.0,2015-12-31T23:59:59,2457388.499988426,star_ori_mintaka,STAR,84.050000,-0.300000,2.23,100.087167452,100.086835163,100.086951151,100.086618981,90.33101040,27.32663440,90.33101040,27.35765240,90.33101040,27.34971149,90.33832638,27.56792590,90.33832638,27.56011323,90.33052652,27.36384607
Quito,0.0,-78.5,2850.0,2015-12-31T23:59:59,2457388.499988426,star_tau_aldebaran,STAR,68.980000,16.509000,0.85,100.087167452,100.086835163,100.086951151,100.086618981,68.10290703,40.24512584,68.10290703,40.26412428,68.10290703,40.25925735,68.06605330,40.48975358,68.06605330,40.48495350,68.10181536,40.26935671
Quito,0.0,-78.5,2850.0,2015-12-31T23:59:59,2457388.499988426,star_tau_elnath,STAR,81.573000,28.608000,1.65,100.087167452,100.086835163,100.086951151,100.086618981,57.85061595,25.82695420,57.85061595,25.86004541,57.85061595,25.85157495,57.79486433,26.08273496,57.79486433,26.07441134,57.84950928,25.86615443
Quito,0.0,-78.5,2850.0,2015-12-31T23:59:59,2457388.499988426,star_aur_capella,STAR,79.172000,45.998000,0.08,100.087167452,100.086835163,100.086951151,100.086618981,39.26901279,21.66447769,39.26901279,21.70468089,39.26901279,21.69439573,39.18977234,21.90342796,39.18977234,21.89333452,39.26771859,21.71098934
Quito,0.0,-78.5,2850.0,2015-12-31T23:59:59,2457388.499988426,star_umi_polaris,STAR,37.954000,89.264000,1.98,100.087167452,100.086835163,100.086951151,100.086618981,0.24635989,0.61807906,0.24635989,0.80328937,0.24635989,0.75644373,0.20741182,1.09356421,0.20741182,0.99813821,0.24503381,1.08280308
Quito,0.0,-78.5,2850.0,2015-12-31T23:59:59,2457388.499988426,star_uma_dubhe,STAR,165.932000,61.751000,1.79,100.087167452,100.086835163,100.086951151,100.086618981,17.35537142,-22.76190691,17.35537142,-22.60629674,17.35537142,-22.64541911,17.38999188,-22.61774662,17.38999188,-22.61774662,17.35374167,-22.75689439
Quito,0.0,-78.5,2850.0,2015-12-31T23:59:59,2457388.499988426,star_uma_merak,STAR,165.460000,56.380000,2.37,100.087167452,100.086835163,100.086951151,100.086618981,21.36177265,-26.72089136,21.36177265,-26.57605711,21.36177265,-26.61236984,21.40553695,-26.56533684,21.40553695,-26.56533684,21.36008073,-26.71610692
Quito,0.0,-78.5,2850.0,2015-12-31T23:59:59,2457388.499988426,star_uma_alioth,STAR,193.507000,55.960000,1.77,100.087167452,100.086835163,100.086951151,100.086618981,5.32986442,-33.76195623,5.32986442,-33.64000741,5.32986442,-33.67039210,5.42365339,-33.65666935,5.42365339,-33.65666935,5.32800753,-33.75723065
Quito,0.0,-78.5,2850.0,2015-12-31T23:59:59,2457388.499988426,star_uma_mizar,STAR,206.884000,54.920000,2.23,100.087167452,100.086835163,100.086951151,100.086618981,356.18074671,-34.98126947,356.18074671,-34.86368496,356.18074671,-34.89294595,356.29019115,-34.90831946,356.29019115,-34.90831946,356.17891995,-34.97643067
Quito,0.0,-78.5,2850.0,2015-12-31T23:59:59,2457388.499988426,star_uma_alkaid,STAR,209.800000,49.310000,1.85,100.087167452,100.086835163,100.086951151,100.086618981,352.85398835,-40.24709765,352.85398835,-40.14927143,352.85398835,-40.17347463,352.99711437,-40.18658135,352.99711437,-40.18658135,352.85203173,-40.24247123
Quito,0.0,-78.5,2850.0,2015-12-31T23:59:59,2457388.499988426,star_cas_schedar,STAR,9.880000,59.150000,2.24,100.087167452,100.086835163,100.086951151,100.086618981,353.24992682,30.07938604,353.24992682,30.10708806,353.24992682,30.09999459,353.08985068,30.16927247,353.08985068,30.16224543,353.24865838,30.11247151
Quito,0.0,-78.5,2850.0,2015-12-31T23:59:59,2457388.499988426,star_cas_caph,STAR,1.150000,59.150000,2.28,100.087167452,100.086835163,100.086951151,100.086618981,348.37452143,28.67603285,348.37452143,28.70535390,348.37452143,28.69784660,348.21921516,28.74935203,348.21921516,28.74191185,348.37332196,28.71083999
Quito,0.0,-78.5,2850.0,2015-12-31T23:59:59,2457388.499988426,star_per_mirfak,STAR,51.080000,49.860000,1.79,100.087167452,100.086835163,100.086951151,100.086618981,22.68962505,33.97440005,22.68962505,33.99823660,22.68962505,33.99213162,22.54637967,34.15762879,22.54637967,34.15159875,22.68815189,34.00350060
Quito,0.0,-78.5,2850.0,2015-12-31T23:59:59,2457388.499988426,star_per_algol,STAR,47.040000,40.960000,2.12,100.087167452,100.086835163,100.086951151,100.086618981,26.51347224,42.82133489,26.51347224,42.83869300,26.51347224,42.83424600,26.33996752,43.00757666,26.33996752,43.00318120,26.51185683,42.84328940
Quito,0.0,-78.5,2850.0,2015-12-31T23:59:59,2457388.499988426,star_boo_arcturus,STAR,213.915000,19.182000,-0.05,100.087167452,100.086835163,100.086951151,100.086618981,327.97970702,-67.28891073,327.97970702,-67.27793493,327.97970702,-67.28056325,328.46046135,-67.32403249,328.46046135,-67.32403249,327.97654128,-67.28566098
Quito,0.0,-78.5,2850.0,2015-12-31T23:59:59,2457388.499988426,star_vir_spica,STAR,201.298000,-11.161000,0.98,100.087167452,100.086835163,100.086951151,100.086618981,179.60455497,-78.75767235,179.60455497,-78.75828817,179.60455497,-78.75814204,178.53746627,-78.83531614,178.53746627,-78.83531614,179.61307909,-78.75689274
Quito,0.0,-78.5,2850.0,2015-12-31T23:59:59,2457388.499988426,star_sco_antares,STAR,247.352000,-26.432000,0.96,100.087167452,100.086835163,100.086951151,100.086618981,235.32022050,-38.44864256,235.32022050,-38.34393587,235.32022050,-38.36989474,235.24706521,-38.65822933,235.24706521,-38.65822933,235.32170824,-38.44335742
Quito,0.0,-78.5,2850.0,2015-12-31T23:59:59,2457388.499988426,star_sco_shaula,STAR,262.690000,-37.030000,1.62,100.087167452,100.086835163,100.086951151,100.086618981,229.31362651,-22.48901692,229.31362651,-22.33272528,229.31362651,-22.37202565,229.24991641,-22.69173060,229.24991641,-22.69173060,229.31496452,-22.48320554
Quito,0.0,-78.5,2850.0,2015-12-31T23:59:59,2457388.499988426,star_leo_regulus,STAR,152.093000,11.967000,1.36,100.087167452,100.086835163,100.086951151,100.086618981,74.47929611,-39.67331814,74.47929611,-39.57328594,74.47929611,-39.59805137,74.42337309,-39.45088659,74.42337309,-39.45088659,74.47832596,-39.67007793
Quito,0.0,-78.5,2850.0,2015-12-31T23:59:59,2457388.499988426,star_gem_pollux,STAR,116.329000,28.026000,1.14,100.087167452,100.086835163,100.086951151,100.086618981,61.92683369,-4.40955234,61.92683369,-4.22601437,61.92683369,-4.27243629,61.89242409,-4.18520567,61.89242409,-4.18520567,61.92584730,-4.40434595
Quito,0.0,-78.5,2850.0,2015-12-31T23:59:59,2457388.499988426,star_gem_castor,STAR,113.650000,31.888000,1.58,100.087167452,100.086835163,100.086951151,100.086618981,58.13036312,-1.97419415,58.13036312,-1.78954346,58.13036312,-1.83625071,58.09532905,-1.75187468,58.09532905,-1.75187468,58.12931892,-1.96892384
Quito,0.0,-78.5,2850.0,2015-12-31T23:59:59,2457388.499988426,star_psa_fomalhaut,STAR,344.413000,-29.622000,1.17,100.087167452,100.086835163,100.086951151,100.086618981,226.69662669,44.04303739,226.69662669,44.05967192,226.69662669,44.05541018,226.74084202,43.85912091,226.74084202,43.85485385,226.69813399,44.06405173
Quito,0.0,-78.5,2850.0,2015-12-31T23:59:59,2457388.499988426,star_eri_achernar,STAR,24.429000,-57.237000,0.45,100.087167452,100.086835163,100.086951151,100.086618981,178.07268816,32.78758201,178.07268816,32.81251070,178.07268816,32.80612637,178.17217773,32.74346489,178.17217773,32.73710562,178.07403324,32.81830877
Quito,0.0,-78.5,2850.0,2015-12-31T23:59:59,2457388.499988426,dso_m31_andromeda,GALAXY,10.684000,41.269000,3.44,100.087167452,100.086835163,100.086951151,100.086618981,348.11137107,47.52536393,348.11137107,47.54009749,348.11137107,47.53632253,347.83715325,47.58116019,347.83715325,47.57741193,348.10995055,47.54385144
Quito,0.0,-78.5,2850.0,2015-12-31T23:59:59,2457388.499988426,dso_lmc,GALAXY,80.894000,-69.756000,0.9,100.087167452,100.086835163,100.086951151,100.086618981,162.39884417,10.18323038,162.39884417,10.26914646,162.39884417,10.24730368,162.40418949,10.26035873,162.40418949,10.23881383,162.39994747,10.27718504
Quito,0.0,-78.5,2850.0,2015-12-31T23:59:59,2457388.499988426,dso_smc,GALAXY,14.766000,-72.801000,2.7,100.087167452,100.086835163,100.086951151,100.086618981,182.07711184,17.15709930,182.07711184,17.20852816,182.07711184,17.19538574,182.10527305,17.12655940,182.10527305,17.11349660,182.07841513,17.21553978
Quito,0.0,-78.5,2850.0,2015-12-31T23:59:59,2457388.499988426,dso_m33_triangulum,GALAXY,23.462000,30.660000,5.72,100.087167452,100.086835163,100.086951151,100.086618981,3.53256491,59.19221330,3.53256491,59.20181619,3.53256491,59.19935546,3.15975849,59.29816242,3.15975849,59.29572572,3.53048912,59.20461697
Quito,0.0,-78.5,2850.0,2015-12-31T23:59:59,2457388.499988426,dso_m45_pleiades,STAR_CLUSTER,56.871000,24.105000,1.6,100.087167452,100.086835163,100.086951151,100.086618981,52.34346039,47.95274986,52.34346039,47.96726475,52.34346039,47.96354579,52.23924534,48.18370140,52.23924534,48.18003135,52.34193465,47.97176165
Quito,0.0,-78.5,2850.0,2015-12-31T23:59:59,2457388.499988426,dso_hyades,STAR_CLUSTER,66.750000,15.870000,0.5,100.087167452,100.086835163,100.086951151,100.086618981,68.19040985,42.47912002,68.19040985,42.49668675,68.19040985,42.49218634,68.15378969,42.72217149,68.15378969,42.71773209,68.18928375,42.50176400
Quito,0.0,-78.5,2850.0,2015-12-31T23:59:59,2457388.499988426,dso_m44_beehive,STAR_CLUSTER,130.100000,19.670000,3.7,100.087167452,100.086835163,100.086951151,100.086618981,69.38259080,-17.62253494,69.38259080,-17.45545984,69.38259080,-17.49758076,69.34508322,-17.39740026,69.34508322,-17.39740026,69.38169522,-17.61784311
Quito,0.0,-78.5,2850.0,2015-12-31T23:59:59,2457388.499988426,dso_double_cluster,STAR_CLUSTER,34.740000,57.130000,3.7,100.087167452,100.086835163,100.086951151,100.086618981,8.52016605,31.78840818,8.52016605,31.81431144,8.52016605,31.80767788,8.36512917,31.93050707,8.36512917,31.92394711,8.51875229,31.81964105
Quito,0.0,-78.5,2850.0,2015-12-31T23:59:59,2457388.499988426,dso_coma_cluster,STAR_CLUSTER,185.600000,26.100000,1.8,100.087167452,100.086835163,100.086951151,100.086618981,29.14439124,-59.86253249,29.14439124,-59.83459746,29.14439124,-59.84134231,29.34415374,-59.68884372,29.34415374,-59.68884372,29.14125002,-59.86019812
Quito,0.0,-78.5,2850.0,2015-12-31T23:59:59,2457388.499988426,dso_omega_centauri,GLOBULAR_CLUSTER,201.700000,-47.470000,3.9,100.087167452,100.086835163,100.086951151,100.086618981,180.32442005,-42.45137358,180.32442005,-42.36208416,180.32442005,-42.38411764,180.10400365,-42.52989709,180.10400365,-42.52989709,180.32653816,-42.44739253
Quito,0.0,-78.5,2850.0,2015-12-31T23:59:59,2457388.499988426,dso_47_tucanae,GLOBULAR_CLUSTER,6.020000,-72.080000,4.1,100.087167452,100.086835163,100.086951151,100.086618981,184.93236857,17.33516458,184.93236857,17.38604818,184.93236857,17.37304432,184.95975565,17.29415846,184.95975565,17.28122512,184.93369035,17.39303913
Quito,0.0,-78.5,2850.0,2015-12-31T23:59:59,2457388.499988426,dso_m13_hercules,GLOBULAR_CLUSTER,250.420000,36.460000,5.8,100.087167452,100.086835163,100.086951151,100.086618981,314.37598843,-31.88236249,314.37598843,-31.75389291,314.37598843,-31.78596074,314.46544886,-31.96578797,314.46544886,-31.96578797,314.37504488,-31.87673997
Quito,0.0,-78.5,2850.0,2015-12-31T23:59:59,2457388.499988426,dso_m42_orion_nebula,NEBULA,83.822000,-5.391000,4.0,100.087167452,100.086835163,100.086951151,100.086618981,96.06938646,27.43100726,96.06938646,27.46188865,96.06938646,27.45398264,96.08746181,27.66287029,96.08746181,27.65508860,96.06903673,27.46810124
Quito,0.0,-78.5,2850.0,2015-12-31T23:59:59,2457388.499988426,dso_m8_lagoon,NEBULA,270.920000,-24.380000,6.0,100.087167452,100.086835163,100.086951151,100.086618981,244.19541609,-18.53723457,244.19541609,-18.37198742,244.19541609,-18.41362982,244.15591427,-18.75113737,244.15591427,-18.75113737,244.19643549,-18.53120676
Quito,0.0,-78.5,2850.0,2015-12-31T23:59:59,2457388.499988426,dso_eta_carinae_nebula,NEBULA,161.260000,-59.870000,1.0,100.087167452,100.086835163,100.086951151,100.086618981,159.53956985,-22.49993099,159.53956985,-22.34366646,159.53956985,-22.38295975,159.41436791,-22.49984355,159.41436791,-22.49984355,159.54091255,-22.49508402
Sydney,-33.87,151.21,40.0,2015-12-31T23:59:59,2457388.499988426,star_cma_sirius,STAR,101.287000,-16.716000,-1.46,100.087167452,100.086835163,100.086951151,100.086618981,214.49527598,-31.79617655,214.49527598,-31.66741449,214.49527598,-31.67060851,214.32592397,-31.90059307,214.32592397,-31.90059307,214.48993550,-31.79912553
Sydney,-33.87,151.21,40.0,2015-12-31T23:59:59,2457388.499988426,star_cma_adhara,STAR,104.656000,-28.972000,1.5,100.087167452,100.086835163,100.086951151,100.086618981,210.84472070,-19.58806775,210.84472070,-19.42503440,210.84472070,-19.42966729,210.72491086,-19.67978871,210.72491086,-19.67978871,210.83974287,-19.59079842
Sydney,-33.87,151.21,40.0,2015-12-31T23:59:59,2457388.499988426,star_cma_wezen,STAR,107.098000,-26.393000,1.83,100.087167452,100.086835163,100.086951151,100.086618981,214.22093189,-20.71979772,214.22093189,-20.55928467,214.22093189,-20.56379600,214.09880299,-20.82324267,214.09880299,-20.82324267,214.21602803,-20.72262479
Sydney,-33.87,151.21,40.0,2015-12-31T23:59:59,2457388.499988426,star_cma_mirzam,STAR,95.675000,-17.956000,1.98,100.087167452,100.086835163,100.086951151,100.086618981,208.16996646,-33.12224102,208.16996646,-32.99804331,208.16996646,-33.00107427,207.98753340,-33.20437491,207.98753340,-33.20437491,208.16434775,-33.12493339
Sydney,-33.87,151.21,40.0,2015-12-31T23:59:59,2457388.499988426,star_cmi_procyon,STAR,114.825000,5.225000,0.34,100.087167452,100.086835163,100.086951151,100.086618981,244.67135427,-40.37087045,244.67135427,-40.27352121,244.67135427,-40.27569134,244.52439696,-40.56040890,244.52439696,-40.56040890,244.66743142,-40.37510198
Sydney,-33.87,151.21,40.0,2015-12-31T23:59:59,2457388.499988426,star_car_canopus,STAR,95.987000,-52.695000,-0.74,100.087167452,100.086835163,100.086951151,100.086618981,194.71739973,-0.76463948,194.71739973,-0.57964780,194.71739973,-0.58545993,194.66598544,-0.19376603,194.66598544,-0.19607952,194.71237809,-0.00023236
Sydney,-33.87,151.21,40.0,2015-12-31T23:59:59,2457388.499988426,star_car_miaplacidus,STAR,138.300000,-69.720000,1.67,100.087167452,100.086835163,100.086951151,100.086618981,200.43274439,24.27913179,200.43274439,24.31460604,200.43274439,24.31399528,200.47957118,24.26219553,200.47957118,24.26205502,200.42711871,24.31373460
Sydney,-33.87,151.21,40.0,2015-12-31T23:59:59,2457388.499988426,star_cen_rigil_kent,STAR,219.900000,-60.833000,-0.01,100.087167452,100.086835163,100.086951151,100.086618981,206.98384732,56.38618303,206.98384732,56.39688682,206.98384732,56.39670342,207.23960532,56.32106968,207.23960532,56.32102711,206.97446272,56.39697573
Sydney,-33.87,151.21,40.0,2015-12-31T23:59:59,2457388.499988426,star_cen_hadar,STAR,210.956000,-60.373000,0.61,100.087167452,100.086835163,100.086951151,100.086618981,211.80764988,52.96665514,211.80764988,52.97880145,211.80764988,52.97859331,212.01827928,52.88631238,212.01827928,52.88626404,211.79926723,52.97913127
Sydney,-33.87,151.21,40.0,2015-12-31T23:59:59,2457388.499988426,star_lyr_vega,STAR,279.234000,38.783000,0.03,100.087167452,100.086835163,100.086951151,100.086618981,22.08712083,12.81442869,22.08712083,12.88338113,22.08712083,12.88217510,22.00096141,12.93945803,22.00096141,12.93918917,22.09256072,12.88263319
Sydney,-33.87,151.21,40.0,2015-12-31T23:59:59,2457388.499988426,star_cyg_deneb,STAR,310.358000,45.280000,1.25,100.087167452,100.086835163,100.086951151,100.086618981,37.34317934,-5.59650125,37.34317934,-5.41371395,37.34317934,-5.41940836,37.32289925,-5.48764964,37.32289925,-5.48764964,37.34802026,-5.59889787
Sydney,-33.87,151.21,40.0,2015-12-31T23:59:59,2457388.499988426,star_cyg_sadr,STAR,305.557000,40.260000,2.23,100.087167452,100.086835163,100.086951151,100.086618981,38.31549743,0.45742696,38.31549743,0.64262124,38.31549743,0.63680250,38.27520955,0.97192776,38.27520955,0.97038347,38.32030959,0.94167978
Sydney,-33.87,151.21,40.0,2015-12-31T23:59:59,2457388.499988426,star_cyg_albireo,STAR,292.680000,27.960000,3.05,100.087167452,100.086835163,100.086951151,100.086618981,37.68066498,16.68687059,37.68066498,16.73979086,37.68066498,16.73887355,37.58579111,16.84989643,37.58579111,16.84968968,37.68579084,16.73815322
Sydney,-33.87,151.21,40.0,2015-12-31T23:59:59,2457388.499988426,star_aql_altair,STAR,297.696000,8.868000,0.76,100.087167452,100.086835163,100.086951151,100.086618981,54.75844347,28.51659357,54.75844347,28.54610758,54.75844347,28.54560028,54.63961611,28.70531045,54.63961611,28.70519442,54.76309685,28.54296223
Sydney,-33.87,151.21,40.0,2015-12-31T23:59:59,2457388.499988426,star_ori_betelgeuse,STAR,88.793000,7.407000,0.5,100.087167452,100.086835163,100.086951151,100.086618981,215.73664211,-58.88767278,215.73664211,-58.85697664,215.73664211,-58.85753106,215.36570289,-58.99580818,215.36570289,-58.99580818,215.72803184,-58.89050225
Sydney,-33.87,151.21,40.0,2015-12-31T23:59:59,2457388.499988426,star_ori_rigel,STAR,78.634000,-8.202000,0.13,100.087167452,100.086835163,100.086951151,100.086618981,191.04163827,-47.33860239,191.04163827,-47.26822418,191.04163827,-47.26966502,190.75393356,-47.35572753,190.75393356,-47.35572753,191.03450995,-47.34012476
Sydney,-33.87,151.21,40.0,2015-12-31T23:59:59,2457388.499988426,star_ori_bellatrix,STAR,81.283000,6.350000,1.64,100.087167452,100.086835163,100.086951151,100.086618981,201.23740017,-60.91225146,201.23740017,-60.88715849,201.23740017,-60.88760318,200.80204572,-60.96776839,200.80204572,-60.96776839,201.22758863,-60.91401947
Sydney,-33.87,151.21,40.0,2015-12-31T23:59:59,2457388.499988426,star_ori_saiph,STAR,86.939000,-9.670000,2.07,100.087167452,100.086835163,100.086951151,100.086618981,201.93692107,-43.93474068,201.93692107,-43.85121976,201.93692107,-43.85300132,201.68278959,-43.99367122,201.68278959,-43.99367122,201.93027494,-43.93699384
Sydney,-33.87,151.21,40.0,2015-12-31T23:59:59,2457388.499988426,star_ori_alnitak,STAR,85.190000,-1.940000,1.77,100.087167452,100.086835163,100.086951151,100.086618981,203.19367822,-51.81339917,203.19367822,-51.75962907,203.19367822,-51.76067460,202.87486885,-51.87673823,202.87486885,-51.87673823,203.18598898,-51.81555490
Sydney,-33.87,151.21,40.0,2015-12-31T23:59:59,2457388.499988426,star_ori_alnilam,STAR,84.530000,-1.200000,1.69,100.087167452,100.086835163,100.086951151,100.086618981,202.56613302,-52.72743746,202.56613302,-52.67690600,202.56613302,-52.67787867,202.23731771,-52.78838758,202.23731771,-52.78838758,202.55827107,-52.72952998
Sydney,-33.87,151.21,40.0,2015-12-31T23:59:59,2457388.499988426,star_ori_mintaka,STAR,84.050000,-0.300000,2.23,100.087167452,100.086835163,100.086951151,100.086618981,202.28449058,-53.73341521,202.28449058,-53.68637155,202.28449058,-53.68726723,201.94473713,-53.79326267,201.94473713,-53.79326267,202.27643760,-53.73546330
Sydney,-33.87,151.21,40.0,2015-12-31T23:59:59,2457388.499988426,star_tau_aldebaran,STAR,68.980000,16.509000,0.85,100.087167452,100.086835163,100.086951151,100.086618981,173.32370931,-72.56781330,173.32370931,-72.56426600,173.32370931,-72.56432359,172.58908780,-72.51450293,172.58908780,-72.51450293,173.30861758,-72.56697119
Sydney,-33.87,151.21,40.0,2015-12-31T23:59:59,2457388.499988426,star_tau_elnath,STAR,81.573000,28.608000,1.65,100.087167452,100.086835163,100.086951151,100.086618981,242.57674336,-79.58242414,242.57674336,-79.58327880,242.57674336,-79.58326537,241.83292441,-79.76672851,241.83292441,-79.76672851,242.55935933,-79.58646963
Sydney,-33.87,151.21,40.0,2015-12-31T23:59:59,2457388.499988426,star_aur_capella,STAR,79.172000,45.998000,0.08,100.087167452,100.086835163,100.086951151,100.086618981,335.24782197,-76.35141429,335.24782197,-76.35093778,335.24782197,-76.35094537,335.99594796,-76.46828793,335.99594796,-76.46828793,335.26413432,-76.35489523
Sydney,-33.87,151.21,40.0,2015-12-31T23:59:59,2457388.499988426,star_umi_polaris,STAR,37.954000,89.264000,1.98,100.087167452,100.086835163,100.086951151,100.086618981,0.37873086,-34.45695160,0.37873086,-34.33747836,0.37873086,-34.34034615,0.49076696,-34.48388277,0.49076696,-34.48388277,0.38475699,-34.45957767
Sydney,-33.87,151.21,40.0,2015-12-31T23:59:59,2457388.499988426,star_uma_dubhe,STAR,165.932000,61.751000,1.79,100.087167452,100.086835163,100.086951151,100.086618981,327.87505438,-27.19268494,327.87505438,-27.04924256,327.87505438,-27.05300168,327.92355831,-27.33389890,327.92355831,-27.33389890,327.87915378,-27.19633899
Sydney,-33.87,151.21,40.0,2015-12-31T23:59:59,2457388.499988426,star_uma_merak,STAR,165.460000,56.380000,2.37,100.087167452,100.086835163,100.086951151,100.086618981,322.23953163,-25.35537408,322.23953163,-25.20663809,322.23953163,-25.21061829,322.27397063,-25.51273155,322.27397063,-25.51273155,322.24316897,-25.35908027
Sydney,-33.87,151.21,40.0,2015-12-31T23:59:59,2457388.499988426,star_uma_alioth,STAR,193.507000,55.960000,1.77,100.087167452,100.086835163,100.086951151,100.086618981,330.99735564,-12.22998481,330.99735564,-12.05398762,330.99735564,-12.05929655,330.99664200,-12.36107561,330.99664200,-12.36107561,331.00135598,-12.23292652
Sydney,-33.87,151.21,40.0,2015-12-31T23:59:59,2457388.499988426,star_uma_mizar,STAR,206.884000,54.920000,2.23,100.087167452,100.086835163,100.086951151,100.086618981,336.13285836,-6.50123698,336.13285836,-6.31911465,336.13285836,-6.32477115,336.11534398,-6.61562324,336.11534398,-6.61562324,336.13711527,-6.50386013
Sydney,-33.87,151.21,40.0,2015-12-31T23:59:59,2457388.499988426,star_uma_alkaid,STAR,209.800000,49.310000,1.85,100.087167452,100.086835163,100.086951151,100.086618981,334.43917346,-0.86166221,334.43917346,-0.67669272,334.43917346,-0.68250393,334.40288485,-0.34699241,334.40288485,-0.34942465,334.44333729,-0.07052193
Sydney,-33.87,151.21,40.0,2015-12-31T23:59:59,2457388.499988426,star_cas_schedar,STAR,9.880000,59.150000,2.24,100.087167452,100.086835163,100.086951151,100.086618981,37.87411225,-43.12575712,37.87411225,-43.03909006,37.87411225,-43.04095718,38.01221926,-43.01297847,38.01221926,-43.01297847,37.88040845,-43.12623190
Sydney,-33.87,151.21,40.0,2015-12-31T23:59:59,2457388.499988426,star_cas_caph,STAR,1.150000,59.150000,2.28,100.087167452,100.086835163,100.086951151,100.086618981,37.95853135,-38.65247452,37.95853135,-38.54854220,37.95853135,-38.55090941,38.07053243,-38.53971265,38.07053243,-38.53971265,37.96444213,-38.65319883
Sydney,-33.87,151.21,40.0,2015-12-31T23:59:59,2457388.499988426,star_per_mirfak,STAR,51.080000,49.860000,1.79,100.087167452,100.086835163,100.086951151,100.086618981,36.37234565,-68.28621670,36.37234565,-68.27693956,36.37234565,-68.27709439,36.81711938,-68.17656013,36.81711938,-68.17656013,36.38458349,-68.28538132
Sydney,-33.87,151.21,40.0,2015-12-31T23:59:59,2457388.499988426,star_per_algol,STAR,47.040000,40.960000,2.12,100.087167452,100.086835163,100.086951151,100.086618981,62.33465370,-69.73663516,62.33465370,-69.72958048,62.33465370,-69.72969705,62.63339806,-69.55318949,62.63339806,-69.55318949,62.34400312,-69.73407883
Sydney,-33.87,151.21,40.0,2015-12-31T23:59:59,2457388.499988426,star_boo_arcturus,STAR,213.915000,19.182000,-0.05,100.087167452,100.086835163,100.086951151,100.086618981,320.42984039,26.26410400,320.42984039,26.29656870,320.42984039,26.29601025,320.31591619,26.13896504,320.31591619,26.13883579,320.43357146,26.29738060
Sydney,-33.87,151.21,40.0,2015-12-31T23:59:59,2457388.499988426,star_vir_spica,STAR,201.298000,-11.161000,0.98,100.087167452,100.086835163,100.086951151,100.086618981,284.30786862,39.37686561,284.30786862,39.39645613,284.30786862,39.39612009,284.24146648,39.18180149,284.24146648,39.18172324,284.30816529,39.39874408
Sydney,-33.87,151.21,40.0,2015-12-31T23:59:59,2457388.499988426,star_sco_antares,STAR,247.352000,-26.432000,0.96,100.087167452,100.086835163,100.086951151,100.086618981,335.66433442,81.93171409,335.66433442,81.93399801,335.66433442,81.93395890,334.34780934,81.82165126,334.34780934,81.82164216,335.69560495,81.93699470
Sydney,-33.87,151.21,40.0,2015-12-31T23:59:59,2457388.499988426,star_sco_shaula,STAR,262.690000,-37.030000,1.62,100.087167452,100.086835163,100.086951151,100.086618981,111.77607503,79.99751750,111.77607503,80.00035908,111.77607503,80.00031041,112.05480958,80.20605519,112.05480958,80.20604423,111.77132577,79.99465786
Sydney,-33.87,151.21,40.0,2015-12-31T23:59:59,2457388.499988426,star_leo_regulus,STAR,152.093000,11.967000,1.36,100.087167452,100.086835163,100.086951151,100.086618981,275.07373265,-13.98756542,275.07373265,-13.81413144,275.07373265,-13.81929969,275.02801007,-14.20978821,275.02801007,-14.20978821,275.07312940,-13.99087089
Sydney,-33.87,151.21,40.0,2015-12-31T23:59:59,2457388.499988426,star_gem_pollux,STAR,116.329000,28.026000,1.14,100.087167452,100.086835163,100.086951151,100.086618981,273.94826413,-51.02173989,273.94826413,-50.96511591,273.94826413,-50.96622676,273.88999181,-51.24567350,273.88999181,-51.24567350,273.94712853,-51.02693169
Sydney,-33.87,151.21,40.0,2015-12-31T23:59:59,2457388.499988426,star_gem_castor,STAR,113.650000,31.888000,1.58,100.087167452,100.086835163,100.086951151,100.086618981,278.86859447,-54.40277747,278.86859447,-54.35800646,278.86859447,-54.35885278,278.83559700,-54.62695780,278.83559700,-54.62695780,278.86807594,-54.40807651
Sydney,-33.87,151.21,40.0,2015-12-31T23:59:59,2457388.499988426,star_psa_fomalhaut,STAR,344.413000,-29.622000,1.17,100.087167452,100.086835163,100.086951151,100.086618981,116.73546691,13.46181986,116.73546691,13.52751101,116.73546691,13.52636441,116.70889244,13.73004324,116.70889244,13.72978952,116.73433088,13.52546004
Sydney,-33.87,151.21,40.0,2015-12-31T23:59:59,2457388.499988426,star_eri_achernar,STAR,24.429000,-57.237000,0.45,100.087167452,100.086835163,100.086951151,100.086618981,156.42741913,9.18332885,156.42741913,9.27783829,156.42741913,9.27614971,156.41060624,9.38601711,156.41060624,9.38565290,156.42331777,9.27754290
Sydney,-33.87,151.21,40.0,2015-12-31T23:59:59,2457388.499988426,dso_m31_andromeda,GALAXY,10.684000,41.269000,3.44,100.087167452,100.086835163,100.086951151,100.086618981,62.34371531,-42.54535299,62.34371531,-42.45642889,62.34371531,-42.45835839,62.41810087,-42.36412146,62.41810087,-42.36412146,62.34825163,-42.54478239
Sydney,-33.87,151.21,40.0,2015-12-31T23:59:59,2457388.499988426,dso_lmc,GALAXY,80.894000,-69.756000,0.9,100.087167452,100.086835163,100.086951151,100.086618981,183.40123026,13.85280388,183.40123026,13.91665920,183.40123026,13.91554588,183.40654519,13.92843016,183.40654519,13.92817999,183.39604533,13.91579038
Sydney,-33.87,151.21,40.0,2015-12-31T23:59:59,2457388.499988426,dso_smc,GALAXY,14.766000,-72.801000,2.7,100.087167452,100.086835163,100.086951151,100.086618981,164.37136502,23.31003795,164.37136502,23.34715109,164.37136502,23.34651179,164.41041278,23.42827522,164.41041278,23.42812918,164.36644586,23.34485767
Sydney,-33.87,151.21,40.0,2015-12-31T23:59:59,2457388.499988426,dso_m33_triangulum,GALAXY,23.462000,30.660000,5.72,100.087167452,100.086835163,100.086951151,100.086618981,80.91561630,-49.99882583,80.91561630,-49.93845386,80.91561630,-49.93965209,80.94636906,-49.78638849,80.94636906,-49.78638849,80.91866771,-49.99705411
Sydney,-33.87,151.21,40.0,2015-12-31T23:59:59,2457388.499988426,dso_m45_pleiades,STAR_CLUSTER,56.871000,24.105000,1.6,100.087167452,100.086835163,100.086951151,100.086618981,124.43774152,-74.27199945,124.43774152,-74.27005379,124.43774152,-74.27008508,124.03222665,-74.07391869,124.03222665,-74.07391869,124.43144251,-74.26832939
Sydney,-33.87,151.21,40.0,2015-12-31T23:59:59,2457388.499988426,dso_hyades,STAR_CLUSTER,66.750000,15.870000,0.5,100.087167452,100.086835163,100.086951151,100.086618981,166.73955218,-71.61736705,166.73955218,-71.61276263,166.73955218,-71.61283781,166.06622368,-71.53969792,166.06622368,-71.53969792,166.72591865,-71.61609016
Sydney,-33.87,151.21,40.0,2015-12-31T23:59:59,2457388.499988426,dso_m44_beehive,STAR_CLUSTER,130.100000,19.670000,3.7,100.087167452,100.086835163,100.086951151,100.086618981,270.60647113,-36.11748823,270.60647113,-36.00405439,270.60647113,-36.00672137,270.54439915,-36.33985679,270.54439915,-36.33985679,270.60525745,-36.12213156
Sydney,-33.87,151.21,40.0,2015-12-31T23:59:59,2457388.499988426,dso_double_cluster,STAR_CLUSTER,34.740000,57.130000,3.7,100.087167452,100.086835163,100.086951151,100.086618981,35.17565716,-56.21035055,35.17565716,-56.17150640,35.17565716,-56.17222693,35.42760992,-56.10575354,35.42760992,-56.10575354,35.18396515,-56.21025041
Sydney,-33.87,151.21,40.0,2015-12-31T23:59:59,2457388.499988426,dso_coma_cluster,STAR_CLUSTER,185.600000,26.100000,1.8,100.087167452,100.086835163,100.086951151,100.086618981,304.96255884,3.73224957,304.96255884,3.91178472,304.96255884,3.90761282,304.91464000,3.73985691,304.91464000,3.73908000,304.96462909,3.93621571
Sydney,-33.87,151.21,40.0,2015-12-31T23:59:59,2457388.499988426,dso_omega_centauri,GLOBULAR_CLUSTER,201.700000,-47.470000,3.9,100.087167452,100.086835163,100.086951151,100.086618981,234.33025013,50.91901050,234.33025013,50.93208345,234.33025013,50.93185941,234.46190233,50.77222929,234.46190233,50.77217715,234.32394114,50.93379728
Sydney,-33.87,151.21,40.0,2015-12-31T23:59:59,2457388.499988426,dso_47_tucanae,GLOBULAR_CLUSTER,6.020000,-72.080000,4.1,100.087167452,100.086835163,100.086951151,100.086618981,161.98635625,24.96259505,161.98635625,24.99698376,161.98635625,24.99639188,162.03078415,25.08627059,162.03078415,25.08613521,161.98148391,24.99449127
Sydney,-33.87,151.21,40.0,2015-12-31T23:59:59,2457388.499988426,dso_m13_hercules,GLOBULAR_CLUSTER,250.420000,36.460000,5.8,100.087167452,100.086835163,100.086951151,100.086618981,359.36681500,19.69567100,359.36681500,19.74019273,359.36681500,19.73942379,359.25129933,19.71108702,359.25129933,19.71091124,359.37239326,19.73962009
Sydney,-33.87,151.21,40.0,2015-12-31T23:59:59,2457388.499988426,dso_m42_orion_nebula,NEBULA,83.822000,-5.391000,4.0,100.087167452,100.086835163,100.086951151,100.086618981,199.50696884,-48.94062886,199.50696884,-48.87631648,199.50696884,-48.87760860,199.21057853,-48.99019997,199.21057853,-48.99019997,199.49965710,-48.94262333
Sydney,-33.87,151.21,40.0,2015-12-31T23:59:59,2457388.499988426,dso_m8_lagoon,NEBULA,270.920000,-24.380000,6.0,100.087167452,100.086835163,100.086951151,100.086618981,66.46995262,70.27335310,66.46995262,70.27912946,66.46995262,70.27903052,66.12470030,70.46294338,66.12470030,70.46292074,66.47973061,70.27428345
Sydney,-33.87,151.21,40.0,2015-12-31T23:59:59,2457388.499988426,dso_eta_carinae_nebula,NEBULA,161.260000,-59.870000,1.0,100.087167452,100.086835163,100.086951151,100.086618981,214.88920042,28.90371656,214.88920042,28.93276538,214.88920042,28.93226613,214.94669925,28.82954717,214.94669925,28.82943173,214.88369730,28.93254043
Tehran,35.69,51.39,1200.0,2015-12-31T23:59:59,2457388.499988426,star_cma_sirius,STAR,101.287000,-16.716000,-1.46,100.087167452,100.086835163,100.086951151,100.086618981,231.05348718,19.38363833,231.05348718,19.42891867,231.05348718,19.42340154,231.20848010,19.32920663,231.20848010,19.32404863,231.05812090,19.42684179
Tehran,35.69,51.39,1200.0,2015-12-31T23:59:59,2457388.499988426,star_cma_adhara,STAR,104.656000,-28.972000,1.5,100.087167452,100.086835163,100.086951151,100.086618981,220.53085362,11.81553097,220.53085362,11.89013873,220.53085362,11.88107303,220.66314968,11.82562927,220.66314968,11.81719925,220.53543130,11.88895320
Tehran,35.69,51.39,1200.0,2015-12-31T23:59:59,2457388.499988426,star_cma_wezen,STAR,107.098000,-26.393000,1.83,100.087167452,100.086835163,100.086951151,100.086618981,220.31624414,15.17441847,220.31624414,15.23270910,220.31624414,15.22561431,220.46079196,15.16874891,220.46079196,15.16214072,220.32087271,15.23112726
Tehran,35.69,51.39,1200.0,2015-12-31T23:59:59,2457388.499988426,star_cma_mirzam,STAR,95.675000,-17.956000,1.98,100.087167452,100.086835163,100.086951151,100.086618981,234.30967676,14.84991135,234.30967676,14.90948449,234.30967676,14.90223445,234.44728154,14.79996933,234.44728154,14.79319697,234.31415536,14.90770322
Tehran,35.69,51.39,1200.0,2015-12-31T23:59:59,2457388.499988426,star_cmi_procyon,STAR,114.825000,5.225000,0.34,100.087167452,100.086835163,100.086951151,100.086618981,236.32729780,44.70678539,236.32729780,44.72303995,236.32729780,44.72105658,236.58908989,44.60625434,236.58908989,44.60439387,236.33324449,44.72035426
Tehran,35.69,51.39,1200.0,2015-12-31T23:59:59,2457388.499988426,star_car_canopus,STAR,95.987000,-52.695000,-0.74,100.087167452,100.086835163,100.086951151,100.086618981,210.49048913,-10.63980608,210.49048913,-10.46177085,210.49048913,-10.48459375,210.54364274,-10.67113643,210.54364274,-10.67113643,210.49509982,-10.64324876
Tehran,35.69,51.39,1200.0,2015-12-31T23:59:59,2457388.499988426,star_car_miaplacidus,STAR,138.300000,-69.720000,1.67,100.087167452,100.086835163,100.086951151,100.086618981,184.67604918,-15.91052000,184.67604918,-15.74027060,184.67604918,-15.76195024,184.71122031,-15.85096132,184.71122031,-15.85096132,184.67997922,-15.91462850
Tehran,35.69,51.39,1200.0,2015-12-31T23:59:59,2457388.499988426,star_cen_rigil_kent,STAR,219.900000,-60.833000,-0.01,100.087167452,100.086835163,100.086951151,100.086618981,150.84653384,-21.49440960,150.84653384,-21.33570270,150.84653384,-21.35572070,150.88536124,-21.33767299,150.88536124,-21.33767299,150.84829935,-21.49944520
Tehran,35.69,51.39,1200.0,2015-12-31T23:59:59,2457388.499988426,star_cen_hadar,STAR,210.956000,-60.373000,0.61,100.087167452,100.086835163,100.086951151,100.086618981,153.40927598,-17.80241756,153.40927598,-17.63569466,153.40927598,-17.65686229,153.45519312,-17.65130566,153.45519312,-17.65130566,153.41118843,-17.80722778
Tehran,35.69,51.39,1200.0,2015-12-31T23:59:59,2457388.499988426,star_lyr_vega,STAR,279.234000,38.783000,0.03,100.087167452,100.086835163,100.086951151,100.086618981,37.97096709,-1.32523526,37.97096709,-1.14038422,37.97096709,-1.16420639,38.05753261,-0.59420963,38.05753261,-0.66921254,37.96613309,-1.32885873
Tehran,35.69,51.39,1200.0,2015-12-31T23:59:59,2457388.499988426,star_cyg_deneb,STAR,310.358000,45.280000,1.25,100.087167452,100.086835163,100.086951151,100.086618981,14.68605342,-6.77765442,14.68605342,-6.59575139,14.68605342,-6.61914607,14.79275780,-6.80949024,14.79275780,-6.80949024,14.68159582,-6.78090076
Tehran,35.69,51.39,1200.0,2015-12-31T23:59:59,2457388.499988426,star_cyg_sadr,STAR,305.557000,40.260000,2.23,100.087167452,100.086835163,100.086951151,100.086618981,19.70415757,-10.38052961,19.70415757,-10.20218706,19.70415757,-10.22505537,19.82403028,-10.39435632,19.82403028,-10.39435632,19.69948027,-10.38371636
Tehran,35.69,51.39,1200.0,2015-12-31T23:59:59,2457388.499988426,star_cyg_albireo,STAR,292.680000,27.960000,3.05,100.087167452,100.086835163,100.086951151,100.086618981,35.13121008,-16.63462065,35.13121008,-16.46567463,35.13121008,-16.48716459,35.27292860,-16.59356037,35.27292860,-16.59356037,35.12610724,-16.63798257
Tehran,35.69,51.39,1200.0,2015-12-31T23:59:59,2457388.499988426,star_aql_altair,STAR,297.696000,8.868000,0.76,100.087167452,100.086835163,100.086951151,100.086618981,42.05518066,-35.30937593,42.05518066,-35.19298215,42.05518066,-35.20721152,42.27322981,-35.24405970,42.27322981,-35.24405970,42.04911375,-35.31249612
Tehran,35.69,51.39,1200.0,2015-12-31T23:59:59,2457388.499988426,star_ori_betelgeuse,STAR,88.793000,7.407000,0.5,100.087167452,100.086835163,100.086951151,100.086618981,259.51119818,26.58785673,259.51119818,26.61986952,259.51119818,26.61596575,259.65796437,26.44474311,259.65796437,26.44107625,259.51501553,26.61667027
Tehran,35.69,51.39,1200.0,2015-12-31T23:59:59,2457388.499988426,star_ori_rigel,STAR,78.634000,-8.202000,0.13,100.087167452,100.086835163,100.086951151,100.086618981,253.05100815,9.01569698,253.05100815,9.11180050,253.05100815,9.10015379,253.16230359,8.95287818,253.16230359,8.94194619,253.05479642,9.11113303
Tehran,35.69,51.39,1200.0,2015-12-31T23:59:59,2457388.499988426,star_ori_bellatrix,STAR,81.283000,6.350000,1.64,100.087167452,100.086835163,100.086951151,100.086618981,263.36725590,19.94092832,263.36725590,19.98486920,263.36725590,19.97951476,263.49389469,19.80310027,263.49389469,19.79807177,263.37067681,19.98207042
Tehran,35.69,51.39,1200.0,2015-12-31T23:59:59,2457388.499988426,star_ori_saiph,STAR,86.939000,-9.670000,2.07,100.087167452,100.086835163,100.086951151,100.086618981,246.55135482,14.39997522,246.55135482,14.46141375,246.55135482,14.45393801,246.68021705,14.31724260,246.68021705,14.31024374,246.55547395,14.45949419
Tehran,35.69,51.39,1200.0,2015-12-31T23:59:59,2457388.499988426,star_ori_alnitak,STAR,85.190000,-1.940000,1.77,100.087167452,100.086835163,100.086951151,100.086618981,253.89087347,18.02423936,253.89087347,18.07310686,253.89087347,18.06715426,254.02334178,17.91068367,254.02334178,17.90510070,253.89475192,18.07066365
Tehran,35.69,51.39,1200.0,2015-12-31T23:59:59,2457388.499988426,star_ori_alnilam,STAR,84.530000,-1.200000,1.69,100.087167452,100.086835163,100.086951151,100.086618981,254.93174671,17.97012365,254.93174671,18.01914431,254.93174671,18.01317313,255.06308097,17.85440290,255.06308097,17.84880179,254.93557480,18.01668727
Tehran,35.69,51.39,1200.0,2015-12-31T23:59:59,2457388.499988426,star_ori_mintaka,STAR,84.050000,-0.300000,2.23,100.087167452,100.086835163,100.086951151,100.086618981,255.98771265,18.15045876,255.98771265,18.19897231,255.98771265,18.19306266,256.11844972,18.03190710,256.11844972,18.02636283,255.99149307,18.19647851
Tehran,35.69,51.39,1200.0,2015-12-31T23:59:59,2457388.499988426,star_tau_aldebaran,STAR,68.980000,16.509000,0.85,100.087167452,100.086835163,100.086951151,100.086618981,279.32028209,15.71795731,279.32028209,15.77420874,279.32028209,15.76736089,279.42275929,15.57210569,279.42275929,15.56566894,279.32259174,15.77166368
Tehran,35.69,51.39,1200.0,2015-12-31T23:59:59,2457388.499988426,star_tau_elnath,STAR,81.573000,28.608000,1.65,100.087167452,100.086835163,100.086951151,100.086618981,284.37175561,31.83206613,284.37175561,31.85792569,284.37175561,31.85477136,284.47922715,31.65058700,284.47922715,31.64761965,284.37397914,31.85383955
Tehran,35.69,51.39,1200.0,2015-12-31T23:59:59,2457388.499988426,star_aur_capella,STAR,79.172000,45.998000,0.08,100.087167452,100.086835163,100.086951151,100.086618981,304.80606771,36.44462131,304.80606771,36.46638364,304.80606771,36.46372866,304.86166985,36.26089092,304.86166985,36.25839328,304.80651369,36.46176866
Tehran,35.69,51.39,1200.0,2015-12-31T23:59:59,2457388.499988426,star_umi_polaris,STAR,37.954000,89.264000,1.98,100.087167452,100.086835163,100.086951151,100.086618981,359.22376275,35.48007190,359.22376275,35.50261459,359.22376275,35.49986449,359.17216646,35.41678411,359.17216646,35.41420836,359.21946382,35.49876538
Tehran,35.69,51.39,1200.0,2015-12-31T23:59:59,2457388.499988426,star_uma_dubhe,STAR,165.932000,61.751000,1.79,100.087167452,100.086835163,100.086951151,100.086618981,15.08357007,62.42556780,15.08357007,62.43397860,15.08357007,62.43295216,14.77179208,62.40298062,14.77179208,62.40202089,15.07483383,62.43086617
Tehran,35.69,51.39,1200.0,2015-12-31T23:59:59,2457388.499988426,star_uma_merak,STAR,165.460000,56.380000,2.37,100.087167452,100.086835163,100.086951151,100.086618981,20.65256948,67.25783132,20.65256948,67.26458341,20.65256948,67.26375938,20.23847493,67.25379179,20.23847493,67.25302242,20.64171966,67.26197184
Tehran,35.69,51.39,1200.0,2015-12-31T23:59:59,2457388.499988426,star_uma_alioth,STAR,193.507000,55.960000,1.77,100.087167452,100.086835163,100.086951151,100.086618981,41.24720867,55.13543560,41.24720867,55.14665308,41.24720867,55.14528418,41.04572472,55.20993886,41.04572472,55.20866302,41.23926427,55.14494649
Tehran,35.69,51.39,1200.0,2015-12-31T23:59:59,2457388.499988426,star_uma_mizar,STAR,206.884000,54.920000,2.23,100.087167452,100.086835163,100.086951151,100.086618981,45.05921422,47.86335971,45.05921422,47.87792008,45.05921422,47.87614336,44.92863064,47.95411549,44.92863064,47.95245993,45.05240674,47.87617496
Tehran,35.69,51.39,1200.0,2015-12-31T23:59:59,2457388.499988426,star_uma_alkaid,STAR,209.800000,49.310000,1.85,100.087167452,100.086835163,100.086951151,100.086618981,53.23525889,45.98709622,53.23525889,46.00264213,53.23525889,46.00074519,53.13184265,46.10551975,53.13184265,46.10375386,53.22880052,46.00127241
Tehran,35.69,51.39,1200.0,2015-12-31T23:59:59,2457388.499988426,star_cas_schedar,STAR,9.880000,59.150000,2.24,100.087167452,100.086835163,100.086951151,100.086618981,341.06804996,10.18882327,341.06804996,10.27469530,341.06804996,10.26427481,341.12493610,10.13666160,341.12493610,10.12691086,341.06547530,10.27317123
Tehran,35.69,51.39,1200.0,2015-12-31T23:59:59,2457388.499988426,star_cas_caph,STAR,1.150000,59.150000,2.28,100.087167452,100.086835163,100.086951151,100.086618981,345.08549548,8.11880592,345.08549548,8.22432177,345.08549548,8.21155059,345.14649011,8.09798481,345.14649011,8.08601840,345.08264955,8.22388743
Tehran,35.69,51.39,1200.0,2015-12-31T23:59:59,2457388.499988426,star_per_mirfak,STAR,51.080000,49.860000,1.79,100.087167452,100.086835163,100.086951151,100.086618981,317.31356538,20.77110943,317.31356538,20.81317847,317.31356538,20.80805147,317.36739289,20.62317213,317.36739289,20.61835482,317.31282612,20.80975527
Tehran,35.69,51.39,1200.0,2015-12-31T23:59:59,2457388.499988426,star_per_algol,STAR,47.040000,40.960000,2.12,100.087167452,100.086835163,100.086951151,100.086618981,311.21860550,13.46844528,311.21860550,13.53410453,311.21860550,13.52611853,311.28972913,13.33729857,311.28972913,13.32979444,311.21836834,13.53172691
Tehran,35.69,51.39,1200.0,2015-12-31T23:59:59,2457388.499988426,star_boo_arcturus,STAR,213.915000,19.182000,-0.05,100.087167452,100.086835163,100.086951151,100.086618981,89.15560401,32.94839751,89.15560401,32.97317420,89.15560401,32.97015182,89.18528900,33.16105505,89.18528900,33.15825399,89.15186953,32.97262710
Tehran,35.69,51.39,1200.0,2015-12-31T23:59:59,2457388.499988426,star_vir_spica,STAR,201.298000,-11.161000,0.98,100.087167452,100.086835163,100.086951151,100.086618981,124.97765487,23.45154949,124.97765487,23.48841557,124.97765487,23.48392118,125.08302372,23.68851419,125.08302372,23.68436683,124.97703000,23.48787373
Tehran,35.69,51.39,1200.0,2015-12-31T23:59:59,2457388.499988426,star_sco_antares,STAR,247.352000,-26.432000,0.96,100.087167452,100.086835163,100.086951151,100.086618981,108.98743793,-19.72044329,108.98743793,-19.55769745,108.98743793,-19.57829227,109.07716683,-19.52025426,109.07716683,-19.52025426,108.98554912,-19.72551125
Tehran,35.69,51.39,1200.0,2015-12-31T23:59:59,2457388.499988426,star_sco_shaula,STAR,262.690000,-37.030000,1.62,100.087167452,100.086835163,100.086951151,100.086618981,113.22186047,-36.07041212,113.22186047,-35.95680483,113.22186047,-35.97066692,113.30561387,-35.87050265,113.30561387,-35.87050265,113.22011931,-36.07617835
Tehran,35.69,51.39,1200.0,2015-12-31T23:59:59,2457388.499988426,star_leo_regulus,STAR,152.093000,11.967000,1.36,100.087167452,100.086835163,100.086951151,100.086618981,177.98178089,66.18383732,177.98178089,66.19094706,177.98178089,66.19007939,178.50145976,66.27776975,178.50145976,66.27696325,177.98958559,66.19253715
Tehran,35.69,51.39,1200.0,2015-12-31T23:59:59,2457388.499988426,star_gem_pollux,STAR,116.329000,28.026000,1.14,100.087167452,100.086835163,100.086951151,100.086618981,265.30629571,59.54279604,265.30629571,59.55226597,265.30629571,59.55111029,265.55912913,59.36553264,265.55912913,59.36444516,265.31247083,59.54821444
Tehran,35.69,51.39,1200.0,2015-12-31T23:59:59,2457388.499988426,star_gem_castor,STAR,113.650000,31.888000,1.58,100.087167452,100.086835163,100.086951151,100.086618981,273.94976951,58.72711539,273.94976951,58.73689617,273.94976951,58.73570256,274.14972547,58.53771644,274.14972547,58.53659279,273.95483419,58.73245710
Tehran,35.69,51.39,1200.0,2015-12-31T23:59:59,2457388.499988426,star_psa_fomalhaut,STAR,344.413000,-29.622000,1.17,100.087167452,100.086835163,100.086951151,100.086618981,295.36763514,-77.34662001,295.36763514,-77.34667014,295.36763514,-77.34666453,295.50296387,-77.54810510,295.50296387,-77.54810510,295.37239198,-77.34265054
Tehran,35.69,51.39,1200.0,2015-12-31T23:59:59,2457388.499988426,star_eri_achernar,STAR,24.429000,-57.237000,0.45,100.087167452,100.086835163,100.086951151,100.086618981,221.36565532,-48.99239218,221.36565532,-48.92827389,221.36565532,-48.93584248,221.23534195,-49.05993095,221.23534195,-49.05993095,221.37295082,-48.99440333
Tehran,35.69,51.39,1200.0,2015-12-31T23:59:59,2457388.499988426,dso_m31_andromeda,GALAXY,10.684000,41.269000,3.44,100.087167452,100.086835163,100.086951151,100.086618981,331.41538984,-4.89742219,331.41538984,-4.71417612,331.41538984,-4.73776819,331.51158795,-5.06076005,331.51158795,-5.06076005,331.41348104,-4.90031728
Tehran,35.69,51.39,1200.0,2015-12-31T23:59:59,2457388.499988426,dso_lmc,GALAXY,80.894000,-69.756000,0.9,100.087167452,100.086835163,100.086951151,100.086618981,201.49713739,-26.99705690,201.49713739,-26.85303469,201.49713739,-26.87099446,201.48426025,-26.99632498,201.48426025,-26.99632498,201.50214013,-27.00075368
Tehran,35.69,51.39,1200.0,2015-12-31T23:59:59,2457388.499988426,dso_smc,GALAXY,14.766000,-72.801000,2.7,100.087167452,100.086835163,100.086951151,100.086618981,197.44318149,-47.08008156,197.44318149,-47.00871515,197.44318149,-47.01718022,197.31644484,-47.06454859,197.31644484,-47.06454859,197.44973586,-47.08370466
Tehran,35.69,51.39,1200.0,2015-12-31T23:59:59,2457388.499988426,dso_m33_triangulum,GALAXY,23.462000,30.660000,5.72,100.087167452,100.086835163,100.086951151,100.086618981,316.76364842,-7.43939997,316.76364842,-7.25805279,316.76364842,-7.28136540,316.86088880,-7.62976968,316.86088880,-7.62976968,316.76289373,-7.44199155
Tehran,35.69,51.39,1200.0,2015-12-31T23:59:59,2457388.499988426,dso_m45_pleiades,STAR_CLUSTER,56.871000,24.105000,1.6,100.087167452,100.086835163,100.086951151,100.086618981,292.28201131,10.50582574,292.28201131,10.58926659,292.28201131,10.57913809,292.37045459,10.38272408,292.37045459,10.37318923,292.28330008,10.58770653
Tehran,35.69,51.39,1200.0,2015-12-31T23:59:59,2457388.499988426,dso_hyades,STAR_CLUSTER,66.750000,15.870000,0.5,100.087167452,100.086835163,100.086951151,100.086618981,279.99475938,13.58036514,279.99475938,13.64548957,279.99475938,13.63756820,280.09470830,13.44323431,280.09470830,13.43578801,279.99699711,13.64327989
Tehran,35.69,51.39,1200.0,2015-12-31T23:59:59,2457388.499988426,dso_m44_beehive,STAR_CLUSTER,130.100000,19.670000,3.7,100.087167452,100.086835163,100.086951151,100.086618981,234.76536129,65.41809490,234.76536129,65.42546325,234.76536129,65.42456401,235.24160894,65.31356610,235.24160894,65.31272238,234.77558732,65.42335312
Tehran,35.69,51.39,1200.0,2015-12-31T23:59:59,2457388.499988426,dso_double_cluster,STAR_CLUSTER,34.740000,57.130000,3.7,100.087167452,100.086835163,100.086951151,100.086618981,329.50540546,17.12812802,329.50540546,17.17964658,329.50540546,17.17337237,329.55279463,17.01241215,329.55279463,17.00652665,329.50367123,17.17669251
Tehran,35.69,51.39,1200.0,2015-12-31T23:59:59,2457388.499988426,dso_coma_cluster,STAR_CLUSTER,185.600000,26.100000,1.8,100.087167452,100.086835163,100.086951151,100.086618981,98.62535192,59.16648397,98.62535192,59.17609666,98.62535192,59.17492356,98.62308128,59.37717205,98.62308128,59.37608508,98.62050327,59.17773036
Tehran,35.69,51.39,1200.0,2015-12-31T23:59:59,2457388.499988426,dso_omega_centauri,GLOBULAR_CLUSTER,201.700000,-47.470000,3.9,100.087167452,100.086835163,100.086951151,100.086618981,148.51313928,-4.67434861,148.51313928,-4.49096620,148.51313928,-4.51457819,148.59174188,-4.51161712,148.59174188,-4.51161712,148.51452697,-4.67838561
Tehran,35.69,51.39,1200.0,2015-12-31T23:59:59,2457388.499988426,dso_47_tucanae,GLOBULAR_CLUSTER,6.020000,-72.080000,4.1,100.087167452,100.086835163,100.086951151,100.086618981,195.74463907,-49.56864967,195.74463907,-49.50668306,195.74463907,-49.51398710,195.59884156,-49.54706640,195.59884156,-49.54706640,195.75146001,-49.57231772
Tehran,35.69,51.39,1200.0,2015-12-31T23:59:59,2457388.499988426,dso_m13_hercules,GLOBULAR_CLUSTER,250.420000,36.460000,5.8,100.087167452,100.086835163,100.086951151,100.086618981,54.99637146,14.08375304,54.99637146,14.14656747,54.99637146,14.13892533,55.03472549,14.25409340,55.03472549,14.24706388,54.99162540,14.14501193
Tehran,35.69,51.39,1200.0,2015-12-31T23:59:59,2457388.499988426,dso_m42_orion_nebula,NEBULA,83.822000,-5.391000,4.0,100.087167452,100.086835163,100.086951151,100.086618981,251.99028373,14.79152587,251.99028373,14.85133522,251.99028373,14.84405659,252.11627200,14.69368487,252.11627200,14.68686380,251.99418923,14.84928287
Tehran,35.69,51.39,1200.0,2015-12-31T23:59:59,2457388.499988426,dso_m8_lagoon,NEBULA,270.920000,-24.380000,6.0,100.087167452,100.086835163,100.086951151,100.086618981,95.20345202,-37.38067785,95.20345202,-37.27194148,95.20345202,-37.28516515,95.33382341,-37.18990447,95.33382341,-37.18990447,95.19993946,-37.38611254
Tehran,35.69,51.39,1200.0,2015-12-31T23:59:59,2457388.499988426,dso_eta_carinae_nebula,NEBULA,161.260000,-59.870000,1.0,100.087167452,100.086835163,100.086951151,100.086618981,175.00970613,-5.99307277,175.00970613,-5.81056702,175.00970613,-5.83405049,175.08084832,-5.90140815,175.08084832,-5.90140815,175.01293831,-5.99695575
Tromso,69.65,18.96,10.0,2015-12-31T23:59:59,2457388.499988426,star_cma_sirius,STAR,101.287000,-16.716000,-1.46,100.087167452,100.086835163,100.086951151,100.086618981,196.82753811,2.72143379,196.82753811,2.90662648,196.82753811,2.90130978,197.00557838,2.96058070,197.00557838,2.96035288,196.83304434,2.97562719
Tromso,69.65,18.96,10.0,2015-12-31T23:59:59,2457388.499988426,star_cma_adhara,STAR,104.656000,-28.972000,1.5,100.087167452,100.086835163,100.086951151,100.086618981,192.57674117,-9.18835718,192.57674117,-9.00869066,192.57674117,-9.01373086,192.72356752,-9.17559476,192.72356752,-9.17559476,192.58231697,-9.18874835
Tromso,69.65,18.96,10.0,2015-12-31T23:59:59,2457388.499988426,star_cma_wezen,STAR,107.098000,-26.393000,1.83,100.087167452,100.086835163,100.086951151,100.086618981,190.60203610,-6.44990242,190.60203610,-6.26774021,190.60203610,-6.27291715,190.75613091,-6.43200435,190.75613091,-6.43200435,190.60753525,-6.45028941
Tromso,69.65,18.96,10.0,2015-12-31T23:59:59,2457388.499988426,star_cma_mirzam,STAR,95.675000,-17.956000,1.98,100.087167452,100.086835163,100.086951151,100.086618981,202.00035692,0.84992190,202.00035692,1.03515100,202.00035692,1.02982154,202.17347392,1.21155344,202.17347392,1.21119510,202.00586809,1.27535676
Tromso,69.65,18.96,10.0,2015-12-31T23:59:59,2457388.499988426,star_cmi_procyon,STAR,114.825000,5.225000,0.34,100.087167452,100.086835163,100.086951151,100.086618981,184.41844861,25.48083456,184.41844861,25.51443569,184.41844861,25.51395257,184.65933160,25.54991868,184.65933160,25.54988549,184.42426447,25.51581825
Tromso,69.65,18.96,10.0,2015-12-31T23:59:59,2457388.499988426,star_car_canopus,STAR,95.987000,-52.695000,-0.74,100.087167452,100.086835163,100.086951151,100.086618981,196.46535335,-33.49712713,196.46535335,-33.37424375,196.46535335,-33.37690192,196.53830132,-33.49444706,196.53830132,-33.49444706,196.47214100,-33.49753253
Tromso,69.65,18.96,10.0,2015-12-31T23:59:59,2457388.499988426,star_car_miaplacidus,STAR,138.300000,-69.720000,1.67,100.087167452,100.086835163,100.086951151,100.086618981,169.74982807,-50.03457096,169.74982807,-49.97433102,169.74982807,-49.97536758,169.76502917,-49.96681322,169.76502917,-49.96681322,169.75758215,-50.03705214
Tromso,69.65,18.96,10.0,2015-12-31T23:59:59,2457388.499988426,star_cen_rigil_kent,STAR,219.900000,-60.833000,-0.01,100.087167452,100.086835163,100.086951151,100.086618981,114.31188071,-58.42233692,114.31188071,-58.39028277,114.31188071,-58.39078067,114.44957252,-58.27864513,114.44957252,-58.27864513,114.31255113,-58.42761533
Tromso,69.65,18.96,10.0,2015-12-31T23:59:59,2457388.499988426,star_cen_hadar,STAR,210.956000,-60.373000,0.61,100.087167452,100.086835163,100.086951151,100.086618981,120.01750307,-55.29995529,120.01750307,-55.25816586,120.01750307,-55.25883895,120.13815150,-55.15850979,120.13815150,-55.15850979,120.01912661,-55.30500744
Tromso,69.65,18.96,10.0,2015-12-31T23:59:59,2457388.499988426,star_lyr_vega,STAR,279.234000,38.783000,0.03,100.087167452,100.086835163,100.086951151,100.086618981,16.16167787,19.40922210,16.16167787,19.45443939,16.16167787,19.45378595,16.26788916,19.45139289,16.26788916,19.45134828,16.15531004,19.45526916
Tromso,69.65,18.96,10.0,2015-12-31T23:59:59,2457388.499988426,star_cyg_deneb,STAR,310.358000,45.280000,1.25,100.087167452,100.086835163,100.086951151,100.086618981,351.12797652,25.29906189,351.12797652,25.33293591,351.12797652,25.33244881,351.22420585,25.26570277,351.22420585,25.26566916,351.12214667,25.33250356
Tromso,69.65,18.96,10.0,2015-12-31T23:59:59,2457388.499988426,star_cyg_sadr,STAR,305.557000,40.260000,2.23,100.087167452,100.086835163,100.086951151,100.086618981,354.60712591,20.07409947,354.60712591,20.11773045,354.60712591,20.11710042,354.71635617,20.05932459,354.71635617,20.05928140,354.60131640,20.11787086
Tromso,69.65,18.96,10.0,2015-12-31T23:59:59,2457388.499988426,star_cyg_albireo,STAR,292.680000,27.960000,3.05,100.087167452,100.086835163,100.086951151,100.086618981,5.53295683,7.75142658,5.53295683,7.86128012,5.53295683,7.85958604,5.67249612,7.83135468,5.67249612,7.83124735,5.52701557,7.86443587
Tromso,69.65,18.96,10.0,2015-12-31T23:59:59,2457388.499988426,star_aql_altair,STAR,297.696000,8.868000,0.76,100.087167452,100.086835163,100.086951151,100.086618981,1.17308297,-11.43409421,1.17308297,-11.25704391,1.17308297,-11.26194252,1.36170080,-11.47641893,1.36170080,-11.47641893,1.16714291,-11.43402052
Tromso,69.65,18.96,10.0,2015-12-31T23:59:59,2457388.499988426,star_ori_betelgeuse,STAR,88.793000,7.407000,0.5,100.087167452,100.086835163,100.086951151,100.086618981,213.14188737,24.79703889,213.14188737,24.83168552,213.14188737,24.83118717,213.37983616,24.79178821,213.37983616,24.79175388,213.14774586,24.83196497
Tromso,69.65,18.96,10.0,2015-12-31T23:59:59,2457388.499988426,star_ori_rigel,STAR,78.634000,-8.202000,0.13,100.087167452,100.086835163,100.086951151,100.086618981,220.12755560,7.42993209,220.12755560,7.54384170,220.12755560,7.54207276,220.31613795,7.48832476,220.31613795,7.48821312,220.13274058,7.54736579
Tromso,69.65,18.96,10.0,2015-12-31T23:59:59,2457388.499988426,star_ori_bellatrix,STAR,81.283000,6.350000,1.64,100.087167452,100.086835163,100.086951151,100.086618981,220.85313940,22.20369169,220.85313940,22.24283591,220.85313940,22.24227184,221.08019664,22.18386341,221.08019664,22.18382463,220.85864372,22.24302292
Tromso,69.65,18.96,10.0,2015-12-31T23:59:59,2457388.499988426,star_ori_saiph,STAR,86.939000,-9.670000,2.07,100.087167452,100.086835163,100.086951151,100.086618981,211.72377783,7.67368007,211.72377783,7.78449145,211.72377783,7.78277986,211.91415238,7.74955289,211.91415238,7.74944456,211.72920008,7.78785200
Tromso,69.65,18.96,10.0,2015-12-31T23:59:59,2457388.499988426,star_ori_alnitak,STAR,85.190000,-1.940000,1.77,100.087167452,100.086835163,100.086951151,100.086618981,214.96985713,14.93051092,214.96985713,14.98976076,214.96985713,14.98889734,215.17883464,14.94593150,215.17883464,14.94587311,214.97532621,14.99081651
Tromso,69.65,18.96,10.0,2015-12-31T23:59:59,2457388.499988426,star_ori_alnilam,STAR,84.530000,-1.200000,1.69,100.087167452,100.086835163,100.086951151,100.086618981,215.79315086,15.52369545,215.79315086,15.58066065,215.79315086,15.57983180,216.00352578,15.53472275,216.00352578,15.53466657,215.79861178,15.58162602
Tromso,69.65,18.96,10.0,2015-12-31T23:59:59,2457388.499988426,star_ori_mintaka,STAR,84.050000,-0.300000,2.23,100.087167452,100.086835163,100.086951151,100.086618981,216.47231531,16.30717408,216.47231531,16.36135634,216.47231531,16.36056938,216.68462908,16.31366043,216.68462908,16.31360696,216.47777676,16.36221641
Tromso,69.65,18.96,10.0,2015-12-31T23:59:59,2457388.499988426,star_tau_aldebaran,STAR,68.980000,16.509000,0.85,100.087167452,100.086835163,100.086951151,100.086618981,236.72356649,28.81128535,236.72356649,28.84044421,236.72356649,28.84002560,236.95775959,28.74498763,236.95775959,28.74495864,236.72851788,28.83952655
Tromso,69.65,18.96,10.0,2015-12-31T23:59:59,2457388.499988426,star_tau_elnath,STAR,81.573000,28.608000,1.65,100.087167452,100.086835163,100.086951151,100.086618981,227.36015607,43.80370463,227.36015607,43.82047839,227.36015607,43.82023831,227.65690260,43.74455048,227.65690260,43.74453379,227.36687100,43.81905219
Tromso,69.65,18.96,10.0,2015-12-31T23:59:59,2457388.499988426,star_aur_capella,STAR,79.172000,45.998000,0.08,100.087167452,100.086835163,100.086951151,100.086618981,240.36188318,59.40160411,240.36188318,59.41112747,240.36188318,59.41099130,240.72101419,59.30622661,240.72101419,59.30621712,240.37009325,59.40818045
Tromso,69.65,18.96,10.0,2015-12-31T23:59:59,2457388.499988426,star_umi_polaris,STAR,37.954000,89.264000,1.98,100.087167452,100.086835163,100.086951151,100.086618981,358.13200370,69.80406998,358.13200370,69.80999563,358.13200370,69.80991093,357.89863903,69.75759120,357.89863903,69.75758531,358.11662297,69.80805771
Tromso,69.65,18.96,10.0,2015-12-31T23:59:59,2457388.499988426,star_uma_dubhe,STAR,165.932000,61.751000,1.79,100.087167452,100.086835163,100.086951151,100.086618981,89.46310994,69.63918737,89.46310994,69.64516569,89.46310994,69.64508024,89.49562335,69.79259525,89.49562335,69.79258937,89.45702244,69.65013775
Tromso,69.65,18.96,10.0,2015-12-31T23:59:59,2457388.499988426,star_uma_merak,STAR,165.460000,56.380000,2.37,100.087167452,100.086835163,100.086951151,100.086618981,99.55317551,65.84081185,99.55317551,65.84803706,99.55317551,65.84793377,99.66854628,66.00162344,99.66854628,66.00161633,99.55028597,65.85314194
Tromso,69.65,18.96,10.0,2015-12-31T23:59:59,2457388.499988426,star_uma_alioth,STAR,193.507000,55.960000,1.77,100.087167452,100.086835163,100.086951151,100.086618981,74.65951800,55.87486502,74.65951800,55.88577698,74.65951800,55.88562094,74.69787314,56.01544699,74.69787314,56.01543621,74.65334412,55.88967483
Tromso,69.65,18.96,10.0,2015-12-31T23:59:59,2457388.499988426,star_uma_mizar,STAR,206.884000,54.920000,2.23,100.087167452,100.086835163,100.086951151,100.086618981,65.25693797,50.67475188,65.25693797,50.68793890,65.25693797,50.68775026,65.29197545,50.80190527,65.29197545,50.80189223,65.25031816,50.69116783
Tromso,69.65,18.96,10.0,2015-12-31T23:59:59,2457388.499988426,star_uma_alkaid,STAR,209.800000,49.310000,1.85,100.087167452,100.086835163,100.086951151,100.086618981,67.31073049,44.95073814,67.31073049,44.96685525,67.31073049,44.96662460,67.37323368,45.08428395,67.37323368,45.08426802,67.30497031,44.96997225
Tromso,69.65,18.96,10.0,2015-12-31T23:59:59,2457388.499988426,star_cas_schedar,STAR,9.880000,59.150000,2.24,100.087167452,100.086835163,100.086951151,100.086618981,313.20828091,48.41730376,313.20828091,48.43158425,313.20828091,48.43137995,313.29730358,48.29279580,313.29730358,48.29278156,313.20467126,48.42797880
Tromso,69.65,18.96,10.0,2015-12-31T23:59:59,2457388.499988426,star_cas_caph,STAR,1.150000,59.150000,2.28,100.087167452,100.086835163,100.086951151,100.086618981,319.03719299,46.30981736,319.03719299,46.32518943,319.03719299,46.32496947,319.11676920,46.19400470,319.11676920,46.19398938,319.03295716,46.32191698
Tromso,69.65,18.96,10.0,2015-12-31T23:59:59,2457388.499988426,star_per_mirfak,STAR,51.080000,49.860000,1.79,100.087167452,100.086835163,100.086951151,100.086618981,273.52702883,53.36216521,273.52702883,53.37413831,273.52702883,53.37396707,273.74370343,53.22464963,273.74370343,53.22463768,273.52948356,53.37004638
Tromso,69.65,18.96,10.0,2015-12-31T23:59:59,2457388.499988426,star_per_algol,STAR,47.040000,40.960000,2.12,100.087167452,100.086835163,100.086951151,100.086618981,270.52712554,44.23349080,270.52712554,44.25001539,270.52712554,44.24977889,270.73762414,44.10341929,270.73762414,44.10340281,270.52951533,44.24667576
Tromso,69.65,18.96,10.0,2015-12-31T23:59:59,2457388.499988426,star_boo_arcturus,STAR,213.915000,19.182000,-0.05,100.087167452,100.086835163,100.086951151,100.086618981,78.47911845,16.13953233,78.47911845,16.19428915,78.47911845,16.19349357,78.61986612,16.32711100,78.61986612,16.32705757,78.47568853,16.19670359
Tromso,69.65,18.96,10.0,2015-12-31T23:59:59,2457388.499988426,star_vir_spica,STAR,201.298000,-11.161000,0.98,100.087167452,100.086835163,100.086951151,100.086618981,100.96805132,-7.93438782,100.96805132,-7.75348502,100.96805132,-7.75859290,101.13464678,-7.78668967,101.13464678,-7.78668967,100.96685161,-7.93567931
Tromso,69.65,18.96,10.0,2015-12-31T23:59:59,2457388.499988426,star_sco_antares,STAR,247.352000,-26.432000,0.96,100.087167452,100.086835163,100.086951151,100.086618981,62.26969778,-37.71935215,62.26969778,-37.61188837,62.26969778,-37.61407940,62.51160614,-37.61664629,62.51160614,-37.61664629,62.26389774,-37.72215825
Tromso,69.65,18.96,10.0,2015-12-31T23:59:59,2457388.499988426,star_sco_shaula,STAR,262.690000,-37.030000,1.62,100.087167452,100.086835163,100.086951151,100.086618981,49.94760061,-52.09761662,49.94760061,-52.04486029,49.94760061,-52.04574429,50.26675802,-52.01982658,50.26675802,-52.01982658,49.93894172,-52.10023918
Tromso,69.65,18.96,10.0,2015-12-31T23:59:59,2457388.499988426,star_leo_regulus,STAR,152.093000,11.967000,1.36,100.087167452,100.086835163,100.086951151,100.086618981,142.34436484,28.53212522,142.34436484,28.56162034,142.34436484,28.56119685,142.55957078,28.68756069,142.55957078,28.68753163,142.34753928,28.56443928
Tromso,69.65,18.96,10.0,2015-12-31T23:59:59,2457388.499988426,star_gem_pollux,STAR,116.329000,28.026000,1.14,100.087167452,100.086835163,100.086951151,100.086618981,183.27388234,48.30830217,183.27388234,48.32263735,183.27388234,48.32243226,183.61047886,48.36103561,183.61047886,48.36102140,183.28173830,48.32411082
Tromso,69.65,18.96,10.0,2015-12-31T23:59:59,2457388.499988426,star_gem_castor,STAR,113.650000,31.888000,1.58,100.087167452,100.086835163,100.086951151,100.086618981,187.10851260,52.08782790,187.10851260,52.10036563,187.10851260,52.10018630,187.47212268,52.12867024,187.47212268,52.12865780,187.11718809,52.10158603
Tromso,69.65,18.96,10.0,2015-12-31T23:59:59,2457388.499988426,star_psa_fomalhaut,STAR,344.413000,-29.622000,1.17,100.087167452,100.086835163,100.086951151,100.086618981,302.73650817,-42.37653412,302.73650817,-42.28695383,302.73650817,-42.28866436,302.93564442,-42.51755427,302.93564442,-42.51755427,302.73438734,-42.37277437
Tromso,69.65,18.96,10.0,2015-12-31T23:59:59,2457388.499988426,star_eri_achernar,STAR,24.429000,-57.237000,0.45,100.087167452,100.086835163,100.086951151,100.086618981,244.96024068,-53.36655838,244.96024068,-53.31825255,244.96024068,-53.31904919,244.99529090,-53.47349979,244.99529090,-53.47349979,244.96695282,-53.36327209
Tromso,69.65,18.96,10.0,2015-12-31T23:59:59,2457388.499988426,dso_m31_andromeda,GALAXY,10.684000,41.269000,3.44,100.087167452,100.086835163,100.086951151,100.086618981,302.18443028,32.56581792,302.18443028,32.59095838,302.18443028,32.59059787,302.32410974,32.44361793,302.32410974,32.44359287,302.18273530,32.58857665
Tromso,69.65,18.96,10.0,2015-12-31T23:59:59,2457388.499988426,dso_lmc,GALAXY,80.894000,-69.756000,0.9,100.087167452,100.086835163,100.086951151,100.086618981,200.20188043,-51.71820831,200.20188043,-51.66409737,200.20188043,-51.66500845,200.18671554,-51.72490182,200.18671554,-51.72490182,200.21120201,-51.71831983
Tromso,69.65,18.96,10.0,2015-12-31T23:59:59,2457388.499988426,dso_smc,GALAXY,14.766000,-72.801000,2.7,100.087167452,100.086835163,100.086951151,100.086618981,227.49438476,-67.00444150,227.49438476,-66.99295561,227.49438476,-66.99311938,227.36564026,-67.07638648,227.36564026,-67.07638648,227.50760293,-67.00195069
Tromso,69.65,18.96,10.0,2015-12-31T23:59:59,2457388.499988426,dso_m33_triangulum,GALAXY,23.462000,30.660000,5.72,100.087167452,100.086835163,100.086951151,100.086618981,286.46981791,26.83244789,286.46981791,26.86412583,286.46981791,26.86367067,286.63683543,26.71266862,286.63683543,26.71263706,286.46994052,26.86236785
Tromso,69.65,18.96,10.0,2015-12-31T23:59:59,2457388.499988426,dso_m45_pleiades,STAR_CLUSTER,56.871000,24.105000,1.6,100.087167452,100.086835163,100.086951151,100.086618981,252.08815868,32.20337492,252.08815868,32.22886698,252.08815868,32.22850140,252.31213372,32.10516523,252.31213372,32.10513984,252.09203192,32.22711414
Tromso,69.65,18.96,10.0,2015-12-31T23:59:59,2457388.499988426,dso_hyades,STAR_CLUSTER,66.750000,15.870000,0.5,100.087167452,100.086835163,100.086951151,100.086618981,238.81660892,27.54970490,238.81660892,27.58043205,238.81660892,27.57999069,239.04546214,27.48084202,239.04546214,27.48081147,238.82135758,27.57954862
Tromso,69.65,18.96,10.0,2015-12-31T23:59:59,2457388.499988426,dso_m44_beehive,STAR_CLUSTER,130.100000,19.670000,3.7,100.087167452,100.086835163,100.086951151,100.086618981,166.17895938,39.48718743,166.17895938,39.50670153,166.17895938,39.50642208,166.45585962,39.58712575,166.45585962,39.58710644,166.18477313,39.50904949
Tromso,69.65,18.96,10.0,2015-12-31T23:59:59,2457388.499988426,dso_double_cluster,STAR_CLUSTER,34.740000,57.130000,3.7,100.087167452,100.086835163,100.086951151,100.086618981,293.95984534,53.88063427,293.95984534,53.89238296,293.95984534,53.89221493,294.10170119,53.73910213,294.10170119,53.73909040,293.95895344,53.88806521
Tromso,69.65,18.96,10.0,2015-12-31T23:59:59,2457388.499988426,dso_coma_cluster,STAR_CLUSTER,185.600000,26.100000,1.8,100.087167452,100.086835163,100.086951151,100.086618981,102.30339551,32.31003373,102.30339551,32.33542160,102.30339551,32.33505753,102.45878435,32.48807691,102.45878435,32.48805190,102.30217546,32.33880663
Tromso,69.65,18.96,10.0,2015-12-31T23:59:59,2457388.499988426,dso_omega_centauri,GLOBULAR_CLUSTER,201.700000,-47.470000,3.9,100.087167452,100.086835163,100.086951151,100.086618981,116.56282888,-41.51017460,116.56282888,-41.41723096,116.56282888,-41.41902739,116.70829965,-41.36624272,116.70829965,-41.36624272,116.56350293,-41.51440934
Tromso,69.65,18.96,10.0,2015-12-31T23:59:59,2457388.499988426,dso_47_tucanae,GLOBULAR_CLUSTER,6.020000,-72.080000,4.1,100.087167452,100.086835163,100.086951151,100.086618981,232.54620850,-68.97729021,232.54620850,-68.96910851,232.54620850,-68.96922327,232.40413180,-69.05992937,232.40413180,-69.05992937,232.55988534,-68.97432967
Tromso,69.65,18.96,10.0,2015-12-31T23:59:59,2457388.499988426,dso_m13_hercules,GLOBULAR_CLUSTER,250.420000,36.460000,5.8,100.087167452,100.086835163,100.086951151,100.086618981,40.45952332,21.79943572,40.45952332,21.83936935,40.45952332,21.83879370,40.56346399,21.89895669,40.56346399,21.89891736,40.45343749,21.84087674
Tromso,69.65,18.96,10.0,2015-12-31T23:59:59,2457388.499988426,dso_m42_orion_nebula,NEBULA,83.822000,-5.391000,4.0,100.087167452,100.086835163,100.086951151,100.086618981,215.63491277,11.27621306,215.63491277,11.35424086,215.63491277,11.35308600,215.83406562,11.30902951,215.83406562,11.30895292,215.64028953,11.35589189
Tromso,69.65,18.96,10.0,2015-12-31T23:59:59,2457388.499988426,dso_m8_lagoon,NEBULA,270.920000,-24.380000,6.0,100.087167452,100.086835163,100.086951151,100.086618981,34.87499728,-41.83023278,34.87499728,-41.73853067,34.87499728,-41.74029517,35.16047346,-41.78688630,35.16047346,-41.78688630,34.86700689,-41.83156525
Tromso,69.65,18.96,10.0,2015-12-31T23:59:59,2457388.499988426,dso_eta_carinae_nebula,NEBULA,161.260000,-59.870000,1.0,100.087167452,100.086835163,100.086951151,100.086618981,152.48085076,-43.07348634,152.48085076,-42.98661598,152.48085076,-42.98825870,152.55279716,-42.97036804,152.55279716,-42.97036804,152.48609528,-43.07673368
CapeTown,-33.93,18.42,25.0,2026-07-15T02:30:00,2461236.604166667,star_cma_sirius,STAR,101.287000,-16.716000,-1.46,330.464800514,330.464763424,330.467131930,330.467094524,116.74546969,-8.37970852,116.74546969,-8.19922655,116.74546969,-8.20455033,116.54581618,-8.17929974,116.54581618,-8.17929974,116.74997584,-8.38321907
CapeTown,-33.93,18.42,25.0,2026-07-15T02:30:00,2461236.604166667,star_cma_adhara,STAR,104.656000,-28.972000,1.5,330.464800514,330.464763424,330.467131930,330.467094524,128.11423799,-2.73492640,128.11423799,-2.55056194,128.11423799,-2.55610010,127.93931715,-2.59072265,127.93931715,-2.59072265,128.11885211,-2.73830534
CapeTown,-33.93,18.42,25.0,2026-07-15T02:30:00,2461236.604166667,star_cma_wezen,STAR,107.098000,-26.393000,1.83,330.464800514,330.464763424,330.467131930,330.467094524,127.66915593,-6.07094966,127.66915593,-5.88850102,127.66915593,-5.89393503,127.47679940,-5.92438045,127.47679940,-5.92438045,127.67378830,-6.07433607
CapeTown,-33.93,18.42,25.0,2026-07-15T02:30:00,2461236.604166667,star_cma_mirzam,STAR,95.675000,-17.956000,1.98,330.464800514,330.464763424,330.467131930,330.467094524,114.36818599,-3.41552555,114.36818599,-3.23146433,114.36818599,-3.23698668,114.19219000,-3.20428425,114.19219000,-3.20428425,114.37259788,-3.41897430
CapeTown,-33.93,18.42,25.0,2026-07-15T02:30:00,2461236.604166667,star_cmi_procyon,STAR,114.825000,5.225000,0.34,330.464800514,330.464763424,330.467131930,330.467094524,107.57729778,-32.63660113,107.57729778,-32.51071617,107.57729778,-32.51363941,107.27068770,-32.39667688,107.27068770,-32.39667688,107.58228531,-32.64045393
CapeTown,-33.93,18.42,25.0,2026-07-15T02:30:00,2461236.604166667,star_car_canopus,STAR,95.987000,-52.695000,-0.74,330.464800514,330.464763424,330.467131930,330.467094524,142.72490772,17.16187154,142.72490772,17.21328565,142.72490772,17.21246757,142.66550730,17.27772838,142.66550730,17.27760236,142.72965805,17.21128507
CapeTown,-33.93,18.42,25.0,2026-07-15T02:30:00,2461236.604166667,star_car_miaplacidus,STAR,138.300000,-69.720000,1.67,330.464800514,330.464763424,330.467131930,330.467094524,169.49515964,16.11397963,169.49515964,16.16882500,169.49515964,16.16795072,169.42639040,16.07852578,169.42639040,16.07839020,169.49901261,16.16637770
CapeTown,-33.93,18.42,25.0,2026-07-15T02:30:00,2461236.604166667,star_cen_rigil_kent,STAR,219.900000,-60.833000,-0.01,330.464800514,330.464763424,330.467131930,330.467094524,203.03630445,13.72944427,203.03630445,13.79386859,203.03630445,13.79283555,202.92572372,13.54064342,202.92572372,13.54048258,203.03795661,13.79136532
CapeTown,-33.93,18.42,25.0,2026-07-15T02:30:00,2461236.604166667,star_cen_hadar,STAR,210.956000,-60.373000,0.61,330.464800514,330.464763424,330.467131930,330.467094524,199.80047069,10.65430183,199.80047069,10.73664679,199.80047069,10.73530734,199.68034061,10.49710816,199.68034061,10.49690286,199.80234481,10.73488192
CapeTown,-33.93,18.42,25.0,2026-07-15T02:30:00,2461236.604166667,star_lyr_vega,STAR,279.234000,38.783000,0.03,330.464800514,330.464763424,330.467131930,330.467094524,312.68536271,-7.03913781,312.68536271,-6.85744920,312.68536271,-6.86284068,312.55414661,-7.16565595,312.55414661,-7.16565595,312.68094669,-7.04256116
CapeTown,-33.93,18.42,25.0,2026-07-15T02:30:00,2461236.604166667,star_cyg_deneb,STAR,310.358000,45.280000,1.25,330.464800514,330.464763424,330.467131930,330.467094524,334.14321226,3.45019283,334.14321226,3.63407124,334.14321226,3.62975496,333.95343903,3.65195766,333.95343903,3.65146357,334.13914876,3.66452754
CapeTown,-33.93,18.42,25.0,2026-07-15T02:30:00,2461236.604166667,star_cyg_sadr,STAR,305.557000,40.260000,2.23,330.464800514,330.464763424,330.467131930,330.467094524,328.44860412,5.76814713,328.44860412,5.90757962,328.44860412,5.90509460,328.24532197,5.87374199,328.24532197,5.87339892,328.44438043,5.91149014
CapeTown,-33.93,18.42,25.0,2026-07-15T02:30:00,2461236.604166667,star_cyg_albireo,STAR,292.680000,27.960000,3.05,330.464800514,330.464763424,330.467131930,330.467094524,312.31488417,8.51884990,312.31488417,8.61997364,312.31488417,8.61829438,312.09880068,8.49412207,312.09880068,8.49387267,312.31045502,8.61971355
CapeTown,-33.93,18.42,25.0,2026-07-15T02:30:00,2461236.604166667,star_aql_altair,STAR,297.696000,8.868000,0.76,330.464800514,330.464763424,330.467131930,330.467094524,301.89852359,25.50736656,301.89852359,25.54092817,301.89852359,25.54039812,301.59408308,25.35922871,301.59408308,25.35914508,301.89374663,25.53846468
CapeTown,-33.93,18.42,25.0,2026-07-15T02:30:00,2461236.604166667,star_ori_betelgeuse,STAR,88.793000,7.407000,0.5,330.464800514,330.464763424,330.467131930,330.467094524,89.50490161,-12.62652593,89.50490161,-12.45107835,89.50490161,-12.45612444,89.31133118,-12.32782801,89.31133118,-12.32782801,89.50841778,-12.63049863
CapeTown,-33.93,18.42,25.0,2026-07-15T02:30:00,2461236.604166667,star_ori_rigel,STAR,78.634000,-8.202000,0.13,330.464800514,330.464763424,330.467131930,330.467094524,96.82776604,4.49713849,96.82776604,4.66151832,96.82776604,4.65830974,96.68058867,4.94042454,96.68058867,4.94003014,96.83156313,4.67309384
CapeTown,-33.93,18.42,25.0,2026-07-15T02:30:00,2461236.604166667,star_ori_bellatrix,STAR,81.283000,6.350000,1.64,330.464800514,330.464763424,330.467131930,330.467094524,86.22408333,-5.82749327,86.22408333,-5.64486809,86.22408333,-5.65031194,86.04936846,-5.52088743,86.04936846,-5.52088743,86.22734961,-5.83119298
CapeTown,-33.93,18.42,25.0,2026-07-15T02:30:00,2461236.604166667,star_ori_saiph,STAR,86.939000,-9.670000,2.07,330.464800514,330.464763424,330.467131930,330.467094524,102.66934683,-1.45111928,102.66934683,-1.26630396,102.66934683,-1.27186420,102.50302058,-0.52416269,102.50302058,-0.52576486,102.67338314,-1.45455272
CapeTown,-33.93,18.42,25.0,2026-07-15T02:30:00,2461236.604166667,star_ori_alnitak,STAR,85.190000,-1.940000,1.77,330.464800514,330.464763424,330.467131930,330.467094524,95.31339197,-4.42013948,95.31339197,-4.23660760,95.31339197,-4.24210149,95.13865680,-4.13704711,95.13865680,-4.13704711,95.31712328,-4.42372052
CapeTown,-33.93,18.42,25.0,2026-07-15T02:30:00,2461236.604166667,star_ori_alnilam,STAR,84.530000,-1.200000,1.69,330.464800514,330.464763424,330.467131930,330.467094524,94.32738114,-4.29295605,94.32738114,-4.10935175,94.32738114,-4.11484958,94.15334715,-4.00694051,94.15334715,-4.00694051,94.33106466,-4.29653686
CapeTown,-33.93,18.42,25.0,2026-07-15T02:30:00,2461236.604166667,star_ori_mintaka,STAR,84.050000,-0.300000,2.23,330.464800514,330.464763424,330.467131930,330.467094524,93.31046669,-4.40292524,93.31046669,-4.21938346,93.31046669,-4.22487789,93.13644963,-4.11399416,93.13644963,-4.11399416,93.31410112,-4.40651628
CapeTown,-33.93,18.42,25.0,2026-07-15T02:30:00,2461236.604166667,star_tau_aldebaran,STAR,68.980000,16.509000,0.85,330.464800514,330.464763424,330.467131930,330.467094524,71.02092932,-1.57477505,71.02092932,-1.38999628,71.02092932,-1.39555484,70.85668845,-0.56982645,70.85668845,-0.57144801,71.02321951,-1.57828005
CapeTown,-33.93,18.42,25.0,2026-07-15T02:30:00,2461236.604166667,star_tau_elnath,STAR,81.573000,28.608000,1.65,330.464800514,330.464763424,330.467131930,330.467094524,67.05383228,-17.87127772,67.05383228,-17.70469059,67.05383228,-17.70927904,66.88524210,-17.54164830,66.88524210,-17.54164830,67.05595286,-17.87576864
CapeTown,-33.93,18.42,25.0,2026-07-15T02:30:00,2461236.604166667,star_aur_capella,STAR,79.172000,45.998000,0.08,330.464800514,330.464763424,330.467131930,330.467094524,49.55098989,-24.17045399,49.55098989,-24.01848872,49.55098989,-24.02240685,49.42406473,-23.85186772,49.42406473,-23.85186772,49.55175900,-24.17539614
CapeTown,-33.93,18.42,25.0,2026-07-15T02:30:00,2461236.604166667,star_umi_polaris,STAR,37.954000,89.264000,1.98,330.464800514,330.464763424,330.467131930,330.467094524,0.63699031,-33.59020760,0.63699031,-33.46765213,0.63699031,-33.47046285,0.66637482,-33.44599221,0.66637482,-33.44599221,0.63353876,-33.59494134
CapeTown,-33.93,18.42,25.0,2026-07-15T02:30:00,2461236.604166667,star_uma_dubhe,STAR,165.932000,61.751000,1.79,330.464800514,330.464763424,330.467131930,330.467094524,2.60511054,-62.27032830,2.60511054,-62.24870292,2.60511054,-62.24905342,2.99054244,-62.11495895,2.99054244,-62.11495895,2.59910778,-62.27501521
CapeTown,-33.93,18.42,25.0,2026-07-15T02:30:00,2461236.604166667,star_uma_merak,STAR,165.460000,56.380000,2.37,330.464800514,330.464763424,330.467131930,330.467094524,4.42264332,-67.59207472,4.42264332,-67.58163003,4.42264332,-67.58179172,4.94646785,-67.42705445,4.94646785,-67.42705445,4.41558713,-67.59669329
CapeTown,-33.93,18.42,25.0,2026-07-15T02:30:00,2461236.604166667,star_uma_alioth,STAR,193.507000,55.960000,1.77,330.464800514,330.464763424,330.467131930,330.467094524,329.51631245,-62.19371370,329.51631245,-62.17189912,329.51631245,-62.17225295,329.97444308,-62.22258659,329.97444308,-62.22258659,329.50722259,-62.19652617
CapeTown,-33.93,18.42,25.0,2026-07-15T02:30:00,2461236.604166667,star_uma_mizar,STAR,206.884000,54.920000,2.23,330.464800514,330.464763424,330.467131930,330.467094524,319.98888366,-56.27994661,319.98888366,-56.24132414,319.98888366,-56.24198957,320.30235748,-56.36369026,320.30235748,-56.36369026,319.98096216,-56.28238292
CapeTown,-33.93,18.42,25.0,2026-07-15T02:30:00,2461236.604166667,star_uma_alkaid,STAR,209.800000,49.310000,1.85,330.464800514,330.464763424,330.467131930,330.467094524,309.38992724,-56.16715632,309.38992724,-56.12817432,309.38992724,-56.12884677,309.67108747,-56.30859444,309.67108747,-56.30859444,309.38195435,-56.16890576
CapeTown,-33.93,18.42,25.0,2026-07-15T02:30:00,2461236.604166667,star_cas_schedar,STAR,9.880000,59.150000,2.24,330.464800514,330.464763424,330.467131930,330.467094524,10.76724373,-4.89702861,10.76724373,-4.71378230,10.76724373,-4.71926055,10.62203472,-4.70187843,10.62203472,-4.70187843,10.76500845,-4.90077965
CapeTown,-33.93,18.42,25.0,2026-07-15T02:30:00,2461236.604166667,star_cas_caph,STAR,1.150000,59.150000,2.28,330.464800514,330.464763424,330.467131930,330.467094524,6.41513227,-3.81141567,6.41513227,-3.62755138,6.41513227,-3.63306325,6.26549841,-3.63718193,6.26549841,-3.63718193,6.41261446,-3.81508846
CapeTown,-33.93,18.42,25.0,2026-07-15T02:30:00,2461236.604166667,star_per_mirfak,STAR,51.080000,49.860000,1.79,330.464800514,330.464763424,330.467131930,330.467094524,35.54370274,-10.49529586,35.54370274,-10.31708848,35.54370274,-10.32228549,35.40711075,-10.20615641,35.40711075,-10.20615641,35.54329754,-10.49947496
CapeTown,-33.93,18.42,25.0,2026-07-15T02:30:00,2461236.604166667,star_per_algol,STAR,47.040000,40.960000,2.12,330.464800514,330.464763424,330.467131930,330.467094524,40.09283290,-2.32381302,40.09283290,-2.13928697,40.09283290,-2.14483331,39.93242923,-2.02229029,39.93242923,-2.02229029,40.09278702,-2.32741132
CapeTown,-33.93,18.42,25.0,2026-07-15T02:30:00,2461236.604166667,star_boo_arcturus,STAR,213.915000,19.182000,-0.05,330.464800514,330.464763424,330.467131930,330.467094524,261.55183809,-47.17922428,261.55183809,-47.10823712,261.55183809,-47.10959957,261.49016378,-47.49836007,261.49016378,-47.49836007,261.54772217,-47.17900121
CapeTown,-33.93,18.42,25.0,2026-07-15T02:30:00,2461236.604166667,star_vir_spica,STAR,201.298000,-11.161000,0.98,330.464800514,330.464763424,330.467131930,330.467094524,220.43097130,-35.08678242,220.43097130,-34.96958010,220.43097130,-34.97221568,220.16989779,-35.39277678,220.16989779,-35.39277678,220.43123696,-35.08697045
CapeTown,-33.93,18.42,25.0,2026-07-15T02:30:00,2461236.604166667,star_sco_antares,STAR,247.352000,-26.432000,0.96,330.464800514,330.464763424,330.467131930,330.467094524,242.02435837,6.07105748,242.02435837,6.20521558,242.02435837,6.20285558,241.85875440,5.87600339,241.85875440,5.87566043,242.02295083,6.20770955
CapeTown,-33.93,18.42,25.0,2026-07-15T02:30:00,2461236.604166667,star_sco_shaula,STAR,262.690000,-37.030000,1.62,330.464800514,330.464763424,330.467131930,330.467094524,239.60651312,22.67722835,239.60651312,22.71548091,239.60651312,22.71487579,239.45094052,22.37907163,239.45094052,22.37897563,239.60519454,22.71180377
CapeTown,-33.93,18.42,25.0,2026-07-15T02:30:00,2461236.604166667,star_leo_regulus,STAR,152.093000,11.967000,1.36,330.464800514,330.464763424,330.467131930,330.467094524,141.93716869,-63.30060910,141.93716869,-63.28145183,141.93716869,-63.28175939,141.13368432,-63.22805659,141.13368432,-63.22805659,141.94716545,-63.30141943
CapeTown,-33.93,18.42,25.0,2026-07-15T02:30:00,2461236.604166667,star_gem_pollux,STAR,116.329000,28.026000,1.14,330.464800514,330.464763424,330.467131930,330.467094524,82.92637284,-45.34854512,82.92637284,-45.27051063,82.92637284,-45.27204370,82.65782167,-45.03627192,82.65782167,-45.03627192,82.93072720,-45.35333645
CapeTown,-33.93,18.42,25.0,2026-07-15T02:30:00,2461236.604166667,star_gem_castor,STAR,113.650000,31.888000,1.58,330.464800514,330.464763424,330.467131930,330.467094524,76.68418989,-44.47322163,76.68418989,-44.39179303,76.68418989,-44.39341096,76.45245116,-44.15148071,76.45245116,-44.15148071,76.68793303,-44.47823488
CapeTown,-33.93,18.42,25.0,2026-07-15T02:30:00,2461236.604166667,star_psa_fomalhaut,STAR,344.413000,-29.622000,1.17,330.464800514,330.464763424,330.467131930,330.467094524,320.80354824,84.34185383,320.80354824,84.34345012,320.80354824,84.34342504,317.35861550,84.25633441,317.35861550,84.25633044,320.75857581,84.34376947
CapeTown,-33.93,18.42,25.0,2026-07-15T02:30:00,2461236.604166667,star_eri_achernar,STAR,24.429000,-57.237000,0.45,330.464800514,330.464763424,330.467131930,330.467094524,144.81685854,56.53807776,144.81685854,56.54872018,144.81685854,56.54855291,145.15942161,56.59998776,145.15942161,56.59996142,144.82494149,56.54639004
CapeTown,-33.93,18.42,25.0,2026-07-15T02:30:00,2461236.604166667,dso_m31_andromeda,GALAXY,10.684000,41.269000,3.44,330.464800514,330.464763424,330.467131930,330.467094524,16.80950028,11.95028662,16.80950028,12.02408248,16.80950028,12.02289096,16.58937006,12.24766089,16.58937006,12.24748358,16.80763884,12.02360590
CapeTown,-33.93,18.42,25.0,2026-07-15T02:30:00,2461236.604166667,dso_lmc,GALAXY,80.894000,-69.756000,0.9,330.464800514,330.464763424,330.467131930,330.467094524,156.19231077,30.92247605,156.19231077,30.94926868,156.19231077,30.94884636,156.23184306,30.93462986,156.23184306,30.93456349,156.19722867,30.94625743
CapeTown,-33.93,18.42,25.0,2026-07-15T02:30:00,2461236.604166667,dso_smc,GALAXY,14.766000,-72.801000,2.7,330.464800514,330.464763424,330.467131930,330.467094524,168.45725755,49.02153197,168.45725755,49.03551256,168.45725755,49.03529273,168.66984093,48.94888541,168.66984093,48.94885063,168.46293088,49.03173949
CapeTown,-33.93,18.42,25.0,2026-07-15T02:30:00,2461236.604166667,dso_m33_triangulum,GALAXY,23.462000,30.660000,5.72,330.464800514,330.464763424,330.467131930,330.467094524,31.03740267,17.36241670,31.03740267,17.41321776,31.03740267,17.41240969,30.81314897,17.69139648,30.81314897,17.69127348,31.03659579,17.41270009
CapeTown,-33.93,18.42,25.0,2026-07-15T02:30:00,2461236.604166667,dso_m45_pleiades,STAR_CLUSTER,56.871000,24.105000,1.6,330.464800514,330.464763424,330.467131930,330.467094524,58.11376064,2.87775294,58.11376064,3.06309231,58.11376064,3.05756801,57.94763566,3.42269412,57.94763566,3.42217724,58.11511245,3.12034340
CapeTown,-33.93,18.42,25.0,2026-07-15T02:30:00,2461236.604166667,dso_hyades,STAR_CLUSTER,66.750000,15.870000,0.5,330.464800514,330.464763424,330.467131930,330.467094524,70.29725235,0.53951969,70.29725235,0.72472246,70.29725235,0.71914814,70.13435503,1.23908862,70.13435503,1.23820079,70.29949026,1.00938814
CapeTown,-33.93,18.42,25.0,2026-07-15T02:30:00,2461236.604166667,dso_m44_beehive,STAR_CLUSTER,130.100000,19.670000,3.7,330.464800514,330.464763424,330.467131930,330.467094524,102.90167941,-53.09263003,102.90167941,-53.04337438,102.90167941,-53.04425411,102.46693447,-52.83453442,102.46693447,-52.83453442,102.90836388,-53.09640236
CapeTown,-33.93,18.42,25.0,2026-07-15T02:30:00,2461236.604166667,dso_double_cluster,STAR_CLUSTER,34.740000,57.130000,3.7,330.464800514,330.464763424,330.467131930,330.467094524,23.34910623,-9.17530982,23.34910623,-8.99562961,23.34910623,-9.00090853,23.21710753,-8.92663608,23.21710753,-8.92663608,23.34775674,-9.17937449
CapeTown,-33.93,18.42,25.0,2026-07-15T02:30:00,2461236.604166667,dso_coma_cluster,STAR_CLUSTER,185.600000,26.100000,1.8,330.464800514,330.464763424,330.467131930,330.467094524,246.12120391,-73.24579719,246.12120391,-73.24293157,246.12120391,-73.24297423,245.98537589,-73.57718099,245.98537589,-73.57718099,246.11486664,-73.24284483
CapeTown,-33.93,18.42,25.0,2026-07-15T02:30:00,2461236.604166667,dso_omega_centauri,GLOBULAR_CLUSTER,201.700000,-47.470000,3.9,330.464800514,330.464763424,330.467131930,330.467094524,201.70598533,-3.19300582,201.70598533,-3.00884055,201.70598533,-3.01436838,201.52899046,-3.44241431,201.52899046,-3.44241431,201.70768449,-3.19614610
CapeTown,-33.93,18.42,25.0,2026-07-15T02:30:00,2461236.604166667,dso_47_tucanae,GLOBULAR_CLUSTER,6.020000,-72.080000,4.1,330.464800514,330.464763424,330.467131930,330.467094524,171.52030607,50.91565297,171.52030607,50.92872748,171.52030607,50.92852193,171.75257923,50.82470403,171.75257923,50.82467149,171.52597172,50.92480756
CapeTown,-33.93,18.42,25.0,2026-07-15T02:30:00,2461236.604166667,dso_m13_hercules,GLOBULAR_CLUSTER,250.420000,36.460000,5.8,330.464800514,330.464763424,330.467131930,330.467094524,298.26559868,-25.26602488,298.26559868,-25.11704027,298.26559868,-25.12083299,298.22367945,-25.46513862,298.22367945,-25.46513862,298.26087954,-25.26867602
CapeTown,-33.93,18.42,25.0,2026-07-15T02:30:00,2461236.604166667,dso_m42_orion_nebula,NEBULA,83.822000,-5.391000,4.0,330.464800514,330.464763424,330.467131930,330.467094524,97.39140009,-1.34357309,97.39140009,-1.15872716,97.39140009,-1.16428879,97.22580228,-0.41845212,97.22580228,-0.42000675,97.39521551,-1.34701372
CapeTown,-33.93,18.42,25.0,2026-07-15T02:30:00,2461236.604166667,dso_m8_lagoon,NEBULA,270.920000,-24.380000,6.0,330.464800514,330.464763424,330.467131930,330.467094524,255.32642574,23.16053553,255.32642574,23.19791269,255.32642574,23.19732161,255.13119850,22.86667570,255.13119850,22.86658193,255.32389043,23.19438516
CapeTown,-33.93,18.42,25.0,2026-07-15T02:30:00,2461236.604166667,dso_eta_carinae_nebula,NEBULA,161.260000,-59.870000,1.0,330.464800514,330.464763424,330.467131930,330.467094524,176.31066075,4.14068647,176.31066075,4.31241315,176.31066075,4.30890892,176.17054679,4.19789117,176.17054679,4.19744450,176.31402406,4.32785606
Honolulu,21.31,-157.86,5.0,2026-07-15T02:30:00,2461236.604166667,star_cma_sirius,STAR,101.287000,-16.716000,-1.46,330.464800514,330.464763424,330.467131930,330.467094524,247.15486859,10.68210399,247.15486859,10.76424667,247.15486859,10.76306423,247.30483119,10.52769902,247.30483119,10.52765804,247.15131662,10.77089414
Honolulu,21.31,-157.86,5.0,2026-07-15T02:30:00,2461236.604166667,star_cma_adhara,STAR,104.656000,-28.972000,1.5,330.464800514,330.464763424,330.467131930,330.467094524,234.72390206,7.64348797,234.72390206,7.75467522,234.72390206,7.75300814,234.86572277,7.58083247,234.86572277,7.58077723,234.72016507,7.76262353
Honolulu,21.31,-157.86,5.0,2026-07-15T02:30:00,2461236.604166667,star_cma_wezen,STAR,107.098000,-26.393000,1.83,330.464800514,330.464763424,330.467131930,330.467094524,235.87805157,10.81027165,235.87805157,10.89149344,235.87805157,10.89032541,236.03662663,10.71032632,236.03662663,10.71028600,235.87429380,10.89797864
Honolulu,21.31,-157.86,5.0,2026-07-15T02:30:00,2461236.604166667,star_cma_mirzam,STAR,95.675000,-17.956000,1.98,330.464800514,330.464763424,330.467131930,330.467094524,248.35644712,5.31398395,248.35644712,5.46186064,248.35644712,5.45942829,248.48095375,5.22606224,248.48095375,5.22598674,248.35297157,5.47503092
Honolulu,21.31,-157.86,5.0,2026-07-15T02:30:00,2461236.604166667,star_cmi_procyon,STAR,114.825000,5.225000,0.34,330.464800514,330.464763424,330.467131930,330.467094524,262.46948159,32.15165062,262.46948159,32.17719343,262.46948159,32.17683919,262.68817065,31.87821016,262.68817065,31.87819735,262.46593830,32.18270336
Honolulu,21.31,-157.86,5.0,2026-07-15T02:30:00,2461236.604166667,star_car_canopus,STAR,95.987000,-52.695000,-0.74,330.464800514,330.464763424,330.467131930,330.467094524,216.62092029,-9.04204711,216.62092029,-8.86222813,216.62092029,-8.86719720,216.66587937,-9.11461391,216.66587937,-9.11461391,216.61716603,-9.03781420
Honolulu,21.31,-157.86,5.0,2026-07-15T02:30:00,2461236.604166667,star_car_miaplacidus,STAR,138.300000,-69.720000,1.67,330.464800514,330.464763424,330.467131930,330.467094524,191.22189042,-4.33752429,191.22189042,-4.15394519,191.22189042,-4.15911783,191.29716124,-4.25255934,191.29716124,-4.25255934,191.21874827,-4.33318951
Honolulu,21.31,-157.86,5.0,2026-07-15T02:30:00,2461236.604166667,star_cen_rigil_kent,STAR,219.900000,-60.833000,-0.01,330.464800514,330.464763424,330.467131930,330.467094524,158.91385301,-0.79659759,158.91385301,-0.61161312,158.91385301,-0.61685458,159.01395980,0.02202747,159.01395980,0.02175884,158.91226759,-0.01856465
Honolulu,21.31,-157.86,5.0,2026-07-15T02:30:00,2461236.604166667,star_cen_hadar,STAR,210.956000,-60.373000,0.61,330.464800514,330.464763424,330.467131930,330.467094524,162.00505308,2.35076424,162.00505308,2.53599077,162.00505308,2.53075153,162.11937963,2.83930089,162.11937963,2.83918388,162.00328972,2.63232392
Honolulu,21.31,-157.86,5.0,2026-07-15T02:30:00,2461236.604166667,star_lyr_vega,STAR,279.234000,38.783000,0.03,330.464800514,330.464763424,330.467131930,330.467094524,48.23581318,0.98622639,48.23581318,1.17146415,48.23581318,1.16621658,48.33785734,1.48079482,48.33785734,1.48062950,48.23931414,1.39717923
Honolulu,21.31,-157.86,5.0,2026-07-15T02:30:00,2461236.604166667,star_cyg_deneb,STAR,310.358000,45.280000,1.25,330.464800514,330.464763424,330.467131930,330.467094524,28.87228532,-13.15494817,28.87228532,-12.98025890,28.87228532,-12.98495519,29.06368381,-13.12165410,29.06368381,-13.12165410,28.87573453,-13.15104843
Honolulu,21.31,-157.86,5.0,2026-07-15T02:30:00,2461236.604166667,star_cyg_sadr,STAR,305.557000,40.260000,2.23,330.464800514,330.464763424,330.467131930,330.467094524,35.02771708,-14.52229143,35.02771708,-14.34970286,35.02771708,-14.35429125,35.22679096,-14.45081016,35.22679096,-14.45081016,35.03127845,-14.51834624
Honolulu,21.31,-157.86,5.0,2026-07-15T02:30:00,2461236.604166667,star_cyg_albireo,STAR,292.680000,27.960000,3.05,330.464800514,330.464763424,330.467131930,330.467094524,51.79106128,-14.17256835,51.79106128,-13.99942338,51.79106128,-14.00404012,51.97891583,-14.00224354,51.97891583,-14.00224354,51.79464930,-14.16836058
Honolulu,21.31,-157.86,5.0,2026-07-15T02:30:00,2461236.604166667,star_aql_altair,STAR,297.696000,8.868000,0.76,330.464800514,330.464763424,330.467131930,330.467094524,66.33839156,-28.48190584,66.33839156,-28.34237820,66.33839156,-28.34554673,66.58996848,-28.23689041,66.58996848,-28.23689041,66.34210316,-28.47756439
Honolulu,21.31,-157.86,5.0,2026-07-15T02:30:00,2461236.604166667,star_ori_betelgeuse,STAR,88.793000,7.407000,0.5,330.464800514,330.464763424,330.467131930,330.467094524,274.59217285,8.75123844,274.59217285,8.84995716,274.59217285,8.84850619,274.71243418,8.52205163,274.71243418,8.52200186,274.58965693,8.85748849
Honolulu,21.31,-157.86,5.0,2026-07-15T02:30:00,2461236.604166667,star_ori_rigel,STAR,78.634000,-8.202000,0.13,330.464800514,330.464763424,330.467131930,330.467094524,263.67770846,-6.34148728,263.67770846,-6.15924167,263.67770846,-6.16434272,263.75862766,-6.64609314,263.75862766,-6.64609314,263.67473087,-6.33753966
Honolulu,21.31,-157.86,5.0,2026-07-15T02:30:00,2461236.604166667,star_ori_bellatrix,STAR,81.283000,6.350000,1.64,330.464800514,330.464763424,330.467131930,330.467094524,276.29172334,1.41373043,276.29172334,1.59898383,276.29172334,1.59373766,276.39633866,1.42706689,276.39633866,1.42689894,276.28932041,1.77482372
Honolulu,21.31,-157.86,5.0,2026-07-15T02:30:00,2461236.604166667,star_ori_saiph,STAR,86.939000,-9.670000,2.07,330.464800514,330.464763424,330.467131930,330.467094524,259.31938080,0.76666237,259.31938080,0.95188532,259.31938080,0.94663747,259.42310339,0.89059600,259.42310339,0.89039752,259.31625384,1.20781968
Honolulu,21.31,-157.86,5.0,2026-07-15T02:30:00,2461236.604166667,star_ori_alnitak,STAR,85.190000,-1.940000,1.77,330.464800514,330.464763424,330.467131930,330.467094524,267.14583444,2.01420696,267.14583444,2.19945281,267.14583444,2.19421047,267.25291925,1.99809750,267.25291925,1.99795419,267.14301069,2.32064993
Honolulu,21.31,-157.86,5.0,2026-07-15T02:30:00,2461236.604166667,star_ori_alnilam,STAR,84.530000,-1.200000,1.69,330.464800514,330.464763424,330.467131930,330.467094524,268.07678010,1.67211471,268.07678010,1.85736909,268.07678010,1.85212430,268.18278977,1.68018994,268.18278977,1.68003376,268.07399679,2.00777086
Honolulu,21.31,-157.86,5.0,2026-07-15T02:30:00,2461236.604166667,star_ori_mintaka,STAR,84.050000,-0.300000,2.23,330.464800514,330.464763424,330.467131930,330.467094524,269.09040181,1.55525642,269.09040181,1.74051115,269.09040181,1.73526569,269.19599053,1.57080274,269.19599053,1.57064166,269.08766279,1.90202083
Honolulu,21.31,-157.86,5.0,2026-07-15T02:30:00,2461236.604166667,star_tau_aldebaran,STAR,68.980000,16.509000,0.85,330.464800514,330.464763424,330.467131930,330.467094524,290.31580530,-5.79890732,290.31580530,-5.61626179,290.31580530,-5.62138449,290.41621853,-6.15247449,290.41621853,-6.15247449,290.31415012,-5.79502580
Honolulu,21.31,-157.86,5.0,2026-07-15T02:30:00,2461236.604166667,star_tau_elnath,STAR,81.573000,28.608000,1.65,330.464800514,330.464763424,330.467131930,330.467094524,297.13685753,9.51625201,297.13685753,9.60773310,297.13685753,9.60640163,297.23720097,9.25936631,297.23720097,9.25932015,297.13558890,9.61508277
Honolulu,21.31,-157.86,5.0,2026-07-15T02:30:00,2461236.604166667,star_aur_capella,STAR,79.172000,45.998000,0.08,330.464800514,330.464763424,330.467131930,330.467094524,314.58469745,13.19456126,314.58469745,13.26156380,314.58469745,13.26061320,314.66029802,12.93377198,314.66029802,12.93373831,314.58452934,13.26833617
Honolulu,21.31,-157.86,5.0,2026-07-15T02:30:00,2461236.604166667,star_umi_polaris,STAR,37.954000,89.264000,1.98,330.464800514,330.464763424,330.467131930,330.467094524,359.45672241,20.93726993,359.45672241,20.97898081,359.45672241,20.97839873,359.43996237,20.83503748,359.43996237,20.83501673,359.45931240,20.98506905
Honolulu,21.31,-157.86,5.0,2026-07-15T02:30:00,2461236.604166667,star_uma_dubhe,STAR,165.932000,61.751000,1.79,330.464800514,330.464763424,330.467131930,330.467094524,355.41809502,49.46436246,355.41809502,49.47812669,355.41809502,49.47793629,355.16072440,49.31001185,355.16072440,49.31000498,355.42157907,49.48342052
Honolulu,21.31,-157.86,5.0,2026-07-15T02:30:00,2461236.604166667,star_uma_merak,STAR,165.460000,56.380000,2.37,330.464800514,330.464763424,330.467131930,330.467094524,353.50617943,54.71159452,353.50617943,54.72298959,353.50617943,54.72283202,353.18166767,54.54415970,353.18166767,54.54415401,353.50995099,54.72812373
Honolulu,21.31,-157.86,5.0,2026-07-15T02:30:00,2461236.604166667,star_uma_alioth,STAR,193.507000,55.960000,1.77,330.464800514,330.464763424,330.467131930,330.467094524,19.28696433,52.05786302,19.28696433,52.07041426,19.28696433,52.07024067,18.93930528,52.04257911,18.93930528,52.04257287,19.29216639,52.07466428
Honolulu,21.31,-157.86,5.0,2026-07-15T02:30:00,2461236.604166667,star_uma_mizar,STAR,206.884000,54.920000,2.23,330.464800514,330.464763424,330.467131930,330.467094524,29.04003261,47.68478076,29.04003261,47.69943240,29.04003261,47.69922970,28.75722820,47.73249313,28.75722820,47.73248586,29.04510545,47.70348685
Honolulu,21.31,-157.86,5.0,2026-07-15T02:30:00,2461236.604166667,star_uma_alkaid,STAR,209.800000,49.310000,1.85,330.464800514,330.464763424,330.467131930,330.467094524,37.57978910,49.32721755,37.57978910,49.34104848,37.57978910,49.34085716,37.28322271,49.42624774,37.28322271,49.42624090,37.58520782,49.34460264
Honolulu,21.31,-157.86,5.0,2026-07-15T02:30:00,2461236.604166667,star_cas_schedar,STAR,9.880000,59.150000,2.24,330.464800514,330.464763424,330.467131930,330.467094524,350.99904932,-8.09810877,350.99904932,-7.91735836,350.99904932,-7.92237805,351.14885408,-8.29043811,351.14885408,-8.29043811,351.00107073,-8.09431691
Honolulu,21.31,-157.86,5.0,2026-07-15T02:30:00,2461236.604166667,star_cas_caph,STAR,1.150000,59.150000,2.28,330.464800514,330.464763424,330.467131930,330.467094524,355.41636814,-9.06351882,355.41636814,-8.88372207,355.41636814,-8.88868994,355.57379800,-9.23218344,355.57379800,-9.23218344,355.41861785,-9.05975957
Honolulu,21.31,-157.86,5.0,2026-07-15T02:30:00,2461236.604166667,star_per_mirfak,STAR,51.080000,49.860000,1.79,330.464800514,330.464763424,330.467131930,330.467094524,326.53077940,-1.77737935,326.53077940,-1.59266364,326.53077940,-1.59789356,326.64242489,-2.07600646,326.64242489,-2.07600646,326.53137005,-1.77324524
Honolulu,21.31,-157.86,5.0,2026-07-15T02:30:00,2461236.604166667,star_per_algol,STAR,47.040000,40.960000,2.12,330.464800514,330.464763424,330.467131930,330.467094524,321.29793925,-9.52979292,321.29793925,-9.35049069,321.29793925,-9.35543178,321.43068412,-9.84514476,321.43068412,-9.84514476,321.29820966,-9.52620325
Honolulu,21.31,-157.86,5.0,2026-07-15T02:30:00,2461236.604166667,star_boo_arcturus,STAR,213.915000,19.182000,-0.05,330.464800514,330.464763424,330.467131930,330.467094524,85.67656294,50.97888477,85.67656294,50.99192988,85.67656294,50.99174945,85.57239145,51.30750146,85.57239145,51.30749506,85.68085601,50.99315104
Honolulu,21.31,-157.86,5.0,2026-07-15T02:30:00,2461236.604166667,star_vir_spica,STAR,201.298000,-11.161000,0.98,330.464800514,330.464763424,330.467131930,330.467094524,136.06563934,46.67495189,136.06563934,46.69012950,136.06563934,46.68991950,136.31273615,47.02306505,136.31273615,47.02305761,136.06545016,46.69082590
Honolulu,21.31,-157.86,5.0,2026-07-15T02:30:00,2461236.604166667,star_sco_antares,STAR,247.352000,-26.432000,0.96,330.464800514,330.464763424,330.467131930,330.467094524,119.96942287,2.94926853,119.96942287,3.13536321,119.96942287,3.13036864,120.07683738,3.52113439,120.07683738,3.52103294,119.97025282,3.19481572
Honolulu,21.31,-157.86,5.0,2026-07-15T02:30:00,2461236.604166667,star_sco_shaula,STAR,262.690000,-37.030000,1.62,330.464800514,330.464763424,330.467131930,330.467094524,124.98945416,-13.06213879,124.98945416,-12.88731419,124.98945416,-12.89201751,125.07928930,-12.70527462,125.07928930,-12.70527462,124.98998390,-13.05724031
Honolulu,21.31,-157.86,5.0,2026-07-15T02:30:00,2461236.604166667,star_leo_regulus,STAR,152.093000,11.967000,1.36,330.464800514,330.464763424,330.467131930,330.467094524,247.05981410,68.51248174,247.05981410,68.51882302,247.05981410,68.51873537,247.81479491,68.27678825,247.81479491,68.27678507,247.05043256,68.52180368
Honolulu,21.31,-157.86,5.0,2026-07-15T02:30:00,2461236.604166667,star_gem_pollux,STAR,116.329000,28.026000,1.14,330.464800514,330.464763424,330.467131930,330.467094524,289.34906728,39.20377751,289.34906728,39.22348866,289.34906728,39.22321570,289.47604600,38.87275581,289.47604600,38.87274591,289.34686086,39.22942501
Honolulu,21.31,-157.86,5.0,2026-07-15T02:30:00,2461236.604166667,star_gem_castor,STAR,113.650000,31.888000,1.58,330.464800514,330.464763424,330.467131930,330.467094524,294.49550605,37.21520269,294.49550605,37.23636641,294.49550605,37.23607324,294.59702785,36.88451123,294.59702785,36.88450060,294.49373981,37.24243384
Honolulu,21.31,-157.86,5.0,2026-07-15T02:30:00,2461236.604166667,star_psa_fomalhaut,STAR,344.413000,-29.622000,1.17,330.464800514,330.464763424,330.467131930,330.467094524,140.73701696,-79.20665130,140.73701696,-79.20740518,140.73701696,-79.20739558,140.02504080,-78.88063007,140.02504080,-78.88063007,140.73493835,-79.20233684
Honolulu,21.31,-157.86,5.0,2026-07-15T02:30:00,2461236.604166667,star_eri_achernar,STAR,24.429000,-57.237000,0.45,330.464800514,330.464763424,330.467131930,330.467094524,205.13118993,-47.22075163,205.13118993,-47.14992321,205.13118993,-47.15115722,204.84354359,-47.22150506,204.84354359,-47.22150506,205.12606313,-47.21699595
Honolulu,21.31,-157.86,5.0,2026-07-15T02:30:00,2461236.604166667,dso_m31_andromeda,GALAXY,10.684000,41.269000,3.44,330.464800514,330.464763424,330.467131930,330.467094524,344.82539557,-24.98709419,344.82539557,-24.83733877,344.82539557,-24.84089772,345.06169796,-25.21159304,345.06169796,-25.21159304,344.82725384,-24.98457321
Honolulu,21.31,-157.86,5.0,2026-07-15T02:30:00,2461236.604166667,dso_lmc,GALAXY,80.894000,-69.756000,0.9,330.464800514,330.464763424,330.467131930,330.467094524,201.70592690,-20.54466381,201.70592690,-20.38375154,201.70592690,-20.38778279,201.67282196,-20.52412556,201.67282196,-20.52412556,201.70225337,-20.54022924
Honolulu,21.31,-157.86,5.0,2026-07-15T02:30:00,2461236.604166667,dso_smc,GALAXY,14.766000,-72.801000,2.7,330.464800514,330.464763424,330.467131930,330.467094524,188.19036685,-37.13852473,188.19036685,-37.02888170,188.19036685,-37.03108693,188.03111568,-37.03418390,188.03111568,-37.03418390,188.18661246,-37.13386949
Honolulu,21.31,-157.86,5.0,2026-07-15T02:30:00,2461236.604166667,dso_m33_triangulum,GALAXY,23.462000,30.660000,5.72,330.464800514,330.464763424,330.467131930,330.467094524,329.09032401,-29.88382051,329.09032401,-29.74872806,329.09032401,-29.75173819,329.31443300,-30.17559289,329.31443300,-30.17559289,329.09121273,-29.88189033
Honolulu,21.31,-157.86,5.0,2026-07-15T02:30:00,2461236.604166667,dso_m45_pleiades,STAR_CLUSTER,56.871000,24.105000,1.6,330.464800514,330.464763424,330.467131930,330.467094524,302.41943401,-12.40712105,302.41943401,-12.23136732,302.41943401,-12.23611917,302.53453365,-12.75834354,302.53453365,-12.75834354,302.41849390,-12.40374018
Honolulu,21.31,-157.86,5.0,2026-07-15T02:30:00,2461236.604166667,dso_hyades,STAR_CLUSTER,66.750000,15.870000,0.5,330.464800514,330.464763424,330.467131930,330.467094524,290.63481756,-8.01105313,290.63481756,-7.83022135,290.63481756,-7.83524547,290.73457399,-8.36489727,290.73457399,-8.36489727,290.63317472,-8.00731862
Honolulu,21.31,-157.86,5.0,2026-07-15T02:30:00,2461236.604166667,dso_m44_beehive,STAR_CLUSTER,130.100000,19.670000,3.7,330.464800514,330.464763424,330.467131930,330.467094524,275.26337814,50.60190603,275.26337814,50.61512722,275.26337814,50.61494435,275.50451241,50.28157337,275.50451241,50.28156673,275.25955685,50.62035684
Honolulu,21.31,-157.86,5.0,2026-07-15T02:30:00,2461236.604166667,dso_double_cluster,STAR_CLUSTER,34.740000,57.130000,3.7,330.464800514,330.464763424,330.467131930,330.467094524,338.47057619,-3.74625402,338.47057619,-3.56235627,338.47057619,-3.56754560,338.59342790,-3.99878548,338.59342790,-3.99878548,338.47189051,-3.74223280
Honolulu,21.31,-157.86,5.0,2026-07-15T02:30:00,2461236.604166667,dso_coma_cluster,STAR_CLUSTER,185.600000,26.100000,1.8,330.464800514,330.464763424,330.467131930,330.467094524,66.57940955,76.94565837,66.57940955,76.94939394,66.57940955,76.94934232,65.53610313,77.18792623,65.53610313,77.18792442,66.59435770,76.94916574
Honolulu,21.31,-157.86,5.0,2026-07-15T02:30:00,2461236.604166667,dso_omega_centauri,GLOBULAR_CLUSTER,201.700000,-47.470000,3.9,330.464800514,330.464763424,330.467131930,330.467094524,159.78486588,16.15542584,159.78486588,16.21012772,159.78486588,16.20935870,159.96257467,16.46436859,159.96257467,16.46434210,159.78316994,16.21474842
Honolulu,21.31,-157.86,5.0,2026-07-15T02:30:00,2461236.604166667,dso_47_tucanae,GLOBULAR_CLUSTER,6.020000,-72.080000,4.1,330.464800514,330.464763424,330.467131930,330.467094524,185.41459202,-38.77500512,185.41459202,-38.67153906,185.41459202,-38.67357156,185.24389290,-38.65402110,185.24389290,-38.65402110,185.41089496,-38.77028890
Honolulu,21.31,-157.86,5.0,2026-07-15T02:30:00,2461236.604166667,dso_m13_hercules,GLOBULAR_CLUSTER,250.420000,36.460000,5.8,330.464800514,330.464763424,330.467131930,330.467094524,57.97521409,21.76869363,57.97521409,21.80868839,57.97521409,21.80813071,57.96388586,22.01191214,57.96388586,22.01189258,57.97891104,21.81347005
Honolulu,21.31,-157.86,5.0,2026-07-15T02:30:00,2461236.604166667,dso_m42_orion_nebula,NEBULA,83.822000,-5.391000,4.0,330.464800514,330.464763424,330.467131930,330.467094524,264.43703583,-0.52278868,264.43703583,-0.33774559,264.43703583,-0.34298924,264.53662705,-0.22072494,264.53662705,-0.22101713,264.43410315,0.18099286
Honolulu,21.31,-157.86,5.0,2026-07-15T02:30:00,2461236.604166667,dso_m8_lagoon,NEBULA,270.920000,-24.380000,6.0,330.464800514,330.464763424,330.467131930,330.467094524,110.37256059,-16.18714775,110.37256059,-16.01738952,110.37256059,-16.02183632,110.48550267,-15.82471454,110.48550267,-15.82471454,110.37401437,-16.18219046
Honolulu,21.31,-157.86,5.0,2026-07-15T02:30:00,2461236.604166667,dso_eta_carinae_nebula,NEBULA,161.260000,-59.870000,1.0,330.464800514,330.464763424,330.467131930,330.467094524,185.57716592,8.17219790,185.57716592,8.27710825,185.57716592,8.27555176,185.72796270,8.39548008,185.72796270,8.39542963,185.57421600,8.28421260
Quito,0.0,-78.5,2850.0,2026-07-15T02:30:00,2461236.604166667,star_cma_sirius,STAR,101.287000,-16.716000,-1.46,330.464800514,330.464763424,330.467131930,330.467094524,238.66769691,-56.36000416,238.66769691,-56.32163609,238.66769691,-56.33093973,238.47965784,-56.62153106,238.47965784,-56.62153106,238.67033654,-56.35447925
Quito,0.0,-78.5,2850.0,2026-07-15T02:30:00,2461236.604166667,star_cma_adhara,STAR,104.656000,-28.972000,1.5,330.464800514,330.464763424,330.467131930,330.467094524,224.44531689,-47.21673174,224.44531689,-47.14588796,224.44531689,-47.16326691,224.28796906,-47.41656103,224.28796906,-47.41656103,224.44894455,-47.21154220
Quito,0.0,-78.5,2850.0,2026-07-15T02:30:00,2461236.604166667,star_cma_wezen,STAR,107.098000,-26.393000,1.83,330.464800514,330.464763424,330.467131930,330.467094524,229.36073519,-46.88137382,229.36073519,-46.80924635,229.36073519,-46.82694770,229.22625833,-47.10420244,229.22625833,-47.10420244,229.36385462,-46.87603986
Quito,0.0,-78.5,2850.0,2026-07-15T02:30:00,2461236.604166667,star_cma_mirzam,STAR,95.675000,-17.956000,1.98,330.464800514,330.464763424,330.467131930,330.467094524,231.43041216,-60.34460193,231.43041216,-60.31798925,231.43041216,-60.32441114,231.13125878,-60.57635473,231.13125878,-60.57635473,231.43443331,-60.33932108
Quito,0.0,-78.5,2850.0,2026-07-15T02:30:00,2461236.604166667,star_cmi_procyon,STAR,114.825000,5.225000,0.34,330.464800514,330.464763424,330.467131930,330.467094524,277.52125299,-46.54597745,277.52125299,-46.47256264,277.52125299,-46.49058753,277.65721196,-46.88612982,277.65721196,-46.88612982,277.51901696,-46.54046588
Quito,0.0,-78.5,2850.0,2026-07-15T02:30:00,2461236.604166667,star_car_canopus,STAR,95.987000,-52.695000,-0.74,330.464800514,330.464763424,330.467131930,330.467094524,197.31225537,-33.56111388,197.31225537,-33.43845585,197.31225537,-33.46902336,197.23118209,-33.61266788,197.23118209,-33.61266788,197.31693166,-33.55690819
Quito,0.0,-78.5,2850.0,2026-07-15T02:30:00,2461236.604166667,star_car_miaplacidus,STAR,138.300000,-69.720000,1.67,330.464800514,330.464763424,330.467131930,330.467094524,198.60054867,-7.93780285,198.60054867,-7.75690320,198.60054867,-7.80264026,198.69765999,-7.99786025,198.69765999,-7.99786025,198.60441929,-7.93391882
Quito,0.0,-78.5,2850.0,2026-07-15T02:30:00,2461236.604166667,star_cen_rigil_kent,STAR,219.900000,-60.833000,-0.01,330.464800514,330.464763424,330.467131930,330.467094524,196.20502345,24.44123283,196.20502345,24.47644459,196.20502345,24.46743273,196.50537353,24.42975134,196.50537353,24.42079356,196.20932683,24.47992151
Quito,0.0,-78.5,2850.0,2026-07-15T02:30:00,2461236.604166667,star_cen_hadar,STAR,210.956000,-60.373000,0.61,330.464800514,330.464763424,330.467131930,330.467094524,200.18398377,21.97390607,200.18398377,22.01349572,200.18398377,22.00336699,200.46484723,21.94344294,200.46484723,21.93336933,200.18804758,22.01712586
Quito,0.0,-78.5,2850.0,2026-07-15T02:30:00,2461236.604166667,star_lyr_vega,STAR,279.234000,38.783000,0.03,330.464800514,330.464763424,330.467131930,330.467094524,29.86148034,43.72777818,29.86148034,43.74459636,29.86148034,43.74028760,29.68975002,43.87779610,29.68975002,43.87353181,29.85675534,43.74954219
Quito,0.0,-78.5,2850.0,2026-07-15T02:30:00,2461236.604166667,star_cyg_deneb,STAR,310.358000,45.280000,1.25,330.464800514,330.464763424,330.467131930,330.467094524,40.12083229,21.45295639,40.12083229,21.49358840,40.12083229,21.48319393,40.14295541,21.68268533,40.14295541,21.67248123,40.11776769,21.49916698
Quito,0.0,-78.5,2850.0,2026-07-15T02:30:00,2461236.604166667,star_cyg_sadr,STAR,305.557000,40.260000,2.23,330.464800514,330.464763424,330.467131930,330.467094524,43.54525775,26.72798454,43.54525775,26.75980481,43.54525775,26.75165896,43.54080635,26.96614732,43.54080635,26.95813371,43.54229871,26.76539097
Quito,0.0,-78.5,2850.0,2026-07-15T02:30:00,2461236.604166667,star_cyg_albireo,STAR,292.680000,27.960000,3.05,330.464800514,330.464763424,330.467131930,330.467094524,50.95079718,41.78887113,50.95079718,41.80686695,50.95079718,41.80225668,50.86142923,42.04782096,50.86142923,42.04327586,50.94789788,41.81254443
Quito,0.0,-78.5,2850.0,2026-07-15T02:30:00,2461236.604166667,star_aql_altair,STAR,297.696000,8.868000,0.76,330.464800514,330.464763424,330.467131930,330.467094524,77.68064932,43.27738685,77.68064932,43.29447106,77.68064932,43.29009419,77.70759189,43.62459616,77.70759189,43.62029414,77.68038755,43.30052545
Quito,0.0,-78.5,2850.0,2026-07-15T02:30:00,2461236.604166667,star_ori_betelgeuse,STAR,88.793000,7.407000,0.5,330.464800514,330.464763424,330.467131930,330.467094524,293.76862201,-71.33143404,293.76862201,-71.32648806,293.76862201,-71.32766795,294.18534336,-71.65915178,294.18534336,-71.65915178,293.76023829,-71.32683820
Quito,0.0,-78.5,2850.0,2026-07-15T02:30:00,2461236.604166667,star_ori_rigel,STAR,78.634000,-8.202000,0.13,330.464800514,330.464763424,330.467131930,330.467094524,220.26127274,-79.26781281,220.26127274,-79.26858399,220.26127274,-79.26840105,218.85000445,-79.44461607,218.85000445,-79.44461607,220.27602956,-79.26361652
Quito,0.0,-78.5,2850.0,2026-07-15T02:30:00,2461236.604166667,star_ori_bellatrix,STAR,81.283000,6.350000,1.64,330.464800514,330.464763424,330.467131930,330.467094524,303.63002861,-78.43484622,303.63002861,-78.43535056,303.63002861,-78.43523087,304.50694823,-78.74156548,304.50694823,-78.74156548,303.61371566,-78.43105305
Quito,0.0,-78.5,2850.0,2026-07-15T02:30:00,2461236.604166667,star_ori_saiph,STAR,86.939000,-9.670000,2.07,330.464800514,330.464763424,330.467131930,330.467094524,237.15093729,-71.98168782,237.15093729,-71.97750277,237.15093729,-71.97850058,236.59275272,-72.23698322,236.59275272,-72.23698322,237.15604196,-71.97655881
Quito,0.0,-78.5,2850.0,2026-07-15T02:30:00,2461236.604166667,star_ori_alnitak,STAR,85.190000,-1.940000,1.77,330.464800514,330.464763424,330.467131930,330.467094524,261.84023491,-76.31146781,261.84023491,-76.31096786,261.84023491,-76.31108667,261.57672822,-76.63804774,261.57672822,-76.63804774,261.83880468,-76.30623942
Quito,0.0,-78.5,2850.0,2026-07-15T02:30:00,2461236.604166667,star_ori_alnilam,STAR,84.530000,-1.200000,1.69,330.464800514,330.464763424,330.467131930,330.467094524,264.71355179,-77.04972360,264.71355179,-77.04962804,264.71355179,-77.04965074,264.49920358,-77.38083037,264.49920358,-77.38083037,264.71103249,-77.04454752
Quito,0.0,-78.5,2850.0,2026-07-15T02:30:00,2461236.604166667,star_ori_mintaka,STAR,84.050000,-0.300000,2.23,330.464800514,330.464763424,330.467131930,330.467094524,268.68932721,-77.57746540,268.68932721,-77.57762224,268.68932721,-77.57758500,268.56712013,-77.91342619,268.56712013,-77.91342619,268.68525853,-77.57236009
Quito,0.0,-78.5,2850.0,2026-07-15T02:30:00,2461236.604166667,star_tau_aldebaran,STAR,68.980000,16.509000,0.85,330.464800514,330.464763424,330.467131930,330.467094524,8.69880142,-73.23784783,8.69880142,-73.23497456,8.69880142,-73.23565891,9.97196090,-73.23034098,9.97196090,-73.23034098,8.68406324,-73.23840531
Quito,0.0,-78.5,2850.0,2026-07-15T02:30:00,2461236.604166667,star_tau_elnath,STAR,81.573000,28.608000,1.65,330.464800514,330.464763424,330.467131930,330.467094524,342.31775591,-59.80620721,342.31775591,-59.77811580,342.31775591,-59.78489887,342.98797130,-59.95205814,342.98797130,-59.95205814,342.30873715,-59.80409615
Quito,0.0,-78.5,2850.0,2026-07-15T02:30:00,2461236.604166667,star_aur_capella,STAR,79.172000,45.998000,0.08,330.464800514,330.464763424,330.467131930,330.467094524,352.64235607,-43.47870437,352.64235607,-43.39341010,352.64235607,-43.41443150,353.09378357,-43.56667577,353.09378357,-43.56667577,352.63610035,-43.47647249
Quito,0.0,-78.5,2850.0,2026-07-15T02:30:00,2461236.604166667,star_umi_polaris,STAR,37.954000,89.264000,1.98,330.464800514,330.464763424,330.467131930,330.467094524,0.27186299,-0.56742345,0.27186299,-0.38238943,0.27186299,-0.42919285,0.41172098,-0.03829404,0.41172098,-0.17913962,0.26743321,0.14760430
Quito,0.0,-78.5,2850.0,2026-07-15T02:30:00,2461236.604166667,star_uma_dubhe,STAR,165.932000,61.751000,1.79,330.464800514,330.464763424,330.467131930,330.467094524,331.68137228,2.07646545,331.68137228,2.26170854,331.68137228,2.21485967,331.80820567,2.16175167,331.80820567,2.09122585,331.67705429,2.37720226
Quito,0.0,-78.5,2850.0,2026-07-15T02:30:00,2461236.604166667,star_uma_merak,STAR,165.460000,56.380000,2.37,330.464800514,330.464763424,330.467131930,330.467094524,326.30173905,2.15939223,326.30173905,2.34463108,326.30173905,2.29778364,326.42910182,2.21558181,326.42910182,2.14600545,326.29756382,2.45387621
Quito,0.0,-78.5,2850.0,2026-07-15T02:30:00,2461236.604166667,star_uma_alioth,STAR,193.507000,55.960000,1.77,330.464800514,330.464763424,330.467131930,330.467094524,330.01721803,17.23613167,330.01721803,17.28731724,330.01721803,17.27423664,330.06952143,17.07957112,330.06952143,17.06647161,330.01277072,17.29158671
Quito,0.0,-78.5,2850.0,2026-07-15T02:30:00,2461236.604166667,star_uma_mizar,STAR,206.884000,54.920000,2.23,330.464800514,330.464763424,330.467131930,330.467094524,333.54931176,24.13402558,333.54931176,24.16973753,333.54931176,24.16059801,333.55819873,23.97828925,333.55819873,23.96914454,333.54458095,24.17341163
Quito,0.0,-78.5,2850.0,2026-07-15T02:30:00,2461236.604166667,star_uma_alkaid,STAR,209.800000,49.310000,1.85,330.464800514,330.464763424,330.467131930,330.467094524,330.02152458,29.10706905,330.02152458,29.13587795,330.02152458,29.12850154,330.00641472,28.92661738,330.00641472,28.91923074,330.01668843,29.13901824
Quito,0.0,-78.5,2850.0,2026-07-15T02:30:00,2461236.604166667,star_cas_schedar,STAR,9.880000,59.150000,2.24,330.464800514,330.464763424,330.467131930,330.467094524,27.60771649,-14.00891454,27.60771649,-13.83551373,27.60771649,-13.87929090,27.82567122,-13.88965995,27.82567122,-13.88965995,27.60407781,-14.00631883
Quito,0.0,-78.5,2850.0,2026-07-15T02:30:00,2461236.604166667,star_cas_caph,STAR,1.150000,59.150000,2.28,330.464800514,330.464763424,330.467131930,330.467094524,29.23629470,-9.82899229,29.23629470,-9.65001909,29.23629470,-9.69525365,29.42897265,-9.70037187,29.42897265,-9.70037187,29.23279324,-9.82616072
Quito,0.0,-78.5,2850.0,2026-07-15T02:30:00,2461236.604166667,star_per_mirfak,STAR,51.080000,49.860000,1.79,330.464800514,330.464763424,330.467131930,330.467094524,16.33949020,-37.08712383,16.33949020,-36.97728870,16.33949020,-37.00456012,16.73339159,-37.03434868,16.73339159,-37.03434868,16.33445831,-37.08569702
Quito,0.0,-78.5,2850.0,2026-07-15T02:30:00,2461236.604166667,star_per_algol,STAR,47.040000,40.960000,2.12,330.464800514,330.464763424,330.467131930,330.467094524,25.45180450,-43.32700797,25.45180450,-43.24112369,25.45180450,-43.26229442,25.89767843,-43.22142514,25.89767843,-43.22142514,25.44682479,-43.32641227
Quito,0.0,-78.5,2850.0,2026-07-15T02:30:00,2461236.604166667,star_boo_arcturus,STAR,213.915000,19.182000,-0.05,330.464800514,330.464763424,330.467131930,330.467094524,299.44540626,48.37218331,299.44540626,48.38648642,299.44540626,48.38282171,299.44045702,48.06518745,299.44045702,48.06150214,299.44111247,48.38669819
Quito,0.0,-78.5,2850.0,2026-07-15T02:30:00,2461236.604166667,star_vir_spica,STAR,201.298000,-11.161000,0.98,330.464800514,330.464763424,330.467131930,330.467094524,255.44412108,38.76805316,255.44412108,38.78807190,255.44412108,38.78294382,255.69055633,38.46945246,255.69055633,38.46429690,255.44448645,38.78868628
Quito,0.0,-78.5,2850.0,2026-07-15T02:30:00,2461236.604166667,star_sco_antares,STAR,247.352000,-26.432000,0.96,330.464800514,330.464763424,330.467131930,330.467094524,188.36001287,63.20112498,188.36001287,63.20926045,188.36001287,63.20717569,189.19424807,63.20512338,189.19424807,63.20305141,188.36924124,63.20985983
Quito,0.0,-78.5,2850.0,2026-07-15T02:30:00,2461236.604166667,star_sco_shaula,STAR,262.690000,-37.030000,1.62,330.464800514,330.464763424,330.467131930,330.467094524,165.59324779,51.53079128,165.59324779,51.54358193,165.59324779,51.54030459,166.14506709,51.67657717,166.14506709,51.67333385,165.60027805,51.54643455
Quito,0.0,-78.5,2850.0,2026-07-15T02:30:00,2461236.604166667,star_leo_regulus,STAR,152.093000,11.967000,1.36,330.464800514,330.464763424,330.467131930,330.467094524,281.99859407,-9.31676274,281.99859407,-9.13723182,281.99859407,-9.18261197,282.14163210,-9.65742350,282.14163210,-9.65742350,281.99674775,-9.31262613
Quito,0.0,-78.5,2850.0,2026-07-15T02:30:00,2461236.604166667,star_gem_pollux,STAR,116.329000,28.026000,1.14,330.464800514,330.464763424,330.467131930,330.467094524,307.00939482,-38.83400369,307.00939482,-38.73076232,307.00939482,-38.75634678,307.28200321,-39.13133673,307.28200321,-39.13133673,307.00496297,-38.82945054
Quito,0.0,-78.5,2850.0,2026-07-15T02:30:00,2461236.604166667,star_gem_castor,STAR,113.650000,31.888000,1.58,330.464800514,330.464763424,330.467131930,330.467094524,312.79562564,-39.07617514,312.79562564,-38.97385735,312.79562564,-38.99920596,313.09318097,-39.35517623,313.09318097,-39.35517623,312.79081925,-39.07184688
Quito,0.0,-78.5,2850.0,2026-07-15T02:30:00,2461236.604166667,star_psa_fomalhaut,STAR,344.413000,-29.622000,1.17,330.464800514,330.464763424,330.467131930,330.467094524,119.50587400,-2.45086809,119.50587400,-2.26639025,119.50587400,-2.31305354,119.64444406,-2.12608051,119.64444406,-2.12608051,119.50874495,-2.44751142
Quito,0.0,-78.5,2850.0,2026-07-15T02:30:00,2461236.604166667,star_eri_achernar,STAR,24.429000,-57.237000,0.45,330.464800514,330.464763424,330.467131930,330.467094524,154.57197589,-21.62175651,154.57197589,-21.46335284,154.57197589,-21.50320511,154.60358620,-21.42854577,154.60358620,-21.42854577,154.57662175,-21.61883828
Quito,0.0,-78.5,2850.0,2026-07-15T02:30:00,2461236.604166667,dso_m31_andromeda,GALAXY,10.684000,41.269000,3.44,330.464800514,330.464763424,330.467131930,330.467094524,44.73601894,-21.37944377,44.73601894,-21.22046465,44.73601894,-21.26046734,44.98175055,-21.17026266,44.98175055,-21.17026266,44.73329479,-21.37764899
Quito,0.0,-78.5,2850.0,2026-07-15T02:30:00,2461236.604166667,dso_lmc,GALAXY,80.894000,-69.756000,0.9,330.464800514,330.464763424,330.467131930,330.467094524,183.25542438,-20.02049491,183.25542438,-19.85840791,183.25542438,-19.89922336,183.27537105,-19.98825558,183.27537105,-19.98825558,183.25999821,-20.01672148
Quito,0.0,-78.5,2850.0,2026-07-15T02:30:00,2461236.604166667,dso_smc,GALAXY,14.766000,-72.801000,2.7,330.464800514,330.464763424,330.467131930,330.467094524,165.32270012,-9.35342388,165.32270012,-9.17393198,165.32270012,-9.21930195,165.41580441,-9.21697846,165.41580441,-9.21697846,165.32718434,-9.34992937
Quito,0.0,-78.5,2850.0,2026-07-15T02:30:00,2461236.604166667,dso_m33_triangulum,GALAXY,23.462000,30.660000,5.72,330.464800514,330.464763424,330.467131930,330.467094524,51.32694716,-34.98402225,51.32694716,-34.86644770,51.32694716,-34.89570613,51.63990911,-34.74563066,51.63990911,-34.74563066,51.32441504,-34.98353664
Quito,0.0,-78.5,2850.0,2026-07-15T02:30:00,2461236.604166667,dso_m45_pleiades,STAR_CLUSTER,56.871000,24.105000,1.6,330.464800514,330.464763424,330.467131930,330.467094524,29.46936085,-61.92692944,29.46936085,-61.90445002,29.46936085,-61.90986448,30.20290248,-61.79936496,30.20290248,-61.79936496,29.46212000,-61.92796961
Quito,0.0,-78.5,2850.0,2026-07-15T02:30:00,2461236.604166667,dso_hyades,STAR_CLUSTER,66.750000,15.870000,0.5,330.464800514,330.464763424,330.467131930,330.467094524,16.46908852,-73.36902812,16.46908852,-73.36628003,16.46908852,-73.36693449,17.73670524,-73.31542770,17.73670524,-73.31542770,16.45514172,-73.37012910
Quito,0.0,-78.5,2850.0,2026-07-15T02:30:00,2461236.604166667,dso_m44_beehive,STAR_CLUSTER,130.100000,19.670000,3.7,330.464800514,330.464763424,330.467131930,330.467094524,292.63844108,-29.48173905,292.63844108,-29.34535612,292.63844108,-29.37947305,292.82630356,-29.81117010,292.82630356,-29.81117010,292.63547507,-29.47687284
Quito,0.0,-78.5,2850.0,2026-07-15T02:30:00,2461236.604166667,dso_double_cluster,STAR_CLUSTER,34.740000,57.130000,3.7,330.464800514,330.464763424,330.467131930,330.467094524,21.05379783,-25.68502375,21.05379783,-25.53721220,21.05379783,-25.57430017,21.35187827,-25.60403425,21.35187827,-25.60403425,21.04954942,-25.68302455
Quito,0.0,-78.5,2850.0,2026-07-15T02:30:00,2461236.604166667,dso_coma_cluster,STAR_CLUSTER,185.600000,26.100000,1.8,330.464800514,330.464763424,330.467131930,330.467094524,298.04378074,21.42265904,298.04378074,21.46335311,298.04378074,21.45294282,298.13530359,21.14257298,298.13530359,21.13208925,298.04074494,21.46650418
Quito,0.0,-78.5,2850.0,2026-07-15T02:30:00,2461236.604166667,dso_omega_centauri,GLOBULAR_CLUSTER,201.700000,-47.470000,3.9,330.464800514,330.464763424,330.467131930,330.467094524,214.90809060,25.75571282,214.90809060,25.78890797,214.90809060,25.78041097,215.20027724,25.63475647,215.20027724,25.62626830,214.91149529,25.79174927
Quito,0.0,-78.5,2850.0,2026-07-15T02:30:00,2461236.604166667,dso_47_tucanae,GLOBULAR_CLUSTER,6.020000,-72.080000,4.1,330.464800514,330.464763424,330.467131930,330.467094524,163.44318546,-7.35111835,163.44318546,-7.16969449,163.44318546,-7.21556804,163.54824742,-7.20430589,163.54824742,-7.20430589,163.44763277,-7.34761778
Quito,0.0,-78.5,2850.0,2026-07-15T02:30:00,2461236.604166667,dso_m13_hercules,GLOBULAR_CLUSTER,250.420000,36.460000,5.8,330.464800514,330.464763424,330.467131930,330.467094524,358.23483696,53.56876021,358.23483696,53.58064353,358.23483696,53.57759860,357.90735164,53.52405860,357.90735164,53.52102477,358.22743501,53.58356027
Quito,0.0,-78.5,2850.0,2026-07-15T02:30:00,2461236.604166667,dso_m42_orion_nebula,NEBULA,83.822000,-5.391000,4.0,330.464800514,330.464763424,330.467131930,330.467094524,245.97410134,-76.70593295,245.97410134,-76.70565663,245.97410134,-76.70572228,245.32756744,-76.99286732,245.32756744,-76.99286732,245.97806274,-76.70080042
Quito,0.0,-78.5,2850.0,2026-07-15T02:30:00,2461236.604166667,dso_m8_lagoon,NEBULA,270.920000,-24.380000,6.0,330.464800514,330.464763424,330.467131930,330.467094524,143.80329185,59.23640117,143.80329185,59.24598725,143.80329185,59.24353083,144.37225592,59.48937862,144.37225592,59.48696042,143.81098665,59.24974559
Quito,0.0,-78.5,2850.0,2026-07-15T02:30:00,2461236.604166667,dso_eta_carinae_nebula,NEBULA,161.260000,-59.870000,1.0,330.464800514,330.464763424,330.467131930,330.467094524,209.98563250,-0.22868444,209.98563250,-0.04358636,209.98563250,-0.09040547,210.12810575,0.17504983,210.12810575,0.04450067,209.98894980,0.40062003
Sydney,-33.87,151.21,40.0,2026-07-15T02:30:00,2461236.604166667,star_cma_sirius,STAR,101.287000,-16.716000,-1.46,330.464800514,330.464763424,330.467131930,330.467094524,308.52858332,65.12614424,308.52858332,65.13361202,308.52858332,65.13348410,308.08434631,64.92402188,308.08434631,64.92399200,308.53615946,65.13840481
Sydney,-33.87,151.21,40.0,2026-07-15T02:30:00,2461236.604166667,star_cma_adhara,STAR,104.656000,-28.972000,1.5,330.464800514,330.464763424,330.467131930,330.467094524,284.24863295,74.91378726,284.24863295,74.91813002,284.24863295,74.91805564,284.03676160,74.69858121,284.03676160,74.69856378,284.25282308,74.92374753
Sydney,-33.87,151.21,40.0,2026-07-15T02:30:00,2461236.604166667,star_cma_wezen,STAR,107.098000,-26.393000,1.83,330.464800514,330.464763424,330.467131930,330.467094524,297.23082242,75.58296363,297.23082242,75.58710522,297.23082242,75.58703429,296.83162856,75.36796530,296.83162856,75.36794867,297.23990199,75.59234776
Sydney,-33.87,151.21,40.0,2026-07-15T02:30:00,2461236.604166667,star_cma_mirzam,STAR,95.675000,-17.956000,1.98,330.464800514,330.464763424,330.467131930,330.467094524,298.22261814,62.06983710,298.22261814,62.07837548,298.22261814,62.07822921,297.86916233,61.85980114,297.86916233,61.85976698,298.22763111,62.08360415
Sydney,-33.87,151.21,40.0,2026-07-15T02:30:00,2461236.604166667,star_cmi_procyon,STAR,114.825000,5.225000,0.34,330.464800514,330.464763424,330.467131930,330.467094524,349.78944648,50.48340490,349.78944648,50.49668183,349.78944648,50.49645428,349.26421669,50.38524256,349.26421669,50.38518969,349.79775532,50.49888733
Sydney,-33.87,151.21,40.0,2026-07-15T02:30:00,2461236.604166667,star_car_canopus,STAR,95.987000,-52.695000,-0.74,330.464800514,330.464763424,330.467131930,330.467094524,216.28927408,63.79785456,216.28927408,63.80578073,216.28927408,63.80564495,216.42226847,63.74452164,216.42226847,63.74449014,216.27901506,63.80929936
Sydney,-33.87,151.21,40.0,2026-07-15T02:30:00,2461236.604166667,star_car_miaplacidus,STAR,138.300000,-69.720000,1.67,330.464800514,330.464763424,330.467131930,330.467094524,170.56304415,52.87939279,170.56304415,52.89157757,170.56304415,52.89136876,170.51905248,53.00210760,170.51905248,53.00205946,170.55422767,52.89181235
Sydney,-33.87,151.21,40.0,2026-07-15T02:30:00,2461236.604166667,star_cen_rigil_kent,STAR,219.900000,-60.833000,-0.01,330.464800514,330.464763424,330.467131930,330.467094524,147.96531659,25.21169734,147.96531659,25.24570380,147.96531659,25.24511857,147.72963086,25.42427870,147.72963086,25.42414534,147.96035891,25.24651059
Sydney,-33.87,151.21,40.0,2026-07-15T02:30:00,2461236.604166667,star_cen_hadar,STAR,210.956000,-60.373000,0.61,330.464800514,330.464763424,330.467131930,330.467094524,145.69245635,29.13236266,145.69245635,29.16114193,145.69245635,29.16064735,145.46485214,29.34473364,145.46485214,29.34462058,145.68746367,29.16149955
Sydney,-33.87,151.21,40.0,2026-07-15T02:30:00,2461236.604166667,star_lyr_vega,STAR,279.234000,38.783000,0.03,330.464800514,330.464763424,330.467131930,330.467094524,68.12487650,-71.49119237,68.12487650,-71.48643859,68.12487650,-71.48651626,68.28005996,-71.31661983,68.28005996,-71.31661983,68.13123361,-71.48612403
Sydney,-33.87,151.21,40.0,2026-07-15T02:30:00,2461236.604166667,star_cyg_deneb,STAR,310.358000,45.280000,1.25,330.464800514,330.464763424,330.467131930,330.467094524,331.93464158,-76.62197645,331.93464158,-76.62165400,331.93464158,-76.62165912,332.30421881,-76.79118956,332.30421881,-76.79118956,331.95475577,-76.62413036
Sydney,-33.87,151.21,40.0,2026-07-15T02:30:00,2461236.604166667,star_cyg_sadr,STAR,305.557000,40.260000,2.23,330.464800514,330.464763424,330.467131930,330.467094524,334.28686627,-82.73959867,334.28686627,-82.74082393,334.28686627,-82.74080486,335.30073727,-82.90148630,335.30073727,-82.90148630,334.32449893,-82.74175023
Sydney,-33.87,151.21,40.0,2026-07-15T02:30:00,2461236.604166667,star_cyg_albireo,STAR,292.680000,27.960000,3.05,330.464800514,330.464763424,330.467131930,330.467094524,125.72944111,-80.50811126,125.72944111,-80.50915932,125.72944111,-80.50914291,125.05272630,-80.28572719,125.05272630,-80.28572719,125.71089105,-80.50362365
Sydney,-33.87,151.21,40.0,2026-07-15T02:30:00,2461236.604166667,star_aql_altair,STAR,297.696000,8.868000,0.76,330.464800514,330.464763424,330.467131930,330.467094524,171.48368052,-64.84059120,171.48368052,-64.82485448,171.48368052,-64.82512408,170.75253403,-64.73097727,170.75253403,-64.73097727,171.47134000,-64.83928700
Sydney,-33.87,151.21,40.0,2026-07-15T02:30:00,2461236.604166667,star_ori_betelgeuse,STAR,88.793000,7.407000,0.5,330.464800514,330.464763424,330.467131930,330.467094524,317.06381272,38.48475939,317.06381272,38.50498123,317.06381272,38.50463433,316.68999228,38.30798360,316.68999228,38.30790288,317.06867670,38.50910070
Sydney,-33.87,151.21,40.0,2026-07-15T02:30:00,2461236.604166667,star_ori_rigel,STAR,78.634000,-8.202000,0.13,330.464800514,330.464763424,330.467131930,330.467094524,293.15693954,43.07453773,293.15693954,43.09174320,293.15693954,43.09144818,292.85062749,42.87101329,292.85062749,42.87094454,293.15956274,43.09675123
Sydney,-33.87,151.21,40.0,2026-07-15T02:30:00,2461236.604166667,star_ori_bellatrix,STAR,81.283000,6.350000,1.64,330.464800514,330.464763424,330.467131930,330.467094524,308.91826831,34.74077864,308.91826831,34.76394453,308.91826831,34.76354690,308.57438014,34.55461661,308.57438014,34.55452411,308.92219226,34.76828689
Sydney,-33.87,151.21,40.0,2026-07-15T02:30:00,2461236.604166667,star_ori_saiph,STAR,86.939000,-9.670000,2.07,330.464800514,330.464763424,330.467131930,330.467094524,299.38692972,50.23547270,299.38692972,50.24886686,299.38692972,50.24863730,299.04917263,50.03084597,299.04917263,50.03079243,299.39076243,50.25388632
Sydney,-33.87,151.21,40.0,2026-07-15T02:30:00,2461236.604166667,star_ori_alnitak,STAR,85.190000,-1.940000,1.77,330.464800514,330.464763424,330.467131930,330.467094524,305.58121214,43.53124505,305.58121214,43.54817878,305.58121214,43.54788843,305.23052027,43.33516591,305.23052027,43.33509827,305.58529784,43.55284007
Sydney,-33.87,151.21,40.0,2026-07-15T02:30:00,2461236.604166667,star_ori_alnilam,STAR,84.530000,-1.200000,1.69,330.464800514,330.464763424,330.467131930,330.467094524,305.60294076,42.54001641,305.60294076,42.55754582,305.60294076,42.55724523,305.25408469,42.34453988,305.25408469,42.34446986,305.60696387,42.56218361
Sydney,-33.87,151.21,40.0,2026-07-15T02:30:00,2461236.604166667,star_ori_mintaka,STAR,84.050000,-0.300000,2.23,330.464800514,330.464763424,330.467131930,330.467094524,305.94524808,41.55226312,305.94524808,41.57040867,305.94524808,41.57009748,305.59712827,41.35774484,305.59712827,41.35767236,305.94924581,41.57501154
Sydney,-33.87,151.21,40.0,2026-07-15T02:30:00,2461236.604166667,star_tau_aldebaran,STAR,68.980000,16.509000,0.85,330.464800514,330.464763424,330.467131930,330.467094524,306.59377472,19.12350262,306.59377472,19.16943288,306.59377472,19.16863917,306.27774914,18.95733765,306.27774914,18.95715454,306.59700666,19.17354666
Sydney,-33.87,151.21,40.0,2026-07-15T02:30:00,2461236.604166667,star_tau_elnath,STAR,81.573000,28.608000,1.65,330.464800514,330.464763424,330.467131930,330.467094524,324.09903099,17.08450434,324.09903099,17.13615850,324.09903099,17.13526367,323.76777012,16.95333290,323.76777012,16.95312744,324.10347511,17.13995653
Sydney,-33.87,151.21,40.0,2026-07-15T02:30:00,2461236.604166667,star_aur_capella,STAR,79.172000,45.998000,0.08,330.464800514,330.464763424,330.467131930,330.467094524,332.29383124,1.56041819,332.29383124,1.74567293,332.29383124,1.73985634,331.99776299,1.71704169,331.99776299,1.71580658,332.29850367,1.90418064
Sydney,-33.87,151.21,40.0,2026-07-15T02:30:00,2461236.604166667,star_umi_polaris,STAR,37.954000,89.264000,1.98,330.464800514,330.464763424,330.467131930,330.467094524,359.26853071,-33.70820617,359.26853071,-33.58606727,359.26853071,-33.58902645,359.11974262,-33.78640064,359.11974262,-33.78640064,359.27492281,-33.70711722
Sydney,-33.87,151.21,40.0,2026-07-15T02:30:00,2461236.604166667,star_uma_dubhe,STAR,165.932000,61.751000,1.79,330.464800514,330.464763424,330.467131930,330.467094524,19.98539142,-12.09311595,19.98539142,-11.91693292,19.98539142,-11.92225218,19.74224963,-12.09074749,19.74224963,-12.09074749,19.99056777,-12.09138734
Sydney,-33.87,151.21,40.0,2026-07-15T02:30:00,2461236.604166667,star_uma_merak,STAR,165.460000,56.380000,2.37,330.464800514,330.464763424,330.467131930,330.467094524,22.99848676,-7.60984889,22.99848676,-7.42865196,22.99848676,-7.43425543,22.73686312,-7.59570502,22.73686312,-7.59570502,23.00350326,-7.60820323
Sydney,-33.87,151.21,40.0,2026-07-15T02:30:00,2461236.604166667,star_uma_alioth,STAR,193.507000,55.960000,1.77,330.464800514,330.464763424,330.467131930,330.467094524,34.32687405,-18.53310818,34.32687405,-18.36785257,34.32687405,-18.37259519,34.10810504,-18.47415510,34.10810504,-18.47415510,34.33158628,-18.53087882
Sydney,-33.87,151.21,40.0,2026-07-15T02:30:00,2461236.604166667,star_uma_mizar,STAR,206.884000,54.920000,2.23,330.464800514,330.464763424,330.467131930,330.467094524,39.23377056,-24.67295647,39.23377056,-24.52234267,39.23377056,-24.52640377,39.03944198,-24.59504219,39.03944198,-24.59504219,39.23838205,-24.67034371
Sydney,-33.87,151.21,40.0,2026-07-15T02:30:00,2461236.604166667,star_uma_alkaid,STAR,209.800000,49.310000,1.85,330.464800514,330.464763424,330.467131930,330.467094524,45.65144867,-23.98302657,45.65144867,-23.83056406,45.65144867,-23.83470614,45.44919292,-23.88160221,45.44919292,-23.88160221,45.65560461,-23.98027209
Sydney,-33.87,151.21,40.0,2026-07-15T02:30:00,2461236.604166667,star_cas_schedar,STAR,9.880000,59.150000,2.24,330.464800514,330.464763424,330.467131930,330.467094524,322.06812156,-39.34316122,322.06812156,-39.24186394,322.06812156,-39.24415127,321.87606804,-39.53553530,321.87606804,-39.53553530,322.07347269,-39.34417751
Sydney,-33.87,151.21,40.0,2026-07-15T02:30:00,2461236.604166667,star_cas_caph,STAR,1.150000,59.150000,2.28,330.464800514,330.464763424,330.467131930,330.467094524,322.28659544,-43.81339530,322.28659544,-43.72940260,322.28659544,-43.73119689,322.11260349,-44.00554493,322.11260349,-44.00554493,322.29234989,-43.81466884
Sydney,-33.87,151.21,40.0,2026-07-15T02:30:00,2461236.604166667,star_per_mirfak,STAR,51.080000,49.860000,1.79,330.464800514,330.464763424,330.467131930,330.467094524,321.38250640,-14.18044808,321.38250640,-14.00731550,321.38250640,-14.01246743,321.12005826,-14.37274946,321.12005826,-14.37274946,321.38672576,-14.17988560
Sydney,-33.87,151.21,40.0,2026-07-15T02:30:00,2461236.604166667,star_per_algol,STAR,47.040000,40.960000,2.12,330.464800514,330.464763424,330.467131930,330.467094524,312.28156817,-11.28265846,312.28156817,-11.10541530,312.28156817,-11.11079382,312.00573049,-11.49120876,312.00573049,-11.49120876,312.28513063,-11.28203223
Sydney,-33.87,151.21,40.0,2026-07-15T02:30:00,2461236.604166667,star_boo_arcturus,STAR,213.915000,19.182000,-0.05,330.464800514,330.464763424,330.467131930,330.467094524,75.30216525,-12.53029471,75.30216525,-12.35471223,75.30216525,-12.35999816,75.03516035,-12.34148797,75.03516035,-12.34148797,75.30366902,-12.52792149
Sydney,-33.87,151.21,40.0,2026-07-15T02:30:00,2461236.604166667,star_vir_spica,STAR,201.298000,-11.161000,0.98,330.464800514,330.464763424,330.467131930,330.467094524,94.00176538,14.53441926,94.00176538,14.59528937,94.00176538,14.59422992,93.68858706,14.81336375,93.68858706,14.81312837,94.00154539,14.59682856
Sydney,-33.87,151.21,40.0,2026-07-15T02:30:00,2461236.604166667,star_sco_antares,STAR,247.352000,-26.432000,0.96,330.464800514,330.464763424,330.467131930,330.467094524,132.56254580,-10.90241007,132.56254580,-10.72469321,132.56254580,-10.73009837,132.24548891,-10.69167603,132.24548891,-10.69167603,132.55894021,-10.90046328
Sydney,-33.87,151.21,40.0,2026-07-15T02:30:00,2461236.604166667,star_sco_shaula,STAR,262.690000,-37.030000,1.62,330.464800514,330.464763424,330.467131930,330.467094524,149.62690956,-10.52175527,149.62690956,-10.34357926,149.62690956,-10.34901035,149.29881377,-10.34607368,149.29881377,-10.34607368,149.62226238,-10.52005846
Sydney,-33.87,151.21,40.0,2026-07-15T02:30:00,2461236.604166667,star_leo_regulus,STAR,152.093000,11.967000,1.36,330.464800514,330.464763424,330.467131930,330.467094524,38.08055559,35.72709254,38.08055559,35.74943195,38.08055559,35.74904857,37.63426743,35.81989114,37.63426743,35.81980285,38.08594438,35.74936291
Sydney,-33.87,151.21,40.0,2026-07-15T02:30:00,2461236.604166667,star_gem_pollux,STAR,116.329000,28.026000,1.14,330.464800514,330.464763424,330.467131930,330.467094524,355.05800427,27.99045122,355.05800427,28.02061600,355.05800427,28.02009742,354.65831446,27.92819818,354.65831446,27.92807838,355.06405634,28.02309843
Sydney,-33.87,151.21,40.0,2026-07-15T02:30:00,2461236.604166667,star_gem_castor,STAR,113.650000,31.888000,1.58,330.464800514,330.464763424,330.467131930,330.467094524,352.93396718,23.90962114,352.93396718,23.94570591,352.93396718,23.94508453,352.55376245,23.84604274,352.55376245,23.84589952,352.93978448,23.94842517
Sydney,-33.87,151.21,40.0,2026-07-15T02:30:00,2461236.604166667,star_psa_fomalhaut,STAR,344.413000,-29.622000,1.17,330.464800514,330.464763424,330.467131930,330.467094524,217.95046552,-14.68491005,217.95046552,-14.51258468,217.95046552,-14.51769316,217.59268599,-14.75465481,217.59268599,-14.75465481,217.94600915,-14.68447579
Sydney,-33.87,151.21,40.0,2026-07-15T02:30:00,2461236.604166667,star_eri_achernar,STAR,24.429000,-57.237000,0.45,330.464800514,330.464763424,330.467131930,330.467094524,216.30068421,24.38990424,216.30068421,24.42519877,216.30068421,24.42459114,216.09722357,24.36455554,216.09722357,24.36441569,216.29576658,24.42865505
Sydney,-33.87,151.21,40.0,2026-07-15T02:30:00,2461236.604166667,dso_m31_andromeda,GALAXY,10.684000,41.269000,3.44,330.464800514,330.464763424,330.467131930,330.467094524,299.80064969,-36.01609103,299.80064969,-35.90228375,299.80064969,-35.90496290,299.53560557,-36.24059014,299.53560557,-36.24059014,299.80381482,-36.01768998
Sydney,-33.87,151.21,40.0,2026-07-15T02:30:00,2461236.604166667,dso_lmc,GALAXY,80.894000,-69.756000,0.9,330.464800514,330.464763424,330.467131930,330.467094524,199.70483939,47.76543744,199.70483939,47.78004780,199.70483939,47.77979736,199.64962614,47.78271929,199.64962614,47.78266136,199.69711808,47.78254253
Sydney,-33.87,151.21,40.0,2026-07-15T02:30:00,2461236.604166667,dso_smc,GALAXY,14.766000,-72.801000,2.7,330.464800514,330.464763424,330.467131930,330.467094524,198.77529327,27.44400939,198.77529327,27.47487382,198.77529327,27.47434312,198.59017705,27.48171643,198.59017705,27.48159437,198.76944413,27.47761668
Sydney,-33.87,151.21,40.0,2026-07-15T02:30:00,2461236.604166667,dso_m33_triangulum,GALAXY,23.462000,30.660000,5.72,330.464800514,330.464763424,330.467131930,330.467094524,292.91885166,-22.49497899,292.91885166,-22.33870216,292.91885166,-22.34301571,292.62922942,-22.72155351,292.62922942,-22.72155351,292.92097965,-22.49556384
Sydney,-33.87,151.21,40.0,2026-07-15T02:30:00,2461236.604166667,dso_m45_pleiades,STAR_CLUSTER,56.871000,24.105000,1.6,330.464800514,330.464763424,330.467131930,330.467094524,304.22940676,5.66947812,304.22940676,5.81069122,304.22940676,5.80796990,303.93002775,5.60090198,303.93002775,5.60033153,304.23229843,5.82001454
Sydney,-33.87,151.21,40.0,2026-07-15T02:30:00,2461236.604166667,dso_hyades,STAR_CLUSTER,66.750000,15.870000,0.5,330.464800514,330.464763424,330.467131930,330.467094524,304.51665324,18.06599731,304.51665324,18.11474721,304.51665324,18.11390379,304.20433338,17.90050323,304.20433338,17.90030891,304.51969441,18.11889308
Sydney,-33.87,151.21,40.0,2026-07-15T02:30:00,2461236.604166667,dso_m44_beehive,STAR_CLUSTER,130.100000,19.670000,3.7,330.464800514,330.464763424,330.467131930,330.467094524,10.25066952,35.89887091,10.25066952,35.92107037,10.25066952,35.92068940,9.79908587,35.88449538,9.79908587,35.88440730,10.25726323,35.92243513
Sydney,-33.87,151.21,40.0,2026-07-15T02:30:00,2461236.604166667,dso_double_cluster,STAR_CLUSTER,34.740000,57.130000,3.7,330.464800514,330.464763424,330.467131930,330.467094524,323.01291301,-26.17040124,323.01291301,-26.02397119,323.01291301,-26.02785384,322.78192711,-26.35994457,322.78192711,-26.35994457,323.01758103,-26.17056240
Sydney,-33.87,151.21,40.0,2026-07-15T02:30:00,2461236.604166667,dso_coma_cluster,STAR_CLUSTER,185.600000,26.100000,1.8,330.464800514,330.464763424,330.467131930,330.467094524,54.34381375,4.60798861,54.34381375,4.77006807,54.34381375,4.76672236,54.03502469,4.90258805,54.03502469,4.90195355,54.34707164,4.78462106
Sydney,-33.87,151.21,40.0,2026-07-15T02:30:00,2461236.604166667,dso_omega_centauri,GLOBULAR_CLUSTER,201.700000,-47.470000,3.9,330.464800514,330.464763424,330.467131930,330.467094524,129.64247336,30.31469730,129.64247336,30.34214098,129.64247336,30.34166950,129.38688016,30.55460552,129.38688016,30.55449778,129.63864764,30.34185292
Sydney,-33.87,151.21,40.0,2026-07-15T02:30:00,2461236.604166667,dso_47_tucanae,GLOBULAR_CLUSTER,6.020000,-72.080000,4.1,330.464800514,330.464763424,330.467131930,330.467094524,197.98980049,24.80399582,197.98980049,24.83863156,197.98980049,24.83803539,197.79182899,24.84861222,197.79182899,24.84847540,197.98406336,24.84140570
Sydney,-33.87,151.21,40.0,2026-07-15T02:30:00,2461236.604166667,dso_m13_hercules,GLOBULAR_CLUSTER,250.420000,36.460000,5.8,330.464800514,330.464763424,330.467131930,330.467094524,71.38770726,-48.69531380,71.38770726,-48.63007980,71.38770726,-48.63139419,71.25296917,-48.51327983,71.25296917,-48.51327983,71.39036629,-48.69068367
Sydney,-33.87,151.21,40.0,2026-07-15T02:30:00,2461236.604166667,dso_m42_orion_nebula,NEBULA,83.822000,-5.391000,4.0,330.464800514,330.464763424,330.467131930,330.467094524,300.85006408,45.05057800,300.85006408,45.06663920,300.85006408,45.06636384,300.51389405,44.84950912,300.51389405,44.84944495,300.85371140,45.07149440
Sydney,-33.87,151.21,40.0,2026-07-15T02:30:00,2461236.604166667,dso_m8_lagoon,NEBULA,270.920000,-24.380000,6.0,330.464800514,330.464763424,330.467131930,330.467094524,149.49031961,-25.00115935,149.49031961,-24.85144260,149.49031961,-24.85546488,149.12149266,-24.82449577,149.12149266,-24.82449577,149.48528832,-24.99887689
Sydney,-33.87,151.21,40.0,2026-07-15T02:30:00,2461236.604166667,dso_eta_carinae_nebula,NEBULA,161.260000,-59.870000,1.0,330.464800514,330.464763424,330.467131930,330.467094524,147.64106156,53.26248805,147.64106156,53.27450463,147.64106156,53.27429871,147.52354399,53.45174265,147.52354399,53.45169530,147.63359823,53.27313304
Tehran,35.69,51.39,1200.0,2026-07-15T02:30:00,2461236.604166667,star_cma_sirius,STAR,101.287000,-16.716000,-1.46,330.464800514,330.464763424,330.467131930,330.467094524,109.49844046,-1.67864108,109.49844046,-1.49389414,109.49844046,-1.51770199,109.64605658,-0.73656292,109.64605658,-0.81398752,109.49611681,-1.68377416
Tehran,35.69,51.39,1200.0,2026-07-15T02:30:00,2461236.604166667,star_cma_adhara,STAR,104.656000,-28.972000,1.5,330.464800514,330.464763424,330.467131930,330.467094524,117.68689998,-11.36207170,117.68689998,-11.18492938,117.68689998,-11.20762040,117.78788310,-11.15826924,117.78788310,-11.15826924,117.68468183,-11.36731363
Tehran,35.69,51.39,1200.0,2026-07-15T02:30:00,2461236.604166667,star_cma_wezen,STAR,107.098000,-26.393000,1.83,330.464800514,330.464763424,330.467131930,330.467094524,114.26916389,-11.69642554,114.26916389,-11.51971500,114.26916389,-11.54234231,114.37114555,-11.47706728,114.37114555,-11.47706728,114.26687426,-11.70164179
Tehran,35.69,51.39,1200.0,2026-07-15T02:30:00,2461236.604166667,star_cma_mirzam,STAR,95.675000,-17.956000,1.98,330.464800514,330.464763424,330.467131930,330.467094524,113.74803613,1.81103617,113.74803613,1.99628844,113.74803613,1.97242014,113.91055127,2.30870239,113.91055127,2.27827903,113.74578097,2.12570292
Tehran,35.69,51.39,1200.0,2026-07-15T02:30:00,2461236.604166667,star_cmi_procyon,STAR,114.825000,5.225000,0.34,330.464800514,330.464763424,330.467131930,330.467094524,83.87275203,0.32765656,83.87275203,0.51283609,83.87275203,0.48897146,84.02751464,1.03883028,84.02751464,0.99538039,83.87029589,0.83291097
Tehran,35.69,51.39,1200.0,2026-07-15T02:30:00,2461236.604166667,star_car_canopus,STAR,95.987000,-52.695000,-0.74,330.464800514,330.464763424,330.467131930,330.467094524,141.83192759,-19.31135601,141.83192759,-19.14772790,141.83192759,-19.16844937,141.87165914,-19.23501756,141.87165914,-19.23501756,141.83035597,-19.31682278
Tehran,35.69,51.39,1200.0,2026-07-15T02:30:00,2461236.604166667,star_car_miaplacidus,STAR,138.300000,-69.720000,1.67,330.464800514,330.464763424,330.467131930,330.467094524,155.35764769,-42.26534349,155.35764769,-42.17533111,155.35764769,-42.18614094,155.20463846,-42.26748141,155.20463846,-42.26748141,155.35636005,-42.27066232
Tehran,35.69,51.39,1200.0,2026-07-15T02:30:00,2461236.604166667,star_cen_rigil_kent,STAR,219.900000,-60.833000,-0.01,330.464800514,330.464763424,330.467131930,330.467094524,199.29088717,-62.11137157,199.29088717,-62.08935279,199.29088717,-62.09187439,198.98094569,-62.34833775,198.98094569,-62.34833775,199.29294225,-62.11581498
Tehran,35.69,51.39,1200.0,2026-07-15T02:30:00,2461236.604166667,star_cen_hadar,STAR,210.956000,-60.373000,0.61,330.464800514,330.464763424,330.467131930,330.467094524,190.93993874,-64.43432452,190.93993874,-64.41771705,190.93993874,-64.41961028,190.51402254,-64.63269529,190.51402254,-64.63269529,190.94134087,-64.43873291
Tehran,35.69,51.39,1200.0,2026-07-15T02:30:00,2461236.604166667,star_lyr_vega,STAR,279.234000,38.783000,0.03,330.464800514,330.464763424,330.467131930,330.467094524,308.55231634,13.28455486,308.55231634,13.35111050,308.55231634,13.34301622,308.64004940,13.19319904,308.64004940,13.18561491,308.55442145,13.34783415
Tehran,35.69,51.39,1200.0,2026-07-15T02:30:00,2461236.604166667,star_cyg_deneb,STAR,310.358000,45.280000,1.25,330.464800514,330.464763424,330.467131930,330.467094524,303.86308766,36.75973288,303.86308766,36.78124784,303.86308766,36.77862302,303.80811289,36.59786343,303.80811289,36.59539611,303.86579643,36.77716045
Tehran,35.69,51.39,1200.0,2026-07-15T02:30:00,2461236.604166667,star_cyg_sadr,STAR,305.557000,40.260000,2.23,330.464800514,330.464763424,330.467131930,330.467094524,299.50792430,31.79409122,299.50792430,31.81998880,299.50792430,31.81682983,299.49832300,31.61553510,299.49832300,31.61256372,299.51059204,31.81597354
Tehran,35.69,51.39,1200.0,2026-07-15T02:30:00,2461236.604166667,star_cyg_albireo,STAR,292.680000,27.960000,3.05,330.464800514,330.464763424,330.467131930,330.467094524,292.83304255,16.72494523,292.83304255,16.77774186,292.83304255,16.77131268,292.91788521,16.54402266,292.91788521,16.53796753,292.83554273,16.77427324
Tehran,35.69,51.39,1200.0,2026-07-15T02:30:00,2461236.604166667,star_aql_altair,STAR,297.696000,8.868000,0.76,330.464800514,330.464763424,330.467131930,330.467094524,273.74340447,10.18343343,273.74340447,10.26934791,273.74340447,10.25892233,273.87422325,9.96915543,273.87422325,9.95925239,273.74602649,10.26696430
Tehran,35.69,51.39,1200.0,2026-07-15T02:30:00,2461236.604166667,star_ori_betelgeuse,STAR,88.793000,7.407000,0.5,330.464800514,330.464763424,330.467131930,330.467094524,97.38380439,22.71654383,97.38380439,22.75472390,97.38380439,22.75006969,97.61250560,23.03916087,97.61250560,23.03488520,97.38115268,22.75124458
Tehran,35.69,51.39,1200.0,2026-07-15T02:30:00,2461236.604166667,star_ori_rigel,STAR,78.634000,-8.202000,0.13,330.464800514,330.464763424,330.467131930,330.467094524,117.31145170,20.72321310,117.31145170,20.76538636,117.31145170,20.76024670,117.56648300,20.97219743,117.56648300,20.96746539,117.30910265,20.76223281
Tehran,35.69,51.39,1200.0,2026-07-15T02:30:00,2461236.604166667,star_ori_bellatrix,STAR,81.283000,6.350000,1.64,330.464800514,330.464763424,330.467131930,330.467094524,103.21432834,28.10199042,103.21432834,28.13201541,103.21432834,28.12835367,103.47877690,28.39717185,103.47877690,28.39379406,103.21160140,28.12866316
Tehran,35.69,51.39,1200.0,2026-07-15T02:30:00,2461236.604166667,star_ori_saiph,STAR,86.939000,-9.670000,2.07,330.464800514,330.464763424,330.467131930,330.467094524,112.74418083,13.62098373,112.74418083,13.68591603,112.74418083,13.67801788,112.95876987,13.91256607,112.95876987,13.90536638,112.74183913,13.68298068
Tehran,35.69,51.39,1200.0,2026-07-15T02:30:00,2461236.604166667,star_ori_alnitak,STAR,85.190000,-1.940000,1.77,330.464800514,330.464763424,330.467131930,330.467094524,107.70466926,19.90731955,107.70466926,19.95133924,107.70466926,19.94597523,107.94117238,20.19929913,107.94117238,20.19437461,107.70216681,19.94805784
Tehran,35.69,51.39,1200.0,2026-07-15T02:30:00,2461236.604166667,star_ori_alnilam,STAR,84.530000,-1.200000,1.69,330.464800514,330.464763424,330.467131930,330.467094524,107.53597607,20.88598330,107.53597607,20.92780417,107.53597607,20.92270733,107.77659723,21.17647279,107.77659723,21.17178947,107.53345497,20.92450573
Tehran,35.69,51.39,1200.0,2026-07-15T02:30:00,2461236.604166667,star_ori_mintaka,STAR,84.050000,-0.300000,2.23,330.464800514,330.464763424,330.467131930,330.467094524,107.10946991,21.82538995,107.10946991,21.86527209,107.10946991,21.86041091,107.35359628,22.11564741,107.35359628,22.11117747,107.10692645,21.86195808
Tehran,35.69,51.39,1200.0,2026-07-15T02:30:00,2461236.604166667,star_tau_aldebaran,STAR,68.980000,16.509000,0.85,330.464800514,330.464763424,330.467131930,330.467094524,101.69057685,43.80705295,101.69057685,43.82382475,101.69057685,43.82177830,102.03572534,44.09491229,102.03572534,44.09301843,101.68721590,43.82097183
Tehran,35.69,51.39,1200.0,2026-07-15T02:30:00,2461236.604166667,star_tau_elnath,STAR,81.573000,28.608000,1.65,330.464800514,330.464763424,330.467131930,330.467094524,80.00313436,39.38661573,80.00313436,39.40619949,80.00313436,39.40381012,80.22544076,39.73081377,80.22544076,39.72860759,80.00001544,39.40255180
Tehran,35.69,51.39,1200.0,2026-07-15T02:30:00,2461236.604166667,star_aur_capella,STAR,79.172000,45.998000,0.08,330.464800514,330.464763424,330.467131930,330.467094524,57.89443304,46.08231658,57.89443304,46.09781100,57.89443304,46.09592034,57.99933783,46.42937312,57.99933783,46.42762703,57.89149722,46.09377365
Tehran,35.69,51.39,1200.0,2026-07-15T02:30:00,2461236.604166667,star_umi_polaris,STAR,37.954000,89.264000,1.98,330.464800514,330.464763424,330.467131930,330.467094524,0.32388322,36.26198552,0.32388322,36.28389288,0.32388322,36.28122023,0.25351451,36.41940828,0.25351451,36.41692496,0.32400882,36.27906456
Tehran,35.69,51.39,1200.0,2026-07-15T02:30:00,2461236.604166667,star_uma_dubhe,STAR,165.932000,61.751000,1.79,330.464800514,330.464763424,330.467131930,330.467094524,16.37120667,11.47536366,16.37120667,11.55209565,16.37120667,11.54277408,16.47416850,11.76740125,16.47416850,11.75893132,16.37056782,11.54886062
Tehran,35.69,51.39,1200.0,2026-07-15T02:30:00,2461236.604166667,star_uma_merak,STAR,165.460000,56.380000,2.37,330.464800514,330.464763424,330.467131930,330.467094524,19.20968434,6.88620092,19.20968434,7.00757626,19.20968434,6.99291685,19.33505581,7.23394924,19.33505581,7.22073242,19.20892572,7.00704847
Tehran,35.69,51.39,1200.0,2026-07-15T02:30:00,2461236.604166667,star_uma_alioth,STAR,193.507000,55.960000,1.77,330.464800514,330.464763424,330.467131930,330.467094524,4.51877451,1.76818466,4.51877451,1.95343777,4.51877451,1.92956912,4.66540432,2.20918000,4.66540432,2.17799544,4.51864382,2.08663636
Tehran,35.69,51.39,1200.0,2026-07-15T02:30:00,2461236.604166667,star_uma_mizar,STAR,206.884000,54.920000,2.23,330.464800514,330.464763424,330.467131930,330.467094524,356.96026352,0.59519908,356.96026352,0.78040726,356.96026352,0.75653956,357.11319922,1.09953856,357.11319922,1.05691695,356.96046368,1.05467836
Tehran,35.69,51.39,1200.0,2026-07-15T02:30:00,2461236.604166667,star_uma_alkaid,STAR,209.800000,49.310000,1.85,330.464800514,330.464763424,330.467131930,330.467094524,354.63017330,-4.81296022,354.63017330,-4.62966196,354.63017330,-4.65326166,354.81351110,-4.70788660,354.81351110,-4.70788660,354.63046703,-4.81769108
Tehran,35.69,51.39,1200.0,2026-07-15T02:30:00,2461236.604166667,star_cas_schedar,STAR,9.880000,59.150000,2.24,330.464800514,330.464763424,330.467131930,330.467094524,345.83112347,65.21457253,345.83112347,65.22201015,345.83112347,65.22110246,345.26495581,65.27525989,345.26495581,65.27441467,345.83287179,65.21796733
Tehran,35.69,51.39,1200.0,2026-07-15T02:30:00,2461236.604166667,star_cas_caph,STAR,1.150000,59.150000,2.28,330.464800514,330.464763424,330.467131930,330.467094524,337.02581891,62.92639994,337.02581891,62.93463251,337.02581891,62.93362781,336.52160842,62.93629037,336.52160842,62.93535234,337.02821958,62.93060247
Tehran,35.69,51.39,1200.0,2026-07-15T02:30:00,2461236.604166667,star_per_mirfak,STAR,51.080000,49.860000,1.79,330.464800514,330.464763424,330.467131930,330.467094524,47.15448596,64.22945282,47.15448596,64.23722893,47.15448596,64.23627994,47.08012176,64.55462277,47.08012176,64.55374934,47.15048592,64.23368159
Tehran,35.69,51.39,1200.0,2026-07-15T02:30:00,2461236.604166667,star_per_algol,STAR,47.040000,40.960000,2.12,330.464800514,330.464763424,330.467131930,330.467094524,67.23155179,69.29617830,67.23155179,69.30226654,67.23155179,69.30152352,67.40517078,69.63839109,67.40517078,69.63771032,67.22520807,69.29967429
Tehran,35.69,51.39,1200.0,2026-07-15T02:30:00,2461236.604166667,star_boo_arcturus,STAR,213.915000,19.182000,-0.05,330.464800514,330.464763424,330.467131930,330.467094524,345.85835093,-34.00827118,345.85835093,-33.88719598,345.85835093,-33.90204584,346.24023601,-33.95078794,346.24023601,-33.95078794,345.85909695,-34.01098934
Tehran,35.69,51.39,1200.0,2026-07-15T02:30:00,2461236.604166667,star_vir_spica,STAR,201.298000,-11.161000,0.98,330.464800514,330.464763424,330.467131930,330.467094524,0.49024847,-65.60973889,0.49024847,-65.59558802,0.49024847,-65.59719766,1.32107808,-65.46576490,1.32107808,-65.46576490,0.49002893,-65.60947092
Tehran,35.69,51.39,1200.0,2026-07-15T02:30:00,2461236.604166667,star_sco_antares,STAR,247.352000,-26.432000,0.96,330.464800514,330.464763424,330.467131930,330.467094524,270.09010620,-49.99704593,270.09010620,-49.93666738,270.09010620,-49.94377662,270.41848926,-50.30871211,270.41848926,-50.30871211,270.09413978,-50.00015261
Tehran,35.69,51.39,1200.0,2026-07-15T02:30:00,2461236.604166667,star_sco_shaula,STAR,262.690000,-37.030000,1.62,330.464800514,330.464763424,330.467131930,330.467094524,249.21324598,-41.51937668,249.21324598,-41.42646872,249.21324598,-41.43764782,249.39120809,-41.86192533,249.39120809,-41.86192533,249.21652499,-41.52362877
Tehran,35.69,51.39,1200.0,2026-07-15T02:30:00,2461236.604166667,star_leo_regulus,STAR,152.093000,11.967000,1.36,330.464800514,330.464763424,330.467131930,330.467094524,54.09507650,-23.42257104,54.09507650,-23.26864399,54.09507650,-23.28798553,54.27857636,-23.09467250,54.27857636,-23.09467250,54.09287218,-23.42663491
Tehran,35.69,51.39,1200.0,2026-07-15T02:30:00,2461236.604166667,star_gem_pollux,STAR,116.329000,28.026000,1.14,330.464800514,330.464763424,330.467131930,330.467094524,64.24103129,12.27107544,64.24103129,12.34300236,64.24103129,12.33425982,64.39316865,12.67620457,64.39316865,12.66831994,64.23879944,12.33979701
Tehran,35.69,51.39,1200.0,2026-07-15T02:30:00,2461236.604166667,star_gem_castor,STAR,113.650000,31.888000,1.58,330.464800514,330.464763424,330.467131930,330.467094524,62.20591456,16.32211014,62.20591456,16.37624174,62.20591456,16.36965074,62.35381706,16.70954957,62.35381706,16.70355538,62.20368098,16.37255291
Tehran,35.69,51.39,1200.0,2026-07-15T02:30:00,2461236.604166667,star_psa_fomalhaut,STAR,344.413000,-29.622000,1.17,330.464800514,330.464763424,330.467131930,330.467094524,213.10668707,16.08466268,213.10668707,16.13960996,213.10668707,16.13292011,213.31663871,15.85232313,213.31663871,15.84600078,213.10815615,16.13696768
Tehran,35.69,51.39,1200.0,2026-07-15T02:30:00,2461236.604166667,star_eri_achernar,STAR,24.429000,-57.237000,0.45,330.464800514,330.464763424,330.467131930,330.467094524,178.46609258,-2.81635486,178.46609258,-2.63202433,178.46609258,-2.65577348,178.60665483,-2.95240045,178.60665483,-2.95240045,178.46609207,-2.82150856
Tehran,35.69,51.39,1200.0,2026-07-15T02:30:00,2461236.604166667,dso_m31_andromeda,GALAXY,10.684000,41.269000,3.44,330.464800514,330.464763424,330.467131930,330.467094524,307.39009642,79.80596279,307.39009642,79.80885994,307.39009642,79.80850636,305.92588060,79.64156906,305.92588060,79.64123535,307.40173085,79.80664218
Tehran,35.69,51.39,1200.0,2026-07-15T02:30:00,2461236.604166667,dso_lmc,GALAXY,80.894000,-69.756000,0.9,330.464800514,330.464763424,330.467131930,330.467094524,161.07769094,-23.71506756,161.07769094,-23.56190066,161.07769094,-23.58113522,161.08482035,-23.75175864,161.08482035,-23.75175864,161.07689670,-23.72067217
Tehran,35.69,51.39,1200.0,2026-07-15T02:30:00,2461236.604166667,dso_smc,GALAXY,14.766000,-72.801000,2.7,330.464800514,330.464763424,330.467131930,330.467094524,182.15249861,-18.44594717,182.15249861,-18.28051344,182.15249861,-18.30149486,182.20725750,-18.60201327,182.20725750,-18.60201327,182.15269642,-18.45151833
Tehran,35.69,51.39,1200.0,2026-07-15T02:30:00,2461236.604166667,dso_m33_triangulum,GALAXY,23.462000,30.660000,5.72,330.464800514,330.464763424,330.467131930,330.467094524,160.74797743,84.83256852,160.74797743,84.83402558,160.74797743,84.83384775,164.60248804,84.79546753,164.60248804,84.79530294,160.73777499,84.83591298
Tehran,35.69,51.39,1200.0,2026-07-15T02:30:00,2461236.604166667,dso_m45_pleiades,STAR_CLUSTER,56.871000,24.105000,1.6,330.464800514,330.464763424,330.467131930,330.467094524,100.81798188,57.44582445,100.81798188,57.45610451,100.81798188,57.45484998,101.27761567,57.73079825,101.27761567,57.72963873,100.81344537,57.45401389
Tehran,35.69,51.39,1200.0,2026-07-15T02:30:00,2461236.604166667,dso_hyades,STAR_CLUSTER,66.750000,15.870000,0.5,330.464800514,330.464763424,330.467131930,330.467094524,104.12375615,45.21559558,104.12375615,45.23156479,104.12375615,45.22961622,104.49015087,45.49405579,104.49015087,45.49225190,104.12034106,45.22885667
Tehran,35.69,51.39,1200.0,2026-07-15T02:30:00,2461236.604166667,dso_m44_beehive,STAR_CLUSTER,130.100000,19.670000,3.7,330.464800514,330.464763424,330.467131930,330.467094524,63.37258308,-2.80048542,63.37258308,-2.61614823,63.37258308,-2.63989834,63.52735799,-2.46686461,63.52735799,-2.46686461,63.37038434,-2.80549838
Tehran,35.69,51.39,1200.0,2026-07-15T02:30:00,2461236.604166667,dso_double_cluster,STAR_CLUSTER,34.740000,57.130000,3.7,330.464800514,330.464763424,330.467131930,330.467094524,18.38051818,66.65885902,18.38051818,66.66580987,18.38051818,66.66496158,17.95159103,66.89008341,17.95159103,66.88930027,18.37882961,66.66182818
Tehran,35.69,51.39,1200.0,2026-07-15T02:30:00,2461236.604166667,dso_coma_cluster,STAR_CLUSTER,185.600000,26.100000,1.8,330.464800514,330.464763424,330.467131930,330.467094524,16.00611837,-26.54599417,16.00611837,-26.40064959,16.00611837,-26.41879235,16.29015921,-26.33003424,16.29015921,-26.33003424,16.00534942,-26.54938013
Tehran,35.69,51.39,1200.0,2026-07-15T02:30:00,2461236.604166667,dso_omega_centauri,GLOBULAR_CLUSTER,201.700000,-47.470000,3.9,330.464800514,330.464763424,330.467131930,330.467094524,180.79475819,-78.07629570,180.79475819,-78.07666395,180.79475819,-78.07662280,179.47986251,-78.21942086,179.47986251,-78.21942086,180.79548813,-78.07983235
Tehran,35.69,51.39,1200.0,2026-07-15T02:30:00,2461236.604166667,dso_47_tucanae,GLOBULAR_CLUSTER,6.020000,-72.080000,4.1,330.464800514,330.464763424,330.467131930,330.467094524,185.01614060,-18.17060234,185.01614060,-18.00461144,185.01614060,-18.02567327,185.07521640,-18.34165175,185.07521640,-18.34165175,185.01647084,-18.17616171
Tehran,35.69,51.39,1200.0,2026-07-15T02:30:00,2461236.604166667,dso_m13_hercules,GLOBULAR_CLUSTER,250.420000,36.460000,5.8,330.464800514,330.464763424,330.467131930,330.467094524,322.57283662,-4.82903709,322.57283662,-4.64574871,322.57283662,-4.66934697,322.75889916,-4.91087699,322.75889916,-4.91087699,322.57443726,-4.83376220
Tehran,35.69,51.39,1200.0,2026-07-15T02:30:00,2461236.604166667,dso_m42_orion_nebula,NEBULA,83.822000,-5.391000,4.0,330.464800514,330.464763424,330.467131930,330.467094524,111.44060628,18.74794580,111.44060628,18.79484373,111.44060628,18.78913019,111.67743006,19.02750790,111.67743006,19.02226438,111.43817815,18.79163782
Tehran,35.69,51.39,1200.0,2026-07-15T02:30:00,2461236.604166667,dso_m8_lagoon,NEBULA,270.920000,-24.380000,6.0,330.464800514,330.464763424,330.467131930,330.467094524,260.09406023,-30.00973016,260.09406023,-29.87504480,260.09406023,-29.89172474,260.30230803,-30.34248308,260.30230803,-30.34248308,260.09702780,-30.01418006
Tehran,35.69,51.39,1200.0,2026-07-15T02:30:00,2461236.604166667,dso_eta_carinae_nebula,NEBULA,161.260000,-59.870000,1.0,330.464800514,330.464763424,330.467131930,330.467094524,146.08388501,-54.55541005,146.08388501,-54.51115161,146.08388501,-54.51630534,145.76931362,-54.50187452,145.76931362,-54.50187452,146.08161189,-54.56010392
Tromso,69.65,18.96,10.0,2026-07-15T02:30:00,2461236.604166667,star_cma_sirius,STAR,101.287000,-16.716000,-1.46,330.464800514,330.464763424,330.467131930,330.467094524,74.95626361,-23.30694259,74.95626361,-23.15271757,74.95626361,-23.15652787,75.23183883,-23.18407662,75.23183883,-23.18407662,74.95109471,-23.31001665
Tromso,69.65,18.96,10.0,2026-07-15T02:30:00,2461236.604166667,star_cma_adhara,STAR,104.656000,-28.972000,1.5,330.464800514,330.464763424,330.467131930,330.467094524,76.86771276,-35.83882340,76.86771276,-35.72436463,76.86771276,-35.72676088,77.10555776,-35.72006614,77.10555776,-35.72006614,76.86193794,-35.84206177
Tromso,69.65,18.96,10.0,2026-07-15T02:30:00,2461236.604166667,star_cma_wezen,STAR,107.098000,-26.393000,1.83,330.464800514,330.464763424,330.467131930,330.467094524,73.22216722,-34.28198898,73.22216722,-34.16188945,73.22216722,-34.16445918,73.47034564,-34.15559086,73.47034564,-34.15559086,73.21635898,-34.28505287
Tromso,69.65,18.96,10.0,2026-07-15T02:30:00,2461236.604166667,star_cma_mirzam,STAR,95.675000,-17.956000,1.98,330.464800514,330.464763424,330.467131930,330.467094524,80.86866851,-22.54309669,80.86866851,-22.38693946,80.86866851,-22.39083222,81.14121887,-22.43316219,81.14121887,-22.43316219,80.86375855,-22.54634496
Tromso,69.65,18.96,10.0,2026-07-15T02:30:00,2461236.604166667,star_cmi_procyon,STAR,114.825000,5.225000,0.34,330.464800514,330.464763424,330.467131930,330.467094524,54.48757433,-6.77259056,54.48757433,-6.59068345,54.48757433,-6.59584642,54.80588497,-6.61612547,54.80588497,-6.61612547,54.48246610,-6.77513462
Tromso,69.65,18.96,10.0,2026-07-15T02:30:00,2461236.604166667,star_car_canopus,STAR,95.987000,-52.695000,-0.74,330.464800514,330.464763424,330.467131930,330.467094524,101.05845916,-53.74912056,101.05845916,-53.70213067,101.05845916,-53.70290194,101.16483191,-53.69195195,101.16483191,-53.69195195,101.05264669,-53.75364432
Tromso,69.65,18.96,10.0,2026-07-15T02:30:00,2461236.604166667,star_car_miaplacidus,STAR,138.300000,-69.720000,1.67,330.464800514,330.464763424,330.467131930,330.467094524,105.56097581,-79.35538879,105.56097581,-79.35618414,105.56097581,-79.35617368,105.00027873,-79.30995466,105.00027873,-79.30995466,105.54410087,-79.35981680
Tromso,69.65,18.96,10.0,2026-07-15T02:30:00,2461236.604166667,star_cen_rigil_kent,STAR,219.900000,-60.833000,-0.01,330.464800514,330.464763424,330.467131930,330.467094524,267.35166037,-67.81034270,267.35166037,-67.80027242,267.35166037,-67.80041502,268.04305443,-67.90587664,268.04305443,-67.90587664,267.36283429,-67.80860203
Tromso,69.65,18.96,10.0,2026-07-15T02:30:00,2461236.604166667,star_cen_hadar,STAR,210.956000,-60.373000,0.61,330.464800514,330.464763424,330.467131930,330.467094524,276.97782129,-70.61393387,276.97782129,-70.60808216,276.97782129,-70.60816320,277.76528181,-70.68342860,277.76528181,-70.68342860,276.98891344,-70.61140625
Tromso,69.65,18.96,10.0,2026-07-15T02:30:00,2461236.604166667,star_lyr_vega,STAR,279.234000,38.783000,0.03,330.464800514,330.464763424,330.467131930,330.467094524,267.46511864,42.87720786,267.46511864,42.89453217,267.46511864,42.89428419,267.67065743,42.79403870,267.67065743,42.79402144,267.47092923,42.89151825
Tromso,69.65,18.96,10.0,2026-07-15T02:30:00,2461236.604166667,star_cyg_deneb,STAR,310.358000,45.280000,1.25,330.464800514,330.464763424,330.467131930,330.467094524,238.91822575,59.04562672,238.91822575,59.05528549,238.91822575,59.05514739,239.12957644,58.90070368,239.12957644,58.90069403,238.92796791,59.05410535
Tromso,69.65,18.96,10.0,2026-07-15T02:30:00,2461236.604166667,star_cyg_sadr,STAR,305.557000,40.260000,2.23,330.464800514,330.464763424,330.467131930,330.467094524,240.94398456,53.01939908,240.94398456,53.03152219,240.94398456,53.03134880,241.17308918,52.87956649,241.17308918,52.87955439,240.95229455,53.03008795
Tromso,69.65,18.96,10.0,2026-07-15T02:30:00,2461236.604166667,star_cyg_albireo,STAR,292.680000,27.960000,3.05,330.464800514,330.464763424,330.467131930,330.467094524,248.23441912,37.58783484,248.23441912,37.60871656,248.23441912,37.60841744,248.49359346,37.46816177,248.49359346,37.46814096,248.24060271,37.60680488
Tromso,69.65,18.96,10.0,2026-07-15T02:30:00,2461236.604166667,star_aql_altair,STAR,297.696000,8.868000,0.76,330.464800514,330.464763424,330.467131930,330.467094524,235.84733122,21.09682149,235.84733122,21.13819337,235.84733122,21.13759661,236.15710152,20.98012776,236.15710152,20.98008658,235.85272942,21.13718257
Tromso,69.65,18.96,10.0,2026-07-15T02:30:00,2461236.604166667,star_ori_betelgeuse,STAR,88.793000,7.407000,0.5,330.464800514,330.464763424,330.467131930,330.467094524,78.33011243,3.59617272,78.33011243,3.77796311,78.33011243,3.77409705,78.66458749,3.90876992,78.66458749,3.90858155,78.32546464,3.80511420
Tromso,69.65,18.96,10.0,2026-07-15T02:30:00,2461236.604166667,star_ori_rigel,STAR,78.634000,-8.202000,0.13,330.464800514,330.464763424,330.467131930,330.467094524,93.30362777,-7.49110761,93.30362777,-7.30980570,93.30362777,-7.31493549,93.61105066,-7.41152105,93.61105066,-7.41152105,93.29964847,-7.49406873
Tromso,69.65,18.96,10.0,2026-07-15T02:30:00,2461236.604166667,star_ori_bellatrix,STAR,81.283000,6.350000,1.64,330.464800514,330.464763424,330.467131930,330.467094524,85.70753159,5.20832107,85.70753159,5.35824983,85.70753159,5.35569707,86.04711666,5.45963635,86.04711666,5.45949059,85.70317504,5.36545259
Tromso,69.65,18.96,10.0,2026-07-15T02:30:00,2461236.604166667,star_ori_saiph,STAR,86.939000,-9.670000,2.07,330.464800514,330.464763424,330.467131930,330.467094524,86.04791402,-11.76975969,86.04791402,-11.59314543,86.04791402,-11.59802074,86.34574048,-11.67184136,86.34574048,-11.67184136,86.04350687,-11.77282061
Tromso,69.65,18.96,10.0,2026-07-15T02:30:00,2461236.604166667,star_ori_alnitak,STAR,85.190000,-1.940000,1.77,330.464800514,330.464763424,330.467131930,330.467094524,84.95012800,-3.92181541,84.95012800,-3.73800874,84.95012800,-3.74327442,85.26760666,-3.82094968,85.26760666,-3.82094968,84.94574904,-3.92455809
Tromso,69.65,18.96,10.0,2026-07-15T02:30:00,2461236.604166667,star_ori_alnilam,STAR,84.530000,-1.200000,1.69,330.464800514,330.464763424,330.467131930,330.467094524,85.31072670,-2.99811151,85.31072670,-2.81385902,85.31072670,-2.81914777,85.63041546,-2.89807828,85.63041546,-2.89807828,85.30636790,-3.00081666
Tromso,69.65,18.96,10.0,2026-07-15T02:30:00,2461236.604166667,star_ori_mintaka,STAR,84.050000,-0.300000,2.23,330.464800514,330.464763424,330.467131930,330.467094524,85.44644566,-1.98723009,85.44644566,-1.80258383,85.44644566,-1.80789197,85.76857659,-1.88748388,85.76857659,-1.88748388,85.44209590,-1.98989179
Tromso,69.65,18.96,10.0,2026-07-15T02:30:00,2461236.604166667,star_tau_aldebaran,STAR,68.980000,16.509000,0.85,330.464800514,330.464763424,330.467131930,330.467094524,93.51485763,18.99949004,93.51485763,19.04573592,93.51485763,19.04506726,93.89409895,19.12729658,93.89409895,19.12725118,93.51067742,19.04565547
Tromso,69.65,18.96,10.0,2026-07-15T02:30:00,2461236.604166667,star_tau_elnath,STAR,81.573000,28.608000,1.65,330.464800514,330.464763424,330.467131930,330.467094524,76.93840694,25.82414995,76.93840694,25.85724524,76.93840694,25.85676948,77.32345247,25.97829128,77.32345247,25.97825871,76.93319949,25.85673231
Tromso,69.65,18.96,10.0,2026-07-15T02:30:00,2461236.604166667,star_aur_capella,STAR,79.172000,45.998000,0.08,330.464800514,330.464763424,330.467131930,330.467094524,69.98703097,42.35817860,69.98703097,42.37581970,69.98703097,42.37556717,70.40865297,42.51080569,70.40865297,42.51078827,69.98043389,42.37533018
Tromso,69.65,18.96,10.0,2026-07-15T02:30:00,2461236.604166667,star_umi_polaris,STAR,37.954000,89.264000,1.98,330.464800514,330.464763424,330.467131930,330.467094524,1.54108091,69.98648114,1.54108091,69.99234866,1.54108091,69.99226479,1.62266078,70.13611127,1.62266078,70.13610550,1.53250513,69.98785095
Tromso,69.65,18.96,10.0,2026-07-15T02:30:00,2461236.604166667,star_uma_dubhe,STAR,165.932000,61.751000,1.79,330.464800514,330.464763424,330.467131930,330.467094524,1.95398656,41.27987093,1.95398656,41.29819058,1.95398656,41.29792831,2.20533569,41.44323404,2.20533569,41.44321595,1.94999371,41.29422354
Tromso,69.65,18.96,10.0,2026-07-15T02:30:00,2461236.604166667,star_uma_merak,STAR,165.460000,56.380000,2.37,330.464800514,330.464763424,330.467131930,330.467094524,2.45025252,35.91725814,2.45025252,35.93944269,2.45025252,35.93912482,2.71604381,36.08549617,2.71604381,36.08547429,2.44649314,35.93575559
Tromso,69.65,18.96,10.0,2026-07-15T02:30:00,2461236.604166667,star_uma_alioth,STAR,193.507000,55.960000,1.77,330.464800514,330.464763424,330.467131930,330.467094524,343.19203539,36.70440606,343.19203539,36.72596420,343.19203539,36.72565534,343.42451700,36.83516987,343.42451700,36.83514857,343.19010138,36.72179739
Tromso,69.65,18.96,10.0,2026-07-15T02:30:00,2461236.604166667,star_uma_mizar,STAR,206.884000,54.920000,2.23,330.464800514,330.464763424,330.467131930,330.467094524,333.64581954,37.40454732,333.64581954,37.42556716,333.64581954,37.42526605,333.86382847,37.51157696,333.86382847,37.51155618,333.64489578,37.42125392
Tromso,69.65,18.96,10.0,2026-07-15T02:30:00,2461236.604166667,star_uma_alkaid,STAR,209.800000,49.310000,1.85,330.464800514,330.464763424,330.467131930,330.467094524,329.69526577,32.48550970,329.69526577,32.51072746,329.69526577,32.51036585,329.92877877,32.58677690,329.92877877,32.58675197,329.69479386,32.50675235
Tromso,69.65,18.96,10.0,2026-07-15T02:30:00,2461236.604166667,star_cas_schedar,STAR,9.880000,59.150000,2.24,330.464800514,330.464763424,330.467131930,330.467094524,129.26158889,76.43159938,129.26158889,76.43548757,129.26158889,76.43543200,130.29320488,76.41674032,130.29320488,76.41673647,129.25548345,76.43968981
Tromso,69.65,18.96,10.0,2026-07-15T02:30:00,2461236.604166667,star_cas_caph,STAR,1.150000,59.150000,2.28,330.464800514,330.464763424,330.467131930,330.467094524,147.73883558,78.46015059,147.73883558,78.46344010,147.73883558,78.46339309,148.82528608,78.39203754,148.82528608,78.39203427,147.73966393,78.46794782
Tromso,69.65,18.96,10.0,2026-07-15T02:30:00,2461236.604166667,star_per_mirfak,STAR,51.080000,49.860000,1.79,330.464800514,330.464763424,330.467131930,330.467094524,91.59444505,55.31891037,91.59444505,55.33005154,91.59444505,55.32989222,92.13374045,55.41810937,92.13374045,55.41809835,91.58729109,55.33138337
Tromso,69.65,18.96,10.0,2026-07-15T02:30:00,2461236.604166667,star_per_algol,STAR,47.040000,40.960000,2.12,330.464800514,330.464763424,330.467131930,330.467094524,102.83254531,48.99280521,102.83254531,49.00679993,102.83254531,49.00659972,103.34588171,49.06449177,103.34588171,49.06447791,102.82734233,49.00835945
Tromso,69.65,18.96,10.0,2026-07-15T02:30:00,2461236.604166667,star_boo_arcturus,STAR,213.915000,19.182000,-0.05,330.464800514,330.464763424,330.467131930,330.467094524,318.10085350,4.18422033,318.10085350,4.35506243,318.10085350,4.35182620,318.42042575,4.40891834,318.42042575,4.40874602,318.10141978,4.37070130
Tromso,69.65,18.96,10.0,2026-07-15T02:30:00,2461236.604166667,star_vir_spica,STAR,201.298000,-11.161000,0.98,330.464800514,330.464763424,330.467131930,330.467094524,323.61639278,-28.17790968,323.61639278,-28.03744449,323.61639278,-28.04070971,324.03313774,-28.11393322,324.03313774,-28.11393322,323.61641032,-28.17763489
Tromso,69.65,18.96,10.0,2026-07-15T02:30:00,2461236.604166667,star_sco_antares,STAR,247.352000,-26.432000,0.96,330.464800514,330.464763424,330.467131930,330.467094524,270.94611346,-28.75940597,270.94611346,-28.62074180,270.94611346,-28.62394060,271.36307433,-28.84852508,271.36307433,-28.84852508,270.95072805,-28.75998499
Tromso,69.65,18.96,10.0,2026-07-15T02:30:00,2461236.604166667,star_sco_shaula,STAR,262.690000,-37.030000,1.62,330.464800514,330.464763424,330.467131930,330.467094524,252.04266141,-33.15503608,252.04266141,-33.03095294,252.04266141,-33.03364981,252.45227300,-33.28772824,252.45227300,-33.28772824,252.04841918,-33.15612516
Tromso,69.65,18.96,10.0,2026-07-15T02:30:00,2461236.604166667,star_leo_regulus,STAR,152.093000,11.967000,1.36,330.464800514,330.464763424,330.467131930,330.467094524,16.76301740,-7.65325114,16.76301740,-7.47209293,16.76301740,-7.47721484,17.09611931,-7.48918415,17.09611931,-7.48918415,16.75896167,-7.65533281
Tromso,69.65,18.96,10.0,2026-07-15T02:30:00,2461236.604166667,star_gem_pollux,STAR,116.329000,28.026000,1.14,330.464800514,330.464763424,330.467131930,330.467094524,46.57155356,14.68220562,46.57155356,14.74246185,46.57155356,14.74158315,46.90901699,14.90710530,46.90901699,14.90704676,46.56639372,14.74146193
Tromso,69.65,18.96,10.0,2026-07-15T02:30:00,2461236.604166667,star_gem_castor,STAR,113.650000,31.888000,1.58,330.464800514,330.464763424,330.467131930,330.467094524,47.68993082,19.05866263,47.68993082,19.10475744,47.68993082,19.10409102,48.03201548,19.26866582,48.03201548,19.26862077,47.68463272,19.10343983
Tromso,69.65,18.96,10.0,2026-07-15T02:30:00,2461236.604166667,star_psa_fomalhaut,STAR,344.413000,-29.622000,1.17,330.464800514,330.464763424,330.467131930,330.467094524,184.09473761,-9.18395466,184.09473761,-9.00428352,184.09473761,-9.00932396,184.41606497,-9.33916653,184.41606497,-9.33916653,184.09801705,-9.18695196
Tromso,69.65,18.96,10.0,2026-07-15T02:30:00,2461236.604166667,star_eri_achernar,STAR,24.429000,-57.237000,0.45,330.464800514,330.464763424,330.467131930,330.467094524,156.11118655,-39.26475102,156.11118655,-39.16315378,156.11118655,-39.16518053,156.32702474,-39.36634925,156.32702474,-39.36634925,156.11259851,-39.26980189
Tromso,69.65,18.96,10.0,2026-07-15T02:30:00,2461236.604166667,dso_m31_andromeda,GALAXY,10.684000,41.269000,3.44,330.464800514,330.464763424,330.467131930,330.467094524,146.88160401,59.61437109,146.88160401,59.62381399,146.88160401,59.62367898,147.47855331,59.55429218,147.47855331,59.55428279,146.88180716,59.62718115
Tromso,69.65,18.96,10.0,2026-07-15T02:30:00,2461236.604166667,dso_lmc,GALAXY,80.894000,-69.756000,0.9,330.464800514,330.464763424,330.467131930,330.467094524,132.57892278,-61.93891417,132.57892278,-61.91646481,132.57892278,-61.91680061,132.59021438,-61.97580290,132.59021438,-61.97580290,132.57689750,-61.94450127
Tromso,69.65,18.96,10.0,2026-07-15T02:30:00,2461236.604166667,dso_smc,GALAXY,14.766000,-72.801000,2.7,330.464800514,330.464763424,330.467131930,330.467094524,167.57572197,-53.26304501,167.57572197,-53.21438099,167.57572197,-53.21518456,167.74846746,-53.39114090,167.74846746,-53.39114090,167.57920149,-53.26823251
Tromso,69.65,18.96,10.0,2026-07-15T02:30:00,2461236.604166667,dso_m33_triangulum,GALAXY,23.462000,30.660000,5.72,330.464800514,330.464763424,330.467131930,330.467094524,135.05682737,46.59053482,135.05682737,46.60575718,135.05682737,46.60553937,135.56373062,46.56886105,135.56373062,46.56884592,135.05549605,46.60810108
Tromso,69.65,18.96,10.0,2026-07-15T02:30:00,2461236.604166667,dso_m45_pleiades,STAR_CLUSTER,56.871000,24.105000,1.6,330.464800514,330.464763424,330.467131930,330.467094524,102.03784102,30.25207447,102.03784102,30.27958655,102.03784102,30.27919177,102.45955372,30.33855093,102.45955372,30.33852373,102.03384493,30.28006293
Tromso,69.65,18.96,10.0,2026-07-15T02:30:00,2461236.604166667,dso_hyades,STAR_CLUSTER,66.750000,15.870000,0.5,330.464800514,330.464763424,330.467131930,330.467094524,95.87171712,19.18213223,95.87171712,19.22791459,95.87171712,19.22725279,96.25275586,19.30325498,96.25275586,19.30321001,95.86767286,19.22788858
Tromso,69.65,18.96,10.0,2026-07-15T02:30:00,2461236.604166667,dso_m44_beehive,STAR_CLUSTER,130.100000,19.670000,3.7,330.464800514,330.464763424,330.467131930,330.467094524,36.39438870,3.40219290,36.39438870,3.58666162,36.39438870,3.58251448,36.72155513,3.77255411,36.72155513,3.77236087,36.38957706,3.61933006
Tromso,69.65,18.96,10.0,2026-07-15T02:30:00,2461236.604166667,dso_double_cluster,STAR_CLUSTER,34.740000,57.130000,3.7,330.464800514,330.464763424,330.467131930,330.467094524,98.97845912,66.88785949,98.97845912,66.89473414,98.97845912,66.89463586,99.67283098,66.96379826,99.67283098,66.96379147,98.96913154,66.89711942
Tromso,69.65,18.96,10.0,2026-07-15T02:30:00,2461236.604166667,dso_coma_cluster,STAR_CLUSTER,185.600000,26.100000,1.8,330.464800514,330.464763424,330.467131930,330.467094524,345.10461070,6.34736498,345.10461070,6.47696379,345.10461070,6.47488521,345.41989737,6.59203652,345.41989737,6.59191187,345.10282708,6.47966197
Tromso,69.65,18.96,10.0,2026-07-15T02:30:00,2461236.604166667,dso_omega_centauri,GLOBULAR_CLUSTER,201.700000,-47.470000,3.9,330.464800514,330.464763424,330.467131930,330.467094524,307.09526557,-62.85316514,307.09526557,-62.83295347,307.09526557,-62.83325301,307.76367721,-62.83393816,307.76367721,-62.83393816,307.09837648,-62.84991009
Tromso,69.65,18.96,10.0,2026-07-15T02:30:00,2461236.604166667,dso_47_tucanae,GLOBULAR_CLUSTER,6.020000,-72.080000,4.1,330.464800514,330.464763424,330.467131930,330.467094524,171.57633505,-52.00800370,171.57633505,-51.95492837,171.57633505,-51.95581872,171.76808106,-52.14408302,171.76808106,-52.14408302,171.58023189,-52.01304513
Tromso,69.65,18.96,10.0,2026-07-15T02:30:00,2461236.604166667,dso_m13_hercules,GLOBULAR_CLUSTER,250.420000,36.460000,5.8,330.464800514,330.464763424,330.467131930,330.467094524,292.00062947,30.92355130,292.00062947,30.95034280,292.00062947,30.94995844,292.23351234,30.91719462,292.23351234,30.91716804,292.00383647,30.94695811
Tromso,69.65,18.96,10.0,2026-07-15T02:30:00,2461236.604166667,dso_m42_orion_nebula,NEBULA,83.822000,-5.391000,4.0,330.464800514,330.464763424,330.467131930,330.467094524,87.44788749,-6.67628093,87.44788749,-6.49429660,87.44788749,-6.49946380,87.75828189,-6.58162934,87.75828189,-6.58162934,87.44360776,-6.67915621
Tromso,69.65,18.96,10.0,2026-07-15T02:30:00,2461236.604166667,dso_m8_lagoon,NEBULA,270.920000,-24.380000,6.0,330.464800514,330.464763424,330.467131930,330.467094524,250.26275604,-18.76293760,250.26275604,-18.59815567,250.26275604,-18.60243691,250.63548416,-18.89970946,250.63548416,-18.89970946,250.26789382,-18.76468765
Tromso,69.65,18.96,10.0,2026-07-15T02:30:00,2461236.604166667,dso_eta_carinae_nebula,NEBULA,161.260000,-59.870000,1.0,330.464800514,330.464763424,330.467131930,330.467094524,22.90663475,-79.81201405,22.90663475,-79.81292384,22.90663475,-79.81291189,23.36121651,-79.63987448,23.36121651,-79.63987448,22.88171745,-79.80991722
