id,ra_deg,dec_deg,magnitude
HIP25,0.080100,-44.291361,6.280
HIP34,0.099918,26.917714,6.430
HIP43,0.127724,59.559502,6.180
HIP50,0.143644,-53.097864,6.490
HIP63,0.181967,45.253336,6.360
HIP88,0.268915,-48.809926,5.710
HIP106,0.330347,49.981476,6.220
HIP107,0.333910,-50.337295,5.530
HIP122,0.397381,-77.067027,4.780
HIP124,0.404192,61.222791,5.580
HIP128,0.415926,73.611755,6.500
HIP137,0.432756,42.367131,6.250
HIP145,0.456169,-3.027579,5.130
HIP154,0.490425,-6.014376,4.370
HIP171,0.548522,27.075493,5.800
HIP183,0.583087,-29.720311,5.040
HIP186,0.600684,8.956794,6.330
HIP194,0.623064,8.485113,5.700
HIP207,0.650415,66.098974,5.870
HIP238,0.740302,-20.045301,6.250
HIP253,0.783194,-24.145168,6.460
HIP274,0.857091,63.640507,6.240
HIP301,0.935170,-17.336042,4.550
HIP302,0.965276,66.712123,6.310
HIP330,1.056914,62.287661,5.900
HIP343,1.082888,-16.529480,5.780
HIP345,1.084896,-29.268797,6.380
HIP355,1.125446,-10.509610,4.990
HIP365,1.152332,42.092436,6.110
HIP377,1.172659,-71.436991,5.590
HIP379,1.176373,67.166620,5.680
HIP394,1.230478,34.660537,6.090
HIP399,1.234225,26.648657,6.250
HIP410,1.255623,27.674736,6.470
HIP417,1.266255,-0.503429,6.320
HIP418,1.275804,61.313986,5.800
HIP443,1.333859,-5.706969,4.610
HIP476,1.425157,13.396218,5.550
HIP518,1.568819,58.436864,5.980
HIP522,1.585619,-49.075485,5.700
HIP531,1.610714,64.196168,5.570
HIP544,1.656333,29.020189,6.070
HIP560,1.709444,-23.107887,6.190
HIP602,1.826032,-17.386865,6.200
HIP635,1.934022,-2.548659,6.430
HIP636,1.945954,-22.508816,5.930
HIP655,2.014167,-33.529303,5.670
HIP664,2.050448,-2.447747,6.180
HIP671,2.072806,-8.824375,5.990
HIP677,2.098008,29.089233,2.070
HIP695,2.136776,63.204014,6.410
HIP696,2.139685,-17.578503,6.110
HIP699,2.169598,36.626208,6.210
HIP716,2.218063,25.463388,6.240
HIP728,2.250724,28.247502,6.470
HIP729,2.261172,18.211775,5.570
HIP730,2.260482,-54.001835,6.320
HIP746,2.300818,59.148452,2.280
HIP760,2.337252,79.714255,6.010
HIP761,2.338370,-27.988002,5.420
HIP765,2.353829,-45.748752,3.880
HIP798,2.467384,-62.296665,6.340
HIP813,2.509393,11.145825,5.540
HIP814,2.508217,-82.224197,5.290
HIP840,2.578879,-5.248802,5.840
HIP841,2.580228,46.072274,5.010
HIP873,2.679602,-12.580178,5.840
HIP910,2.815442,-15.469959,4.890
HIP930,2.893448,-27.799611,5.410
HIP950,2.934801,-35.132282,5.240
HIP967,2.996783,48.152472,6.180
HIP983,3.042063,-17.938460,5.290
HIP1009,3.143284,44.707036,6.500
HIP1067,3.309006,15.183535,2.830
HIP1074,3.332410,-84.993850,5.780
HIP1076,3.349550,26.987304,6.240
HIP1086,3.377402,41.034289,5.710
HIP1096,3.426323,-26.022925,5.940
HIP1099,3.434884,-26.284886,6.140
HIP1123,3.509437,33.205901,6.220
HIP1158,3.615573,-7.780515,5.130
HIP1168,3.651381,20.206716,4.790
HIP1170,3.659864,-18.933409,4.440
HIP1191,3.727309,-9.569633,5.770
HIP1193,3.733258,22.284144,6.250
HIP1195,3.743412,-34.904311,6.170
HIP1196,3.745883,8.820778,6.020
HIP1208,3.779237,31.535685,6.340
HIP1215,3.794132,27.283327,6.350
HIP1269,3.978267,61.000096,6.430
HIP1268,3.978316,-75.911633,6.490
HIP1288,4.037907,-31.446594,5.660
HIP1296,4.058550,76.950732,6.350
HIP1302,4.090037,43.594877,6.120
HIP1319,4.141622,8.240046,6.120
HIP1331,4.176380,-20.210072,6.500
HIP1354,4.237602,61.533160,5.740
HIP1366,4.272473,38.681504,4.610
HIP1372,4.287720,47.947376,5.860
HIP1402,4.386414,-19.051109,6.460
HIP1415,4.429376,51.433078,6.110
HIP1421,4.449408,1.688794,6.190
HIP1465,4.571619,11.206003,6.070
HIP1473,4.581334,36.784911,4.510
HIP1493,4.659877,31.517206,5.880
HIP1499,4.677540,-8.054062,6.470
HIP1501,4.675918,43.791121,6.100
HIP1502,4.677808,-43.235571,6.330
HIP1562,4.856878,-8.824200,3.560
HIP1575,4.922934,40.729321,6.350
HIP1599,5.041733,-64.866213,4.230
HIP1630,5.101796,30.935609,5.890
HIP1639,5.128951,48.968608,6.460
HIP1645,5.149392,8.190342,5.380
HIP1647,5.162585,-69.624918,5.500
HIP1657,5.189412,32.911059,5.790
HIP1686,5.280800,37.968311,5.160
HIP1706,5.370271,-77.426920,5.960
HIP1708,5.380251,-28.981995,5.180
HIP1728,5.443286,-20.058118,5.610
HIP1772,5.606658,13.482653,6.250
HIP1803,5.718734,-12.208993,6.390
HIP1821,5.768898,-15.942372,6.430
HIP1921,6.065384,52.019882,5.580
HIP1939,6.123286,-2.219376,6.080
HIP1948,6.159099,14.315495,6.480
HIP1960,6.198108,61.831039,5.380
HIP1982,6.276991,53.046788,5.720
HIP2006,6.350759,1.939597,5.770
HIP2021,6.492814,-77.251859,2.820
HIP2072,6.551820,-43.679587,3.930
HIP2081,6.573157,-42.308584,2.400
HIP2086,6.590793,-18.693721,6.240
HIP2100,6.656403,-0.049522,6.160
HIP2159,6.811544,-25.547282,5.990
HIP2178,6.880138,16.025556,6.440
HIP2210,6.981900,-33.007538,4.860
HIP2213,6.993441,19.513911,6.400
HIP2219,7.013014,17.893276,5.010
HIP2224,7.053066,16.444958,6.050
HIP2225,7.057676,44.394339,5.180
HIP2235,7.083785,10.188353,6.050
HIP2237,7.086993,-20.335881,6.440
HIP2240,7.111710,-39.915306,5.420
HIP2256,7.181326,-50.532898,6.260
HIP2270,7.236049,36.899674,6.280
HIP2337,7.467340,-14.864359,6.150
HIP2353,7.509889,-3.957439,5.720
HIP2355,7.531044,29.751136,5.200
HIP2377,7.583249,59.977525,5.940
HIP2381,7.594178,-23.787577,5.170
HIP2383,7.610436,-48.215553,5.670
HIP2388,7.615903,-40.939467,6.180
HIP2422,7.737805,77.019151,6.180
HIP2472,7.855483,-48.803371,4.760
HIP2474,7.855408,66.519589,6.180
HIP2475,7.857243,33.581522,5.880
HIP2484,7.887210,-62.958618,4.360
HIP2487,7.890614,-62.965898,4.530
HIP2497,7.920901,52.839429,5.590
HIP2505,7.943602,54.522180,4.740
HIP2548,8.099425,6.955489,5.690
HIP2568,8.148909,20.293962,5.380
HIP2578,8.184078,-63.031867,5.070
HIP2583,8.204500,28.280286,6.260
HIP2599,8.250020,62.931768,4.170
HIP2611,8.294082,54.894695,5.930
HIP2628,8.330899,70.981830,6.410
HIP2629,8.348629,-71.266342,6.110
HIP2661,8.420779,-29.558494,5.550
HIP2663,8.432008,-35.005882,6.410
HIP2707,8.604190,66.750349,6.470
HIP2711,8.618357,-52.372809,5.570
HIP2734,8.730129,13.370736,6.390
HIP2762,8.814997,-3.593114,5.200
HIP2787,8.887865,-0.506066,5.940
HIP2789,8.889152,-54.822250,6.040
HIP2802,8.922024,-48.001653,5.510
HIP2832,8.977348,13.205749,6.320
HIP2846,9.012662,-14.973471,6.450
HIP2852,9.028019,-22.842704,6.060
HIP2854,9.034879,54.168439,5.080
HIP2876,9.113970,60.326207,5.780
HIP2889,9.157468,-65.124508,6.430
HIP2900,9.193166,44.488821,5.140
HIP2903,9.197137,15.231621,5.890
HIP2912,9.220335,33.719318,4.340
HIP2920,9.243042,53.896842,3.690
HIP2926,9.279810,24.013797,6.180
HIP2937,9.326791,-54.393847,6.400
HIP2941,9.347424,-24.767393,5.570
HIP2942,9.338332,35.399475,5.450
HIP2954,9.377706,3.134908,6.430
HIP3031,9.637093,29.309881,4.340
HIP3056,9.703704,-25.107979,6.430
HIP3083,9.791310,49.354569,5.450
HIP3092,9.832919,30.860413,3.270
HIP3093,9.837303,21.247742,5.880
HIP3132,9.942300,82.494330,6.380
HIP3137,9.966863,-44.796170,6.000
HIP3138,9.981765,21.438285,5.360
HIP3170,10.117678,-59.451343,5.890
HIP3175,10.119412,-16.516913,6.490
HIP3179,10.127412,56.537094,2.240
HIP3185,10.141678,-23.807550,6.140
HIP3193,10.176442,-4.351948,5.900
HIP3231,10.279813,39.458642,5.300
HIP3245,10.331183,-46.084999,4.590
HIP3269,10.400993,24.628836,6.060
HIP3277,10.444352,-56.500893,5.720
HIP3299,10.514117,66.147529,5.830
HIP3300,10.516358,50.512478,4.800
HIP3330,10.618994,-65.467727,5.380
HIP3334,10.629688,58.753349,6.180
HIP3352,10.678048,-60.263188,5.990
HIP3356,10.678733,-38.463529,6.050
HIP3405,10.838434,-57.462946,4.360
HIP3414,10.866725,47.024272,4.950
HIP3419,10.899152,-17.986364,2.040
HIP3436,10.958694,-12.013343,6.010
HIP3455,11.047448,-10.610388,4.770
HIP3456,11.052566,-38.420798,5.900
HIP3478,11.108744,47.864047,5.660
HIP3489,11.133249,-62.497545,6.060
HIP3504,11.181497,48.284308,4.480
HIP3505,11.184465,-22.005538,5.220
HIP3521,11.236913,-42.677265,5.940
HIP3527,11.252164,-53.714879,6.150
HIP3544,11.321244,55.221357,5.410
HIP3552,11.350804,-4.628883,6.150
HIP3559,11.369291,-12.882324,6.150
HIP3572,11.412506,74.987912,5.640
HIP3576,11.423867,-16.424265,6.470
HIP3583,11.441756,-47.551408,5.800
HIP3604,11.545218,44.861463,6.030
HIP3607,11.550506,-22.522187,5.490
HIP3632,11.637105,15.475178,5.360
HIP3641,11.663174,69.325521,6.390
HIP3649,11.676844,59.574533,6.410
HIP3675,11.756475,11.973590,5.510
HIP3685,11.807612,19.578751,6.110
HIP3693,11.833898,24.266575,4.080
HIP3697,11.848577,6.740880,5.980
HIP3717,11.930319,-18.061086,5.700
HIP3721,11.942208,74.847529,5.420
HIP3741,12.004638,-21.722545,5.570
HIP3750,12.040610,72.674555,5.860
HIP3760,12.073368,7.299953,5.920
HIP3765,12.101334,5.272214,5.740
HIP3781,12.150425,-74.923693,5.090
HIP3786,12.171212,7.584707,4.440
HIP3801,12.208734,50.968096,4.900
HIP3807,12.236257,-46.697495,6.280
HIP3810,12.244602,16.939160,5.070
HIP3821,12.288924,57.811067,3.460
HIP3834,12.308725,-24.137111,5.900
HIP3849,12.357513,-13.562053,5.590
HIP3858,12.389197,-23.362248,6.270
HIP3881,12.453731,41.078778,4.530
HIP3885,12.472215,27.710211,5.550
HIP3903,12.515821,-43.394850,6.490
HIP3909,12.529962,-10.646008,5.170
HIP3919,12.576677,45.002309,6.130
HIP3949,12.672257,-50.986487,5.240
HIP3951,12.682128,64.247454,5.350
HIP3965,12.740577,51.508028,6.380
HIP3988,12.818233,61.805480,6.040
HIP3992,12.826513,3.384552,6.390
HIP4023,12.890752,51.571346,6.220
HIP4104,13.169566,-24.005597,5.470
HIP4147,13.252113,-1.144380,4.780
HIP4151,13.266622,61.125219,4.800
HIP4164,13.302742,-24.776582,6.440
HIP4185,13.367699,37.417882,6.070
HIP4200,13.408786,-62.871347,5.730
HIP4212,13.449118,52.689138,6.270
HIP4257,13.573431,-8.741010,6.150
HIP4267,13.646861,19.188360,5.800
HIP4283,13.724169,83.707356,5.590
HIP4288,13.743186,23.627999,5.460
HIP4292,13.750265,58.972398,4.830
HIP4293,13.751432,-69.527403,5.450
HIP4298,13.771448,48.678435,6.280
HIP4317,13.811320,24.556959,6.190
HIP4346,13.926608,-7.347479,5.880
HIP4363,13.981484,-27.775877,6.110
HIP4366,13.993636,27.209463,6.080
HIP4371,14.006004,-11.266585,5.350
HIP4382,14.037991,13.951939,6.460
HIP4383,14.054546,57.996440,6.200
HIP4422,14.165150,59.180722,4.620
HIP4427,14.177531,60.716712,2.150
HIP4436,14.189712,38.499616,3.860
HIP4440,14.196062,60.362801,5.560
HIP4446,14.231344,68.775399,6.390
HIP4463,14.301324,23.417309,4.400
HIP4475,14.332448,61.421781,6.440
HIP4501,14.415299,45.839330,6.100
HIP4510,14.459009,28.992160,5.440
HIP4520,14.477085,13.695823,6.300
HIP4552,14.559538,33.950356,5.990
HIP4558,14.578649,21.404469,6.470
HIP4563,14.593143,-60.696067,6.230
HIP4572,14.630072,66.351696,5.970
HIP4577,14.651680,-29.357403,4.300
HIP4587,14.682531,-11.380086,5.620
HIP4655,14.957174,6.483186,6.140
HIP4675,15.014972,44.713057,5.690
HIP4709,15.130537,70.982940,6.400
HIP4770,15.326734,-38.916160,5.590
HIP4786,15.362734,49.544200,6.480
HIP4801,15.411567,-16.266247,6.470
HIP4829,15.507657,-57.002267,6.120
HIP4844,15.576896,51.034840,6.480
HIP4852,15.610810,-31.551893,5.500
HIP4879,15.678901,-65.456075,6.250
HIP4889,15.704700,31.804039,5.500
HIP4890,15.704931,-46.397230,5.390
HIP4903,15.725939,41.345032,5.950
HIP4906,15.735271,7.890326,4.270
HIP4911,15.757290,47.376044,6.460
HIP4914,15.759710,-4.837359,5.400
HIP4932,15.822901,-29.526082,6.280
HIP4962,15.904177,61.074801,5.920
HIP4979,15.955186,1.366546,6.060
HIP4998,16.009967,52.501712,5.990
HIP5021,16.080025,61.580002,5.830
HIP5034,16.115806,29.657921,6.200
HIP5042,16.135364,-33.533018,6.440
HIP5074,16.219535,5.656142,6.030
HIP5081,16.272368,14.946526,5.640
HIP5121,16.403457,-9.979575,6.090
HIP5131,16.420985,21.473076,5.330
HIP5132,16.424212,21.465349,5.550
HIP5141,16.455207,4.907494,6.350
HIP5165,16.520352,-46.718181,3.320
HIP5164,16.521681,-9.839311,5.580
HIP5170,16.531784,-23.992698,6.120
HIP5175,16.546729,32.181312,6.280
HIP5204,16.640219,12.956239,6.140
HIP5240,16.751798,56.934173,6.410
HIP5251,16.789588,53.498161,6.310
HIP5259,16.804425,-23.996568,6.360
HIP5268,16.828719,-61.775372,5.360
HIP5296,16.943643,-9.785425,5.710
HIP5300,16.949709,-41.486858,5.210
HIP5310,16.988832,20.738481,5.560
HIP5315,16.999656,1.989856,6.440
HIP5317,17.005031,43.941641,5.040
HIP5319,17.007283,32.011941,6.230
HIP5336,17.105978,54.908568,5.170
HIP5346,17.090663,5.648601,5.510
HIP5348,17.096403,-55.245541,3.940
HIP5361,17.139645,58.263358,5.770
HIP5364,17.149074,-10.183282,3.460
HIP5372,17.193254,86.257006,4.240
HIP5412,17.299836,80.011285,6.240
HIP5434,17.375561,47.241696,4.260
HIP5447,17.434500,35.619732,2.070
HIP5454,17.454969,19.658477,5.570
HIP5477,17.530686,-57.695264,6.410
HIP5483,17.547831,15.673732,6.070
HIP5485,17.549629,-8.906424,6.400
HIP5493,17.576854,42.081167,5.670
HIP5494,17.581074,25.456926,5.810
HIP5510,17.639741,2.445553,5.970
HIP5518,17.664402,68.778419,5.320
HIP5542,17.778174,55.149759,4.340
HIP5544,17.778120,31.424648,5.150
HIP5550,17.792690,37.724070,5.800
HIP5566,17.857112,64.202535,5.560
HIP5571,17.863739,21.034572,4.660
HIP5575,17.870797,10.291863,6.490
HIP5586,17.915762,30.089361,4.510
HIP5589,17.922851,65.018759,5.570
HIP5594,17.930859,-2.251242,5.930
HIP5626,18.072950,79.673927,5.600
HIP5650,18.142227,45.337685,6.130
HIP5661,18.190070,-37.856705,5.950
HIP5679,18.247986,30.063991,6.240
HIP5688,18.291423,61.706141,6.400
HIP5737,18.433907,7.574945,5.210
HIP5742,18.437430,24.583557,4.670
HIP5743,18.439747,7.577914,6.440
HIP5772,18.520953,28.529179,6.330
HIP5778,18.531561,16.133286,5.970
HIP5799,18.601084,-7.920783,5.140
HIP5824,18.676534,6.994954,6.040
HIP5833,18.704773,-0.972283,5.700
HIP5862,18.802627,-45.530353,4.970
HIP5896,18.948957,-68.874989,4.250
HIP5926,19.049543,71.743833,5.870
HIP5928,19.060029,87.145347,6.200
HIP5936,19.079076,33.114456,6.040
HIP5947,19.127187,79.910447,6.270
HIP5951,19.150464,-2.500839,5.420
HIP5992,19.266435,-66.397743,6.230
HIP5993,19.271207,44.901695,6.110
HIP6025,19.350108,31.744641,6.360
HIP6061,19.449453,3.614301,5.130
HIP6087,19.542354,47.419675,6.290
HIP6093,19.557764,57.803157,6.390
HIP6140,19.695790,37.386192,6.440
HIP6193,19.866862,27.263973,4.740
HIP6226,19.951269,-0.509131,5.870
HIP6242,20.020467,58.231595,4.950
HIP6261,20.080364,77.571341,6.310
HIP6272,20.115491,-11.239558,6.160
HIP6283,20.144041,-3.246958,6.260
HIP6312,20.272776,64.657958,6.330
HIP6315,20.280945,28.737654,5.230
HIP6378,20.497845,76.238551,6.370
HIP6411,20.585393,45.528842,4.870
HIP6427,20.626555,-19.081686,6.350
HIP6429,20.645303,-0.449761,6.500
HIP6432,20.654447,1.726002,6.210
HIP6486,20.840805,58.142326,6.360
HIP6492,20.853916,20.468899,5.970
HIP6502,20.878862,-30.945954,5.840
HIP6512,20.908090,34.246752,6.280
HIP6514,20.919941,37.714798,5.600
HIP6522,20.944893,78.726080,6.070
HIP6537,21.005267,-8.184780,3.600
HIP6539,21.011911,-8.007911,6.210
HIP6564,21.085655,-6.914618,5.920
HIP6589,21.166608,-15.660617,6.170
HIP6592,21.170102,-41.492821,5.420
HIP6595,21.174556,-44.528718,6.260
HIP6605,21.202910,-2.848796,6.170
HIP6631,21.272434,-64.369604,5.920
HIP6669,21.398928,23.511356,6.180
HIP6670,21.405459,-14.598923,4.900
HIP6685,21.443161,70.979785,6.340
HIP6686,21.457647,60.234919,2.660
HIP6687,21.468628,-3.927585,6.500
HIP6692,21.484603,68.130209,4.720
HIP6702,21.538581,34.579074,6.340
HIP6706,21.563386,19.172421,5.350
HIP6711,21.578853,43.457294,5.980
HIP6714,21.598740,20.070509,6.440
HIP6717,21.614319,-0.399179,6.420
HIP6732,21.674046,19.239990,5.500
HIP6748,21.714965,-13.056446,5.510
HIP6776,21.777715,34.377473,6.270
HIP6789,21.847112,-22.338852,6.430
HIP6794,21.861231,41.101340,6.420
HIP6813,21.917468,45.405882,4.830
HIP6822,21.945263,-10.901466,6.130
HIP6867,22.091201,-43.319763,3.410
HIP6868,22.096303,7.961290,6.220
HIP6952,22.377265,-46.756299,6.250
HIP6960,22.400991,-21.629315,5.110
HIP6971,22.428698,-25.617655,6.370
HIP6981,22.470713,18.355650,6.010
HIP6999,22.525432,47.006961,5.270
HIP7007,22.548476,6.143479,4.840
HIP7016,22.595788,-26.207841,5.920
HIP7050,22.718260,66.098005,6.150
HIP7078,22.809658,70.264045,5.820
HIP7083,22.814318,-49.071567,3.930
HIP7097,22.871071,15.345799,3.620
HIP7115,22.912408,-45.575677,6.170
HIP7118,22.930162,-30.283555,5.790
HIP7147,23.031483,34.799923,6.390
HIP7189,23.151248,-49.728254,6.270
HIP7213,23.233546,-36.865381,5.490
HIP7243,23.326295,8.208505,6.310
HIP7251,23.357183,58.327300,5.690
HIP7271,23.412371,-78.505832,6.110
HIP7276,23.429796,-7.025941,5.750
HIP7283,23.480122,89.015400,6.460
HIP7294,23.482300,59.231869,4.680
HIP7321,23.569302,37.236991,5.900
HIP7345,23.658124,-15.676379,5.620
HIP7359,23.704674,18.460027,5.900
HIP7361,23.711020,-31.892628,6.110
HIP7362,23.713922,-3.524134,6.440
HIP7363,23.715082,-23.699586,6.410
HIP7387,23.815936,-58.139718,6.030
HIP7436,23.943540,14.661366,6.230
HIP7443,23.960308,-39.947486,6.430
HIP7444,23.970360,41.076425,6.390
HIP7447,23.979281,17.433997,5.950
HIP7450,23.995841,-15.400083,5.410
HIP7463,24.036431,-29.906964,5.690
HIP7493,24.113172,48.722638,6.200
HIP7505,24.181398,7.831596,6.390
HIP7506,24.186927,-58.270960,6.180
HIP7513,24.197791,41.402654,4.100
HIP7535,24.274086,12.141608,5.540
HIP7568,24.368636,-84.769420,5.660
HIP7580,24.408961,-9.402965,6.240
HIP7588,24.429537,-57.237052,0.450
HIP7593,24.446647,64.739361,6.490
HIP7597,24.467144,-3.440756,6.430
HIP7601,24.486746,-82.974107,5.880
HIP7607,24.498753,48.627385,3.590
HIP7617,24.531566,57.977590,5.550
HIP7643,24.614398,-36.529152,5.940
HIP7650,24.628592,73.039943,5.280
HIP7651,24.632440,45.399710,6.380
HIP7679,24.716793,-21.275111,5.580
HIP7719,24.837314,44.386275,5.010
HIP7740,24.920702,16.405773,5.980
HIP7751,24.951320,-56.196277,5.760
HIP7786,25.054418,53.868244,6.350
HIP7818,25.145217,40.576876,4.960
HIP7819,25.146029,8.760783,6.340
HIP7825,25.166233,43.297454,5.630
HIP7874,25.327492,25.745413,6.200
HIP7879,25.341177,-79.148037,6.330
HIP7884,25.357722,5.487640,4.450
HIP7886,25.364270,-38.132411,6.200
HIP7906,25.413426,30.047072,5.970
HIP7916,25.437256,-11.327700,5.750
HIP7918,25.453660,42.612043,4.960
HIP7921,25.450018,-60.789637,5.700
HIP7941,25.512225,-36.832428,5.700
HIP7943,25.514965,35.245525,5.630
HIP7955,25.535183,-32.327311,5.250
HIP7963,25.573943,58.627678,6.350
HIP7965,25.586365,68.042945,5.570
HIP7978,25.623953,-53.741620,5.520
HIP7981,25.621679,20.263518,5.240
HIP7999,25.681204,-3.690453,4.980
HIP8016,25.734095,70.622426,5.180
HIP8020,25.743037,61.421004,6.330
HIP8044,25.820086,45.322686,6.330
HIP8046,25.832468,60.551216,5.780
HIP8068,25.915405,50.688632,4.010
HIP8086,25.958888,32.192025,6.320
HIP8094,25.978143,-4.765741,6.200
HIP8102,26.004004,-15.931193,3.490
HIP8115,26.075395,57.536482,6.180
HIP8127,26.110454,46.139459,6.320
HIP8143,26.182072,-6.766129,6.450
HIP8148,26.192585,57.089240,6.250
HIP8159,26.232262,20.082373,6.270
HIP8198,26.348988,9.158023,4.260
HIP8209,26.412741,-25.053143,5.290
HIP8230,26.496848,-5.733518,5.370
HIP8233,26.505196,-27.349163,6.380
HIP8240,26.525309,-50.816384,5.490
HIP8241,26.527446,-53.521602,5.040
HIP8320,26.819699,-41.759567,6.180
HIP8362,26.944742,63.850684,5.630
HIP8366,26.941270,-80.176741,6.050
HIP8369,26.949037,-37.159333,6.330
HIP8370,26.950187,46.229341,6.330
HIP8387,27.046000,16.955308,5.860
HIP8404,27.108337,3.685577,5.910
HIP8423,27.163164,37.952671,5.940
HIP8433,27.171792,32.692399,5.780
HIP8475,27.314568,47.896840,6.010
HIP8480,27.331621,-31.072584,6.350
HIP8497,27.395155,-10.687105,4.660
HIP8514,27.453620,-38.400718,6.370
HIP8544,27.535596,22.275282,5.830
HIP8552,27.585218,-47.816036,6.140
HIP8588,27.716030,11.043173,5.920
HIP8593,27.726333,-50.206170,5.940
HIP8598,27.738461,51.932567,5.960
HIP8641,27.859966,-39.836117,6.440
HIP8645,27.865430,-10.335318,3.740
HIP8664,27.907531,-6.874212,6.420
HIP8688,27.942178,-15.647469,6.440
HIP8704,27.997301,55.147324,5.530
HIP8714,28.039234,50.792583,5.700
HIP8771,28.211209,51.474786,6.280
HIP8778,28.217448,-16.929632,5.780
HIP8796,28.270542,29.577109,3.420
HIP8814,28.322187,40.729759,5.420
HIP8820,28.347672,-38.594415,6.090
HIP8832,28.383169,19.293123,3.880
HIP8833,28.389130,3.187712,4.610
HIP8837,28.410546,-46.303342,4.390
HIP8847,28.452663,55.597543,6.440
HIP8882,28.591487,-42.497159,5.120
HIP8886,28.599291,63.669964,3.350
HIP8903,28.660778,20.807234,2.640
HIP8922,28.724499,40.701530,6.250
HIP8928,28.735051,-67.646764,4.680
HIP8930,28.740569,37.128154,6.280
HIP8957,28.831270,-60.312781,6.430
HIP8983,28.943854,-60.860483,6.070
HIP8991,28.963385,-78.348157,6.150
HIP8993,28.962757,23.577257,5.760
HIP8998,28.975467,1.851384,6.010
HIP9001,28.977087,37.277740,5.890
HIP9007,28.996535,-51.606804,3.690
HIP9009,29.000335,68.685170,4.970
HIP9021,29.040596,37.251908,5.690
HIP9022,29.039339,-49.836343,6.370
HIP9061,29.167981,-22.527007,4.920
HIP9085,29.253564,-51.764408,6.100
HIP9094,29.287279,-10.244217,6.420
HIP9095,29.292985,-47.385212,4.820
HIP9110,29.337985,17.817357,5.090
HIP9132,29.432377,27.803948,5.840
HIP9149,29.471880,-65.424748,6.360
HIP9153,29.481435,23.595955,4.790
HIP9163,29.496889,47.095470,6.480
HIP9207,29.611207,-33.066936,6.370
HIP9220,29.638641,61.697704,6.020
HIP9222,29.639666,49.204655,5.700
HIP9236,29.695824,-61.569661,2.860
HIP9237,29.692202,-11.301606,6.460
HIP9295,29.857920,12.294630,6.090
HIP9307,29.899771,21.058464,5.890
HIP9312,29.908994,64.621490,5.290
HIP9313,29.911269,-42.031266,5.570
HIP9318,29.921867,-66.066512,6.090
HIP9326,29.942631,-20.824427,5.430
HIP9347,30.002309,-21.078012,3.990
HIP9353,30.039864,3.095136,5.890
HIP9372,30.112411,-8.524015,5.430
HIP9440,30.310461,-30.002631,5.340
HIP9459,30.426271,-44.713868,5.150
HIP9480,30.488434,70.906941,4.490
HIP9487,30.512000,2.763756,3.820
HIP9505,30.575813,54.487516,4.990
HIP9521,30.617642,-29.665572,6.400
HIP9533,30.646154,13.476679,5.970
HIP9562,30.715257,-23.886864,6.300
HIP9564,30.718477,64.901380,6.000
HIP9568,30.737468,77.916226,6.040
HIP9570,30.741354,33.284085,5.500
HIP9572,30.744226,-15.305878,5.870
HIP9573,30.750763,64.390004,5.590
HIP9586,30.792991,73.850584,6.120
HIP9589,30.799098,0.128667,5.420
HIP9598,30.857948,72.421460,3.950
HIP9621,30.914934,25.935539,5.640
HIP9622,30.918754,-4.103977,5.610
HIP9627,30.927473,18.253085,6.240
HIP9631,30.951324,-0.340568,5.960
HIP9640,30.975189,42.329351,2.100
HIP9655,31.052366,-11.859793,6.430
HIP9677,31.122766,-29.296756,4.680
HIP9685,31.147165,-54.881871,6.450
HIP9706,31.212759,7.735662,6.440
HIP9727,31.284369,77.280991,5.270
HIP9763,31.381171,76.114909,5.220
HIP9809,31.550985,8.248029,6.270
HIP9827,31.622587,0.035432,6.290
HIP9836,31.641509,22.648053,5.030
HIP9859,31.705292,25.704446,6.010
HIP9862,31.718026,-19.139136,6.390
HIP9884,31.794856,23.461350,2.010
HIP9951,32.023535,-41.880503,6.500
HIP9977,32.123248,37.858756,4.780
HIP9983,32.139971,44.459080,6.380
HIP9990,32.169078,58.423589,5.660
HIP9999,32.190171,-17.779310,6.070
HIP10035,32.288269,-43.516975,5.840
HIP10050,32.347334,17.222825,6.400
HIP10053,32.356174,25.939648,4.980
HIP10054,32.354269,81.295997,6.050
HIP10064,32.387207,34.987009,3.000
HIP10069,32.394769,-24.346094,6.480
HIP10096,32.452387,-40.866667,6.490
HIP10111,32.520512,-43.815628,6.320
HIP10115,32.532584,53.842759,6.310
HIP10138,32.629482,-50.818908,6.120
HIP10155,32.657328,19.500139,5.680
HIP10176,32.720054,39.039368,6.090
HIP10203,32.800158,25.936887,6.010
HIP10212,32.836784,8.568964,5.640
HIP10215,32.842401,-10.053422,6.000
HIP10220,32.854551,31.526323,6.240
HIP10227,32.871635,57.645530,6.380
HIP10234,32.899222,-1.825674,5.940
HIP10273,33.065797,2.745640,6.490
HIP10280,33.092314,30.302617,4.940
HIP10296,33.156741,24.167732,5.960
HIP10305,33.200848,-2.394175,5.650
HIP10306,33.201608,21.211023,5.230
HIP10309,33.207285,79.691720,6.460
HIP10320,33.227081,-30.723772,5.270
HIP10324,33.249780,8.846611,4.360
HIP10326,33.254540,-20.999837,5.860
HIP10328,33.264517,15.279706,5.720
HIP10340,33.305324,44.231540,4.840
HIP10350,33.339059,74.027450,6.250
HIP10361,33.389640,53.058579,6.500
HIP10366,33.404990,51.064561,5.310
HIP10379,33.423374,58.560582,6.430
HIP10396,33.473155,-9.064479,6.430
HIP10403,33.509435,47.483799,6.050
HIP10418,33.560982,-67.841105,5.570
HIP10438,33.621127,66.524387,6.050
HIP10440,33.632916,-41.166957,5.910
HIP10446,33.659534,28.690455,6.350
HIP10513,33.869936,-67.746459,5.670
HIP10535,33.927539,25.042401,5.570
HIP10540,33.943277,25.782448,5.790
HIP10559,33.984394,33.358650,5.250
HIP10562,33.990990,47.811572,6.370
HIP10602,34.128383,-51.512326,3.560
HIP10623,34.192591,83.561098,6.450
HIP10633,34.215468,57.055240,6.480
HIP10642,34.246710,-6.422903,5.510
HIP10644,34.273117,34.222418,4.840
HIP10670,34.328993,33.846808,4.030
HIP10718,34.500242,57.899857,5.750
HIP10723,34.508695,1.760534,5.600
HIP10729,34.518940,57.516308,5.990
HIP10732,34.531284,19.901171,5.580
HIP10793,34.737521,28.642674,5.290
HIP10795,34.741313,23.167752,6.450
HIP10798,34.742040,-25.942415,6.330
HIP10814,34.794871,46.472173,6.210
HIP10819,34.819402,47.379928,5.310
HIP10826,34.836706,-2.979406,6.470
HIP10830,34.843505,48.955996,6.440
HIP10832,34.853238,-41.848164,6.360
HIP10854,34.920143,-4.345549,6.500
HIP10871,34.976392,-55.944658,5.810
HIP10924,35.173101,47.310728,6.170
HIP10944,35.242931,50.151236,5.570
HIP11001,35.436457,-68.659400,4.080
HIP11020,35.480969,57.242903,6.400
HIP11021,35.485851,0.395625,5.290
HIP11029,35.507530,-10.778137,5.430
HIP11033,35.520835,-17.662597,5.890
HIP11043,35.549518,-43.199491,6.300
HIP11046,35.551520,-0.885190,5.420
HIP11060,35.589320,55.845644,5.160
HIP11072,35.637148,-23.816358,5.190
HIP11090,35.708932,41.395578,5.810
HIP11095,35.716317,-73.645705,5.990
HIP11102,35.728039,-51.091643,5.900
HIP11108,35.741116,-18.355959,6.220
HIP11121,35.777430,-37.576390,6.470
HIP11174,35.965577,55.364841,6.290
HIP11212,36.084087,-25.847341,6.450
HIP11220,36.104066,50.006283,5.190
HIP11231,36.143227,-40.839653,6.170
HIP11249,36.204552,10.610465,5.480
HIP11258,36.223749,-60.312912,5.360
HIP11261,36.243298,-2.780079,6.340
HIP11279,36.316780,56.609818,6.250
HIP11293,36.359919,-66.494017,6.390
HIP11313,36.406174,50.278525,4.730
HIP11345,36.487427,-12.290564,4.880
HIP11348,36.501127,-15.341645,5.880
HIP11381,36.647400,-20.041870,5.890
HIP11407,36.746543,-47.703880,4.240
HIP11415,36.779930,27.011841,6.140
HIP11427,36.845264,10.196838,6.450
HIP11432,36.865519,31.801073,5.550
HIP11465,36.966065,50.569308,6.160
HIP11474,36.999699,1.960741,6.450
HIP11477,37.007249,-33.810998,5.130
HIP11479,37.018751,-64.299723,6.350
HIP11484,37.040065,8.459948,4.300
HIP11486,37.041460,29.668701,5.290
HIP11524,37.147336,-31.102575,6.110
HIP11548,37.201530,29.932294,5.890
HIP11569,37.266020,67.402747,4.460
HIP11578,37.307680,23.468871,6.200
HIP11603,37.397309,9.565644,6.090
HIP11644,37.557819,-25.186214,6.500
HIP11651,37.569785,33.833298,6.260
HIP11670,37.635292,25.234499,5.880
HIP11671,37.636687,-22.545549,6.170
HIP11678,37.660699,19.855036,6.140
HIP11687,37.687958,0.255365,6.000
HIP11698,37.726905,17.703247,6.210
HIP11738,37.875573,2.267105,5.270
HIP11757,37.922853,-79.109783,5.270
HIP11767,37.971594,89.264023,1.970
HIP11783,38.021173,-15.245758,4.740
HIP11784,38.026111,36.147392,5.150
HIP11791,38.039055,-1.035134,5.360
HIP11802,38.062003,-36.427215,6.280
HIP11840,38.218791,34.542269,5.840
HIP11843,38.225462,15.034826,6.000
HIP11867,38.279124,-34.650099,5.910
HIP11907,38.417308,-20.002509,6.190
HIP11918,38.461169,-28.232353,4.960
HIP11925,38.477448,-51.093698,6.240
HIP12002,38.678053,-7.859919,5.740
HIP12022,38.767158,7.470077,6.170
HIP12057,38.866401,39.664134,6.360
HIP12072,38.911417,37.312179,5.720
HIP12086,38.945215,34.687181,5.380
HIP12093,38.968421,5.593078,4.870
HIP12107,38.999946,-7.832033,5.530
HIP12114,39.033748,6.897488,5.790
HIP12122,39.038474,-30.045020,5.740
HIP12148,39.145713,7.729870,5.810
HIP12153,39.160072,12.447010,5.640
HIP12160,39.179091,31.607670,6.070
HIP12181,39.239554,38.732364,5.910
HIP12186,39.244052,-34.579890,5.780
HIP12189,39.253260,24.647118,6.480
HIP12200,39.278061,32.891318,6.230
HIP12225,39.352722,-52.543078,5.300
HIP12239,39.400910,65.745271,5.800
HIP12247,39.424457,-3.396499,5.650
HIP12272,39.503781,7.694970,6.400
HIP12273,39.507915,72.818364,5.170
HIP12287,39.573962,37.726389,6.190
HIP12288,39.578565,-30.194607,5.840
HIP12300,39.604472,-37.991004,6.480
HIP12305,39.616581,38.089069,6.290
HIP12318,39.653612,3.443263,6.210
HIP12332,39.704089,21.961297,5.450
HIP12387,39.870766,0.328492,4.080
HIP12390,39.892264,-11.873896,4.830
HIP12394,39.898722,-68.266942,4.120
HIP12413,39.950815,-42.891781,4.740
HIP12444,40.050722,-9.453454,5.790
HIP12447,40.065771,6.111916,6.260
HIP12484,40.165406,-54.549872,5.210
HIP12486,40.168011,-39.855576,4.110
HIP12489,40.171658,27.060742,5.300
HIP12530,40.309942,-0.696575,5.720
HIP12562,40.392166,-14.548865,5.980
HIP12584,40.451274,-3.213899,6.070
HIP12608,40.527702,-38.383591,5.990
HIP12611,40.535282,-46.525135,6.090
HIP12623,40.561998,40.192602,4.910
HIP12640,40.591625,20.011126,5.740
HIP12647,40.620388,10.741553,6.320
HIP12653,40.642862,-50.798680,5.400
HIP12686,40.748628,53.525872,5.850
HIP12690,40.757796,48.265215,6.300
HIP12692,40.762213,55.105862,5.760
HIP12706,40.824090,3.234749,3.470
HIP12708,40.834448,-40.527801,6.350
HIP12717,40.862345,-66.714846,6.230
HIP12719,40.862999,27.707073,4.650
HIP12720,40.870603,-2.531324,6.480
HIP12744,40.963473,25.638375,6.350
HIP12768,41.021511,44.296995,5.430
HIP12770,41.030568,-13.858758,4.240
HIP12775,41.043812,-52.570706,6.150
HIP12777,41.053275,49.227786,4.100
HIP12784,41.079912,17.763665,6.400
HIP12786,41.085776,-32.524877,6.210
HIP12803,41.137428,15.311747,5.780
HIP12821,41.207336,67.824390,5.950
HIP12828,41.237717,10.113922,4.270
HIP12832,41.240855,12.445137,5.170
HIP12843,41.278295,-18.572296,4.470
HIP12862,41.337617,4.711323,6.040
HIP12871,41.364757,-63.704618,5.730
HIP12876,41.387005,-67.616293,4.830
HIP12964,41.688527,-21.639397,6.480
HIP12982,41.743458,35.983493,6.270
HIP12990,41.764566,35.554276,6.280
HIP13008,41.796224,-22.486041,6.470
HIP13036,41.879803,44.272147,6.450
HIP13055,41.949450,81.447898,5.800
HIP13061,41.978452,29.246192,4.520
HIP13108,42.134025,18.283549,5.830
HIP13121,42.191691,25.188035,5.890
HIP13133,42.231346,69.634566,6.260
HIP13141,42.257453,-62.806307,5.250
HIP13147,42.273293,-32.404728,4.450
HIP13165,42.323188,17.464201,5.260
HIP13176,42.361957,37.326387,6.450
HIP13178,42.378064,57.084307,6.250
HIP13197,42.461956,-24.561255,6.140
HIP13202,42.476128,-27.941818,5.390
HIP13209,42.496487,27.259649,3.610
HIP13225,42.562038,-35.843487,5.920
HIP13244,42.617855,-75.067147,4.760
HIP13254,42.647781,38.317842,4.220
HIP13257,42.646978,36.947378,6.440
HIP13265,42.668390,-35.676249,5.480
HIP13268,42.674393,55.895395,3.770
HIP13271,42.699571,-39.932299,6.360
HIP13288,42.759367,-21.004141,4.760
HIP13327,42.873508,15.081900,5.520
HIP13328,42.878574,35.059277,4.560
HIP13339,42.923628,46.841749,5.860
HIP13347,42.940786,58.314273,6.460
HIP13363,42.985369,-30.813747,6.380
HIP13367,42.994826,68.888437,5.940
HIP13387,43.080102,-62.909537,6.030
HIP13402,43.136855,-12.771109,6.050
HIP13421,43.212236,-9.440944,6.310
HIP13424,43.216773,52.997241,6.350
HIP13429,43.227576,-65.455399,6.470
HIP13448,43.299225,16.482996,6.300
HIP13462,43.337830,48.569864,6.230
HIP13473,43.393828,-38.436752,5.930
HIP13479,43.397841,-22.376868,5.930
HIP13490,43.427967,38.336910,5.340
HIP13518,43.526928,-50.871349,6.220
HIP13531,43.564401,52.762446,3.930
HIP13654,43.952007,18.331530,5.760
HIP13665,43.989020,61.521365,5.590
HIP13679,44.057890,8.380913,5.970
HIP13700,44.102650,64.332435,6.170
HIP13701,44.107449,-8.899763,3.890
HIP13702,44.111117,18.021508,5.580
HIP13713,44.138730,47.164014,6.050
HIP13717,44.155671,-3.712639,5.160
HIP13732,44.211083,51.261080,6.220
HIP13756,44.269218,4.501210,6.150
HIP13768,44.303621,-29.855330,6.290
HIP13775,44.322041,31.933990,5.100
HIP13782,44.349817,-23.862428,5.440
HIP13789,44.385969,-38.190843,6.410
HIP13832,44.509663,38.614795,6.060
HIP13834,44.523557,20.668500,5.800
HIP13835,44.524448,-23.605630,5.820
HIP13847,44.564828,-40.304483,2.880
HIP13874,44.675113,-2.783340,5.220
HIP13879,44.690527,39.662429,4.680
HIP13883,44.697028,-9.776627,6.140
HIP13884,44.699472,-64.071244,4.980
HIP13905,44.764921,35.183171,4.940
HIP13907,44.777069,-28.907615,6.140
HIP13914,44.802917,21.340381,4.630
HIP13942,44.902195,-25.273510,5.690
HIP13947,44.909659,-32.507127,6.320
HIP13949,44.916293,41.032599,5.890
HIP13951,44.921471,-2.465105,5.560
HIP13954,44.928819,8.907255,4.710
HIP13965,44.957589,47.220858,5.470
HIP13997,45.049715,38.131536,6.110
HIP14036,45.184524,10.870135,5.930
HIP14040,45.212050,-2.878547,6.110
HIP14043,45.217891,52.351582,5.240
HIP14060,45.292491,-7.663543,5.750
HIP14086,45.409086,-28.094800,5.880
HIP14104,45.468245,5.336296,6.240
HIP14109,45.475476,26.462390,5.910
HIP14110,45.484150,-9.961448,5.840
HIP14124,45.539247,-6.495601,6.200
HIP14131,45.564869,-71.902340,5.510
HIP14135,45.569793,4.089154,2.540
HIP14143,45.593943,4.352926,5.620
HIP14146,45.596772,-23.624882,4.080
HIP14168,45.676336,-7.685498,5.320
HIP14187,45.733002,-46.975018,5.810
HIP14232,45.876199,28.269754,6.380
HIP14240,45.902521,-59.738245,5.120
HIP14264,45.986349,47.848435,6.480
HIP14293,46.069296,-7.600729,5.260
HIP14315,46.158808,1.863599,6.050
HIP14318,46.169264,15.855346,6.370
HIP14328,46.199136,53.506409,2.910
HIP14354,46.295266,38.839489,3.320
HIP14355,46.297520,-8.274083,6.300
HIP14365,46.337322,40.582149,6.060
HIP14376,46.361237,25.255100,5.450
HIP14382,46.384889,56.706237,4.770
HIP14392,46.417564,56.068786,6.100
HIP14417,46.531656,79.418611,5.490
HIP14439,46.598660,13.186789,5.640
HIP14456,46.639598,-6.088593,5.230
HIP14502,46.828975,64.057571,5.890
HIP14514,46.856788,17.880063,6.130
HIP14521,46.886162,-78.988703,5.670
HIP14544,46.947298,47.308720,6.380
HIP14547,46.953287,-69.264809,6.120
HIP14551,46.962397,-27.831302,6.180
HIP14566,47.016298,52.213352,6.330
HIP14576,47.042243,40.955637,2.090
HIP14586,47.088250,18.794948,6.240
HIP14607,47.161610,8.471609,6.280
HIP14626,47.225729,62.384594,6.470
HIP14632,47.279416,49.612604,4.050
HIP14649,47.334285,20.761036,6.410
HIP14668,47.375667,44.856498,3.790
HIP14677,47.403276,29.076983,5.740
HIP14719,47.536977,27.819391,6.420
HIP14748,47.612708,26.896725,6.020
HIP14749,47.613712,-48.734340,6.110
HIP14757,47.647926,-23.738318,6.370
HIP14764,47.661876,11.872428,5.970
HIP14791,47.752385,64.896157,6.500
HIP14797,47.772219,-13.264224,6.360
HIP14814,47.819503,-16.025049,6.250
HIP14817,47.822195,39.611617,4.610
HIP14819,47.828204,-3.811718,6.080
HIP14821,47.841212,13.047971,6.110
HIP14838,47.908539,19.726615,4.350
HIP14844,47.926171,81.470703,5.920
HIP14862,47.984751,74.393024,4.850
HIP14879,48.021861,-28.983111,3.800
HIP14887,48.039974,42.375778,6.150
HIP14893,48.059452,27.256833,5.780
HIP14913,48.108043,-44.419679,5.920
HIP14914,48.110797,47.725250,6.320
HIP14915,48.109800,6.660874,5.550
HIP14930,48.138389,-57.321449,5.710
HIP14954,48.194909,-1.196611,5.070
HIP14972,48.256192,-35.943631,6.290
HIP15004,48.349641,48.176815,5.930
HIP15024,48.408236,-29.804152,6.170
HIP15110,48.725165,21.043873,4.870
HIP15118,48.736261,42.503690,6.070
HIP15125,48.751037,-26.100619,6.250
HIP15154,48.835013,30.556733,5.610
HIP15191,48.946347,32.856852,6.300
HIP15192,48.949849,57.140605,5.790
HIP15193,48.953141,50.955630,6.460
HIP15197,48.958412,-8.819395,4.800
HIP15201,48.993081,-77.387998,5.510
HIP15203,49.003632,-5.918731,6.170
HIP15204,49.008101,34.688223,6.250
HIP15209,49.018880,45.345885,6.150
HIP15219,49.050840,50.937522,5.040
HIP15230,49.090678,-5.730613,6.300
HIP15241,49.146594,32.183407,5.980
HIP15244,49.149041,-9.154463,6.140
HIP15282,49.297860,40.482750,6.440
HIP15305,49.360754,-47.751441,5.840
HIP15309,49.381211,65.658418,6.410
HIP15323,49.416014,31.126631,6.400
HIP15330,49.459926,-62.570547,5.530
HIP15334,49.440841,39.283250,5.970
HIP15338,49.447547,44.024849,5.490
HIP15353,49.496993,-66.926757,6.030
HIP15357,49.512060,-28.797194,5.930
HIP15371,49.570860,-62.501602,5.240
HIP15382,49.592200,-22.511022,4.860
HIP15383,49.595288,-0.930734,5.620
HIP15404,49.657488,50.221989,5.160
HIP15411,49.672405,-18.560260,5.720
HIP15416,49.682621,34.222589,4.850
HIP15444,49.782062,50.094780,5.050
HIP15457,49.842378,3.370886,4.840
HIP15474,49.879577,-21.757627,3.700
HIP15479,49.895493,-24.123069,5.630
HIP15510,50.009773,-43.064437,4.260
HIP15514,49.982285,27.070611,5.910
HIP15520,49.997136,65.652187,4.740
HIP15547,50.083994,77.734253,5.440
HIP15549,50.084766,29.048337,4.470
HIP15557,50.106648,25.662052,6.140
HIP15585,50.188677,-26.606338,6.400
HIP15619,50.278763,3.675435,5.700
HIP15627,50.306931,21.146921,5.270
HIP15643,50.349856,-23.635274,5.500
HIP15648,50.360103,43.329648,4.960
HIP15655,50.389367,-47.776757,6.400
HIP15669,50.470688,49.070438,5.940
HIP15696,50.549587,27.607480,5.550
HIP15700,50.567892,-25.587797,6.360
HIP15737,50.688123,20.741959,5.100
HIP15770,50.805188,49.213085,5.320
HIP15776,50.823766,-7.795714,6.200
HIP15800,50.901232,0.909408,6.470
HIP15807,50.912410,4.882086,6.370
HIP15840,51.010007,-69.624471,6.140
HIP15850,51.042406,12.629433,6.030
HIP15861,51.077107,24.723684,5.500
HIP15863,51.080945,49.860989,1.790
HIP15870,51.108845,20.803417,6.070
HIP15876,51.124016,33.535793,5.780
HIP15884,51.150769,-51.062512,6.500
HIP15890,51.168949,64.585997,5.130
HIP15900,51.202757,9.028279,3.610
HIP15968,51.401046,-69.335959,5.960
HIP15987,51.482985,-35.920920,6.390
HIP15988,51.489316,49.120557,6.090
HIP16015,51.549283,-41.636741,6.330
HIP16029,51.593914,-27.317086,5.930
HIP16042,51.647792,28.714319,6.470
HIP16083,51.792700,9.732399,3.730
HIP16095,51.827906,12.735233,6.290
HIP16112,51.889910,-35.681276,5.710
HIP16142,52.003939,-11.286941,5.740
HIP16147,52.013001,49.062669,4.990
HIP16156,52.048329,-35.853450,6.490
HIP16168,52.086489,33.807134,5.720
HIP16177,52.098583,60.255508,6.490
HIP16181,52.110690,22.803186,6.030
HIP16210,52.218257,49.848196,5.580
HIP16226,52.265832,3.248758,6.410
HIP16228,52.267218,59.940316,4.210
HIP16244,52.342091,49.508733,4.670
HIP16245,52.349568,-62.934780,4.710
HIP16252,52.359736,46.937657,6.210
HIP16263,52.400173,-12.674701,5.570
HIP16266,52.412445,-6.805120,6.010
HIP16281,52.478072,58.878742,4.550
HIP16285,52.479245,-42.634267,5.760
HIP16290,52.495089,-78.352047,5.680
HIP16292,52.500266,55.451721,5.090
HIP16303,52.545788,59.365577,6.140
HIP16310,52.556493,-41.371209,6.120
HIP16319,52.580896,71.863898,6.370
HIP16322,52.601867,11.336324,5.140
HIP16335,52.643702,47.995349,4.360
HIP16339,52.654602,-47.374978,5.980
HIP16340,52.654164,48.103419,5.820
HIP16341,52.654508,-5.075091,4.740
HIP16358,52.689569,6.188579,5.930
HIP16368,52.715699,-66.489701,5.810
HIP16369,52.718378,12.936667,4.140
HIP16424,52.872103,49.209760,6.290
HIP16425,52.876460,40.759625,6.500
HIP16447,52.954301,49.401086,6.410
HIP16449,52.973956,-25.614259,6.380
HIP16470,53.036066,48.023301,5.470
HIP16489,53.087475,84.910061,5.620
HIP16499,53.108905,46.056312,5.300
HIP16509,53.145968,-50.378034,5.670
HIP16511,53.150028,9.373076,5.760
HIP16516,53.162412,44.855712,6.420
HIP16518,53.166674,35.461756,5.910
HIP16531,53.215807,-61.016523,6.420
HIP16537,53.225433,-9.458130,3.720
HIP16587,53.384346,58.764904,6.450
HIP16591,53.396129,39.899140,5.790
HIP16599,53.412295,54.974845,5.980
HIP16602,53.421922,57.868996,6.370
HIP16611,53.447336,-21.633085,4.260
HIP16628,53.486338,-31.079552,6.200
HIP16641,53.535633,17.830542,6.140
HIP16664,53.610952,24.464143,5.950
HIP16672,53.640073,-31.874809,6.390
HIP16677,53.656275,-9.868224,6.250
HIP16695,53.704326,6.417566,6.490
HIP16697,53.718765,-25.582579,6.480
HIP16712,53.753922,60.041587,6.430
HIP16779,53.988485,-5.124984,6.490
HIP16780,53.990457,-11.193189,5.560
HIP16803,54.072812,-17.467135,5.240
HIP16826,54.122621,48.192431,4.320
HIP16827,54.125210,-78.323025,6.290
HIP16846,54.196797,0.586555,5.820
HIP16852,54.216552,0.398114,4.290
HIP16870,54.273687,-40.274650,4.570
HIP16924,54.449466,15.430335,6.400
HIP16938,54.500936,42.582662,6.410
HIP16974,54.582528,56.932456,6.290
HIP16989,54.621877,-7.392328,5.860
HIP17007,54.698805,-27.942864,6.010
HIP17026,54.750218,20.915513,6.500
HIP17027,54.754550,-5.627734,5.970
HIP17056,54.854379,75.739686,6.250
HIP17057,54.855657,-10.438041,6.190
HIP17058,54.857605,16.536440,6.180
HIP17086,54.909675,-3.393517,6.220
HIP17103,54.962745,3.056924,5.550
HIP17120,54.998451,-1.121273,6.120
HIP17136,55.047631,-15.226638,6.350
HIP17167,55.159726,-5.210733,5.530
HIP17181,55.193028,25.329389,6.110
HIP17203,55.282937,37.579997,5.550
HIP17214,55.308100,-11.802198,6.490
HIP17296,55.538633,63.216948,5.060
HIP17298,55.540377,-45.957789,6.500
HIP17304,55.562130,-31.938256,4.990
HIP17309,55.578991,19.700157,5.680
HIP17313,55.594404,33.964988,4.970
HIP17328,55.638131,-85.261785,6.400
HIP17342,55.678073,59.969411,5.740
HIP17351,55.707780,-37.314044,4.590
HIP17358,55.731501,47.787242,3.010
HIP17378,55.811405,-9.757931,3.520
HIP17395,55.890915,-10.485810,5.590
HIP17408,55.947605,19.664616,6.130
HIP17436,56.026803,-40.660904,6.450
HIP17437,56.026785,48.523568,6.060
HIP17440,56.054228,-64.806324,3.840
HIP17448,56.079791,32.288172,3.840
HIP17453,56.117715,20.928635,6.090
HIP17457,56.127147,-1.163130,5.240
HIP17460,56.131372,36.459798,5.600
HIP17464,56.141481,-54.273545,6.290
HIP17475,56.170439,46.099638,6.100
HIP17489,56.201057,24.289146,5.450
HIP17493,56.210545,-48.061845,6.490
HIP17499,56.219079,24.113008,3.720
HIP17506,56.235851,-0.296734,5.560
HIP17527,56.290729,24.838917,5.660
HIP17529,56.298334,42.578562,3.770
HIP17531,56.302206,24.466972,4.300
HIP17534,56.316117,-47.359542,5.720
HIP17543,56.349285,-71.657816,6.260
HIP17558,56.404277,38.676394,6.450
HIP17563,56.418663,6.049876,5.340
HIP17573,56.456855,24.367417,3.870
HIP17579,56.477137,24.554177,5.760
HIP17584,56.497084,45.681763,5.660
HIP17585,56.505164,67.200770,5.790
HIP17587,56.509695,63.344985,4.780
HIP17588,56.512240,24.527571,6.430
HIP17593,56.535974,-12.101147,4.430
HIP17595,56.538992,6.803112,5.910
HIP17608,56.581731,23.948044,4.140
HIP17618,56.614351,-29.338129,5.910
HIP17651,56.710779,-23.253614,4.220
HIP17678,56.810809,-74.238113,3.260
HIP17702,56.871306,24.104820,2.850
HIP17707,56.884256,55.921691,6.090
HIP17717,56.915592,-23.874316,5.240
HIP17732,56.954059,32.195163,6.260
HIP17734,56.956824,-36.105650,6.210
HIP17738,56.983723,-30.169583,5.520
HIP17759,57.027029,24.988209,6.440
HIP17771,57.067997,11.143074,5.080
HIP17772,57.075227,50.736752,6.180
HIP17776,57.086884,23.420905,5.440
HIP17798,57.148535,-20.903100,5.810
HIP17797,57.150150,-37.620234,4.300
HIP17805,57.162798,0.227813,5.910
HIP17832,57.237618,23.856719,6.470
HIP17846,57.283758,43.963312,5.950
HIP17847,57.290738,24.053086,3.620
HIP17851,57.296881,24.136368,5.050
HIP17854,57.307610,70.870588,5.400
HIP17858,57.332649,57.118088,6.460
HIP17874,57.363104,-36.200667,4.170
HIP17884,57.380311,65.525869,4.390
HIP17886,57.386061,33.091384,5.140
HIP17891,57.402248,63.296550,5.820
HIP17900,57.431503,23.711527,6.170
HIP17921,57.479650,22.243813,6.050
HIP17932,57.518067,44.967659,5.650
HIP17950,57.568099,-1.522389,6.470
HIP17954,57.579192,25.578494,5.240
HIP17959,57.589950,71.331957,4.590
HIP18033,57.816276,13.045915,6.300
HIP18067,57.924320,68.507332,6.310
HIP18081,57.973868,34.359088,5.780
HIP18089,58.001006,6.534886,5.660
HIP18094,58.018424,31.168311,6.220
HIP18141,58.173594,-5.361311,5.480
HIP18170,58.292955,17.326863,5.970
HIP18173,58.303897,-18.434438,6.210
HIP18199,58.388995,-46.893933,5.930
HIP18201,58.393822,25.682631,6.350
HIP18212,58.411635,48.650274,5.760
HIP18213,58.412552,-34.732303,5.110
HIP18216,58.428175,-24.612283,4.640
HIP18217,58.431356,57.974450,5.800
HIP18246,58.533038,31.883568,2.840
HIP18255,58.573125,-2.954719,4.460
HIP18262,58.596312,-40.356948,5.700
HIP18275,58.641793,-52.690715,6.460
HIP18339,58.816626,-12.099268,5.990
HIP18396,58.992553,47.871268,5.390
HIP18401,59.017580,-63.463329,6.140
HIP18428,59.115325,-13.597500,6.370
HIP18434,59.119568,35.080870,5.490
HIP18438,59.125032,71.821532,6.310
HIP18453,59.153144,50.694440,5.280
HIP18455,59.158432,-9.750804,6.180
HIP18471,59.217523,22.477126,5.620
HIP18481,59.257431,6.039467,6.090
HIP18485,59.265942,23.175425,6.050
HIP18488,59.284493,61.108780,4.990
HIP18505,59.356128,63.072308,4.950
HIP18508,59.359872,24.461883,6.190
HIP18532,59.463571,40.010038,2.900
HIP18543,59.507813,-13.509335,2.970
HIP18565,59.621877,38.839965,6.320
HIP18592,59.679050,-57.102275,6.050
HIP18597,59.686576,-61.400291,4.560
HIP18606,59.717969,-5.471228,5.850
HIP18614,59.741267,35.791050,3.980
HIP18647,59.875534,-12.574706,5.610
HIP18658,59.919711,10.330376,6.350
HIP18673,59.981267,-24.016089,4.620
HIP18717,60.153725,17.296433,6.310
HIP18723,60.169786,-30.490659,5.930
HIP18724,60.170009,12.490259,3.410
HIP18735,60.204178,18.193792,5.890
HIP18744,60.224218,-62.159027,4.480
HIP18769,60.311749,36.989457,6.390
HIP18772,60.326470,-61.078126,4.970
HIP18788,60.383741,-1.549762,5.280
HIP18805,60.442272,9.998025,5.670
HIP18859,60.654213,-0.270778,5.380
HIP18907,60.789131,5.989293,3.910
HIP18926,60.853108,-20.143806,6.470
HIP18957,60.935859,5.435584,5.320
HIP18975,60.987097,8.197475,5.450
HIP18990,61.036996,-16.589182,6.360
HIP18993,61.042252,2.826022,5.360
HIP19009,61.090303,24.105891,5.460
HIP19011,61.094775,-12.792163,5.620
HIP19018,61.113154,59.155504,5.000
HIP19037,61.170555,-20.381965,6.120
HIP19038,61.174524,22.081495,4.360
HIP19076,61.335740,22.007947,5.900
HIP19095,61.407586,-27.651114,5.590
HIP19111,61.444421,-20.512643,6.340
HIP19121,61.485620,-8.856168,6.270
HIP19129,61.513378,68.679994,5.880
HIP19167,61.645875,50.350994,4.250
HIP19171,61.651894,27.599534,5.180
HIP19172,61.653258,54.007993,6.310
HIP19177,61.662135,65.520611,6.140
HIP19205,61.751134,29.001335,5.210
HIP19222,61.795443,73.999879,6.490
HIP19233,61.842312,-64.219812,6.370
HIP19261,61.925889,15.162621,6.020
HIP19284,61.997624,17.339823,5.890
HIP19302,62.063246,37.726043,6.070
HIP19335,62.153987,38.038235,5.520
HIP19343,62.165576,47.712268,3.960
HIP19376,62.256652,13.398227,5.940
HIP19388,62.292360,19.608984,5.510
HIP19398,62.324302,-16.385868,5.450
HIP19400,62.343439,54.828176,6.250
HIP19412,62.364824,59.908056,6.290
HIP19434,62.428815,3.322249,6.490
HIP19454,62.519129,86.625494,5.840
HIP19461,62.511058,80.698703,5.100
HIP19483,62.593871,-6.923940,5.440
HIP19509,62.690954,-35.273979,6.430
HIP19511,62.699383,-8.819793,5.700
HIP19513,62.707502,26.480686,5.390
HIP19515,62.712592,-41.993064,4.930
HIP19525,62.745902,33.586726,5.750
HIP19554,62.835591,5.523084,5.710
HIP19571,62.901194,-20.355790,5.800
HIP19587,62.966503,-6.836983,4.040
HIP19590,62.984364,-8.837434,6.450
HIP19601,63.001302,-17.275131,6.410
HIP19641,63.131014,17.277316,6.090
HIP19672,63.213496,22.413380,6.140
HIP19673,63.215391,68.501220,6.330
HIP19719,63.387900,7.716078,5.290
HIP19720,63.394232,10.212273,6.240
HIP19721,63.398938,-40.357535,6.360
HIP19725,63.408994,-1.149771,6.450
HIP19730,63.436914,72.125896,6.050
HIP19736,63.457738,12.753579,6.250
HIP19740,63.484865,9.263599,4.840
HIP19746,63.498290,37.967181,6.470
HIP19747,63.500862,-42.295867,3.850
HIP19777,63.598653,-10.257476,4.870
HIP19780,63.606723,-62.473492,3.330
HIP19799,63.650921,10.011307,5.220
HIP19805,63.702238,-62.191090,5.450
HIP19810,63.716872,37.542638,6.310
HIP19811,63.722239,40.483512,4.670
HIP19812,63.724481,48.409203,4.120
HIP19823,63.757443,57.460357,6.060
HIP19849,63.801423,-7.678045,4.430
HIP19859,63.869190,6.186060,6.320
HIP19860,63.883727,8.892197,4.270
HIP19877,63.943713,15.400533,6.310
HIP19893,64.007644,-51.485292,4.260
HIP19917,64.087953,-60.948298,6.340
HIP19921,64.120378,-59.303391,4.440
HIP19949,64.179359,53.611787,5.200
HIP19968,64.223225,61.849832,5.690
HIP19983,64.284034,57.859987,5.720
HIP19990,64.314939,20.578139,4.930
HIP19996,64.329983,-6.472231,5.950
HIP20020,64.417875,-63.255143,5.880
HIP20039,64.465475,80.535851,6.390
HIP20042,64.474107,-33.798398,3.550
HIP20049,64.497864,-80.213584,5.670
HIP20063,64.534009,42.140896,6.220
HIP20070,64.561377,50.295087,4.600
HIP20075,64.567028,-20.715119,6.000
HIP20087,64.597423,21.579047,5.640
HIP20106,64.656625,-22.969399,6.090
HIP20109,64.667254,-52.859559,6.080
HIP20138,64.762016,-33.904584,6.360
HIP20156,64.805806,50.048263,5.460
HIP20161,64.820164,-44.268189,5.330
HIP20171,64.858973,21.141992,5.500
HIP20186,64.903166,21.773186,5.340
HIP20188,64.905773,10.121136,6.310
HIP20205,64.949216,15.627466,3.650
HIP20219,64.991301,14.035054,5.580
HIP20231,65.041445,31.953077,6.160
HIP20234,65.047972,50.920877,5.550
HIP20241,65.060274,41.807816,5.950
HIP20250,65.088164,27.350187,4.970
HIP20252,65.102447,34.566673,4.930
HIP20255,65.105535,18.742253,6.110
HIP20261,65.152114,15.095301,5.260
HIP20263,65.161690,-6.246405,6.150
HIP20264,65.162756,-20.639691,5.380
HIP20266,65.167616,65.140406,5.260
HIP20268,65.171753,6.130468,5.760
HIP20271,65.178513,-7.592501,5.850
HIP20284,65.220453,13.864295,6.150
HIP20297,65.242281,-81.578992,5.780
HIP20341,65.362519,-0.099088,5.860
HIP20347,65.380773,-25.728951,6.080
HIP20354,65.388394,46.498621,4.800
HIP20360,65.406353,-6.284274,6.450
HIP20376,65.449259,60.734788,5.400
HIP20380,65.465686,56.506369,5.910
HIP20384,65.473340,-63.385107,5.240
HIP20400,65.515510,14.077040,5.720
HIP20417,65.594699,20.821408,5.910
HIP20430,65.645761,25.629182,5.380
HIP20455,65.734537,17.542302,3.770
HIP20456,65.741893,59.615857,6.180
HIP20465,65.773794,-24.892272,5.810
HIP20467,65.782305,-35.544739,6.380
HIP20484,65.855218,16.777057,5.640
HIP20493,65.884986,20.981786,6.000
HIP20498,65.899425,42.427658,6.250
HIP20507,65.919862,-3.745888,5.170
HIP20522,65.965778,9.460919,5.100
HIP20533,65.999047,24.300897,6.340
HIP20535,66.009850,-34.016422,3.970
HIP20542,66.024834,17.443884,4.800
HIP20552,66.049662,-57.071880,6.280
HIP20558,66.060464,12.157823,6.420
HIP20579,66.121652,34.130506,5.730
HIP20591,66.156545,33.959075,5.770
HIP20614,66.238882,19.041774,5.970
HIP20619,66.272007,-61.238033,5.940
HIP20630,66.329920,-44.160414,6.380
HIP20635,66.343169,22.293549,4.210
HIP20641,66.355104,22.199652,5.270
HIP20648,66.373258,17.927671,4.300
HIP20661,66.406281,15.940798,6.440
HIP20698,66.505789,4.373333,6.370
HIP20704,66.526922,31.438016,5.290
HIP20711,66.577783,22.813246,4.280
HIP20713,66.587286,15.618020,4.480
HIP20715,66.587951,8.590229,6.060
HIP20732,66.651497,14.713553,4.690
HIP20765,66.737150,-24.081427,6.110
HIP20771,66.753453,2.078953,6.230
HIP20772,66.753718,57.585167,6.280
HIP20776,66.762687,80.824005,5.420
HIP20781,66.775527,-46.949532,6.100
HIP20789,66.822702,22.996239,5.530
HIP20804,66.869846,11.212203,5.870
HIP20825,66.941633,-62.521180,5.740
HIP20842,67.004027,21.619608,5.720
HIP20848,67.015366,1.858675,6.140
HIP20856,67.039295,-41.959814,6.410
HIP20860,67.055096,83.807873,5.510
HIP20873,67.098340,14.740817,5.900
HIP20877,67.109942,16.359803,4.960
HIP20884,67.133965,1.380659,5.530
HIP20885,67.144522,15.962071,3.840
HIP20889,67.154981,19.180160,3.530
HIP20892,67.162945,-19.459709,5.950
HIP20894,67.166407,15.870689,3.400
HIP20901,67.209810,13.047491,5.020
HIP20904,67.216817,30.361342,6.380
HIP20922,67.278857,-13.048377,5.610
HIP20934,67.334190,-46.515000,6.130
HIP20982,67.499420,83.341129,5.470
HIP20985,67.509353,10.261637,6.470
HIP20995,67.536642,15.637664,5.580
HIP20997,67.541821,-13.592368,6.220
HIP21029,67.640935,16.193829,4.780
HIP21036,67.656489,13.724257,5.400
HIP21038,67.660105,32.457626,6.180
HIP21039,67.662826,15.691700,5.470
HIP21042,67.668059,-35.653274,5.950
HIP21053,67.695723,16.148529,6.500
HIP21060,67.708765,-44.953767,5.070
HIP21082,67.780286,15.104649,6.280
HIP21108,67.850423,40.010126,6.250
HIP21110,67.857588,-13.644531,6.250
HIP21137,67.966468,15.851322,6.010
HIP21139,67.969412,-0.044071,4.910
HIP21144,67.987314,36.742190,6.350
HIP21148,68.007635,53.910786,5.780
HIP21152,68.020879,5.410080,6.370
HIP21192,68.156607,-3.209664,5.760
HIP21239,68.342019,-10.785112,6.060
HIP21242,68.353812,43.063932,6.090
HIP21247,68.378385,72.527936,5.940
HIP21248,68.376380,-29.768491,4.490
HIP21251,68.387796,18.016599,6.240
HIP21253,68.389906,-62.823819,5.790
HIP21269,68.450684,9.413398,6.010
HIP21273,68.462935,14.844233,4.650
HIP21278,68.478010,-6.738943,5.710
HIP21281,68.499716,-55.044881,3.300
HIP21295,68.534330,5.568559,5.670
HIP21296,68.548288,-8.231331,5.200
HIP21297,68.548770,-8.971084,5.240
HIP21298,68.558962,-6.838087,6.090
HIP21323,68.658295,28.960989,5.880
HIP21324,68.659035,-24.040367,6.370
HIP21363,68.753756,-19.920970,6.120
HIP21393,68.887262,-30.562435,3.810
HIP21402,68.913921,10.160404,4.250
HIP21408,68.927169,19.881670,6.330
HIP21421,68.980637,16.507907,0.870
HIP21428,69.006983,-3.611699,6.340
HIP21444,69.079768,-3.352492,3.930
HIP21452,69.100464,64.261548,5.910
HIP21459,69.122262,23.340459,6.010
HIP21476,69.172567,41.264667,4.250
HIP21479,69.189079,-62.077678,5.590
HIP21486,69.212104,-30.716730,6.280
HIP21515,69.306939,0.998275,5.320
HIP21517,69.311551,18.542981,6.490
HIP21525,69.330500,-41.872580,6.400
HIP21547,69.400864,-2.474021,5.220
HIP21588,69.540206,16.032994,5.780
HIP21589,69.540182,12.510728,4.270
HIP21594,69.544509,-14.305331,3.860
HIP21604,69.565856,20.684661,5.850
HIP21611,69.590338,-77.656080,6.050
HIP21644,69.722660,-12.123251,4.990
HIP21666,69.768071,-51.672619,6.450
HIP21670,69.776333,7.870942,5.380
HIP21673,69.788648,15.799274,5.080
HIP21683,69.819376,15.917833,4.670
HIP21685,69.833045,-14.360115,5.460
HIP21689,69.846587,25.218188,6.210
HIP21718,69.946923,-1.052524,6.110
HIP21727,69.977760,53.079418,5.070
HIP21730,69.992334,53.472367,5.360
HIP21735,70.014230,12.197513,5.450
HIP21743,70.027789,-24.482238,5.560
HIP21763,70.110686,-19.672208,4.320
HIP21770,70.139190,-41.864304,4.440
HIP21819,70.332643,28.614773,5.730
HIP21823,70.350974,48.300556,5.660
HIP21847,70.461510,38.279461,5.970
HIP21861,70.514908,-37.142875,5.040
HIP21881,70.561237,22.956776,4.270
HIP21914,70.693070,-50.481079,5.300
HIP21928,70.726686,43.364755,5.300
HIP21949,70.766670,-70.930771,5.530
HIP21958,70.788475,-30.766046,5.660
HIP21961,70.807446,24.088785,6.180
HIP21972,70.839916,49.973676,5.860
HIP21986,70.894985,-8.794532,5.980
HIP21998,70.934569,-41.064711,6.240
HIP22003,70.950619,32.865131,6.490
HIP22024,71.022198,-8.503560,5.780
HIP22028,71.033655,-18.666716,5.530
HIP22034,71.054343,40.786284,6.090
HIP22040,71.088503,-59.732408,5.280
HIP22044,71.108362,11.146038,5.390
HIP22081,71.241129,-63.229737,6.460
HIP22086,71.267473,-21.283509,5.720
HIP22109,71.375752,-3.254756,4.010
HIP22128,71.427016,23.627872,6.340
HIP22144,71.480537,-39.356759,6.040
HIP22152,71.504173,76.610040,6.460
HIP22157,71.507757,11.705539,5.350
HIP22176,71.570683,18.734179,5.990
HIP22189,71.600834,-2.954938,6.330
HIP22192,71.607251,-28.087310,6.180
HIP22220,71.685402,40.312317,5.990
HIP22263,71.902198,-16.933211,5.490
HIP22280,71.956806,-30.019689,6.350
HIP22287,72.001747,56.756105,5.290
HIP22300,72.030163,55.601902,6.320
HIP22325,72.135609,-16.329192,5.760
HIP22336,72.153918,-5.675880,5.770
HIP22354,72.185931,3.588413,6.040
HIP22361,72.210658,75.940238,5.960
HIP22393,72.303670,31.436618,5.570
HIP22407,72.329700,32.587957,5.840
HIP22439,72.425121,-13.770938,6.270
HIP22441,72.433710,15.904170,6.090
HIP22449,72.463472,6.961362,3.190
HIP22453,72.477334,37.488558,4.890
HIP22479,72.548745,-16.216782,5.030
HIP22488,72.567390,-41.320358,6.060
HIP22508,72.651654,70.941379,6.360
HIP22509,72.653004,8.899944,4.350
HIP22531,72.729612,-53.460862,5.580
HIP22534,72.734460,-53.459073,6.420
HIP22545,72.788430,48.740462,5.640
HIP22549,72.801483,5.605112,3.680
HIP22565,72.844205,18.839620,5.080
HIP22573,72.867777,-34.906451,5.820
HIP22597,72.930783,9.975024,6.110
HIP22607,72.959084,13.655037,6.300
HIP22626,73.022264,63.504727,5.470
HIP22667,73.133155,14.250229,4.710
HIP22678,73.158032,36.703158,4.790
HIP22697,73.196683,27.897221,5.970
HIP22699,73.198884,42.586627,5.680
HIP22701,73.223492,-5.452511,4.360
HIP22717,73.272661,-72.405687,6.280
HIP22720,73.290609,52.841064,6.400
HIP22730,73.345104,2.508104,5.330
HIP22737,73.377129,-66.675337,6.430
HIP22783,73.512549,66.342732,4.260
HIP22797,73.562906,2.440674,3.710
HIP22833,73.695283,11.426106,5.180
HIP22834,73.698933,7.778897,5.330
HIP22840,73.711286,0.467131,5.980
HIP22842,73.713714,44.060446,6.060
HIP22844,73.722180,-58.547150,6.110
HIP22845,73.724160,10.149888,4.640
HIP22847,73.728330,-39.628443,6.110
HIP22850,73.743659,19.485179,6.360
HIP22854,73.762847,55.259046,5.520
HIP22860,73.778468,-16.740736,5.710
HIP22871,73.797257,-74.936396,5.470
HIP22881,73.827795,-16.417498,5.710
HIP22913,73.958935,15.040193,5.790
HIP22923,73.992985,5.398921,6.500
HIP22936,74.029453,52.869894,5.750
HIP22938,74.036685,7.904380,6.420
HIP22949,74.064734,24.592114,6.330
HIP22955,74.083696,36.168509,6.100
HIP22957,74.092226,13.514128,4.060
HIP22958,74.100738,-5.171373,5.500
HIP23015,74.248442,33.165954,2.690
HIP23041,74.321358,-1.067457,6.250
HIP23040,74.321399,53.752156,4.430
HIP23043,74.343004,17.153586,5.510
HIP23060,74.436178,-14.232010,6.150
HIP23068,74.452716,23.948493,5.790
HIP23088,74.539338,25.050054,5.790
HIP23092,74.545561,-2.212644,6.340
HIP23123,74.637078,1.713958,4.470
HIP23148,74.712149,-82.470482,5.840
HIP23161,74.747597,14.543225,6.140
HIP23166,74.754762,-16.375088,5.650
HIP23179,74.814611,37.889525,4.930
HIP23216,74.942898,53.155368,6.090
HIP23221,74.960366,-10.264332,5.390
HIP23231,74.982544,-12.538056,4.780
HIP23251,75.054647,-78.300001,6.290
HIP23261,75.076321,39.394692,5.950
HIP23265,75.086373,81.194290,5.090
HIP23268,75.096742,39.654633,6.460
HIP23296,75.165775,-2.066055,6.310
HIP23311,75.208240,-5.761841,6.220
HIP23362,75.356867,-20.052032,4.910
HIP23364,75.359773,-7.173927,4.800
HIP23377,75.393813,-39.717801,6.020
HIP23380,75.400390,61.076676,6.030
HIP23408,75.459846,0.721945,5.910
HIP23416,75.492227,43.823291,3.030
HIP23419,75.500060,1.608937,6.450
HIP23430,75.541604,-26.275593,5.010
HIP23442,75.582801,74.269668,6.050
HIP23446,75.594964,-31.770705,5.920
HIP23453,75.619602,41.075679,3.690
HIP23467,75.679104,-71.314221,5.300
HIP23474,75.687909,-22.794945,5.740
HIP23475,75.689457,-4.210106,5.860
HIP23482,75.702420,-49.151207,5.370
HIP23484,75.711169,66.820507,6.200
HIP23497,75.774486,21.589661,4.620
HIP23511,75.827644,41.441625,6.110
HIP23522,75.854459,60.442136,4.030
HIP23551,75.967194,-14.370208,6.420
HIP23554,75.972163,-24.388434,5.610
HIP23555,75.975015,-41.743778,6.300
HIP23582,76.053613,73.763749,6.210
HIP23583,76.060783,30.494491,6.140
HIP23589,76.090065,21.277746,6.200
HIP23595,76.102741,-35.483305,4.550
HIP23596,76.109223,-35.704810,6.320
HIP23607,76.142435,15.403877,4.650
HIP23617,76.165434,74.066838,6.100
HIP23643,76.227207,-3.039682,6.040
HIP23649,76.242420,-49.577859,5.050
HIP23653,76.252530,-54.407353,6.260
HIP23668,76.317566,-26.152848,5.710
HIP23680,76.348844,1.177599,6.100
HIP23685,76.365423,-22.371565,3.190
HIP23693,76.377359,-57.471840,4.710
HIP23695,76.383667,19.806632,6.480
HIP23724,76.503685,35.936292,6.490
HIP23734,76.535147,58.972316,5.220
HIP23737,76.539066,-73.037215,6.260
HIP23743,76.550554,59.021148,6.080
HIP23766,76.624315,61.169197,6.000
HIP23767,76.629000,41.233970,3.180
HIP23777,76.653242,-13.122513,6.040
HIP23783,76.668988,51.596440,4.980
HIP23794,76.690289,-4.655163,5.120
HIP23799,76.706450,43.174693,6.200
HIP23818,76.790314,-19.389883,6.470
HIP23831,76.855026,-12.492058,5.970
HIP23835,76.866624,18.645188,4.910
HIP23840,76.891947,-63.400008,5.190
HIP23852,76.909593,9.468965,6.150
HIP23871,76.951279,20.418148,5.280
HIP23874,76.957365,-12.593312,6.330
HIP23875,76.961819,-5.087001,2.780
HIP23879,76.970645,8.497991,5.330
HIP23883,76.981004,21.704775,5.840
HIP23900,77.027609,24.265136,5.500
HIP23908,77.055226,-15.095340,6.380
HIP23916,77.084157,-8.665477,5.800
HIP23941,77.182491,-4.456089,5.110
HIP23972,77.286600,-8.754096,4.250
HIP23983,77.332315,9.829521,5.430
HIP24003,77.403993,69.638933,6.430
HIP24010,77.424756,15.597113,4.810
HIP24017,77.435214,64.918149,6.370
HIP24019,77.438326,28.030015,5.930
HIP24041,77.513611,-0.565697,6.110
HIP24072,77.578389,37.301862,6.020
HIP24109,77.679394,46.960964,5.670
HIP24114,77.685783,-25.910268,6.400
HIP24130,77.742406,-2.255222,6.240
HIP24162,77.830500,-2.490771,5.890
HIP24169,77.845529,-11.848670,5.600
HIP24193,77.909705,29.903410,6.420
HIP24197,77.923212,16.045720,5.180
HIP24203,77.938972,1.036946,5.880
HIP24244,78.074783,-11.869449,4.450
HIP24254,78.093670,73.946462,5.440
HIP24294,78.200697,-6.057422,5.900
HIP24305,78.233270,-16.205587,3.290
HIP24313,78.261575,61.850053,6.170
HIP24327,78.307738,-12.941301,4.360
HIP24331,78.322867,2.861301,4.460
HIP24332,78.321445,37.336315,6.480
HIP24340,78.356990,38.483965,4.820
HIP24348,78.379696,62.691138,6.490
HIP24349,78.381525,1.967684,6.080
HIP24372,78.439665,-67.184968,4.810
HIP24377,78.446962,0.560293,6.330
HIP24384,78.472232,-52.030858,6.030
HIP24394,78.499872,-14.606885,6.220
HIP24426,78.620293,-35.976891,5.750
HIP24436,78.634484,-8.201644,0.180
HIP24440,78.647805,76.472737,6.360
HIP24450,78.683483,5.156215,5.500
HIP24451,78.684442,53.213951,6.160
HIP24479,78.797751,59.405593,6.150
HIP24493,78.826823,-1.408975,6.150
HIP24505,78.851640,-26.943725,5.060
HIP24504,78.851418,32.687692,5.010
HIP24507,78.853039,-73.588432,6.490
HIP24512,78.865151,22.284809,6.260
HIP24520,78.911875,-52.182023,6.480
HIP24555,79.017161,11.341306,5.520
HIP24560,79.043998,-11.352520,6.450
HIP24575,79.075584,34.312635,5.990
HIP24607,79.170925,1.947279,6.420
HIP24608,79.173050,45.994847,0.080
HIP24659,79.372006,-34.897684,4.810
HIP24674,79.401516,-6.844479,3.590
HIP24679,79.417623,-13.520183,5.480
HIP24727,79.544288,33.370428,4.540
HIP24732,79.554997,73.267874,5.810
HIP24738,79.565567,42.791886,5.550
HIP24740,79.578869,33.767134,6.150
HIP24771,79.668049,40.465024,6.220
HIP24786,79.713237,-18.129599,5.960
HIP24799,79.750231,33.748176,5.380
HIP24813,79.789923,40.094157,4.690
HIP24817,79.796611,2.595414,5.340
HIP24820,79.810952,20.134401,6.120
HIP24822,79.819326,22.095897,4.960
HIP24825,79.822668,-18.519853,6.370
HIP24829,79.842462,-50.604293,5.440
HIP24831,79.848661,-27.368944,5.980
HIP24832,79.849151,33.985389,6.490
HIP24836,79.866147,58.117230,6.130
HIP24845,79.893836,-13.176823,4.290
HIP24847,79.897036,-1.411880,6.330
HIP24873,79.995839,-12.315526,5.290
HIP24879,80.003835,33.958027,5.050
HIP24881,80.009657,44.425241,6.490
HIP24902,80.060958,41.085828,5.460
HIP24909,80.086329,-34.698873,6.340
HIP24914,80.094177,62.653694,5.640
HIP24925,80.110005,-5.367563,6.400
HIP24927,80.112250,-21.239836,4.700
HIP24955,80.169383,66.747057,6.390
HIP24960,80.182568,2.544931,6.430
HIP24977,80.235870,19.814280,6.200
HIP24984,80.247101,27.957155,6.350
HIP25001,80.302847,29.569883,5.660
HIP25007,80.320265,-34.345005,6.050
HIP25011,80.330433,4.011858,6.490
HIP25028,80.382673,-0.416482,5.680
HIP25041,80.431484,8.428534,5.780
HIP25044,80.440623,-0.382453,4.720
HIP25045,80.442568,-24.773077,5.060
HIP25048,80.451853,41.804297,5.220
HIP25059,80.480507,-17.603584,6.470
HIP25098,80.592219,-56.134240,6.100
HIP25110,80.637443,79.232335,5.080
HIP25142,80.708325,3.544465,4.990
HIP25143,80.709538,41.029282,5.540
HIP25180,80.800152,-26.705264,6.490
HIP25187,80.827112,-8.415616,5.990
HIP25192,80.845412,28.936526,6.450
HIP25194,80.850345,-39.678386,5.730
HIP25197,80.866180,57.543983,5.240
HIP25202,80.875658,-13.927359,5.250
HIP25205,80.879220,5.323208,6.340
HIP25216,80.906894,16.699137,6.090
HIP25223,80.926299,-0.159833,5.690
HIP25240,80.963838,-0.866615,6.130
HIP25247,80.986682,-7.808395,4.130
HIP25278,81.107996,17.383479,5.000
HIP25280,81.118977,-16.975898,5.640
HIP25281,81.119231,-2.397170,3.350
HIP25282,81.120413,-0.890296,5.070
HIP25288,81.150418,2.353158,6.330
HIP25290,81.159850,31.223848,6.300
HIP25291,81.160409,31.143102,5.940
HIP25292,81.163092,37.385257,5.020
HIP25301,81.186673,36.199879,6.490
HIP25302,81.186781,1.846441,4.890
HIP25303,81.192808,-52.316449,6.260
HIP25317,81.231549,-44.225621,6.090
HIP25322,81.247406,73.707191,6.480
HIP25329,81.257289,-10.329013,5.600
HIP25336,81.282700,6.349604,1.640
HIP25368,81.402086,-1.491298,6.440
HIP25378,81.445922,0.520244,6.180
HIP25397,81.499302,-19.695539,5.780
HIP25401,81.509905,-5.518493,6.240
HIP25410,81.523848,16.700124,6.230
HIP25428,81.573165,28.606168,1.650
HIP25429,81.580188,-58.912283,5.140
HIP25453,81.661856,6.868419,6.410
HIP25471,81.703348,34.391756,5.920
HIP25473,81.709293,3.095666,4.590
HIP25475,81.713757,33.262169,6.180
HIP25476,81.726199,35.457184,6.170
HIP25482,81.749001,-68.622689,6.020
HIP25486,81.769974,-11.901327,6.300
HIP25488,81.772202,-40.942711,5.860
HIP25492,81.784472,30.208570,5.690
HIP25499,81.792121,17.962061,5.400
HIP25502,81.807858,15.257556,6.180
HIP25505,81.814213,2.341185,6.360
HIP25532,81.902231,-21.375476,6.080
HIP25539,81.908699,21.936914,4.880
HIP25541,81.912017,34.475606,5.080
HIP25555,81.940069,15.873896,5.520
HIP25580,82.004068,33.762162,6.410
HIP25582,82.006123,1.298259,6.410
HIP25583,82.006837,17.238790,5.770
HIP25606,82.061300,-20.760073,2.810
HIP25608,82.064000,-37.230268,5.560
HIP25638,82.144968,13.678868,6.350
HIP25667,82.237101,-3.307480,6.390
HIP25695,82.318833,25.149940,5.470
HIP25708,82.348488,-3.446464,5.800
HIP25730,82.419634,29.186119,6.200
HIP25732,82.423781,-0.802800,6.490
HIP25737,82.433251,-1.092431,4.710
HIP25751,82.478232,1.789257,5.770
HIP25768,82.539705,-47.078626,5.460
HIP25769,82.542429,63.067185,5.430
HIP25776,82.557481,-84.784778,6.180
HIP25781,82.566194,-63.927250,6.190
HIP25785,82.583138,4.204608,6.210
HIP25786,82.586480,-7.434810,6.330
HIP25790,82.608917,15.360165,5.930
HIP25806,82.680941,22.462104,6.290
HIP25810,82.688054,39.825654,6.380
HIP25813,82.696099,5.947900,4.200
HIP25816,82.702730,41.461741,5.990
HIP25853,82.781815,-20.863976,5.530
HIP25859,82.803391,-35.470770,3.860
HIP25861,82.810554,3.292126,5.460
HIP25869,82.837062,-6.708371,6.230
HIP25887,82.900187,-45.925051,5.860
HIP25911,82.951825,85.937962,6.500
HIP25918,82.974234,-76.338846,5.180
HIP25923,82.982741,-7.301570,4.620
HIP25930,83.001687,-0.299088,2.250
HIP25945,83.053122,18.594201,4.320
HIP25950,83.058897,17.058048,5.500
HIP25973,83.142128,57.219417,6.440
HIP25976,83.158384,0.011844,6.150
HIP25980,83.172285,-1.591826,5.340
HIP25984,83.181959,32.191993,4.710
HIP25985,83.182585,-17.822278,2.580
HIP25993,83.214669,-38.513449,5.450
HIP26001,83.248655,-64.227526,5.340
HIP26019,83.281635,-35.139583,5.750
HIP26054,83.364141,32.800758,6.500
HIP26063,83.381021,-1.156077,5.360
HIP26064,83.381791,18.540231,5.670
HIP26069,83.406332,-62.489733,3.760
HIP26071,83.409109,34.725466,6.270
HIP26072,83.411843,20.474161,6.190
HIP26079,83.435569,-54.902213,6.420
HIP26093,83.476170,14.305536,5.600
HIP26104,83.510203,-7.024048,6.450
HIP26106,83.516227,-1.035747,6.240
HIP26108,83.516762,-1.470400,5.920
HIP26126,83.569673,3.766779,5.320
HIP26149,83.621997,-0.012369,6.250
HIP26169,83.686592,-73.741004,5.790
HIP26176,83.705151,9.489561,4.390
HIP26190,83.739201,-61.176245,6.320
HIP26197,83.754203,-6.009272,5.670
HIP26199,83.761174,-6.002022,4.780
HIP26207,83.784487,9.934144,3.390
HIP26215,83.805176,10.240065,5.600
HIP26219,83.814717,-33.078862,5.760
HIP26220,83.815913,-5.387314,4.980
HIP26221,83.818598,-5.389695,5.130
HIP26234,83.842976,-4.424309,6.240
HIP26235,83.845437,-5.416049,4.980
HIP26237,83.846552,-4.838411,4.580
HIP26241,83.858282,-5.909906,2.750
HIP26248,83.863156,24.039440,5.370
HIP26263,83.899611,-3.252847,6.400
HIP26264,83.901056,-78.820705,6.040
HIP26268,83.914504,-4.856008,5.240
HIP26291,83.981025,27.662115,6.270
HIP26300,84.011770,-47.313805,6.100
HIP26309,84.043099,-28.708044,6.260
HIP26311,84.053396,-1.201928,1.690
HIP26315,84.066637,47.715146,6.100
HIP26344,84.146670,54.428580,5.740
HIP26345,84.148725,-6.064749,5.710
HIP26363,84.218358,40.182344,6.080
HIP26366,84.227342,9.288434,4.090
HIP26368,84.228982,-66.560207,6.280
HIP26382,84.265890,17.040067,5.530
HIP26386,84.268652,11.034886,5.970
HIP26395,84.286699,-11.775682,6.100
HIP26394,84.301269,-80.461391,5.650
HIP26396,84.286937,26.924306,5.830
HIP26408,84.312798,64.154201,6.150
HIP26410,84.316464,66.696622,6.260
HIP26412,84.318938,-27.871856,6.150
HIP26414,84.330461,8.951858,6.110
HIP26427,84.364009,-5.938407,6.030
HIP26451,84.411214,21.142416,2.970
HIP26460,84.435596,-28.689377,5.280
HIP26463,84.440997,33.559204,6.360
HIP26477,84.472422,-4.814028,6.160
HIP26487,84.504745,7.541311,5.870
HIP26515,84.572572,-50.640854,6.430
HIP26535,84.658218,-6.573962,5.960
HIP26536,84.658514,30.492324,5.400
HIP26545,84.681338,-40.707150,5.810
HIP26549,84.686569,-2.600072,3.770
HIP26563,84.721074,-7.213194,4.770
HIP26571,84.739162,26.617991,6.450
HIP26592,84.785954,41.357682,6.440
HIP26594,84.796446,4.121468,4.500
HIP26602,84.817551,-17.849388,6.400
HIP26606,84.826293,29.215160,5.980
HIP26616,84.862973,21.762693,6.420
HIP26623,84.878546,-9.706693,6.490
HIP26624,84.879766,-3.564689,5.990
HIP26634,84.912254,-34.074285,2.650
HIP26638,84.931951,75.044058,6.190
HIP26640,84.934235,25.896916,5.180
HIP26649,84.957536,-32.629449,5.440
HIP26712,85.149572,31.358132,6.040
HIP26713,85.155418,-2.825222,6.220
HIP26718,85.175209,31.920575,6.230
HIP26727,85.189724,-1.942553,1.740
HIP26728,85.192458,-10.408664,6.460
HIP26736,85.211296,-1.128792,4.950
HIP26762,85.273411,0.337957,5.930
HIP26777,85.323867,16.534041,4.840
HIP26779,85.334763,53.477204,6.210
HIP26781,85.337538,29.487229,6.400
HIP26796,85.362224,-33.400831,6.350
HIP26820,85.418443,-2.896283,6.410
HIP26821,85.422931,-16.725790,6.220
HIP26853,85.516602,22.660140,6.350
HIP26862,85.548206,-30.535383,6.180
HIP26865,85.558154,-22.373650,5.880
HIP26866,85.560186,-17.530338,6.150
HIP26868,85.563360,-34.667434,5.290
HIP26882,85.610200,65.697491,5.620
HIP26885,85.618888,1.474520,4.900
HIP26926,85.724731,-6.795722,5.970
HIP26942,85.757165,56.581733,6.050
HIP26953,85.788861,-1.613462,6.310
HIP26964,85.831311,23.204256,6.230
HIP26966,85.840433,-18.557572,5.730
HIP26981,85.876196,-39.406879,6.250
HIP27001,85.921639,-45.832146,6.380
HIP27046,86.035059,61.476544,6.170
HIP27072,86.113526,-22.451094,3.590
HIP27075,86.118172,-20.126300,6.340
HIP27100,86.192837,-65.735481,4.340
HIP27116,86.255221,12.888233,6.470
HIP27118,86.257389,4.007861,6.090
HIP27164,86.373368,31.324692,6.500
HIP27196,86.475052,49.826172,5.460
HIP27204,86.499581,-32.306602,5.180
HIP27212,86.512015,-4.268987,6.240
HIP27243,86.614134,-46.597060,5.310
HIP27249,86.626856,56.115141,5.930
HIP27253,86.644871,1.167149,5.950
HIP27265,86.689616,15.822475,6.000
HIP27280,86.716987,9.521868,5.780
HIP27288,86.738812,-14.821959,3.550
HIP27293,86.750023,51.520578,6.470
HIP27303,86.769030,-28.638837,6.220
HIP27308,86.782445,-16.238150,6.180
HIP27316,86.804834,14.488011,5.720
HIP27317,86.805609,-54.360718,6.190
HIP27319,86.811249,42.526111,6.300
HIP27321,86.821239,-51.065911,3.850
HIP27325,86.827826,-35.673634,6.290
HIP27338,86.859134,17.729106,5.470
HIP27341,86.861959,-10.533083,6.040
HIP27346,86.884179,63.598993,6.490
HIP27353,86.894460,25.568571,6.480
HIP27364,86.928807,13.899501,5.280
HIP27366,86.939127,-9.669614,2.070
HIP27386,87.001005,6.453993,5.260
HIP27421,87.093260,20.869349,6.030
HIP27435,87.146050,-4.096346,5.970
HIP27468,87.254123,24.567475,4.880
HIP27472,87.269142,62.808173,6.180
HIP27483,87.293235,39.180883,4.510
HIP27511,87.387047,12.651196,4.890
HIP27512,87.392157,-44.875352,6.380
HIP27517,87.402095,-14.484015,5.490
HIP27530,87.457844,-56.167191,4.500
HIP27533,87.472798,-22.971714,5.870
HIP27534,87.472670,-66.901054,5.100
HIP27549,87.511296,9.871206,5.790
HIP27560,87.554488,4.423124,5.960
HIP27566,87.569806,-79.360877,5.460
HIP27583,87.620008,-52.767801,6.320
HIP27581,87.620479,14.305332,5.540
HIP27588,87.625114,2.024649,5.970
HIP27621,87.721784,-52.109435,5.160
HIP27625,87.736599,51.514233,6.290
HIP27628,87.740441,-35.765330,3.120
HIP27629,87.742099,27.967946,5.600
HIP27639,87.760467,37.305244,4.720
HIP27654,87.832159,-20.883859,3.760
HIP27658,87.841611,-7.518004,5.360
HIP27660,87.846106,-64.033443,6.350
HIP27661,87.857360,32.124687,6.280
HIP27670,87.869188,-22.927259,6.160
HIP27673,87.872570,39.148483,3.970
HIP27705,87.998267,-29.449507,6.470
HIP27713,88.032188,-9.041662,5.950
HIP27731,88.071878,58.963934,6.140
HIP27737,88.084384,-57.156770,5.930
HIP27743,88.092752,14.171766,5.600
HIP27747,88.097476,19.867826,5.960
HIP27750,88.110113,1.855061,4.760
HIP27766,88.138531,-37.631282,5.620
HIP27777,88.165266,39.574651,6.400
HIP27778,88.167207,33.917525,6.040
HIP27795,88.231267,68.471209,6.220
HIP27810,88.278635,-33.801122,4.880
HIP27830,88.331882,27.612191,4.560
HIP27890,88.526823,-63.085406,4.650
HIP27900,88.555620,10.586348,6.130
HIP27901,88.558165,-29.147519,6.340
HIP27902,88.566099,3.225256,6.300
HIP27913,88.594510,20.275446,4.390
HIP27937,88.671271,-49.626908,6.110
HIP27938,88.682353,-11.773984,5.620
HIP27939,88.683459,0.968615,5.990
HIP27947,88.708531,-52.633688,5.290
HIP27949,88.711557,55.707074,4.960
HIP27955,88.718578,-39.957698,5.550
HIP27965,88.736193,19.749584,5.920
HIP27971,88.740974,59.888231,5.200
HIP27973,88.745415,31.700172,5.900
HIP27989,88.793138,7.407143,0.450
HIP28010,88.874963,-37.120845,4.970
HIP28011,88.875920,-4.616697,5.870
HIP28019,88.897262,-4.788804,6.280
HIP28085,89.060381,-22.839734,5.950
HIP28098,89.087277,-31.382396,5.520
HIP28103,89.100909,-14.166677,3.710
HIP28110,89.116817,9.509323,5.970
HIP28117,89.140705,28.942250,6.350
HIP28118,89.143586,-23.215089,6.370
HIP28138,89.204218,-31.976154,6.440
HIP28139,89.206831,11.520641,5.890
HIP28154,89.233842,24.249669,6.030
HIP28180,89.309997,-53.425694,6.480
HIP28199,89.384181,-35.283198,4.360
HIP28205,89.396631,66.096010,6.240
HIP28232,89.476883,1.224320,6.220
HIP28237,89.498542,25.953900,4.810
HIP28252,89.548883,-0.994169,6.210
HIP28271,89.601884,1.837050,5.890
HIP28287,89.656332,-44.034492,5.810
HIP28296,89.706440,0.552997,5.210
HIP28302,89.721760,12.808285,5.700
HIP28321,89.754632,-9.382118,6.150
HIP28325,89.768028,-9.558585,5.040
HIP28328,89.786856,-42.815219,3.960
HIP28343,89.840708,49.924521,5.900
HIP28358,89.882753,54.283669,3.720
HIP28360,89.881648,44.947427,1.900
HIP28380,89.930654,37.212043,2.650
HIP28385,89.940909,55.320206,6.420
HIP28390,89.949764,54.546699,6.140
HIP28404,89.983729,45.936682,4.300
HIP28413,90.014001,-3.074788,4.530
HIP28434,90.073526,-12.900404,6.210
HIP28438,90.078458,44.591728,6.210
HIP28484,90.204566,-51.215613,5.650
HIP28499,90.244038,47.901768,5.710
HIP28500,90.251899,27.572348,6.040
HIP28517,90.291694,31.034517,6.180
HIP28520,90.304476,-25.417915,6.040
HIP28524,90.317958,-33.912029,5.540
HIP28532,90.335365,85.182099,6.170
HIP28561,90.423401,22.400873,6.360
HIP28562,90.429485,48.959372,5.980
HIP28574,90.460043,-10.597904,4.920
HIP28596,90.539106,-60.096772,6.410
HIP28614,90.595936,9.647000,4.120
HIP28622,90.640979,-14.497070,6.200
HIP28634,90.688403,47.810210,6.490
HIP28637,90.702659,49.905356,6.040
HIP28642,90.722983,43.378121,6.380
HIP28644,90.730567,32.634140,6.230
HIP28656,90.768096,57.017979,6.500
HIP28675,90.815538,-26.283920,5.030
HIP28677,90.825785,42.910587,6.080
HIP28686,90.853111,11.681028,6.090
HIP28691,90.864107,19.690412,5.140
HIP28716,90.979952,20.138431,4.640
HIP28734,91.030044,23.262460,4.160
HIP28744,91.056229,-6.708914,5.190
HIP28756,91.084304,-32.171541,5.650
HIP28764,91.117725,-45.034790,6.350
HIP28765,91.121307,51.573080,6.390
HIP28790,91.166331,-45.077060,5.930
HIP28812,91.242376,5.419969,5.670
HIP28814,91.243172,4.158653,5.630
HIP28816,91.246322,-16.484458,4.920
HIP28820,91.260736,37.964224,6.320
HIP28823,91.263691,42.980574,5.900
HIP28829,91.284324,59.392845,6.320
HIP28831,91.289184,75.585845,6.280
HIP28854,91.362790,-10.242404,5.880
HIP28855,91.363356,-35.513529,5.800
HIP28861,91.391217,33.598983,6.230
HIP28899,91.523163,-29.758931,5.790
HIP28908,91.534503,35.385566,6.120
HIP28910,91.538721,-14.935157,4.670
HIP28909,91.539290,-66.039415,5.720
HIP28930,91.593633,29.512380,6.010
HIP28943,91.633657,-23.111056,5.460
HIP28946,91.646336,38.482256,5.350
HIP28949,91.661350,-4.193870,5.370
HIP28951,91.662660,63.453902,6.420
HIP28957,91.670685,-42.298825,6.150
HIP28984,91.739591,-21.812326,5.740
HIP28988,91.758636,-45.091170,6.480
HIP28991,91.764398,-62.155094,5.040
HIP28992,91.765315,-34.312018,5.820
HIP29025,91.861462,41.854136,6.150
HIP29034,91.881803,-37.252918,5.000
HIP29038,91.893053,14.768316,4.420
HIP29048,91.923595,-19.165449,5.280
HIP29064,91.970140,-42.154171,5.500
HIP29114,92.096409,41.055363,6.340
HIP29129,92.144195,-44.356163,6.260
HIP29134,92.183607,-68.843264,5.060
HIP29140,92.198536,-6.821314,6.460
HIP29150,92.241074,-22.427801,5.490
HIP29151,92.241257,2.499588,5.700
HIP29178,92.334177,-18.126542,6.360
HIP29185,92.347499,-49.562279,6.480
HIP29196,92.385094,22.190225,5.930
HIP29205,92.393730,-14.584401,5.560
HIP29210,92.401529,-5.711416,6.160
HIP29225,92.433262,23.113455,5.750
HIP29233,92.446292,-26.700990,6.270
HIP29234,92.450530,-22.773896,5.710
HIP29246,92.496101,58.935832,5.350
HIP29263,92.543168,-40.353254,5.540
HIP29271,92.562890,-74.754612,5.080
HIP29276,92.574577,-54.968597,4.720
HIP29294,92.644425,-27.154764,5.720
HIP29304,92.666359,-45.281931,6.280
HIP29323,92.755030,-6.754306,6.150
HIP29326,92.757389,18.130447,6.370
HIP29348,92.806431,60.453367,6.480
HIP29347,92.806912,-26.482060,6.080
HIP29353,92.812091,-65.588546,5.010
HIP29371,92.866253,13.638430,6.040
HIP29379,92.884613,24.419870,5.830
HIP29388,92.902600,48.710578,5.780
HIP29401,92.932102,-4.665465,6.180
HIP29404,92.941354,52.646648,6.280
HIP29417,92.965864,-6.550300,5.060
HIP29426,92.984973,14.208616,4.450
HIP29433,93.005595,19.790456,5.760
HIP29434,93.013708,16.130283,4.950
HIP29451,93.083774,32.693350,5.780
HIP29490,93.212859,65.718188,5.360
HIP29509,93.248300,6.016162,6.450
HIP29525,93.302670,10.624957,6.430
HIP29568,93.438371,-23.861122,6.370
HIP29569,93.438906,51.172001,6.070
HIP29575,93.475844,-3.741225,5.830
HIP29616,93.619073,17.906275,5.860
HIP29629,93.652887,-4.568440,5.830
HIP29650,93.711259,19.155111,5.200
HIP29651,93.713834,-6.274924,3.990
HIP29655,93.718917,22.506724,3.310
HIP29679,93.785029,-20.271960,5.880
HIP29678,93.785479,13.851176,5.910
HIP29692,93.823996,-18.477615,5.990
HIP29696,93.843960,29.496149,4.320
HIP29704,93.854712,16.143082,5.340
HIP29705,93.858846,-9.035775,6.090
HIP29711,93.873813,-4.914972,5.990
HIP29716,93.891607,-0.513796,5.620
HIP29728,93.917394,6.066038,6.070
HIP29730,93.919275,59.998797,5.370
HIP29735,93.937113,-13.718496,5.000
HIP29736,93.937326,12.551056,5.440
HIP29746,93.974832,1.169301,6.370
HIP29771,94.031974,-16.617999,5.970
HIP29788,94.077725,-59.215837,6.440
HIP29789,94.079245,23.969964,6.090
HIP29798,94.099138,17.181536,6.390
HIP29800,94.111541,12.273534,5.040
HIP29807,94.138069,-35.139874,4.370
HIP29808,94.148149,-39.264532,6.000
HIP29840,94.244610,23.740890,6.240
HIP29842,94.255138,-37.736827,5.540
HIP29843,94.265982,-22.717133,6.050
HIP29850,94.277618,9.941949,5.390
HIP29852,94.289814,-37.253665,5.880
HIP29860,94.315840,5.101372,5.700
HIP29895,94.423731,-16.815893,5.150
HIP29913,94.465694,-52.733024,6.400
HIP29919,94.478297,61.515269,5.010
HIP29931,94.523334,14.382891,6.120
HIP29941,94.557149,-19.966921,5.510
HIP29949,94.570394,46.359483,6.330
HIP29982,94.668145,9.046874,6.240
HIP29993,94.703303,-15.024831,6.040
HIP29996,94.710797,-9.390185,5.360
HIP29997,94.711541,69.319039,4.760
HIP30011,94.745704,-20.925582,5.790
HIP30019,94.757603,17.325224,6.270
HIP30028,94.782904,-8.585996,6.220
HIP30060,94.905730,59.011144,4.440
HIP30062,94.908756,-22.103043,6.290
HIP30069,94.920684,-34.396577,5.760
HIP30073,94.928293,-7.822903,5.270
HIP30093,94.998276,-2.944500,4.910
HIP30099,95.017557,14.651000,5.670
HIP30122,95.078363,-30.063339,3.020
HIP30141,95.146333,-23.638446,6.490
HIP30143,95.151004,-34.143997,5.550
HIP30190,95.272658,-11.817309,6.320
HIP30200,95.299730,29.540480,6.410
HIP30214,95.352943,-11.773221,5.480
HIP30217,95.357253,2.268324,6.300
HIP30218,95.358171,17.763192,6.320
HIP30247,95.442440,53.451525,5.340
HIP30272,95.514730,59.372103,6.050
HIP30277,95.528247,-33.436786,3.850
HIP30318,95.651236,12.570001,6.000
HIP30321,95.659908,-69.983787,5.560
HIP30324,95.674908,-17.955921,1.980
HIP30342,95.732150,-56.370117,5.600
HIP30343,95.740548,22.512785,2.870
HIP30352,95.755832,-63.683015,6.300
HIP30357,95.776537,56.975814,6.470
HIP30376,95.809951,-31.790306,6.310
HIP30382,95.827062,3.764419,6.410
HIP30407,95.899644,-9.874692,6.110
HIP30419,95.941871,4.592944,4.390
HIP30420,95.942266,-15.071244,6.270
HIP30423,95.945640,-58.543683,6.470
HIP30436,95.983019,-25.577930,5.610
HIP30438,95.988168,-52.695486,-0.620
HIP30444,96.004098,-36.707362,5.620
HIP30448,96.009430,8.884948,6.240
HIP30457,96.042588,-11.530324,5.210
HIP30463,96.057293,-60.281104,5.780
HIP30468,96.085715,-12.961912,6.120
HIP30480,96.111079,-63.429783,6.450
HIP30501,96.182295,25.048702,6.350
HIP30503,96.181511,-28.781000,6.370
HIP30505,96.185375,-40.284006,6.300
HIP30517,96.220049,16.056825,6.350
HIP30520,96.224604,49.287875,4.920
HIP30524,96.232425,-63.828054,6.260
HIP30541,96.304191,7.085702,6.260
HIP30545,96.320699,-0.947488,5.880
HIP30564,96.367372,14.721958,6.300
HIP30565,96.369064,-69.688821,5.370
HIP30566,96.375016,-35.064493,6.240
HIP30570,96.387192,23.327047,6.050
HIP30591,96.431853,-48.177047,5.760
HIP30595,96.446342,-3.889054,6.330
HIP30602,96.467972,11.125814,6.390
HIP30608,96.495117,-7.895009,6.400
HIP30627,96.539110,-3.515212,6.420
HIP30651,96.607376,56.285255,5.530
HIP30660,96.643488,-4.597419,6.160
HIP30666,96.664861,-1.507552,5.870
HIP30669,96.677762,-14.603515,6.320
HIP30675,96.686914,-7.512023,6.350
HIP30679,96.703572,58.417396,5.210
HIP30700,96.753608,-4.355689,6.500
HIP30703,96.767087,-58.002149,5.820
HIP30706,96.781592,-37.895178,6.480
HIP30711,96.795997,-25.858085,6.050
HIP30717,96.807366,0.299185,5.190
HIP30720,96.814977,-0.276037,5.550
HIP30728,96.834895,2.908384,5.550
HIP30741,96.898066,32.562449,6.430
HIP30769,96.985902,20.496415,6.220
HIP30772,96.989849,-4.762177,5.060
HIP30788,97.042425,-32.579892,4.470
HIP30794,97.060333,70.535407,6.030
HIP30798,97.069811,1.912567,6.480
HIP30804,97.078603,10.303571,6.160
HIP30815,97.116201,16.238029,6.240
HIP30827,97.142043,30.492924,5.750
HIP30836,97.156045,-17.465937,5.760
HIP30840,97.163501,-32.371223,5.740
HIP30849,97.177137,-41.074774,6.320
HIP30867,97.204403,-7.033099,3.760
HIP30883,97.240738,20.212029,4.130
HIP30906,97.311704,2.645900,6.170
HIP30932,97.368311,-56.852528,5.200
HIP30953,97.453757,-50.239467,5.280
HIP30972,97.512334,46.685609,5.880
HIP30973,97.512559,-65.567802,6.280
HIP30986,97.546926,-10.081528,5.920
HIP30988,97.549295,-19.215051,6.440
HIP31024,97.645313,-13.148161,6.160
HIP31037,97.692807,-27.769532,5.920
HIP31039,97.695931,58.160139,5.860
HIP31056,97.749511,-40.916173,6.190
HIP31066,97.789880,11.251356,6.170
HIP31068,97.794211,-61.879466,6.150
HIP31072,97.804538,-35.258777,5.820
HIP31079,97.827381,-51.825183,5.580
HIP31084,97.846337,-12.392085,5.160
HIP31086,97.849846,-32.868497,6.310
HIP31099,97.895624,-36.939514,6.260
HIP31105,97.905915,15.903403,6.380
HIP31119,97.951377,11.544619,5.220
HIP31121,97.958527,-8.158398,5.430
HIP31125,97.964003,-23.418375,4.340
HIP31137,97.992950,-58.753817,5.690
HIP31158,98.077557,17.784540,6.260
HIP31159,98.079757,4.856011,5.880
HIP31165,98.089747,-37.697272,5.250
HIP31167,98.096364,-5.869128,5.600
HIP31168,98.096982,11.673260,6.080
HIP31173,98.113044,32.454769,5.820
HIP31190,98.162375,-32.030426,5.730
HIP31205,98.195190,-11.166335,6.300
HIP31216,98.225911,7.332922,4.470
HIP31241,98.292651,-38.625326,6.440
HIP31265,98.359164,-52.328981,6.180
HIP31266,98.360995,-20.924164,6.390
HIP31277,98.400582,14.154522,5.570
HIP31278,98.408026,-1.220284,5.090
HIP31299,98.456035,-36.231308,5.420
HIP31359,98.636690,55.353080,6.450
HIP31362,98.647243,-32.716235,5.620
HIP31385,98.692871,7.572427,6.440
HIP31407,98.744006,-52.975524,4.350
HIP31416,98.764215,-22.964671,4.540
HIP31434,98.800257,28.022222,5.260
HIP31446,98.815925,0.890199,5.780
HIP31448,98.823318,9.988278,5.930
HIP31457,98.850839,-36.779726,5.590
HIP31469,98.878486,-22.109210,6.320
HIP31509,98.974615,-36.089170,6.360
HIP31564,99.095113,-18.659780,5.710
HIP31579,99.136798,38.445342,5.400
HIP31583,99.147232,-5.211248,5.520
HIP31592,99.171471,-19.256394,3.950
HIP31593,99.171041,-22.614675,6.350
HIP31599,99.194144,-13.321215,5.950
HIP31603,99.213658,-41.557100,6.360
HIP31617,99.257851,-38.146173,6.030
HIP31637,99.307559,-36.990551,5.720
HIP31646,99.350161,6.135387,6.050
HIP31650,99.363673,24.590870,6.440
HIP31662,99.403440,10.853052,6.390
HIP31665,99.409855,56.857603,5.870
HIP31672,99.417730,2.703794,6.170
HIP31674,99.420040,-12.986035,6.110
HIP31676,99.419790,61.479212,5.940
HIP31681,99.427904,16.398759,1.930
HIP31685,99.440291,-43.195963,3.170
HIP31688,99.449314,-32.339263,5.250
HIP31697,99.469604,4.956680,6.140
HIP31700,99.472537,-18.237540,4.420
HIP31703,99.475314,73.695656,6.260
HIP31711,99.500872,-61.532852,6.150
HIP31733,99.585134,-2.543849,6.140
HIP31736,99.595440,-23.580381,6.480
HIP31737,99.595718,28.984240,5.760
HIP31758,99.647546,-16.873730,6.010
HIP31765,99.656848,-48.220037,5.050
HIP31766,99.659116,1.613500,6.230
HIP31771,99.664545,39.390063,5.700
HIP31789,99.704845,39.902471,5.340
HIP31813,99.772185,22.030703,6.090
HIP31827,99.819695,-14.145816,4.820
HIP31832,99.832595,42.488467,4.800
HIP31850,99.881331,24.600826,6.430
HIP31852,99.887953,28.263062,6.020
HIP31859,99.900965,-23.695720,6.050
HIP31870,99.927687,-30.471904,5.700
HIP31876,99.948712,12.982664,5.990
HIP31889,99.991399,44.014144,6.350
HIP31897,100.011876,-80.813200,5.610
HIP31940,100.120689,77.995738,5.750
HIP31946,100.134459,71.748865,5.880
HIP31977,100.240421,-71.775493,6.500
HIP31978,100.244410,9.895736,4.660
HIP31992,100.272620,0.495286,5.790
HIP32007,100.308995,-40.349769,6.160
HIP32012,100.321792,11.003252,6.190
HIP32019,100.337075,28.196620,6.450
HIP32020,100.341384,16.397619,6.280
HIP32040,100.407168,35.931737,6.480
HIP32064,100.485201,-9.167876,5.210
HIP32067,100.496796,6.345442,6.360
HIP32091,100.568124,-38.398766,6.280
HIP32104,100.601409,17.644664,5.200
HIP32144,100.691434,-22.447847,6.260
HIP32173,100.770300,44.524227,5.040
HIP32177,100.777628,3.033733,6.180
HIP32190,100.807478,37.147209,6.210
HIP32208,100.847282,-39.193229,6.300
HIP32222,100.903395,-73.118931,6.360
HIP32226,100.911026,3.932507,5.880
HIP32246,100.982982,25.131030,3.060
HIP32249,100.997038,13.227636,4.490
HIP32261,101.048332,53.294460,6.280
HIP32268,101.052227,36.109257,6.370
HIP32269,101.053108,-54.695458,6.470
HIP32292,101.118589,-31.070477,5.230
HIP32311,101.189341,28.970758,5.420
HIP32322,101.216424,-27.339503,6.430
HIP32332,101.231598,-70.433714,6.100
HIP32349,101.283018,-16.725119,-1.440
HIP32362,101.321490,12.894186,3.350
HIP32366,101.343895,-31.795900,5.920
HIP32368,101.347192,-23.462260,6.040
HIP32385,101.379933,-30.948949,5.620
HIP32402,101.473787,-52.409624,5.810
HIP32404,101.475809,12.693542,6.470
HIP32411,101.497401,-14.796257,5.300
HIP32434,101.550551,-37.775255,6.190
HIP32438,101.558663,59.441606,4.860
HIP32439,101.556025,79.560368,5.440
HIP32463,101.635028,8.587103,5.920
HIP32474,101.662494,-10.107354,5.660
HIP32477,101.673088,-54.694924,6.450
HIP32480,101.684742,43.578645,5.240
HIP32489,101.706444,57.168890,5.340
HIP32492,101.712861,-14.425896,5.280
HIP32494,101.719241,-51.266326,5.390
HIP32500,101.744503,-87.024933,6.460
HIP32504,101.756055,-21.015356,6.070
HIP32531,101.827939,-55.539803,5.600
HIP32533,101.832456,8.037167,4.770
HIP32537,101.839077,-37.929776,5.270
HIP32539,101.847735,18.193135,6.350
HIP32558,101.905064,-8.998507,5.080
HIP32562,101.914846,48.789523,5.220
HIP32578,101.965104,2.412068,4.480
HIP32607,102.046840,-61.939609,3.240
HIP32609,102.051859,55.703424,5.540
HIP32617,102.079162,-1.319175,5.750
HIP32677,102.240566,-15.144770,5.390
HIP32682,102.265223,1.002043,6.160
HIP32698,102.318310,-2.272070,5.750
HIP32740,102.421798,32.606383,5.720
HIP32744,102.433343,-24.076166,6.310
HIP32746,102.434308,37.512802,6.490
HIP32753,102.457535,16.202811,5.870
HIP32759,102.460165,-32.508448,3.500
HIP32761,102.463787,-53.622320,4.410
HIP32765,102.477564,-46.611804,5.140
HIP32768,102.484387,-50.615045,2.940
HIP32775,102.504281,-60.248352,6.110
HIP32809,102.590648,-17.084546,5.770
HIP32810,102.597270,-31.705946,5.740
HIP32814,102.606226,13.413121,5.680
HIP32827,102.653966,-25.778349,6.320
HIP32838,102.676193,-8.040974,6.310
HIP32844,102.691219,41.780214,4.990
HIP32851,102.707803,-0.542259,5.780
HIP32855,102.718180,-34.367312,4.990
HIP32864,102.737883,67.571968,5.140
HIP32912,102.862516,-70.963223,5.410
HIP32918,102.885930,-48.292831,6.420
HIP32921,102.887637,21.760894,5.280
HIP32931,102.914101,3.041773,6.370
HIP32938,102.926406,-36.230705,5.940
HIP32968,102.999644,23.601644,5.680
HIP32990,103.095092,-5.316378,6.300
HIP33012,103.189091,-59.340914,6.410
HIP33015,103.196439,-43.975554,6.470
HIP33018,103.197216,33.960903,3.600
HIP33024,103.205875,8.380146,5.750
HIP33040,103.251177,-26.958112,6.330
HIP33041,103.255843,38.869210,6.100
HIP33044,103.264725,35.787955,6.030
HIP33048,103.270913,59.448205,5.340
HIP33056,103.281626,44.839511,6.240
HIP33064,103.306208,38.436696,6.320
HIP33077,103.328019,-19.032715,5.650
HIP33079,103.340922,-18.932585,6.130
HIP33082,103.343337,10.995766,6.300
HIP33092,103.387070,-20.224224,4.820
HIP33094,103.393710,-28.543047,6.050
HIP33104,103.426113,68.888363,5.110
HIP33126,103.481021,-24.538745,6.230
HIP33133,103.487801,38.504814,6.460
HIP33139,103.508849,-50.609961,6.240
HIP33152,103.533107,-24.184174,3.890
HIP33154,103.535707,-5.852147,6.390
HIP33160,103.546458,-12.038735,4.080
HIP33184,103.602868,-1.127101,5.440
HIP33189,103.611167,-42.365427,6.320
HIP33202,103.661511,13.177254,4.730
HIP33210,103.675192,-1.756487,6.200
HIP33243,103.745451,-2.803591,6.030
HIP33248,103.761408,-20.404952,5.800
HIP33269,103.811087,43.909980,6.160
HIP33271,103.812991,45.825864,6.310
HIP33277,103.827504,25.375882,5.740
HIP33297,103.894059,8.324271,6.280
HIP33302,103.906363,-20.136204,4.660
HIP33316,103.945504,-22.941408,5.290
HIP33330,103.978144,-31.790130,6.360
HIP33345,104.027672,-14.043379,5.000
HIP33347,104.034251,-17.054228,4.360
HIP33357,104.066643,-48.721082,4.940
HIP33372,104.107515,9.956512,5.900
HIP33377,104.133532,46.274035,5.850
HIP33384,104.143603,-79.420205,5.450
HIP33394,104.190399,-35.341293,6.270
HIP33415,104.232655,46.704791,5.880
HIP33420,104.250375,-8.179382,6.310
HIP33421,104.251958,33.681046,5.910
HIP33444,104.304900,57.563402,6.030
HIP33449,104.319272,58.421850,4.350
HIP33451,104.322925,-35.507009,6.230
HIP33453,104.327109,37.394693,6.480
HIP33465,104.356625,11.907531,6.260
HIP33478,104.390520,-24.630190,5.450
HIP33485,104.404409,45.094071,4.900
HIP33492,104.427555,-27.537449,6.220
HIP33532,104.531454,-27.164350,6.360
HIP33558,104.604423,-34.111655,5.070
HIP33575,104.649531,-25.414118,5.590
HIP33577,104.651277,-56.395100,6.460
HIP33579,104.656477,-28.972067,1.500
HIP33584,104.661912,7.622144,6.250
HIP33588,104.664887,-55.729718,6.260
HIP33590,104.673741,-45.767623,6.230
HIP33591,104.681983,-30.997988,6.410
HIP33595,104.696256,26.081772,6.200
HIP33603,104.737579,3.602328,5.960
HIP33614,104.761489,38.051414,6.020
HIP33644,104.833990,7.316910,6.340
HIP33650,104.866342,25.914123,6.400
HIP33666,104.913532,-21.602848,6.260
HIP33682,104.960141,-67.914719,5.180
HIP33694,105.018606,76.977306,4.550
HIP33703,105.034469,-20.158386,6.320
HIP33715,105.065937,16.078976,5.730
HIP33719,105.074294,-5.366571,6.290
HIP33729,105.098932,-8.406809,5.950
HIP33754,105.163899,-9.202955,6.490
HIP33760,105.176939,-28.489879,6.280
HIP33774,105.207386,-33.464954,6.390
HIP33779,105.214290,-51.402437,5.140
HIP33800,105.270628,-58.938849,6.010
HIP33804,105.274733,-25.215600,5.640
HIP33827,105.339466,70.808180,5.690
HIP33856,105.429730,-27.934796,3.490
HIP33873,105.470591,-1.346172,6.200
HIP33878,105.484828,-5.722017,5.220
HIP33909,105.564513,-43.403872,6.440
HIP33914,105.572932,15.335824,5.780
HIP33927,105.603203,24.215443,5.200
HIP33929,105.606553,17.755721,5.960
HIP33937,105.638608,16.674393,5.860
HIP33971,105.728200,-4.239210,4.990
HIP33977,105.756122,-23.833259,3.020
HIP34000,105.812782,-59.178029,5.500
HIP34002,105.824479,9.138378,5.960
HIP34017,105.878170,29.330986,5.930
HIP34033,105.908625,10.951729,5.140
HIP34045,105.939549,-15.633368,4.110
HIP34055,105.964945,12.594191,6.010
HIP34059,105.972830,-49.582897,4.920
HIP34065,105.987876,-43.605176,5.560
HIP34066,105.989359,-10.123760,6.440
HIP34081,106.011479,-42.336754,5.200
HIP34086,106.021834,-5.324003,5.630
HIP34088,106.027170,20.570290,4.010
HIP34105,106.076503,-56.749703,5.140
HIP34142,106.196155,-22.031949,6.090
HIP34168,106.287453,47.775045,6.370
HIP34177,106.317963,-50.359751,6.470
HIP34182,106.326532,22.637390,6.000
HIP34200,106.383066,-34.777405,6.150
HIP34215,106.412923,9.185690,5.780
HIP34217,106.415448,52.758172,6.170
HIP34234,106.456810,-10.660071,6.500
HIP34238,106.465838,70.731875,6.490
HIP34248,106.501955,-30.655656,6.340
HIP34250,106.505422,59.801829,6.400
HIP34253,106.509497,-38.382749,6.090
HIP34267,106.547839,34.473606,5.550
HIP34270,106.559721,-68.837590,6.470
HIP34297,106.649822,-12.393936,6.480
HIP34301,106.669835,-11.294000,5.410
HIP34318,106.718553,-24.960544,6.090
HIP34338,106.776840,4.910532,6.100
HIP34339,106.779392,-40.893185,5.800
HIP34349,106.805243,-51.967967,5.960
HIP34350,106.817728,-59.716348,6.460
HIP34358,106.843173,34.009064,5.940
HIP34360,106.844094,-23.840684,5.750
HIP34367,106.853595,28.176692,6.470
HIP34387,106.956260,7.470969,5.740
HIP34428,107.055231,33.832181,6.310
HIP34440,107.091787,15.929913,5.470
HIP34444,107.097832,-26.393175,1.830
HIP34462,107.150957,37.444986,6.190
HIP34473,107.176849,-70.496321,5.680
HIP34481,107.187343,-70.498137,3.780
HIP34495,107.212680,-39.655605,4.830
HIP34536,107.334370,-10.346538,6.230
HIP34561,107.389010,-16.234513,6.000
HIP34579,107.429225,-25.231005,5.690
HIP34608,107.526480,21.243502,6.430
HIP34617,107.539111,-18.685760,6.230
HIP34622,107.557005,-4.235502,4.910
HIP34624,107.580432,-27.491506,5.460
HIP34670,107.697677,-48.930648,5.120
HIP34693,107.784621,30.244807,4.410
HIP34722,107.845945,26.856340,5.750
HIP34724,107.848194,-0.301995,5.440
HIP34752,107.914245,39.320564,4.910
HIP34758,107.923277,-20.882904,5.840
HIP34763,107.945289,16.976102,6.500
HIP34768,107.963999,5.654665,6.070
HIP34769,107.966083,-0.492715,4.150
HIP34780,108.008212,-63.190074,6.030
HIP34782,108.016681,-30.821195,6.100
HIP34789,108.031064,5.474300,6.150
HIP34798,108.050852,-25.942525,5.910
HIP34802,108.065698,-40.498899,5.300
HIP34817,108.107506,-36.544326,5.940
HIP34819,108.109778,24.128263,5.850
HIP34834,108.138793,-46.758519,4.490
HIP34860,108.204635,27.224103,6.460
HIP34888,108.279954,-11.251282,5.770
HIP34899,108.305396,-45.183389,4.870
HIP34909,108.342922,16.158658,5.070
HIP34912,108.347587,51.428844,5.460
HIP34914,108.350297,-22.674529,5.990
HIP34922,108.385663,-44.637344,4.420
HIP34924,108.401853,-27.356317,6.120
HIP34940,108.451576,-22.905755,6.340
HIP34954,108.488875,-30.339759,6.320
HIP34956,108.492237,71.816720,6.360
HIP34975,108.544953,-3.901839,5.800
HIP34981,108.563331,-26.352478,4.420
HIP34982,108.564625,-9.947512,5.900
HIP34987,108.583552,3.111392,5.360
HIP34999,108.617686,-10.316234,6.020
HIP35005,108.635548,12.115699,5.710
HIP35020,108.658874,-48.271922,4.750
HIP35025,108.675340,24.884325,5.840
HIP35029,108.691646,-46.849671,5.720
HIP35037,108.702640,-26.772611,4.010
HIP35044,108.712853,-27.038214,5.580
HIP35054,108.738168,-41.426324,5.950
HIP35080,108.830805,-0.161253,6.420
HIP35083,108.837699,-30.686363,5.360
HIP35084,108.838004,-52.498342,5.960
HIP35120,108.914471,7.977758,5.780
HIP35127,108.930384,-10.583612,5.950
HIP35132,108.946957,-23.740186,6.340
HIP35136,108.959194,47.238594,5.540
HIP35146,108.977533,59.635563,5.200
HIP35152,108.988083,27.897395,5.750
HIP35180,109.060312,-15.585793,5.460
HIP35181,109.064493,-46.774297,5.640
HIP35202,109.132651,-38.318892,5.810
HIP35205,109.145701,-27.880893,4.660
HIP35210,109.153431,-23.315572,4.830
HIP35213,109.159560,-23.310597,6.020
HIP35226,109.205785,-36.592587,5.030
HIP35228,109.207539,-67.957089,3.970
HIP35241,109.238420,-30.897212,6.300
HIP35253,109.264626,26.688516,6.380
HIP35264,109.285567,-37.097418,2.710
HIP35301,109.381747,-6.679908,6.290
HIP35304,109.390492,52.130940,5.930
HIP35317,109.427657,38.876049,6.480
HIP35326,109.450044,-26.797545,6.450
HIP35341,109.509094,40.883481,5.870
HIP35345,109.516998,30.955707,6.190
HIP35347,109.517615,-43.986827,5.860
HIP35350,109.522896,16.540104,3.580
HIP35363,109.576546,-36.733948,4.650
HIP35384,109.633230,49.464785,5.000
HIP35393,109.639540,-39.210219,5.240
HIP35406,109.659012,-36.742692,5.110
HIP35412,109.668217,-24.558681,4.880
HIP35415,109.677015,-24.954347,4.370
HIP35427,109.713581,-26.585805,5.290
HIP35442,109.757981,-19.280281,6.060
HIP35463,109.806900,-33.727228,6.310
HIP35476,109.843199,2.740615,5.900
HIP35487,109.868679,-16.396248,5.700
HIP35509,109.948969,7.142511,5.910
HIP35548,110.028530,15.142795,6.450
HIP35550,110.030596,21.982263,3.500
HIP35564,110.088897,-52.310439,5.500
HIP35589,110.161612,-52.085921,5.380
HIP35611,110.228779,-26.963797,6.000
HIP35615,110.242780,-14.360492,5.590
HIP35623,110.262754,42.655651,6.330
HIP35626,110.267962,-25.891544,5.870
HIP35643,110.322442,45.228289,5.740
HIP35699,110.486438,20.443482,5.090
HIP35707,110.508625,-8.979272,6.420
HIP35710,110.510049,36.760421,5.120
HIP35712,110.514509,0.177106,5.990
HIP35725,110.555889,38.995669,6.400
HIP35727,110.556362,-19.016647,4.940
HIP35735,110.571575,59.902109,6.360
HIP35737,110.577460,-2.979222,6.230
HIP35749,110.605692,-5.982891,5.830
HIP35751,110.618277,0.700464,6.430
HIP35785,110.716760,55.281156,5.800
HIP35795,110.752831,-31.923754,5.400
HIP35842,110.867043,22.945084,6.170
HIP35846,110.868269,25.050322,5.040
HIP35848,110.871010,-27.834324,5.370
HIP35855,110.882827,-32.202034,5.410
HIP35893,110.992983,-35.837711,6.320
HIP35904,111.023728,-29.303055,2.450
HIP35907,111.035247,40.672234,5.230
HIP35920,111.071770,-22.912737,6.200
HIP35933,111.115189,15.517184,6.470
HIP35941,111.139499,27.637971,5.770
HIP35946,111.154843,-71.470356,6.490
HIP35951,111.167409,-16.201621,5.180
HIP35957,111.182545,-31.808841,5.350
HIP35960,111.197203,-37.290988,6.140
HIP35975,111.211986,-19.012251,6.240
HIP35984,111.237968,51.886999,5.800
HIP35987,111.242293,11.669414,5.370
HIP35998,111.283117,-13.751985,5.790
HIP36017,111.333212,-21.982569,6.040
HIP36019,111.341424,81.257222,6.300
HIP36024,111.355220,-25.217774,5.790
HIP36039,111.407887,-79.094144,5.540
HIP36041,111.412043,9.276033,4.990
HIP36045,111.429014,-31.738686,6.320
HIP36046,111.430676,27.797459,3.780
HIP36055,111.463290,-5.774982,5.980
HIP36114,111.590981,-51.018436,5.090
HIP36123,111.615511,10.608069,6.380
HIP36141,111.671689,11.008757,6.390
HIP36143,111.676878,-34.140645,5.900
HIP36145,111.678433,49.211169,4.610
HIP36156,111.734733,20.257481,5.940
HIP36168,111.747787,-23.085993,5.650
HIP36186,111.783260,-17.864850,5.600
HIP36188,111.787306,8.289032,2.890
HIP36211,111.857610,66.331358,6.470
HIP36236,111.928895,-22.859202,5.980
HIP36238,111.934468,21.444335,5.200
HIP36251,111.965234,-11.556884,5.790
HIP36258,111.996425,-29.155879,5.550
HIP36264,112.008127,-26.838908,6.260
HIP36265,112.008620,6.941638,5.220
HIP36284,112.040363,8.925609,4.330
HIP36325,112.166391,27.553116,6.360
HIP36340,112.196838,15.109709,6.230
HIP36345,112.213040,-31.848369,5.950
HIP36346,112.214282,-64.509866,6.380
HIP36348,112.214485,48.183603,5.700
HIP36351,112.218877,46.314134,6.420
HIP36362,112.270395,-31.456176,5.780
HIP36363,112.273542,-38.811944,5.410
HIP36366,112.279305,31.785977,4.160
HIP36377,112.307080,-43.300043,3.250
HIP36388,112.327700,-1.905395,5.600
HIP36393,112.334902,28.117886,5.070
HIP36395,112.339674,-15.000359,6.050
HIP36396,112.342058,-10.326684,5.750
HIP36399,112.357202,-7.550241,5.860
HIP36425,112.449099,12.006422,4.550
HIP36429,112.453000,27.915986,5.010
HIP36431,112.464204,-23.024251,4.850
HIP36439,112.484261,49.671859,5.350
HIP36444,112.498602,-52.650763,5.870
HIP36496,112.628973,-54.399163,5.950
HIP36514,112.677409,-30.962275,4.650
HIP36526,112.713013,-5.226517,6.240
HIP36528,112.719525,68.465299,5.630
HIP36547,112.768458,82.411155,4.920
HIP36553,112.786472,11.202875,6.380
HIP36616,112.951978,17.085491,5.450
HIP36640,113.023323,-8.882559,5.900
HIP36641,113.024774,1.914477,5.240
HIP36657,113.092674,-35.961157,6.350
HIP36721,113.290725,-24.710583,5.840
HIP36723,113.298499,3.290694,5.590
HIP36728,113.304686,-40.058480,6.270
HIP36732,113.331698,-19.413042,5.640
HIP36736,113.342418,-14.338308,6.210
HIP36740,113.353450,37.187940,6.400
HIP36760,113.401786,15.826569,5.270
HIP36773,113.449786,-14.523865,4.820
HIP36778,113.462607,-36.338362,5.420
HIP36779,113.464530,51.313981,6.440
HIP36795,113.512944,-22.295722,4.440
HIP36796,113.520460,10.567963,6.280
HIP36807,113.552972,-33.462964,6.110
HIP36812,113.566191,3.371692,5.830
HIP36817,113.576873,-23.473654,5.060
HIP36848,113.644608,-27.011749,5.780
HIP36850,113.647721,31.887185,1.580
HIP36856,113.664874,-51.474454,6.290
HIP36896,113.786454,30.960967,5.340
HIP36914,113.840151,-74.274804,6.330
HIP36917,113.844850,-28.369461,4.650
HIP36942,113.915759,-52.533921,4.930
HIP36962,113.980293,26.894945,4.060
HIP36965,113.982997,43.030571,6.370
HIP36977,114.006514,-55.887632,6.390
HIP36981,114.016182,-14.492765,5.660
HIP36986,114.030759,-22.160589,6.400
HIP37000,114.069915,-8.311279,6.270
HIP37023,114.131533,46.180046,5.660
HIP37031,114.143810,5.862375,5.890
HIP37036,114.170907,-19.702292,5.690
HIP37043,114.182916,-48.830161,5.690
HIP37046,114.195863,55.754773,5.930
HIP37088,114.319048,-4.110848,5.140
HIP37089,114.320491,-23.775359,6.340
HIP37091,114.324005,40.025022,6.340
HIP37096,114.342012,-34.968408,4.530
HIP37128,114.437482,-38.009981,6.380
HIP37140,114.474056,48.773632,5.930
HIP37165,114.559963,24.360587,6.370
HIP37173,114.575171,-25.364853,4.690
HIP37174,114.575818,-48.601398,5.680
HIP37202,114.635726,-38.781747,6.200
HIP37204,114.637235,35.048751,5.580
HIP37223,114.682857,-36.496794,5.780
HIP37229,114.707650,-26.803666,3.800
HIP37248,114.751134,-53.273288,6.060
HIP37265,114.791078,34.583477,4.890
HIP37269,114.800007,24.222529,6.180
HIP37279,114.820198,5.217377,0.400
HIP37289,114.850816,-16.847405,6.400
HIP37293,114.862392,-26.863125,6.500
HIP37297,114.863725,-38.307903,4.840
HIP37300,114.869147,17.674529,5.040
HIP37322,114.932354,-38.139163,5.730
HIP37329,114.949388,-38.260581,5.760
HIP37339,114.975244,32.009434,6.160
HIP37345,114.991622,-37.579451,5.990
HIP37364,115.056346,-19.660774,5.920
HIP37369,115.060873,38.344454,5.770
HIP37375,115.087497,-11.752655,6.430
HIP37379,115.096693,-15.264126,4.980
HIP37391,115.121852,87.019893,5.050
HIP37394,115.148168,-8.185646,6.010
HIP37404,115.196574,13.771193,6.230
HIP37406,115.206108,57.082833,6.090
HIP37428,115.243772,23.018431,5.930
HIP37441,115.301149,48.130569,5.580
HIP37447,115.311252,-9.551276,3.940
HIP37450,115.315710,-38.533412,5.410
HIP37461,115.340519,-44.632134,6.410
HIP37465,115.348066,-22.336626,6.160
HIP37478,115.396469,3.624631,5.950
HIP37504,115.455882,-72.605985,3.930
HIP37508,115.465755,13.480269,5.790
HIP37521,115.513403,14.208423,5.550
HIP37530,115.542509,-58.630866,6.400
HIP37580,115.680759,34.000197,6.050
HIP37590,115.700619,-26.351544,5.640
HIP37599,115.721823,-58.229773,6.200
HIP37606,115.737163,-45.177192,5.040
HIP37609,115.751296,58.709976,4.930
HIP37614,115.772587,0.189238,6.170
HIP37623,115.799748,-36.049985,5.600
HIP37629,115.828525,28.881808,4.230
HIP37634,115.838123,4.945644,6.500
HIP37636,115.842240,22.399592,6.250
HIP37648,115.884831,-28.410666,4.630
HIP37664,115.925883,-40.935006,5.120
HIP37666,115.928634,-38.201764,6.420
HIP37677,115.951912,-28.954797,3.940
HIP37701,116.017318,50.433590,5.310
HIP37704,116.028700,25.784003,5.300
HIP37705,116.031676,2.405359,6.460
HIP37710,116.039682,-36.061873,5.800
HIP37720,116.053463,-69.821523,6.160
HIP37723,116.058460,12.859935,6.400
HIP37740,116.111714,24.397579,3.570
HIP37751,116.142340,-24.674041,5.620
HIP37752,116.142243,-37.942801,5.890
HIP37773,116.182495,-66.071584,6.370
HIP37819,116.313634,-37.968540,3.620
HIP37823,116.325100,-43.752586,6.020
HIP37826,116.323937,28.025861,1.160
HIP37843,116.371265,-14.690695,6.060
HIP37853,116.394075,-34.159681,5.360
HIP37854,116.397936,-56.722489,6.100
HIP37891,116.486870,-14.563759,5.030
HIP37901,116.509488,-6.773196,5.490
HIP37908,116.530454,18.509664,4.890
HIP37915,116.543758,-37.933579,5.870
HIP37921,116.567274,10.768072,5.250
HIP37934,116.613739,62.830073,6.500
HIP37939,116.638783,-37.772801,6.310
HIP37946,116.663935,37.517487,5.150
HIP37949,116.667394,65.455811,5.930
HIP37951,116.686227,-12.675314,6.390
HIP37982,116.773799,-39.330882,6.330
HIP37995,116.802254,-22.519434,5.900
HIP37996,116.810519,-36.073401,6.460
HIP38010,116.854046,-38.511110,5.070
HIP38016,116.876189,33.415486,5.140
HIP38020,116.881237,-46.608431,5.220
HIP38031,116.910513,-15.990661,6.310
HIP38037,116.938305,-16.014489,6.380
HIP38048,116.985547,-12.192135,5.480
HIP38070,117.021456,-25.937133,4.400
HIP38074,117.035577,-40.652574,6.140
HIP38087,117.081193,-56.471022,6.300
HIP38089,117.083025,-47.078299,4.690
HIP38106,117.140073,23.140965,6.180
HIP38146,117.256699,-24.912100,5.320
HIP38147,117.257947,13.371811,6.070
HIP38152,117.277907,-56.410285,5.570
HIP38159,117.303564,-46.857646,5.820
HIP38160,117.303299,-60.282657,5.780
HIP38164,117.309521,-46.373138,4.100
HIP38167,117.310985,-35.243221,5.940
HIP38170,117.323520,-24.859791,3.340
HIP38183,117.367443,-44.750946,6.320
HIP38184,117.370017,-13.353029,6.230
HIP38196,117.384593,12.814114,6.420
HIP38200,117.397200,-33.288937,5.610
HIP38206,117.416521,-14.085366,6.340
HIP38209,117.419388,-19.505622,6.490
HIP38210,117.420777,-66.195978,5.780
HIP38211,117.422082,-17.229271,5.170
HIP38246,117.523561,-19.523505,6.110
HIP38253,117.544065,-9.183440,5.600
HIP38267,117.598584,-50.509781,5.890
HIP38292,117.677028,-44.579845,6.450
HIP38300,117.697910,3.277036,6.170
HIP38303,117.712794,4.459870,6.490
HIP38306,117.722750,0.079596,6.380
HIP38307,117.730148,-11.128846,6.160
HIP38316,117.750307,-24.528772,6.430
HIP38319,117.759669,33.233705,6.060
HIP38325,117.773359,54.129632,6.030
HIP38349,117.813911,37.081877,6.490
HIP38355,117.834695,-43.095189,6.340
HIP38370,117.918100,-42.888142,6.050
HIP38372,117.920432,-12.819442,6.370
HIP38373,117.924842,1.766840,5.120
HIP38375,117.928919,-21.173417,5.620
HIP38382,117.942411,-13.900567,5.160
HIP38394,117.986187,19.324804,6.030
HIP38403,118.015799,45.932660,6.500
HIP38406,118.030322,3.276760,6.300
HIP38414,118.054185,-40.575747,3.710
HIP38423,118.063585,-34.703689,5.010
HIP38427,118.078606,-14.846165,5.690
HIP38438,118.123866,-54.367106,5.700
HIP38449,118.151554,55.209132,6.360
HIP38455,118.160940,-38.862782,4.490
HIP38474,118.199257,-5.428469,5.760
HIP38497,118.264521,-36.363756,5.440
HIP38500,118.265064,-49.612936,4.630
HIP38518,118.325616,-48.102891,4.220
HIP38538,118.373960,26.765554,4.970
HIP38593,118.545835,-35.877262,5.480
HIP38623,118.621775,47.386008,6.250
HIP38635,118.666176,-34.846801,6.140
HIP38639,118.677432,47.564607,5.470
HIP38656,118.721356,-57.302573,5.620
HIP38667,118.751625,-52.583245,6.360
HIP38686,118.807488,-30.917440,6.450
HIP38712,118.880918,8.862181,5.860
HIP38722,118.916120,19.883677,5.380
HIP38723,118.919644,35.412491,6.230
HIP38732,118.943993,-43.845044,6.020
HIP38783,119.077645,-60.526358,5.740
HIP38792,119.094662,-30.284676,6.280
HIP38794,119.099563,4.485513,6.160
HIP38827,119.194348,-52.982237,3.460
HIP38835,119.214513,-22.880029,4.200
HIP38846,119.240742,-43.500372,5.360
HIP38845,119.241154,-42.406354,6.090
HIP38848,119.247504,15.789974,5.800
HIP38863,119.303150,-63.296695,6.140
HIP38868,119.316139,8.641049,6.030
HIP38870,119.316677,1.127050,6.350
HIP38872,119.326652,-44.109808,5.080
HIP38879,119.333525,-47.890635,6.210
HIP38901,119.417046,-30.334517,4.760
HIP38908,119.451892,-60.302197,5.590
HIP38917,119.465338,-45.577438,5.140
HIP38925,119.478572,-40.784325,6.460
HIP38945,119.524471,7.213454,6.420
HIP38957,119.560086,-49.244861,4.470
HIP38959,119.569372,43.977410,6.360
HIP38962,119.584863,2.225498,5.300
HIP38963,119.588857,-51.448149,6.440
HIP38975,119.631079,16.518648,6.050
HIP38994,119.710581,-60.824383,5.770
HIP39014,119.757404,-45.215786,5.980
HIP39023,119.773721,-23.310376,5.090
HIP39035,119.801219,-49.976796,6.350
HIP39038,119.806379,-49.973718,6.370
HIP39041,119.815552,-73.244321,6.330
HIP39061,119.867510,-39.297266,5.220
HIP39067,119.895909,13.242047,6.050
HIP39070,119.906377,-60.586978,5.190
HIP39073,119.916970,-60.207272,6.300
HIP39079,119.933563,-3.679597,4.930
HIP39094,119.963832,36.082015,6.500
HIP39095,119.966823,-18.399486,4.610
HIP39117,120.048736,73.917644,5.370
HIP39122,120.060862,-48.981186,6.010
HIP39138,120.083174,-63.567314,4.810
HIP39153,120.120608,-48.871749,6.130
HIP39172,120.183858,-2.881895,6.410
HIP39177,120.197035,17.308683,5.600
HIP39180,120.200499,19.816157,6.300
HIP39184,120.207796,-54.151212,5.870
HIP39191,120.232945,25.392884,5.870
HIP39194,120.253102,23.582886,6.340
HIP39198,120.263616,-6.419535,6.450
HIP39211,120.306051,-1.393165,4.690
HIP39213,120.307638,4.879961,5.650
HIP39221,120.336872,59.047638,5.780
HIP39225,120.345945,-54.515491,6.120
HIP39236,120.376233,16.455265,5.990
HIP39238,120.381370,-55.454600,6.280
HIP39251,120.406344,-37.283683,5.900
HIP39261,120.426476,60.324189,6.020
HIP39263,120.432140,25.089551,6.320
HIP39271,120.461360,8.914169,6.220
HIP39279,120.479714,35.413019,6.340
HIP39299,120.525587,-37.049946,6.310
HIP39311,120.566193,2.335348,4.390
HIP39326,120.608251,-6.337218,6.340
HIP39340,120.628200,63.090204,6.090
HIP39348,120.648649,57.273192,6.480
HIP39360,120.686550,-41.309716,5.520
HIP39380,120.767226,-32.463477,5.830
HIP39420,120.873188,-42.948347,6.280
HIP39424,120.879273,27.794073,4.940
HIP39429,120.895759,-40.003025,2.210
HIP39487,121.067414,-32.674774,5.250
HIP39514,121.135862,-25.699855,6.350
HIP39524,121.172538,-19.728123,6.120
HIP39527,121.176575,-50.590383,5.960
HIP39530,121.178805,-62.836263,6.250
HIP39535,121.188565,18.841876,6.210
HIP39538,121.195050,79.479216,5.390
HIP39566,121.265475,-53.107944,5.520
HIP39567,121.268434,13.117745,5.140
HIP39584,121.334545,-46.978364,6.180
HIP39607,121.404449,27.529654,6.210
HIP39617,121.436948,-33.569404,6.150
HIP39625,121.456701,-0.573312,6.400
HIP39659,121.576591,22.635424,5.960
HIP39675,121.614181,-9.244419,6.250
HIP39690,121.668035,-45.265934,5.040
HIP39691,121.673293,-48.497317,6.340
HIP39722,121.791308,43.260112,6.350
HIP39730,121.816344,-17.368547,6.500
HIP39734,121.825089,-20.554330,5.330
HIP39757,121.885382,-24.303983,2.830
HIP39780,121.941243,21.581321,5.300
HIP39794,121.981992,-68.616837,4.350
HIP39843,122.102557,-63.800781,6.320
HIP39847,122.113734,51.506654,4.780
HIP39863,122.148416,-2.983815,4.360
HIP39866,122.156777,-37.681157,6.360
HIP39874,122.176879,13.640821,6.250
HIP39876,122.181528,-20.363156,6.370
HIP39898,122.236749,-11.339665,6.310
HIP39903,122.250818,-61.304620,4.740
HIP39906,122.256747,-19.245054,4.400
HIP39919,122.289500,-48.684422,5.660
HIP39920,122.292446,-35.454916,6.210
HIP39938,122.345951,42.430067,6.260
HIP39943,122.368822,-16.248968,5.660
HIP39953,122.383076,-47.336515,1.750
HIP39957,122.390151,-56.085111,5.660
HIP39958,122.396506,29.093018,6.470
HIP39961,122.399532,-44.122754,5.200
HIP39970,122.429751,-47.937122,5.230
HIP39974,122.448648,-42.640741,6.270
HIP39995,122.515513,58.247696,5.910
HIP40007,122.554496,25.844254,6.440
HIP40016,122.585587,-49.237308,6.460
HIP40023,122.612684,25.504772,5.730
HIP40035,122.664066,-13.798782,5.530
HIP40058,122.745190,14.629350,6.220
HIP40063,122.756971,-37.292329,6.420
HIP40077,122.794789,-48.461964,5.830
HIP40084,122.817748,-12.926940,4.720
HIP40085,122.819108,9.821112,6.080
HIP40086,122.825851,54.539548,6.480
HIP40091,122.839475,-39.618522,4.440
HIP40096,122.857836,-42.987244,4.730
HIP40107,122.887196,-7.772729,5.360
HIP40155,122.999826,-46.644295,5.770
HIP40160,123.025194,-43.400408,6.480
HIP40167,123.053244,17.646660,4.670
HIP40183,123.128251,-46.264216,6.000
HIP40215,123.203259,68.474126,5.340
HIP40220,123.214779,-37.924479,6.400
HIP40231,123.248797,16.514231,6.030
HIP40240,123.286862,29.656385,5.620
HIP40259,123.333107,-15.788242,4.990
HIP40263,123.340513,-1.165845,6.480
HIP40274,123.372924,-35.899444,4.780
HIP40282,123.392919,-50.196086,5.520
HIP40285,123.400539,-46.991552,5.140
HIP40291,123.421423,-33.569455,6.380
HIP40299,123.440132,-46.578652,6.490
HIP40305,123.458819,56.452028,5.880
HIP40321,123.492896,-36.322223,5.090
HIP40324,123.494514,-36.340720,6.110
HIP40326,123.512578,-40.348374,4.420
HIP40341,123.545924,-32.140661,6.070
HIP40342,123.546427,17.676064,6.470
HIP40344,123.554838,-35.489858,5.770
HIP40354,123.587333,13.048161,6.390
HIP40357,123.599382,-45.834443,5.860
HIP40397,123.713449,-46.485834,6.450
HIP40429,123.815971,-62.915724,5.160
HIP40433,123.846728,-50.449271,6.440
HIP40474,123.960225,60.380658,6.430
HIP40476,123.968513,-30.926035,6.220
HIP40485,123.995026,-35.903142,6.150
HIP40526,124.128491,9.185187,3.530
HIP40559,124.224122,84.057501,6.450
HIP40604,124.346295,-16.285168,6.320
HIP40617,124.381774,8.866262,6.280
HIP40639,124.442264,-36.067580,6.420
HIP40646,124.460009,59.571147,5.630
HIP40655,124.481641,-59.167015,6.470
HIP40656,124.493086,-30.003669,6.430
HIP40675,124.559946,15.677885,6.420
HIP40677,124.565552,54.143478,6.260
HIP40678,124.572583,-35.451696,5.590
HIP40680,124.578654,-65.613029,5.060
HIP40693,124.601872,-12.639453,5.950
HIP40702,124.634118,-76.918935,4.050
HIP40706,124.637849,-36.658547,4.440
HIP40749,124.773126,-48.197784,6.450
HIP40766,124.812505,-10.165482,6.310
HIP40772,124.821228,62.507221,5.730
HIP40787,124.872896,-34.590105,6.440
HIP40793,124.885266,75.757023,5.550
HIP40817,124.953709,-71.514633,5.330
HIP40818,124.957965,3.947869,6.040
HIP40834,125.001879,-71.505119,5.630
HIP40843,125.015938,27.214937,5.130
HIP40858,125.054449,-0.909951,6.180
HIP40859,125.071025,-5.330249,6.120
HIP40866,125.087880,20.747385,5.800
HIP40875,125.109247,57.743380,5.890
HIP40876,125.113816,-22.924679,6.120
HIP40878,125.120540,53.573303,6.500
HIP40881,125.133733,24.022183,5.920
HIP40888,125.157340,-77.484177,4.340
HIP40889,125.168056,72.407048,6.000
HIP40926,125.281717,-64.106149,6.110
HIP40932,125.300372,-57.973189,5.960
HIP40943,125.337616,-36.484126,5.180
HIP40944,125.338405,-20.079196,5.580
HIP40945,125.345856,-33.054348,4.830
HIP40947,125.350840,-39.620666,6.150
HIP40990,125.476821,-17.586437,5.710
HIP41003,125.517968,-73.399763,5.280
HIP41011,125.541069,74.820697,6.400
HIP41036,125.625252,-6.179152,6.140
HIP41037,125.628172,-59.509316,1.860
HIP41039,125.631995,-48.490331,4.790
HIP41060,125.683742,60.631220,6.420
HIP41067,125.694901,-13.055140,6.130
HIP41074,125.708028,-26.348174,5.880
HIP41075,125.708561,43.187399,4.250
HIP41080,125.725322,-7.543074,5.920
HIP41081,125.729592,-52.123587,5.890
HIP41107,125.820561,-38.286124,6.280
HIP41117,125.840584,18.331957,5.940
HIP41152,125.951796,53.218988,5.520
HIP41163,125.980078,10.631900,6.110
HIP41191,126.077473,-80.912634,5.670
HIP41208,126.136816,82.430568,6.280
HIP41211,126.144333,-3.751430,5.610
HIP41214,126.152005,-4.717414,6.030
HIP41224,126.178304,42.005314,6.020
HIP41242,126.229707,-23.153527,5.670
HIP41250,126.238243,-42.769784,5.970
HIP41260,126.265356,-24.046061,5.320
HIP41262,126.270248,35.011327,6.080
HIP41282,126.328904,-21.045501,6.010
HIP41296,126.380376,-51.727289,5.180
HIP41299,126.397912,2.102088,5.740
HIP41306,126.413926,-17.439410,6.440
HIP41307,126.414653,-3.906602,3.910
HIP41312,126.433613,-66.138010,3.770
HIP41319,126.456361,17.045145,6.110
HIP41321,126.464772,-64.600506,5.950
HIP41323,126.466141,-42.152974,5.450
HIP41325,126.477949,7.564436,5.130
HIP41328,126.481537,-14.929376,5.960
HIP41361,126.573810,-39.058899,6.070
HIP41373,126.604623,-52.807492,6.050
HIP41375,126.613112,-3.988022,5.600
HIP41377,126.615163,27.892737,5.580
HIP41395,126.674111,-12.534791,5.520
HIP41400,126.682954,12.653854,5.560
HIP41404,126.696041,26.935498,6.300
HIP41426,126.739623,-52.705282,6.490
HIP41449,126.818219,-31.672766,6.330
HIP41451,126.819500,-70.093139,5.510
HIP41483,126.901721,-53.088298,5.080
HIP41484,126.903085,45.650400,6.320
HIP41515,126.997528,-35.113680,5.750
HIP41547,127.082559,-8.816580,6.430
HIP41564,127.121399,-2.517204,6.420
HIP41572,127.149929,-23.070967,6.500
HIP41574,127.152944,24.144581,6.050
HIP41578,127.155480,14.210726,5.940
HIP41597,127.212478,-9.748545,6.010
HIP41616,127.269725,-47.928874,5.330
HIP41621,127.281464,-44.160358,5.820
HIP41639,127.364459,-44.724765,5.030
HIP41644,127.373929,-54.211636,6.440
HIP41653,127.401505,-55.191033,6.360
HIP41674,127.439896,-46.331586,5.980
HIP41676,127.441488,67.297520,5.890
HIP41704,127.564444,60.717376,3.350
HIP41723,127.619110,-32.159278,5.610
HIP41737,127.663370,-44.737284,6.300
HIP41781,127.794148,-47.866558,6.390
HIP41798,127.833060,37.264722,6.180
HIP41806,127.852849,-39.064042,6.310
HIP41813,127.873440,-54.394327,6.340
HIP41816,127.876513,24.080768,5.710
HIP41817,127.878595,-19.577529,5.420
HIP41822,127.898415,18.094004,5.330
HIP41833,127.921869,18.987574,6.500
HIP41861,128.020481,-53.211796,5.680
HIP41893,128.138627,-15.029980,6.380
HIP41894,128.139466,53.114302,6.230
HIP41904,128.166179,10.065962,6.480
HIP41905,128.168631,-47.042037,6.490
HIP41907,128.172960,-73.356259,6.110
HIP41909,128.176734,20.440833,5.330
HIP41926,128.205421,-31.495246,6.380
HIP41927,128.222503,69.319715,6.310
HIP41935,128.228173,38.015100,5.880
HIP41939,128.243597,-34.634015,6.360
HIP41940,128.249929,24.084441,6.350
HIP41941,128.257662,-45.752839,6.360
HIP41949,128.270210,-24.607166,6.190
HIP41970,128.332654,-38.370634,6.480
HIP41975,128.339303,36.436448,6.200
HIP41986,128.376119,-46.970626,6.250
HIP42001,128.409941,-38.848760,5.920
HIP42008,128.431049,4.756955,5.890
HIP42010,128.437451,13.256961,6.260
HIP42028,128.506494,-2.151403,5.800
HIP42049,128.555673,8.452233,6.040
HIP42070,128.621788,-37.611089,6.280
HIP42071,128.623458,-27.098048,6.400
HIP42075,128.633006,-32.599797,6.410
HIP42080,128.649841,65.144857,5.470
HIP42088,128.681526,-49.944073,5.010
HIP42090,128.682625,36.419316,5.760
HIP42123,128.802893,-39.970138,6.440
HIP42129,128.814575,-58.224650,5.270
HIP42134,128.832748,-58.009027,4.840
HIP42142,128.853979,2.743477,6.350
HIP42146,128.867327,-7.982173,5.720
HIP42147,128.869347,-26.843349,5.950
HIP42172,128.961396,6.619256,5.910
HIP42177,128.966645,-50.969574,5.790
HIP42187,129.032176,15.313461,6.330
HIP42249,129.202757,74.723546,6.310
HIP42265,129.273847,9.655530,5.920
HIP42286,129.328323,-62.853626,5.450
HIP42299,129.363208,-4.933958,6.180
HIP42312,129.410881,-42.989011,4.110
HIP42313,129.413510,5.703731,4.140
HIP42334,129.467118,-26.255090,5.240
HIP42365,129.578892,32.801999,5.960
HIP42372,129.591618,53.401431,5.660
HIP42394,129.667966,-19.736888,6.320
HIP42400,129.686411,-53.090221,6.450
HIP42402,129.689185,3.341315,4.450
HIP42415,129.749230,52.924870,6.340
HIP42425,129.771841,-70.387025,5.190
HIP42430,129.780830,-22.658753,5.050
HIP42434,129.791627,59.938772,6.470
HIP42438,129.798372,65.021554,5.630
HIP42440,129.804467,-60.317142,6.350
HIP42452,129.823114,52.711392,5.910
HIP42455,129.840642,-36.606280,6.120
HIP42459,129.849094,-53.439594,5.450
HIP42462,129.852094,8.017388,6.460
HIP42483,129.926770,-29.561756,4.860
HIP42484,129.927264,73.628949,6.160
HIP42504,129.989714,-53.054571,5.180
HIP42509,130.005538,-12.475365,4.980
HIP42515,130.025682,-35.308508,3.970
HIP42516,130.026476,20.007701,6.390
HIP42527,130.052590,64.328131,4.590
HIP42535,130.072503,-53.015227,5.560
HIP42536,130.073009,-52.921629,3.600
HIP42538,130.075879,31.941668,6.210
HIP42540,130.079400,-40.263819,5.200
HIP42549,130.091755,19.669841,6.420
HIP42556,130.112286,19.544708,6.290
HIP42564,130.146950,-45.191066,5.670
HIP42568,130.154195,-59.760967,4.310
HIP42570,130.156477,-46.648712,3.770
HIP42579,130.181101,-57.545361,6.340
HIP42604,130.254722,45.834691,5.350
HIP42614,130.272128,-48.922653,5.900
HIP42624,130.304616,-47.317074,4.740
HIP42637,130.330468,-78.963156,5.460
HIP42662,130.430592,-15.944097,4.870
HIP42679,130.487068,-45.410677,5.200
HIP42701,130.540680,-11.966114,6.460
HIP42712,130.567416,-48.099064,5.480
HIP42715,130.578885,-53.099879,5.490
HIP42717,130.585927,-55.774251,6.260
HIP42726,130.605505,-53.113813,4.830
HIP42775,130.737399,-35.943152,6.420
HIP42777,130.750179,46.900391,6.210
HIP42794,130.800018,-79.069875,6.050
HIP42795,130.801290,12.680891,5.620
HIP42799,130.806009,3.398653,4.300
HIP42806,130.820619,21.468212,4.660
HIP42828,130.897959,-33.186307,3.680
HIP42834,130.917769,-49.822775,5.150
HIP42835,130.918143,-7.233738,4.630
HIP42850,130.976400,-68.211382,6.330
HIP42854,130.998969,4.334512,6.370
HIP42884,131.099566,-42.649133,4.050
HIP42895,131.123908,-65.824662,6.030
HIP42911,131.171118,18.152627,3.940
HIP42913,131.176252,-54.709588,1.930
HIP42917,131.187559,10.081542,5.630
HIP42923,131.216294,-37.147218,5.740
HIP42928,131.229600,-21.167796,6.100
HIP42931,131.255359,5.680560,6.130
HIP42936,131.273040,-58.724315,6.200
HIP42951,131.336563,-2.601159,6.410
HIP42954,131.339237,30.697721,6.120
HIP42981,131.395597,4.663806,6.450
HIP43002,131.455136,-25.388032,6.070
HIP43012,131.479030,-79.503775,5.790
HIP43023,131.506730,-46.041492,3.870
HIP43026,131.510602,-2.048311,5.700
HIP43035,131.528418,-11.006662,6.220
HIP43067,131.594038,-13.547766,4.320
HIP43073,131.598797,-41.125349,6.210
HIP43082,131.627227,-45.912468,5.430
HIP43103,131.674086,28.759574,4.030
HIP43105,131.677179,-56.769712,4.500
HIP43109,131.692094,6.418513,3.380
HIP43114,131.705060,-34.622903,6.330
HIP43121,131.732914,12.109576,5.890
HIP43142,131.812163,-1.896951,5.280
HIP43148,131.828479,-46.155377,5.710
HIP43152,131.839362,-17.052954,6.480
HIP43177,131.918108,-41.738468,6.350
HIP43195,132.000657,-52.849980,6.290
HIP43204,132.020428,-6.559076,6.090
HIP43209,132.036434,-42.463394,6.430
HIP43215,132.060857,-28.638862,6.420
HIP43234,132.108080,5.837593,4.350
HIP43246,132.155670,-1.044846,6.420
HIP43266,132.204919,66.707823,6.200
HIP43305,132.340386,-3.443183,5.300
HIP43325,132.413081,-40.320164,5.470
HIP43338,132.437303,-21.048857,6.480
HIP43347,132.448370,-45.307769,4.940
HIP43351,132.458739,-72.551181,6.100
HIP43352,132.464564,-32.780880,5.190
HIP43354,132.467573,-39.141300,6.380
HIP43370,132.509162,-29.462957,5.860
HIP43392,132.587520,-42.089765,6.000
HIP43394,132.589994,-28.617667,6.170
HIP43409,132.631950,-27.709195,4.020
HIP43410,132.633742,33.284426,6.220
HIP43413,132.639390,-46.529159,5.090
HIP43414,132.646460,-66.792242,5.340
HIP43427,132.687928,18.832010,6.410
HIP43454,132.755203,15.351184,6.360
HIP43496,132.893023,-7.177265,5.550
HIP43499,132.901965,-57.633462,5.590
HIP43520,132.958353,-44.150882,6.380
HIP43528,132.981553,-40.986541,6.490
HIP43531,132.986663,43.726939,5.150
HIP43550,133.041471,42.002279,5.980
HIP43553,133.048925,45.312574,5.960
HIP43570,133.100746,5.340253,6.340
HIP43573,133.108801,-32.509381,6.490
HIP43575,133.118969,28.259107,6.250
HIP43580,133.128400,-13.232935,6.120
HIP43584,133.144227,32.474259,5.670
HIP43587,133.145315,28.329094,5.960
HIP43589,133.160716,-48.359095,5.920
HIP43590,133.161167,-36.545358,6.410
HIP43593,133.169877,-52.128797,6.390
HIP43603,133.200046,-38.723951,5.790
HIP43620,133.265484,-56.649217,6.020
HIP43623,133.271745,-16.952845,6.430
HIP43624,133.274967,59.056131,6.350
HIP43644,133.343859,61.962432,5.720
HIP43669,133.452615,-60.353841,5.780
HIP43671,133.460755,-47.520954,5.310
HIP43673,133.461433,-40.447516,6.420
HIP43685,133.481778,35.538162,6.140
HIP43721,133.561698,30.578927,5.400
HIP43726,133.571735,-5.434235,6.010
HIP43763,133.724882,-58.239539,6.360
HIP43783,133.761432,-60.644298,3.840
HIP43797,133.799351,-54.966439,5.700
HIP43798,133.801924,-18.241137,5.750
HIP43807,133.829893,-45.041608,6.260
HIP43811,133.845305,17.231323,6.280
HIP43813,133.847712,5.945671,3.110
HIP43822,133.873422,-7.971347,6.070
HIP43825,133.882200,-27.682614,4.870
HIP43834,133.915210,27.927235,5.230
HIP43850,133.977064,-15.439856,6.470
HIP43851,133.981355,11.625917,5.440
HIP43853,133.982562,-23.817968,6.390
HIP43878,134.080088,-52.723368,4.680
HIP43894,134.126421,40.201192,5.900
HIP43899,134.142127,-16.708947,5.950
HIP43902,134.154338,4.236568,6.130
HIP43903,134.155550,64.603228,5.570
HIP43908,134.162917,-85.662904,5.430
HIP43923,134.206954,45.631317,5.720
HIP43932,134.235372,32.909947,5.440
HIP43937,134.243309,-59.229274,4.930
HIP43957,134.284181,17.143508,6.170
HIP43970,134.312747,15.322898,5.220
HIP44001,134.397121,15.581421,5.680
HIP44010,134.425027,9.387722,6.190
HIP44024,134.481327,-48.572839,5.880
HIP44031,134.494819,30.234029,6.250
HIP44066,134.622072,11.857486,4.260
HIP44075,134.684907,-16.131156,5.800
HIP44093,134.717325,-47.234278,5.170
HIP44126,134.794324,18.134367,6.300
HIP44127,134.797563,48.040242,3.120
HIP44130,134.815567,-28.805832,6.240
HIP44143,134.848668,-59.081638,5.170
HIP44148,134.861880,13.074339,6.490
HIP44154,134.885688,32.418304,5.230
HIP44162,134.916004,-19.208753,6.190
HIP44191,135.022177,-41.253203,4.450
HIP44213,135.092655,-43.173987,6.040
HIP44231,135.128217,37.604360,6.210
HIP44248,135.155461,41.781297,3.960
HIP44256,135.190538,-60.963771,5.800
HIP44283,135.285733,-68.683909,5.890
HIP44290,135.297789,-26.664110,6.200
HIP44299,135.336745,-41.864145,5.560
HIP44307,135.350538,32.252301,5.890
HIP44315,135.380558,5.640957,6.080
HIP44331,135.419469,39.712955,6.390
HIP44337,135.435514,-52.188585,5.230
HIP44342,135.452975,27.902020,6.070
HIP44356,135.491266,-0.482163,5.640
HIP44367,135.526254,-39.401881,6.250
HIP44382,135.611618,-66.396781,4.000
HIP44390,135.635873,67.629753,4.740
HIP44405,135.684414,24.452863,5.450
HIP44406,135.686676,7.298278,5.850
HIP44423,135.772006,-53.550303,6.390
HIP44471,135.906000,47.156117,3.570
HIP44504,136.001653,54.283917,5.740
HIP44509,136.023974,-47.441408,6.460
HIP44511,136.038214,-47.097807,3.750
HIP44565,136.199579,-57.852406,6.430
HIP44574,136.229006,32.376365,6.460
HIP44599,136.286567,-72.602740,4.470
HIP44613,136.350286,48.530180,5.480
HIP44626,136.409814,-70.538424,4.660
HIP44659,136.493050,5.092235,4.990
HIP44665,136.532073,-64.499631,6.370
HIP44700,136.632108,38.452109,4.560
HIP44708,136.641685,-55.802359,6.100
HIP44717,136.679570,59.344415,6.440
HIP44738,136.749669,1.462577,6.160
HIP44768,136.860800,22.980893,6.390
HIP44798,136.936572,10.668118,5.230
HIP44816,136.998785,-43.432484,2.230
HIP44818,136.999957,29.654260,5.420
HIP44824,137.012288,-25.858532,4.620
HIP44825,137.016650,32.540226,6.470
HIP44857,137.097574,66.872937,5.150
HIP44883,137.175592,-8.589557,5.600
HIP44887,137.181022,-26.767513,6.150
HIP44888,137.185556,-16.277816,6.480
HIP44892,137.196099,26.626385,5.950
HIP44897,137.211196,33.881368,5.950
HIP44901,137.216312,51.604409,4.460
HIP44923,137.267060,-18.328394,5.730
HIP44936,137.298126,-12.357702,5.760
HIP44946,137.339726,22.045441,5.160
HIP44961,137.398068,-8.787700,5.470
HIP44979,137.437483,-49.424595,6.480
HIP44984,137.443106,11.563919,6.480
HIP45001,137.485032,-30.365761,5.590
HIP45002,137.486816,-52.082459,6.190
HIP45033,137.586943,21.996448,6.040
HIP45038,137.598304,67.133349,4.800
HIP45058,137.661579,30.962896,6.040
HIP45075,137.730752,63.513184,4.670
HIP45080,137.741808,-58.966792,3.430
HIP45085,137.768294,-44.867870,4.990
HIP45097,137.802021,80.828798,6.370
HIP45101,137.819172,-62.316860,3.960
HIP45122,137.889028,-46.583855,5.780
HIP45127,137.920363,-39.258766,6.050
HIP45150,137.981092,5.468555,6.340
HIP45158,137.994313,-19.747286,5.720
HIP45166,138.052463,-76.663352,6.130
HIP45167,138.053295,3.866943,6.140
HIP45170,138.069173,14.997841,6.490
HIP45184,138.108363,-7.109668,6.100
HIP45189,138.126973,-43.613172,5.560
HIP45214,138.210580,-60.916630,6.360
HIP45219,138.231860,-59.413813,5.540
HIP45238,138.297267,-69.716406,1.670
HIP45242,138.327639,-42.272830,6.270
HIP45249,138.339993,-29.664209,6.380
HIP45259,138.357571,-38.616579,6.310
HIP45270,138.393313,-47.338309,5.920
HIP45272,138.405133,21.283126,6.480
HIP45290,138.450598,43.217558,5.300
HIP45305,138.512826,-14.694962,6.460
HIP45314,138.533976,-44.145727,5.850
HIP45328,138.574597,-55.569412,5.260
HIP45333,138.585482,61.423084,5.180
HIP45336,138.591904,2.312027,3.890
HIP45344,138.601787,-43.227405,5.240
HIP45386,138.738233,-37.602486,5.850
HIP45410,138.807418,14.941416,5.360
HIP45412,138.808036,34.633868,5.980
HIP45413,138.810907,-45.555513,6.250
HIP45418,138.823288,-58.388369,6.020
HIP45421,138.840955,84.181089,6.300
HIP45424,138.853866,-15.025033,6.320
HIP45437,138.894464,-57.577681,6.320
HIP45439,138.902329,-38.570016,4.920
HIP45448,138.937958,-37.413197,4.630
HIP45455,138.957147,56.741191,5.280
HIP45461,138.967443,72.945914,5.930
HIP45481,139.016732,-44.898690,6.020
HIP45493,139.047736,54.022297,4.800
HIP45496,139.049979,-57.541582,4.340
HIP45505,139.095964,-44.265701,5.120
HIP45526,139.172251,-8.744759,5.490
HIP45527,139.174085,-6.353113,5.240
HIP45543,139.237653,-11.103621,6.450
HIP45544,139.237561,-39.401794,5.310
HIP45556,139.272296,-59.275132,2.210
HIP45559,139.282039,-14.574103,5.830
HIP45571,139.320024,-68.689851,5.380
HIP45581,139.354549,-74.894079,5.280
HIP45585,139.364262,-74.734332,5.860
HIP45590,139.380047,46.817316,5.960
HIP45603,139.425944,-54.494742,6.330
HIP45614,139.463873,11.501130,6.400
HIP45615,139.465136,-67.050774,6.140
HIP45631,139.524249,-51.050750,5.260
HIP45661,139.607550,35.363940,5.940
HIP45675,139.676428,-51.560625,5.830
HIP45688,139.710735,36.801686,3.820
HIP45742,139.885172,-55.186410,6.280
HIP45743,139.888333,-15.835052,5.790
HIP45751,139.943055,-11.974763,4.770
HIP45754,139.949616,-34.103411,6.400
HIP45764,139.981256,74.016131,6.420
HIP45811,140.120810,-9.555892,4.800
HIP45814,140.123479,-37.581848,6.040
HIP45836,140.181986,51.267136,6.140
HIP45854,140.231772,-15.618612,6.300
HIP45856,140.236528,-62.404631,4.790
HIP45858,140.247013,38.188115,6.120
HIP45860,140.261888,34.392671,3.140
HIP45888,140.348259,45.369952,6.400
HIP45896,140.363348,32.901983,6.160
HIP45902,140.373199,-25.965507,4.710
HIP45915,140.430249,56.699131,5.790
HIP45920,140.457799,-55.514125,5.610
HIP45924,140.462998,-42.195230,5.560
HIP45941,140.528292,-55.010585,2.470
HIP45962,140.599933,-46.047270,5.740
HIP46026,140.800004,-28.833722,4.710
HIP46045,140.855581,-48.286896,6.270
HIP46049,140.863707,-60.302265,6.300
HIP46058,140.881453,25.182845,6.410
HIP46067,140.915462,-46.908695,6.210
HIP46075,140.936234,-37.756705,6.470
HIP46093,140.997184,-51.737048,6.050
HIP46101,141.022877,-61.649252,5.990
HIP46107,141.033830,-80.785879,5.340
HIP46114,141.067969,-39.425693,6.050
HIP46143,141.153796,-70.075777,6.450
HIP46146,141.163335,26.181970,4.470
HIP46168,141.232447,51.573838,6.300
HIP46194,141.282288,-43.976303,6.310
HIP46221,141.350059,-5.117439,5.600
HIP46225,141.361986,-61.950064,5.770
HIP46232,141.384791,16.585409,6.310
HIP46247,141.433875,63.940677,6.240
HIP46283,141.574614,-53.378828,5.090
HIP46288,141.592940,-1.464116,6.010
HIP46297,141.618684,-40.501661,6.190
HIP46328,141.682840,-64.929229,6.050
HIP46329,141.686927,-28.787737,6.120
HIP46358,141.774431,-71.601299,5.460
HIP46371,141.828016,-22.344888,4.720
HIP46390,141.896742,-8.658358,1.990
HIP46404,141.943201,-6.071667,5.380
HIP46407,141.952953,-71.780792,6.330
HIP46410,141.964629,75.098466,6.200
HIP46454,142.114471,9.056798,5.400
HIP46457,142.121352,8.188071,5.720
HIP46460,142.126758,-66.701540,5.900
HIP46471,142.166558,45.600539,5.400
HIP46482,142.195410,-62.272925,5.910
HIP46504,142.259119,-1.256904,6.270
HIP46509,142.287819,-2.768987,4.590
HIP46511,142.302524,-20.749076,5.660
HIP46515,142.311120,-35.951298,4.510
HIP46517,142.316467,-38.403520,6.150
HIP46529,142.351474,-2.205159,6.140
HIP46543,142.384846,-4.247024,6.250
HIP46566,142.447406,55.744923,6.500
HIP46569,142.457774,-23.345350,6.260
HIP46578,142.476925,-26.589611,5.490
HIP46594,142.521090,-51.517077,5.450
HIP46618,142.592984,-15.577833,5.860
HIP46620,142.597246,-58.361643,5.880
HIP46651,142.673686,-40.466411,3.600
HIP46652,142.679904,33.655356,5.870
HIP46657,142.692273,-31.889376,5.750
HIP46701,142.805124,-57.034332,3.160
HIP46733,142.883543,63.062059,3.650
HIP46734,142.883588,-31.871832,5.910
HIP46735,142.884569,35.102557,5.390
HIP46736,142.889020,-35.716026,5.860
HIP46737,142.887326,-66.718969,6.270
HIP46741,142.900644,-73.080895,5.460
HIP46744,142.912702,-10.552143,6.130
HIP46750,142.929970,22.967684,4.320
HIP46768,142.981367,-10.370187,6.120
HIP46771,142.985745,11.299209,4.990
HIP46774,142.989834,9.715672,5.070
HIP46776,142.995456,-1.184692,4.540
HIP46810,143.075900,-28.627447,6.430
HIP46811,143.080414,-40.649377,5.350
HIP46813,143.084782,-19.400235,5.740
HIP46840,143.172325,1.863886,6.110
HIP46853,143.204482,51.673357,3.170
HIP46859,143.232327,-13.516796,5.950
HIP46869,143.257894,-8.505629,6.120
HIP46874,143.281633,-39.128785,6.430
HIP46879,143.296726,45.513470,6.490
HIP46880,143.301756,-21.115611,5.020
HIP46891,143.325878,28.367702,6.500
HIP46893,143.332474,-7.190374,6.250
HIP46897,143.357995,-22.863476,5.920
HIP46904,143.376864,36.486705,6.190
HIP46914,143.435348,-49.005007,5.120
HIP46928,143.471237,-80.941150,5.070
HIP46938,143.496085,23.453310,6.260
HIP46950,143.536550,-51.255219,5.010
HIP46952,143.555822,36.397390,4.540
HIP46974,143.610903,-59.229709,4.080
HIP46977,143.619181,69.830914,4.540
HIP46982,143.636120,-5.915377,5.560
HIP47006,143.705296,52.051202,4.470
HIP47013,143.724355,72.205119,5.770
HIP47029,143.765702,39.621645,4.810
HIP47039,143.798628,-35.823765,6.480
HIP47070,143.890627,-19.583655,6.330
HIP47080,143.908383,35.808215,5.400
HIP47096,143.970047,14.379572,6.320
HIP47119,144.027837,74.318591,6.460
HIP47145,144.105781,-48.751236,6.180
HIP47168,144.178565,31.161412,5.570
HIP47172,144.191552,-52.942956,6.180
HIP47175,144.205105,-49.354715,4.340
HIP47187,144.250365,-25.296493,5.680
HIP47189,144.260630,16.437930,5.730
HIP47193,144.271446,81.326265,4.280
HIP47199,144.291469,-32.178748,5.620
HIP47204,144.302462,-53.668575,5.440
HIP47205,144.302254,6.835883,5.000
HIP47224,144.368122,-36.096005,5.960
HIP47231,144.406145,60.213444,6.410
HIP47242,144.441332,-3.170744,6.450
HIP47249,144.464149,-9.424389,6.400
HIP47260,144.483352,73.080244,6.390
HIP47267,144.506282,-43.191172,5.510
HIP47300,144.590606,40.239873,5.280
HIP47310,144.612473,4.648925,4.680
HIP47391,144.837050,-61.327923,4.510
HIP47401,144.865721,67.271945,5.960
HIP47422,144.937783,-62.942787,6.400
HIP47427,144.947396,-10.570226,6.310
HIP47431,144.964357,-1.143273,3.900
HIP47452,145.076320,-14.332434,5.070
HIP47454,145.083552,-10.769190,6.370
HIP47479,145.176801,-57.983497,5.300
HIP47498,145.259988,-57.259849,5.800
HIP47508,145.286571,9.892032,3.520
HIP47521,145.319375,55.866236,6.500
HIP47522,145.320636,-23.591492,4.760
HIP47544,145.396439,31.277746,5.900
HIP47550,145.410207,25.912636,6.260
HIP47559,145.449561,-55.213738,5.990
HIP47570,145.500996,39.757495,5.610
HIP47591,145.553803,-66.914822,6.330
HIP47592,145.556950,-23.913632,4.930
HIP47594,145.560673,69.237026,5.720
HIP47627,145.672124,-35.501654,6.390
HIP47631,145.677915,35.092981,6.120
HIP47633,145.679256,48.430825,6.360
HIP47654,145.737780,72.252416,5.150
HIP47664,145.778672,54.363456,6.500
HIP47694,145.864777,-51.228074,6.150
HIP47701,145.888447,29.973711,5.640
HIP47717,145.925246,-53.891041,5.560
HIP47723,145.932969,14.021647,5.360
HIP47758,146.049969,-27.769193,4.780
HIP47779,146.125019,18.863086,6.490
HIP47791,146.151513,64.984253,6.180
HIP47854,146.311550,-62.507842,3.690
HIP47868,146.341597,-30.202715,6.450
HIP47884,146.379336,78.134697,6.250
HIP47893,146.419036,-57.185984,6.470
HIP47908,146.462449,23.774185,2.970
HIP47913,146.480898,-58.793306,6.220
HIP47943,146.541897,6.708379,5.800
HIP47956,146.587967,-76.776539,5.430
HIP47959,146.597089,11.810170,5.670
HIP47960,146.597972,1.785283,5.650
HIP47963,146.626424,-44.755063,5.580
HIP47965,146.631932,57.128314,5.090
HIP48002,146.775338,-65.071970,2.920
HIP48017,146.824323,79.136530,6.090
HIP48023,146.842356,23.647669,6.490
HIP48029,146.857815,11.568129,6.440
HIP48113,147.149504,46.020326,5.080
HIP48119,147.165993,-56.411781,6.050
HIP48191,147.366244,-37.186706,5.950
HIP48218,147.458383,21.179316,6.100
HIP48219,147.463800,-36.268431,6.360
HIP48224,147.487853,-45.732662,5.090
HIP48266,147.597428,65.593017,6.270
HIP48273,147.624227,4.343275,6.240
HIP48287,147.674357,-46.933682,5.720
HIP48310,147.731430,-62.745054,5.560
HIP48319,147.743792,59.037618,3.780
HIP48320,147.753194,-80.060946,6.470
HIP48324,147.758414,13.066184,6.450
HIP48339,147.800616,-59.426080,5.790
HIP48341,147.808572,-4.243558,6.010
HIP48348,147.831687,-46.193622,5.620
HIP48351,147.839136,-6.181532,6.420
HIP48356,147.869692,-14.846764,4.110
HIP48374,147.919209,-46.547548,4.580
HIP48375,147.921973,-11.340800,6.480
HIP48390,147.971150,24.394084,5.290
HIP48396,147.998156,-16.535272,6.080
HIP48402,148.026442,54.064473,4.550
HIP48413,148.049749,0.075423,6.340
HIP48414,148.049312,2.454833,6.020
HIP48437,148.126355,-8.105378,5.070
HIP48455,148.189198,26.006547,3.880
HIP48468,148.239560,-27.331470,6.280
HIP48469,148.250236,-55.373181,6.500
HIP48519,148.428833,5.958586,5.900
HIP48527,148.458604,-51.146709,5.950
HIP48559,148.549869,-25.931929,4.870
HIP48561,148.573395,-45.283483,5.720
HIP48584,148.632363,-22.487466,6.230
HIP48613,148.713084,-50.243905,5.710
HIP48615,148.717186,-19.009633,4.940
HIP48638,148.764089,61.116099,6.290
HIP48682,148.929141,49.819988,5.270
HIP48706,149.022014,-40.824672,6.390
HIP48715,149.040276,-71.389272,6.300
HIP48730,149.091150,-51.336170,6.390
HIP48734,149.107604,8.933307,5.850
HIP48748,149.148183,-33.418334,5.830
HIP48763,149.194568,-26.549453,6.270
HIP48774,149.215453,-54.567769,3.520
HIP48776,149.224794,-27.474979,6.320
HIP48782,149.248911,-69.101739,6.180
HIP48799,149.295493,-52.638753,6.130
HIP48802,149.307129,57.417727,5.970
HIP48833,149.420008,41.055440,5.110
HIP48835,149.427391,-48.414089,6.060
HIP48839,149.432990,-1.941687,6.430
HIP48861,149.486917,45.414047,6.340
HIP48876,149.531921,8.313780,6.050
HIP48883,149.555539,12.444682,5.260
HIP48893,149.593537,72.879240,5.860
HIP48895,149.607560,27.758790,6.480
HIP48926,149.717051,-35.891093,5.230
HIP48943,149.776088,-23.950731,6.110
HIP48982,149.900125,29.644954,5.750
HIP49005,149.965002,56.811601,5.500
HIP49029,150.053132,8.044060,4.680
HIP49052,150.143239,-56.945936,6.500
HIP49065,150.181398,-82.214441,5.530
HIP49081,150.248370,31.920515,5.370
HIP49092,150.299638,-56.096552,6.420
HIP49137,150.419451,-53.364112,6.200
HIP49160,150.491431,-57.349621,6.200
HIP49164,150.500304,-60.420861,5.930
HIP49220,150.703856,21.949219,5.680
HIP49223,150.705762,-62.156638,6.410
HIP49233,150.749673,-60.178641,6.180
HIP49259,150.835481,-46.636270,6.110
HIP49281,150.891923,-61.884009,6.140
HIP49293,150.920728,-9.573860,6.090
HIP49321,151.011509,-18.101379,6.300
HIP49329,151.034592,3.200365,6.430
HIP49339,151.086343,-24.285348,5.700
HIP49343,151.097012,-39.975854,6.420
HIP49363,151.151103,53.891688,5.710
HIP49394,151.257342,-51.313537,6.230
HIP49402,151.280837,-13.064480,4.600
HIP49408,151.293116,52.371266,6.310
HIP49418,151.313606,-36.384471,6.270
HIP49445,151.419909,15.757453,6.360
HIP49477,151.529470,-52.187820,6.500
HIP49485,151.546607,-47.370389,5.060
HIP49530,151.697366,5.611373,6.200
HIP49569,151.789694,-17.142147,5.590
HIP49583,151.833120,16.762660,3.480
HIP49593,151.857774,35.244698,4.490
HIP49619,151.898659,-48.260791,6.400
HIP49637,151.975524,9.997035,4.390
HIP49641,151.984307,-0.371664,4.480
HIP49642,151.985876,-62.221359,6.450
HIP49645,152.006641,-37.333393,6.340
HIP49658,152.065544,31.603377,6.230
HIP49669,152.091103,11.967243,1.360
HIP49688,152.143236,83.918418,6.310
HIP49689,152.147324,-15.611916,6.250
HIP49698,152.177216,-65.815151,5.260
HIP49712,152.234181,-51.811257,4.850
HIP49764,152.375390,-68.682616,5.800
HIP49769,152.378593,-35.856651,6.140
HIP49802,152.485352,-12.095436,6.240
HIP49809,152.523607,-12.816727,5.300
HIP49812,152.531203,-8.408191,5.910
HIP49841,152.645495,-12.354821,3.610
HIP49844,152.657407,-41.716198,5.980
HIP49865,152.732759,-8.418796,5.640
HIP49870,152.745617,40.661625,6.340
HIP49893,152.803072,37.401686,5.860
HIP49900,152.824118,-7.316724,6.230
HIP49926,152.897456,-58.827565,6.070
HIP49929,152.909499,13.354841,6.430
HIP49934,152.943451,-58.060495,5.700
HIP49967,153.011561,-28.605959,6.280
HIP49994,153.094962,-52.162909,6.160
HIP50013,153.156498,-19.153745,6.450
HIP50027,153.201165,4.614648,5.770
HIP50044,153.254595,-59.918069,6.070
HIP50066,153.330576,-27.028627,6.230
HIP50067,153.338050,-61.658809,6.420
HIP50069,153.342562,-56.586693,6.480
HIP50070,153.344773,-51.233071,5.270
HIP50075,153.349973,-33.031248,6.380
HIP50078,153.366087,-51.755737,5.780
HIP50083,153.377129,-66.372726,5.150
HIP50099,153.433645,-70.037847,3.290
HIP50103,153.440691,-40.345994,5.910
HIP50109,153.456870,27.135795,6.050
HIP50122,153.485391,-40.310841,6.330
HIP50142,153.537149,-23.813866,6.360
HIP50174,153.622840,21.167528,6.020
HIP50191,153.682610,-42.121575,3.850
HIP50218,153.776115,31.468039,6.470
HIP50222,153.782114,59.985577,6.180
HIP50232,153.819187,-54.974183,6.160
HIP50234,153.836723,-36.517661,6.170
HIP50241,153.881731,-43.112757,5.590
HIP50287,154.012901,-59.903333,6.220
HIP50292,154.037312,-11.203424,6.080
HIP50303,154.059554,29.310324,5.490
HIP50316,154.116512,28.681800,6.460
HIP50319,154.132978,23.503344,5.950
HIP50332,154.166816,-51.204550,6.200
HIP50333,154.169572,13.728222,5.420
HIP50335,154.172724,23.417257,3.430
HIP50336,154.172973,25.370728,5.840
HIP50371,154.270428,-61.332257,3.390
HIP50372,154.272570,42.914051,3.450
HIP50384,154.307362,23.105504,5.810
HIP50391,154.333871,-46.834939,6.480
HIP50414,154.406319,-8.068894,5.250
HIP50448,154.507180,65.108283,5.740
HIP50456,154.531505,-28.991920,5.520
HIP50480,154.617427,-41.668467,5.970
HIP50485,154.635597,43.047873,6.480
HIP50492,154.657442,-36.804496,6.310
HIP50493,154.655255,-56.109540,5.800
HIP50509,154.744224,46.760543,6.420
HIP50516,154.752513,24.712191,6.420
HIP50520,154.770640,-64.676167,5.660
HIP50536,154.820161,-12.528228,6.010
HIP50546,154.860580,48.395947,6.000
HIP50552,154.884461,-5.106669,6.380
HIP50555,154.902965,-55.029275,4.590
HIP50562,154.925012,-65.137222,6.350
HIP50564,154.932274,19.469334,4.780
HIP50583,154.995527,19.840364,2.010
HIP50584,154.997362,-9.059532,6.310
HIP50606,155.060682,53.779758,6.450
HIP50609,155.069555,-47.699061,5.660
HIP50635,155.129411,54.216795,6.010
HIP50676,155.228116,-56.043209,4.500
HIP50685,155.263036,68.747399,5.880
HIP50693,155.282929,-17.985174,6.500
HIP50728,155.369044,-23.710704,6.470
HIP50755,155.459350,14.975690,6.160
HIP50785,155.542859,-58.265375,6.340
HIP50786,155.542929,41.228510,5.730
HIP50790,155.553643,-19.866503,6.120
HIP50799,155.581352,-41.649513,4.820
HIP50801,155.581534,41.499767,3.060
HIP50847,155.741931,-66.901417,4.970
HIP50851,155.751749,6.541916,6.060
HIP50860,155.776240,33.908113,5.890
HIP50868,155.804770,-30.162349,6.250
HIP50885,155.859947,-4.074004,5.930
HIP50887,155.868690,-0.902493,6.450
HIP50888,155.870686,-38.010233,5.340
HIP50893,155.885988,-3.642814,6.390
HIP50903,155.918243,-41.953096,6.240
HIP50904,155.923928,29.615759,6.360
HIP50916,155.960711,-57.954020,6.340
HIP50933,156.032571,65.566270,4.940
HIP50935,156.035711,33.718517,5.520
HIP50939,156.055226,2.367855,6.330
HIP50954,156.098449,-74.031815,3.990
HIP50976,156.184963,-73.971652,6.180
HIP50993,156.246694,-58.576258,5.930
HIP51008,156.313384,8.784560,5.610
HIP51014,156.321718,-42.467496,6.180
HIP51046,156.433457,-7.058879,5.600
HIP51047,156.436268,35.425003,6.490
HIP51056,156.477758,33.795686,4.720
HIP51069,156.521642,-16.836879,3.830
HIP51077,156.540095,-42.738783,6.130
HIP51117,156.653448,-0.987987,6.330
HIP51140,156.703685,-54.877265,5.580
HIP51161,156.751561,19.364497,6.150
HIP51172,156.787259,-31.067708,4.280
HIP51192,156.851878,-57.638778,4.650
HIP51194,156.854165,-65.704513,6.000
HIP51200,156.866415,41.600500,6.000
HIP51213,156.912524,9.762350,6.010
HIP51232,156.969547,-58.739387,3.810
HIP51233,156.969734,36.706405,4.200
HIP51245,157.008921,-49.406132,6.100
HIP51248,157.016970,48.778410,6.420
HIP51265,157.075864,-63.164541,6.420
HIP51290,157.151952,45.212056,6.370
HIP51302,157.183175,-3.742593,6.050
HIP51313,157.218841,-64.172257,5.270
HIP51327,157.266384,-65.175968,6.420
HIP51362,157.369231,-2.739172,5.190
HIP51364,157.370239,-29.663767,5.580
HIP51376,157.397165,-30.607047,5.570
HIP51384,157.416119,84.251717,5.520
HIP51401,157.476888,65.626018,6.320
HIP51420,157.526732,38.925098,5.790
HIP51425,157.536348,-66.984615,6.190
HIP51437,157.572530,-0.637189,5.080
HIP51438,157.584380,-71.993014,4.720
HIP51448,157.610078,64.257315,6.070
HIP51459,157.654586,55.980290,4.820
HIP51461,157.663562,-61.356376,6.410
HIP51490,157.744584,-7.637565,6.200
HIP51491,157.749076,-13.588476,5.590
HIP51495,157.758440,-73.221434,4.940
HIP51502,157.766218,82.558737,5.250
HIP51523,157.836416,-53.713942,4.890
HIP51551,157.952172,-28.237137,6.040
HIP51556,157.964204,32.379605,5.900
HIP51560,157.985807,-45.069673,6.040
HIP51561,157.989169,-45.066700,5.760
HIP51576,158.005888,-61.685248,3.300
HIP51585,158.048749,14.137452,5.430
HIP51610,158.139918,-44.618682,5.910
HIP51623,158.199132,-58.666729,5.980
HIP51624,158.202753,9.306560,3.840
HIP51635,158.236691,-47.003303,5.020
HIP51658,158.306602,40.425619,4.720
HIP51676,158.355702,-58.190124,6.090
HIP51685,158.378547,34.988672,5.570
HIP51718,158.503596,-23.745009,5.080
HIP51732,158.552853,-60.987631,6.250
HIP51775,158.699317,6.954166,5.070
HIP51795,158.739642,-23.175998,6.100
HIP51802,158.758602,8.650384,5.670
HIP51808,158.771810,75.712838,4.860
HIP51814,158.791144,57.082910,5.160
HIP51816,158.792967,-43.664360,6.090
HIP51821,158.803268,-39.562565,5.500
HIP51835,158.852746,-76.308928,6.290
HIP51839,158.866074,-78.607701,4.110
HIP51849,158.896888,-57.557637,4.450
HIP51852,158.911975,-18.568892,6.490
HIP51883,159.007565,80.494602,6.480
HIP51885,159.018797,-26.676064,6.290
HIP51905,159.069187,-16.344304,6.010
HIP51912,159.085010,-59.564686,5.080
HIP51914,159.089572,36.326678,6.290
HIP51933,159.136932,-12.235070,5.710
HIP51979,159.306278,-27.412476,4.870
HIP51984,159.317024,-53.855244,6.430
HIP51986,159.324302,-48.225632,3.840
HIP52004,159.362699,-58.733316,5.470
HIP52009,159.388951,-13.384821,4.890
HIP52032,159.467607,34.078661,6.420
HIP52043,159.510838,-57.256304,5.890
HIP52085,159.644887,-16.876375,4.910
HIP52098,159.680056,31.976290,4.680
HIP52102,159.687305,-59.182991,4.690
HIP52103,159.688910,-59.262421,6.500
HIP52112,159.709455,-42.753533,6.100
HIP52113,159.709702,-12.443543,6.040
HIP52127,159.747500,-58.816758,5.960
HIP52136,159.772595,53.667716,5.550
HIP52139,159.779894,37.909663,5.840
HIP52150,159.815851,-74.493383,6.080
HIP52154,159.826434,-55.603236,4.290
HIP52160,159.844904,-64.111713,6.330
HIP52221,160.047415,-65.100114,5.510
HIP52273,160.214519,-35.741677,6.360
HIP52308,160.322886,-59.676897,6.350
HIP52316,160.349772,-1.742368,6.250
HIP52338,160.450615,68.443317,5.740
HIP52340,160.464129,-79.783245,5.970
HIP52353,160.483288,65.715728,5.120
HIP52366,160.546922,31.696859,6.020
HIP52370,160.558587,-64.466343,4.760
HIP52391,160.630612,-13.974422,6.240
HIP52405,160.668942,-59.215742,5.360
HIP52407,160.679684,-32.715674,5.630
HIP52419,160.738914,-64.394361,2.740
HIP52422,160.757047,26.325214,5.510
HIP52425,160.766841,69.076119,5.010
HIP52452,160.837315,4.747426,5.770
HIP52457,160.853066,23.188465,5.080
HIP52468,160.884357,-60.566596,4.580
HIP52469,160.884478,46.203391,5.180
HIP52478,160.930766,57.198823,5.790
HIP52487,160.963073,-64.249012,5.740
HIP52488,160.967663,-60.117768,6.450
HIP52502,161.028584,-63.960984,4.800
HIP52513,161.059713,19.758682,6.270
HIP52520,161.082616,-70.859715,6.250
HIP52526,161.095380,-59.993302,6.320
HIP52535,161.109501,-72.443106,6.260
HIP52537,161.133890,-70.855254,6.430
HIP52577,161.266854,67.411389,5.950
HIP52584,161.289047,2.487794,6.270
HIP52595,161.317416,-80.469820,5.460
HIP52633,161.444633,-80.540142,4.450
HIP52638,161.466012,30.682045,5.360
HIP52660,161.523625,6.372914,6.380
HIP52678,161.568764,-64.514479,5.330
HIP52679,161.570553,-60.602810,6.260
HIP52685,161.593059,57.365490,6.340
HIP52686,161.602992,18.891224,5.500
HIP52689,161.604383,14.194167,5.490
HIP52701,161.623047,-64.263175,5.230
HIP52709,161.654769,-43.193078,6.290
HIP52727,161.693028,-49.420649,2.690
HIP52730,161.700197,-69.209765,6.340
HIP52736,161.713153,-64.383405,4.870
HIP52737,161.716781,-17.297006,5.440
HIP52742,161.739225,-56.757196,5.140
HIP52785,161.877366,-69.437731,6.350
HIP52797,161.909852,-57.467391,6.290
HIP52806,161.934462,-59.875258,6.470
HIP52815,161.972828,-64.262771,6.460
HIP52827,162.022434,-59.919143,5.980
HIP52841,162.058562,-31.687838,5.870
HIP52863,162.168853,-1.958838,5.920
HIP52877,162.207869,65.132545,6.400
HIP52882,162.237807,29.415780,6.150
HIP52911,162.314262,10.545022,5.320
HIP52922,162.351613,-59.323837,5.850
HIP52929,162.369795,63.810114,6.420
HIP52943,162.406896,-16.192183,3.110
HIP52948,162.431278,-9.852895,5.850
HIP52959,162.473777,27.974178,6.050
HIP52965,162.487234,-34.058132,5.610
HIP52980,162.575195,-8.897871,5.800
HIP53035,162.772131,-3.092747,5.950
HIP53043,162.795076,56.582290,5.660
HIP53064,162.848481,59.319742,5.570
HIP53100,162.944727,-57.272316,6.290
HIP53141,163.057069,1.024945,6.370
HIP53151,163.118961,-79.559422,6.360
HIP53154,163.128448,-57.240378,5.260
HIP53157,163.132961,52.503223,6.440
HIP53167,163.150334,-0.201843,6.310
HIP53229,163.328713,34.212765,3.790
HIP53231,163.338036,-58.893429,6.260
HIP53240,163.353033,-2.255813,6.120
HIP53252,163.373671,-20.140491,5.230
HIP53253,163.374520,-58.852886,3.780
HIP53257,163.371294,69.853384,5.910
HIP53259,163.387595,-15.446246,6.340
HIP53260,163.388993,-56.420463,6.450
HIP53261,163.392816,54.585056,5.120
HIP53272,163.424808,-70.720333,5.990
HIP53273,163.431526,-2.129095,5.450
HIP53295,163.495172,43.189776,4.660
HIP53316,163.574022,-13.757966,5.650
HIP53334,163.623407,-61.826650,5.950
HIP53355,163.675268,25.490719,6.190
HIP53377,163.741933,34.034465,5.730
HIP53379,163.753763,-42.251117,6.080
HIP53387,163.798125,-20.664935,6.450
HIP53394,163.821300,-60.516382,5.930
HIP53411,163.862884,-43.020465,6.400
HIP53417,163.902714,24.749608,4.300
HIP53423,163.927418,0.736897,5.910
HIP53426,163.933999,33.506726,5.020
HIP53449,164.005964,6.185331,5.910
HIP53465,164.060618,42.007437,6.030
HIP53472,164.069936,22.351742,6.170
HIP53492,164.143267,25.500186,6.360
HIP53502,164.180027,-37.138681,4.600
HIP53530,164.282308,-50.764923,5.900
HIP53546,164.315516,-75.099732,6.160
HIP53556,164.333681,-69.038034,6.480
HIP53589,164.450715,-59.732175,6.360
HIP53699,164.807210,-33.738022,5.700
HIP53701,164.808010,-61.320725,6.160
HIP53702,164.803859,-84.593952,6.190
HIP53706,164.824285,51.882331,6.220
HIP53721,164.863745,40.430663,5.030
HIP53723,164.878544,-16.353764,5.880
HIP53726,164.887183,36.092724,5.990
HIP53740,164.940075,-18.297833,4.080
HIP53761,164.984958,77.770021,6.180
HIP53762,164.996825,-43.807036,5.810
HIP53771,165.033828,-51.817779,6.150
HIP53773,165.038809,-42.225826,4.370
HIP53778,165.048653,-14.083579,5.860
HIP53781,165.061361,45.526298,5.470
HIP53791,165.085166,42.910825,6.030
HIP53798,165.106161,51.501984,6.410
HIP53807,165.140321,3.617374,4.840
HIP53811,165.150115,-53.111718,6.440
HIP53818,165.169294,-31.838610,6.060
HIP53824,165.186297,6.101285,4.980
HIP53838,165.209366,39.211972,5.060
HIP53849,165.239778,-15.792953,6.350
HIP53860,165.272896,63.420731,6.380
HIP53907,165.457046,-2.484851,4.730
HIP53910,165.461241,56.382675,2.340
HIP53940,165.557861,-41.114382,6.480
HIP53954,165.582330,20.180133,4.420
HIP53963,165.602435,-26.832416,6.210
HIP54027,165.810439,-0.753178,6.120
HIP54029,165.811382,-11.304258,5.510
HIP54030,165.816550,-31.961043,6.440
HIP54038,165.864291,70.030496,6.440
HIP54048,165.902267,-13.434948,6.340
HIP54049,165.902017,-0.000836,5.950
HIP54061,165.930203,61.750774,1.810
HIP54082,166.000740,-57.955326,6.160
HIP54136,166.129484,38.241375,6.010
HIP54137,166.128883,-47.678862,5.670
HIP54173,166.225618,-35.804645,5.430
HIP54182,166.251729,7.335658,4.620
HIP54185,166.266759,-49.392218,6.110
HIP54204,166.331425,-27.293663,4.920
HIP54214,166.391834,-11.089426,6.090
HIP54255,166.490145,-27.287979,5.690
HIP54264,166.523919,-51.213452,6.280
HIP54289,166.600358,-64.840022,6.390
HIP54291,166.614074,-50.956670,6.310
HIP54294,166.621913,-58.674978,6.070
HIP54301,166.634639,-62.424043,4.620
HIP54319,166.683648,17.737176,6.400
HIP54327,166.707483,-70.877906,5.580
HIP54336,166.723049,1.954894,5.520
HIP54360,166.818798,-42.638378,5.150
HIP54380,166.892065,-48.639812,6.440
HIP54388,166.915302,23.323834,6.480
HIP54430,167.065802,-29.972581,6.470
HIP54461,167.141579,-61.947160,5.110
HIP54463,167.147403,-58.975022,3.930
HIP54477,167.182745,-28.080834,5.430
HIP54487,167.204618,24.658509,5.700
HIP54522,167.329128,36.309211,5.710
HIP54537,167.409809,43.207689,5.890
HIP54539,167.415287,44.498285,3.000
HIP54540,167.414448,67.210006,6.070
HIP54561,167.472618,-32.367747,5.790
HIP54673,167.872787,-71.436159,6.340
HIP54682,167.914568,-22.826576,4.460
HIP54688,167.931862,14.400056,6.300
HIP54703,167.990792,-26.805997,6.430
HIP54708,168.014166,-58.423361,6.240
HIP54718,168.042004,-46.266720,6.270
HIP54721,168.046016,68.271918,6.400
HIP54725,168.061721,-32.433695,6.350
HIP54742,168.126402,-18.500050,6.110
HIP54745,168.132684,35.812966,6.410
HIP54746,168.136749,-49.100748,5.370
HIP54749,168.145107,-21.749304,6.390
HIP54751,168.149982,-60.317608,4.590
HIP54767,168.187726,-64.169730,5.220
HIP54783,168.236059,-49.736043,6.120
HIP54811,168.311134,-44.372202,5.770
HIP54829,168.378176,-59.619322,5.740
HIP54840,168.413963,-53.231539,5.750
HIP54842,168.416926,41.088957,6.330
HIP54849,168.439446,-0.069482,5.400
HIP54863,168.507989,8.059909,5.790
HIP54872,168.528196,20.522757,2.560
HIP54879,168.559574,15.428986,3.330
HIP54929,168.725352,-43.733689,6.220
HIP54951,168.800777,23.095432,4.560
HIP55003,168.927974,-57.355922,6.420
HIP55016,168.966293,13.307533,5.310
HIP55068,169.114596,-45.879506,6.300
HIP55084,169.164627,-3.651864,4.450
HIP55086,169.173520,49.476169,5.880
HIP55106,169.242352,-7.134632,6.110
HIP55130,169.299411,-38.014299,6.240
HIP55133,169.309192,-41.934393,6.460
HIP55137,169.322911,2.009504,5.180
HIP55140,169.329562,-67.823564,6.060
HIP55164,169.411703,-34.737472,6.440
HIP55219,169.619511,33.094509,3.490
HIP55225,169.645033,-79.668799,6.350
HIP55249,169.728709,1.649983,5.900
HIP55266,169.782425,38.185056,4.760
HIP55280,169.814288,-64.582168,5.990
HIP55282,169.834257,-14.777020,3.560
HIP55308,169.901673,-75.142459,6.260
HIP55332,169.960662,-72.958334,6.460
HIP55350,170.016696,-71.994349,6.410
HIP55412,170.224713,67.100365,6.200
HIP55425,170.251307,-54.491035,3.900
HIP55434,170.283461,6.029228,4.050
HIP55485,170.454695,57.074900,6.430
HIP55497,170.485093,-77.608431,6.430
HIP55528,170.595871,-44.646157,6.100
HIP55560,170.706256,43.482601,4.990
HIP55564,170.713454,64.330773,6.020
HIP55581,170.783515,-56.779313,5.820
HIP55588,170.802613,-36.164774,5.000
HIP55595,170.824508,0.131991,6.050
HIP55597,170.838852,-64.954662,5.090
HIP55598,170.838847,-18.780187,5.080
HIP55642,170.982094,10.528936,4.000
HIP55645,170.985781,-57.880569,6.500
HIP55650,171.009569,1.407770,5.390
HIP55657,171.045872,-72.256626,5.550
HIP55667,171.091820,-42.669107,6.130
HIP55687,171.152279,-10.859143,4.810
HIP55705,171.219780,-17.683986,4.060
HIP55716,171.244769,11.430238,5.800
HIP55756,171.371800,-36.062932,5.210
HIP55763,171.387542,-37.747659,5.870
HIP55765,171.400482,16.456503,5.580
HIP55779,171.425481,-63.972957,5.180
HIP55791,171.457952,3.859854,6.350
HIP55797,171.487157,55.850818,5.730
HIP55821,171.606194,33.450737,6.330
HIP55831,171.647399,-61.115154,5.220
HIP55846,171.683491,3.014441,6.490
HIP55849,171.696502,-53.159792,5.800
HIP55874,171.788919,-12.356574,5.930
HIP55941,171.973526,-1.699923,6.230
HIP55945,171.984458,2.856188,4.950
HIP55953,171.994538,-35.328850,6.440
HIP55979,172.076233,-72.474002,6.090
HIP56000,172.145848,-42.674157,5.140
HIP56034,172.266703,39.337071,5.300
HIP56035,172.267542,61.780132,5.830
HIP56050,172.312982,-63.553928,6.450
HIP56078,172.410513,-24.463868,5.770
HIP56080,172.424141,15.412918,5.740
HIP56083,172.430488,56.737324,6.290
HIP56127,172.578866,-3.003627,4.770
HIP56135,172.603383,46.657737,6.300
HIP56146,172.620343,18.409992,5.540
HIP56148,172.629268,43.173844,5.940
HIP56170,172.718450,47.928364,6.400
HIP56201,172.812607,-61.278448,6.280
HIP56211,172.850247,69.330938,3.820
HIP56242,172.934804,14.363116,6.270
HIP56243,172.941901,-59.442053,5.070
HIP56245,172.947225,-20.776183,6.240
HIP56250,172.953249,-59.515643,5.120
HIP56253,172.955597,81.127509,6.120
HIP56280,173.068179,-29.259959,4.930
HIP56287,173.083318,-66.961789,5.890
HIP56290,173.086239,61.081820,5.460
HIP56293,173.096347,-26.746660,6.150
HIP56318,173.198014,-7.827520,5.940
HIP56319,173.199671,-40.435763,5.640
HIP56332,173.225305,-31.087196,5.130
HIP56343,173.248758,-31.857931,3.540
HIP56364,173.311908,-16.280706,6.050
HIP56388,173.401609,2.498917,6.490
HIP56391,173.404244,-40.586438,5.390
HIP56410,173.483425,36.815243,6.380
HIP56445,173.590121,3.059409,5.760
HIP56452,173.617292,-32.825276,5.960
HIP56473,173.676982,16.796911,5.950
HIP56480,173.689625,-54.263969,4.620
HIP56497,173.735155,-49.135105,5.500
HIP56500,173.745106,-4.361628,6.430
HIP56508,173.765195,20.441536,6.450
HIP56510,173.770561,54.785552,5.630
HIP56518,173.804501,-47.372637,5.640
HIP56550,173.926303,-61.287859,6.230
HIP56561,173.944896,-63.019892,3.110
HIP56573,173.981936,-47.642014,5.260
HIP56583,174.013437,69.322022,5.190
HIP56601,174.074969,27.781499,5.800
HIP56606,174.093028,-61.052420,5.840
HIP56620,174.145849,-33.570307,5.710
HIP56632,174.169448,-37.237167,6.300
HIP56633,174.170032,-9.802226,4.700
HIP56647,174.237220,-0.823429,4.300
HIP56656,174.249284,-61.283429,5.140
HIP56657,174.254990,-32.988754,6.320
HIP56675,174.312237,-75.896553,5.640
HIP56700,174.390959,-47.747102,5.460
HIP56716,174.426362,77.595715,6.490
HIP56727,174.450278,-67.620456,5.940
HIP56731,174.470376,50.618016,6.140
HIP56754,174.529598,-61.826589,5.150
HIP56756,174.540525,8.883836,6.180
HIP56769,174.584763,-63.372736,6.460
HIP56770,174.584354,43.625172,5.560
HIP56775,174.599998,-2.435790,6.220
HIP56779,174.615005,8.134344,5.240
HIP56784,174.634537,33.625728,6.290
HIP56789,174.639294,46.834008,6.090
HIP56802,174.667488,-13.201014,5.480
HIP56809,174.681496,45.108525,6.290
HIP56816,174.704912,64.346973,6.490
HIP56830,174.752079,-24.722861,6.400
HIP56862,174.872901,-65.397818,5.010
HIP56899,174.959595,-16.620292,6.170
HIP56901,174.962738,-14.468582,6.210
HIP56922,175.052920,-34.744674,4.700
HIP56944,175.114175,57.970497,6.350
HIP56961,175.154098,-62.568098,6.320
HIP56970,175.176884,-53.968783,5.950
HIP56975,175.195647,21.352391,5.260
HIP56986,175.223284,-62.090093,4.930
HIP56996,175.252853,-83.099862,6.320
HIP56997,175.262441,34.198834,5.310
HIP57001,175.282538,-29.194613,6.440
HIP57013,175.331709,-43.095636,5.540
HIP57029,175.389854,31.746283,5.730
HIP57045,175.431016,55.172065,6.280
HIP57047,175.433067,-32.499650,5.200
HIP57079,175.514637,-20.294564,6.210
HIP57092,175.563107,-75.227360,6.480
HIP57111,175.617496,66.745202,5.320
HIP57137,175.732593,-79.306470,6.380
HIP57165,175.863109,-37.190316,5.980
HIP57175,175.879887,-62.489388,5.000
HIP57211,175.970347,-62.878392,6.100
HIP57214,175.980087,-6.677469,6.050
HIP57240,176.054739,25.218399,6.020
HIP57283,176.190946,-18.350855,4.710
HIP57322,176.302422,-49.069763,6.260
HIP57328,176.321439,8.257951,4.840
HIP57363,176.400244,-66.728519,3.630
HIP57371,176.432800,-45.690099,5.280
HIP57380,176.464684,6.528051,4.040
HIP57399,176.511209,47.779615,3.690
HIP57439,176.628146,-61.178517,4.110
HIP57443,176.615812,-40.497384,4.890
HIP57477,176.731915,55.627955,5.270
HIP57497,176.779726,-35.907074,6.160
HIP57507,176.813704,-30.288185,6.480
HIP57512,176.829459,-57.696351,5.420
HIP57562,176.978364,8.245984,5.310
HIP57565,176.995289,20.218901,4.500
HIP57581,177.061025,-66.815030,4.750
HIP57587,177.097068,-10.313908,6.240
HIP57606,177.160511,14.284248,5.900
HIP57613,177.187572,-26.749848,5.100
HIP57629,177.253828,-0.318645,6.150
HIP57632,177.261150,14.571222,2.140
HIP57646,177.311903,16.242485,6.050
HIP57669,177.420856,-63.788445,4.300
HIP57670,177.422809,34.931814,5.730
HIP57696,177.485759,-70.225804,4.980
HIP57732,177.581675,-15.863548,6.130
HIP57741,177.613569,-62.649374,5.680
HIP57749,177.654255,-27.277883,6.480
HIP57757,177.679287,1.762722,3.590
HIP57779,177.729560,12.279237,6.370
HIP57791,177.759307,-5.333326,5.620
HIP57803,177.785529,-45.173533,4.470
HIP57805,177.789582,33.375164,6.250
HIP57819,177.839458,-12.187476,6.340
HIP57841,177.923295,-30.836968,5.850
HIP57851,177.962952,-65.205958,4.890
HIP57870,178.041611,-56.987482,5.560
HIP57936,178.226680,-33.908106,4.290
HIP57939,178.279558,37.675889,6.420
HIP57971,178.361034,-35.066865,6.170
HIP58001,178.458860,53.694842,2.410
HIP58002,178.459177,0.552136,6.310
HIP58041,178.547808,-57.410219,6.050
HIP58057,178.604693,-37.748514,6.460
HIP58082,178.677640,-25.713345,5.260
HIP58085,178.686207,-66.376680,6.380
HIP58103,178.749935,-63.279184,5.890
HIP58110,178.762828,8.444057,5.580
HIP58119,178.808030,36.756039,6.470
HIP58158,178.917242,-28.477303,5.930
HIP58159,178.918967,15.646844,5.530
HIP58177,178.978750,-39.689643,6.130
HIP58181,178.993483,56.598551,5.830
HIP58188,179.003607,-17.150890,5.170
HIP58242,179.181763,-47.072209,6.260
HIP58259,179.221419,61.548894,6.220
HIP58272,179.265182,-33.315499,6.200
HIP58326,179.416388,-62.448786,5.590
HIP58369,179.529001,32.273448,6.420
HIP58379,179.563184,-56.317297,5.440
HIP58427,179.698503,-64.339571,5.590
HIP58436,179.726337,-25.909022,6.420
HIP58445,179.763418,0.530898,6.180
HIP58450,179.788972,-10.475668,6.490
HIP58452,179.794213,-45.832282,6.360
HIP58453,179.795096,-51.696799,6.040
HIP58460,179.823074,33.166952,5.950
HIP58469,179.856676,-62.830941,6.340
HIP58484,179.905453,-78.221901,4.880
HIP58510,179.986987,3.655135,5.360
HIP58512,179.988734,34.034984,6.490
HIP58545,180.075336,80.852910,6.210
HIP58574,180.175864,-21.837563,6.280
HIP58576,180.186268,-10.449572,5.540
HIP58587,180.213033,-19.658933,5.280
HIP58590,180.218293,6.614103,4.650
HIP58603,180.257089,-1.768710,6.320
HIP58642,180.370963,-57.503898,6.160
HIP58654,180.413777,36.041506,5.590
HIP58684,180.525104,43.046010,5.220
HIP58697,180.580565,-85.631746,6.050
HIP58706,180.617518,-71.488900,6.410
HIP58720,180.656416,-69.192339,5.890
HIP58741,180.715006,-7.683504,6.240
HIP58758,180.754205,-63.312885,4.320
HIP58803,180.917823,-42.434872,5.150
HIP58809,180.934073,5.557138,6.390
HIP58810,180.935152,-74.214127,6.440
HIP58858,181.069433,21.459120,5.890
HIP58859,181.069239,-51.472605,6.480
HIP58867,181.079840,-63.165711,4.720
HIP58874,181.113468,85.587802,6.270
HIP58884,181.161407,-68.328959,5.340
HIP58901,181.188088,-59.253406,6.300
HIP58905,181.191793,-76.518716,5.040
HIP58921,181.238080,-60.968293,5.950
HIP58948,181.300614,8.733408,4.120
HIP58952,181.316548,76.905054,5.780
HIP58989,181.414775,62.932593,6.140
HIP59003,181.473329,-65.546889,6.300
HIP59008,181.485811,-35.693906,6.230
HIP59010,181.499016,-3.131737,6.370
HIP59021,181.521010,-32.962661,6.490
HIP59046,181.582939,-68.651417,6.230
HIP59050,181.595137,-65.709535,5.950
HIP59072,181.720893,-64.614006,4.140
HIP59151,181.955784,-75.366879,5.170
HIP59173,182.021424,-50.661351,4.460
HIP59184,182.061112,-48.692539,5.340
HIP59196,182.089097,-50.722472,2.580
HIP59200,182.103004,-60.847126,6.220
HIP59199,182.104187,-24.729165,4.020
HIP59229,182.223731,-44.326301,5.750
HIP59232,182.227337,-41.231666,5.510
HIP59285,182.422435,1.896561,5.950
HIP59291,182.446006,74.661374,6.340
HIP59307,182.510237,-34.704759,6.160
HIP59309,182.513058,5.807143,5.720
HIP59316,182.530620,-22.619688,3.020
HIP59352,182.631628,16.809255,6.400
HIP59353,182.641300,-37.870594,6.070
HIP59364,182.691979,27.281434,6.010
HIP59384,182.748993,81.709819,6.000
HIP59389,182.755108,-68.261063,6.480
HIP59394,182.765489,-23.602575,5.450
HIP59396,182.769806,-61.277560,6.080
HIP59439,182.879119,-51.359802,6.230
HIP59449,182.912522,-52.368595,3.970
HIP59458,182.937224,57.054298,6.340
HIP59468,182.962938,25.870053,5.660
HIP59489,183.004784,28.535858,6.470
HIP59501,183.038603,20.541937,5.600
HIP59504,183.050026,77.616390,5.140
HIP59517,183.091506,-62.950774,5.910
HIP59551,183.195779,-70.151789,6.050
HIP59588,183.303614,-34.125227,6.340
HIP59607,183.354070,-38.929274,5.770
HIP59608,183.357373,10.262282,5.850
HIP59622,183.403449,-33.793033,6.340
HIP59647,183.485150,-78.574079,6.340
HIP59654,183.510904,-45.723887,5.310
HIP59678,183.570449,-64.408518,6.200
HIP59708,183.680649,53.434491,6.180
HIP59728,183.748271,-20.844179,5.820
HIP59742,183.776429,-29.237450,6.500
HIP59746,183.784959,70.199800,5.720
HIP59747,183.785885,-58.749007,2.790
HIP59750,183.794234,-10.319853,6.110
HIP59767,183.831075,87.700497,6.270
HIP59774,183.857691,57.032674,3.320
HIP59785,183.873815,-41.914610,6.240
HIP59796,183.922709,72.551011,6.290
HIP59803,183.950323,-17.541765,2.580
HIP59819,184.000171,14.898846,5.090
HIP59831,184.031611,40.659944,5.690
HIP59847,184.085364,23.945365,4.930
HIP59851,184.098602,-72.614619,6.210
HIP59856,184.125118,33.060704,4.990
HIP59879,184.231221,86.435745,6.330
HIP59895,184.263507,-16.693721,6.050
HIP59898,184.275753,-65.693027,6.060
HIP59920,184.373738,53.190996,5.800
HIP59923,184.377126,28.937448,5.710
HIP59929,184.389218,-67.960930,4.060
HIP59941,184.434683,15.144396,6.360
HIP59950,184.446587,-36.094034,6.150
HIP60000,184.585669,-79.312152,4.240
HIP60009,184.608913,-64.003147,4.060
HIP60018,184.632368,30.248176,6.230
HIP60030,184.668232,-0.787303,5.900
HIP60044,184.707479,75.160593,5.470
HIP60059,184.748213,-55.143083,5.010
HIP60066,184.758339,26.008282,6.440
HIP60087,184.829865,23.034605,6.260
HIP60098,184.871405,28.155991,6.380
HIP60122,184.952823,48.984198,5.280
HIP60129,184.976055,-0.666973,3.890
HIP60157,185.044052,-22.175923,5.940
HIP60168,185.072851,26.002015,6.160
HIP60170,185.081451,26.618669,5.520
HIP60172,185.085249,3.312111,4.970
HIP60183,185.117010,-65.842735,6.200
HIP60189,185.139328,-22.216105,5.200
HIP60197,185.172480,27.053659,6.320
HIP60202,185.178442,17.793519,4.720
HIP60210,185.202593,15.541045,6.470
HIP60212,185.212576,57.863599,5.540
HIP60221,185.232096,-13.565648,5.140
HIP60260,185.337916,-60.400471,3.590
HIP60305,185.483809,47.182028,6.330
HIP60308,185.489152,-56.374391,5.910
HIP60320,185.530093,-67.522143,5.150
HIP60327,185.544683,24.773833,6.210
HIP60329,185.550086,-68.307670,5.730
HIP60351,185.626217,25.846095,4.780
HIP60353,185.632259,5.305053,6.460
HIP60379,185.705526,-57.676226,5.380
HIP60417,185.796306,-67.629654,6.360
HIP60418,185.814255,-4.974714,6.470
HIP60421,185.828226,-11.812194,6.480
HIP60425,185.839776,-24.840813,5.660
HIP60449,185.897238,-35.412732,5.320
HIP60454,185.902896,-39.302324,6.390
HIP60463,185.935940,-38.911473,5.790
HIP60467,185.945154,42.542849,6.030
HIP60468,185.949372,-30.335505,6.390
HIP60485,186.006366,51.562340,4.760
HIP60514,186.076969,26.098583,5.170
HIP60525,186.111629,25.582326,6.410
HIP60549,186.185715,-41.384804,6.240
HIP60584,186.263209,56.777736,5.820
HIP60589,186.276296,63.802801,6.310
HIP60591,186.284272,-42.514476,6.100
HIP60595,186.298582,-11.610825,5.950
HIP60599,186.313403,23.925900,6.030
HIP60601,186.322130,-65.770583,6.290
HIP60603,186.326735,-27.749011,6.090
HIP60610,186.340225,-35.186465,5.710
HIP60638,186.408947,-86.150661,6.320
HIP60646,186.461560,39.018366,5.010
HIP60697,186.600147,27.268160,4.920
HIP60699,186.598039,71.929655,6.330
HIP60710,186.632003,-51.450707,4.820
HIP60718,186.649090,-63.099200,0.770
HIP60729,186.694209,-48.913774,6.250
HIP60735,186.715331,-32.830342,5.560
HIP60742,186.733793,28.267827,4.350
HIP60746,186.746979,26.825631,4.980
HIP60771,186.853255,-63.789066,6.020
HIP60780,186.870135,-58.316342,6.350
HIP60781,186.870071,-58.991717,5.380
HIP60795,186.896036,55.712640,5.680
HIP60804,186.925501,8.610261,6.360
HIP60809,186.955946,-16.631815,6.300
HIP60813,186.964144,-4.615260,6.230
HIP60823,187.009591,-50.230726,3.910
HIP60851,187.079760,-64.341076,6.050
HIP60855,187.093348,-39.041275,5.450
HIP60861,187.106762,-61.794875,6.210
HIP60870,187.137338,-56.409482,6.150
HIP60904,187.227780,25.912742,5.290
HIP60941,187.362529,24.108939,5.470
HIP60957,187.430356,20.895879,5.680
HIP60965,187.464473,-16.516457,2.940
HIP60969,187.475897,-56.524852,5.780
HIP60978,187.488067,58.406395,5.370
HIP60979,187.491244,-41.736019,6.000
HIP60988,187.508757,51.535817,6.210
HIP60992,187.518113,58.767663,6.070
HIP60994,187.517926,-13.393583,6.370
HIP60998,187.526712,69.200707,5.010
HIP61015,187.572486,-23.696414,5.630
HIP61053,187.709113,53.077948,6.200
HIP61071,187.752248,24.567102,5.470
HIP61084,187.791814,-57.115158,1.590
HIP61103,187.839084,7.604387,6.050
HIP61134,187.911112,-5.052365,6.190
HIP61136,187.917874,-59.423948,5.490
HIP61158,187.983423,-63.505654,5.960
HIP61172,188.018084,-32.533850,6.460
HIP61174,188.014397,-16.196437,4.300
HIP61181,188.042360,-73.001095,5.880
HIP61199,188.115796,-72.133026,3.840
HIP61208,188.135627,-21.212452,6.410
HIP61212,188.148898,-13.859502,5.740
HIP61246,188.261625,10.295702,6.290
HIP61270,188.342480,-19.792739,6.260
HIP61281,188.369631,69.788322,3.850
HIP61295,188.392502,24.282921,6.280
HIP61296,188.392612,-12.829823,5.580
HIP61309,188.412337,33.247353,5.420
HIP61317,188.429251,41.359636,4.240
HIP61318,188.444177,-9.452076,5.480
HIP61320,188.447597,33.384588,6.240
HIP61328,188.494607,-49.910165,6.380
HIP61359,188.596822,-23.397171,2.650
HIP61379,188.675935,-44.674536,5.760
HIP61384,188.682875,70.021760,4.950
HIP61394,188.712397,22.629469,4.800
HIP61404,188.726679,-67.756912,6.110
HIP61418,188.782299,18.377230,5.030
HIP61420,188.784204,21.881240,5.860
HIP61443,188.869219,-61.842115,6.220
HIP61468,188.938759,-41.021937,5.120
HIP61496,188.995237,-20.527847,6.200
HIP61498,189.003799,-39.869682,5.780
HIP61557,189.193703,-50.335464,6.400
HIP61558,189.197106,-5.832041,5.880
HIP61571,189.242785,17.089407,5.700
HIP61585,189.295261,-69.135656,2.690
HIP61621,189.426793,-27.139581,5.410
HIP61622,189.423835,-48.541351,3.850
HIP61637,189.518186,3.282361,6.330
HIP61658,189.592769,1.854533,5.680
HIP61688,189.684939,-18.249904,6.000
HIP61692,189.692599,40.874563,6.350
HIP61703,189.718098,-67.193053,6.220
HIP61719,189.758754,22.659351,6.390
HIP61720,189.764100,-30.422501,5.860
HIP61724,189.779854,21.062494,5.490
HIP61738,189.810126,-75.370668,6.460
HIP61740,189.810955,-7.995746,4.660
HIP61748,189.820421,35.951940,6.390
HIP61789,189.968506,-39.987486,4.630
HIP61796,189.982212,-66.511186,6.260
HIP61910,190.315584,-13.013843,5.170
HIP61916,190.345091,-46.145139,5.840
HIP61932,190.377465,-48.959897,2.200
HIP61936,190.390892,62.712909,6.020
HIP61937,190.392511,10.426275,6.220
HIP61941,190.410634,-1.448928,2.740
HIP61951,190.454432,-19.758966,6.020
HIP61960,190.471683,10.234966,4.880
HIP61966,190.485405,-59.685845,4.910
HIP61968,190.487454,6.806535,5.570
HIP61981,190.520875,-69.407563,6.310
HIP62012,190.646492,-48.813332,4.660
HIP62026,190.706950,-55.947123,6.060
HIP62027,190.709259,-63.058650,5.270
HIP62046,190.766546,61.155567,6.390
HIP62058,190.787903,-56.176308,5.990
HIP62081,190.859658,-40.177968,6.430
HIP62084,190.867146,-58.902745,6.410
HIP62103,190.908894,-1.577545,5.910
HIP62128,190.994512,-36.349207,6.380
HIP62131,191.001968,-28.324247,5.460
HIP62170,191.109416,80.620710,6.330
HIP62172,191.112634,44.103025,6.340
HIP62207,191.244359,39.279942,5.950
HIP62212,191.258458,-68.830760,6.160
HIP62223,191.282587,45.440352,5.420
HIP62267,191.403601,7.673359,5.220
HIP62268,191.409957,-60.981795,4.690
HIP62322,191.569392,-68.108195,3.040
HIP62325,191.596001,9.536334,5.650
HIP62327,191.594274,-56.488923,4.620
HIP62356,191.661591,16.577819,5.120
HIP62360,191.692722,-33.315691,5.870
HIP62376,191.759832,5.949964,6.310
HIP62394,191.807181,11.957953,6.110
HIP62402,191.829232,62.781203,5.880
HIP62421,191.889309,-6.302063,6.270
HIP62423,191.893126,66.790269,5.430
HIP62434,191.929681,-59.688858,1.250
HIP62443,191.964144,3.572700,6.420
HIP62448,191.973203,-24.851390,6.430
HIP62478,192.059363,13.552768,6.470
HIP62500,192.108186,-27.597850,5.650
HIP62512,192.165762,60.319597,5.830
HIP62516,192.173545,48.466917,6.250
HIP62523,192.193411,24.839445,6.290
HIP62541,192.226105,14.122435,5.710
HIP62561,192.276834,83.417946,5.920
HIP62572,192.305634,83.413030,5.380
HIP62576,192.321969,27.552539,5.760
HIP62600,192.408335,48.739975,6.500
HIP62608,192.437560,-71.986303,5.550
HIP62641,192.543993,37.517098,5.870
HIP62653,192.572876,22.862919,6.430
HIP62655,192.580717,-48.459494,6.260
HIP62683,192.671277,-33.999407,4.900
HIP62703,192.740864,-52.787512,5.700
HIP62732,192.824832,-60.329797,5.710
HIP62743,192.845469,-10.338244,6.480
HIP62757,192.903435,3.056936,6.020
HIP62763,192.924596,27.540647,4.930
HIP62786,192.986966,-39.680571,5.990
HIP62788,192.990354,-26.738041,6.140
HIP62799,193.022198,-48.094258,6.310
HIP62807,193.051082,17.073907,6.320
HIP62821,193.102268,-53.829943,6.260
HIP62825,193.114244,16.122402,6.290
HIP62861,193.266291,-54.952439,5.910
HIP62867,193.277983,-48.943502,4.330
HIP62875,193.294549,-3.553123,6.110
HIP62886,193.323609,21.244707,4.890
HIP62894,193.341179,-60.328496,5.750
HIP62896,193.359776,-40.179033,4.250
HIP62904,193.382636,19.479759,6.420
HIP62915,193.408873,-4.225124,6.450
HIP62931,193.453800,-60.376257,5.890
HIP62933,193.457607,12.418157,6.250
HIP62956,193.508549,55.959755,1.760
HIP62972,193.553778,33.534711,6.250
HIP62983,193.576716,-11.648492,6.000
HIP62985,193.588049,-9.539139,4.770
HIP63003,193.648086,-57.178024,4.030
HIP63005,193.653326,-57.168750,5.080
HIP63007,193.662856,-59.146810,4.620
HIP63024,193.735343,47.196674,5.750
HIP63031,193.749127,-85.123206,5.450
HIP63033,193.741600,-44.153668,5.890
HIP63066,193.830625,-42.915825,5.460
HIP63076,193.868888,65.438250,5.230
HIP63090,193.897399,3.397081,3.390
HIP63109,193.971709,-15.327033,6.180
HIP63117,193.988001,-56.835812,5.340
HIP63121,194.000107,38.315562,5.610
HIP63125,194.004915,38.318785,2.890
HIP63143,194.072335,54.099508,5.840
HIP63165,194.131745,-72.185301,5.930
HIP63204,194.242222,-54.587461,6.480
HIP63210,194.267833,-51.198861,5.170
HIP63211,194.282390,46.176392,6.110
HIP63220,194.302671,-12.067017,6.330
HIP63243,194.387579,-22.753595,6.310
HIP63297,194.578292,64.925622,6.440
HIP63340,194.697522,75.472609,6.000
HIP63355,194.730722,17.409703,4.760
HIP63414,194.914294,-3.811878,5.790
HIP63432,194.977385,66.597164,5.370
HIP63462,195.068455,30.784974,4.880
HIP63490,195.135455,-33.505796,6.010
HIP63494,195.149632,-3.368124,5.990
HIP63497,195.159505,18.373445,6.200
HIP63503,195.183315,56.366358,4.930
HIP63533,195.289986,17.122978,5.970
HIP63584,195.443214,63.610413,6.010
HIP63608,195.542108,10.959297,2.850
HIP63613,195.572515,-71.549026,3.610
HIP63647,195.668060,59.716234,6.500
HIP63688,195.772046,-71.475747,5.930
HIP63724,195.888312,-49.527347,4.830
HIP63738,195.943238,-20.583459,5.580
HIP63820,196.200821,-41.196443,6.240
HIP63822,196.206900,73.025047,6.430
HIP63849,196.277294,-47.117161,6.440
HIP63883,196.377697,-52.115594,6.430
HIP63901,196.434836,35.799041,5.200
HIP63916,196.467643,45.268731,5.640
HIP63945,196.569300,-48.463397,4.710
HIP63948,196.587970,21.153054,6.000
HIP63950,196.594408,22.615873,5.530
HIP63952,196.595563,62.041549,6.150
HIP63972,196.646581,-41.588550,5.590
HIP64003,196.726351,-35.862669,5.630
HIP64004,196.727400,-49.906337,4.270
HIP64022,196.794966,27.624239,4.800
HIP64033,196.851097,-59.860569,5.980
HIP64053,196.909119,-53.459914,5.700
HIP64077,196.973161,27.555502,6.200
HIP64078,196.974330,-10.740477,5.150
HIP64094,197.029721,-65.306039,5.440
HIP64108,197.083977,-78.446214,6.430
HIP64117,197.115789,-67.796762,6.340
HIP64122,197.135010,-8.984858,5.570
HIP64166,197.263475,-23.118364,4.940
HIP64179,197.301980,10.022469,5.790
HIP64181,197.308906,-9.538094,6.320
HIP64212,197.410103,37.423189,6.010
HIP64217,197.425001,38.533930,6.250
HIP64224,197.438558,-10.329381,5.950
HIP64226,197.448861,16.848498,5.910
HIP64238,197.487206,-5.539251,4.380
HIP64241,197.493592,17.530386,4.320
HIP64246,197.512776,38.499311,5.910
HIP64320,197.743089,-52.567029,6.050
HIP64332,197.786313,-42.233083,5.780
HIP64348,197.845676,-43.368698,5.240
HIP64375,197.912754,-26.551711,6.490
HIP64390,197.964932,-69.942008,5.920
HIP64394,197.961882,27.884681,4.230
HIP64395,197.971074,-63.303010,6.320
HIP64408,198.009952,-37.802676,4.850
HIP64407,198.015497,-16.200715,5.040
HIP64417,198.034860,24.257719,6.310
HIP64425,198.072961,-59.920708,4.580
HIP64437,198.105768,80.471392,6.250
HIP64445,198.136794,11.555871,5.760
HIP64466,198.203712,-66.226689,5.910
HIP64472,198.211577,-42.699746,6.190
HIP64478,198.232245,-59.817399,6.180
HIP64496,198.300031,18.726645,6.100
HIP64515,198.346950,-50.699959,5.900
HIP64520,198.361650,-18.826483,6.260
HIP64530,198.399793,36.887584,6.500
HIP64540,198.428452,40.152999,4.940
HIP64557,198.488956,-43.138943,6.160
HIP64577,198.544474,-19.929772,5.310
HIP64580,198.549702,-58.684023,5.910
HIP64583,198.560092,-59.104373,4.900
HIP64587,198.571986,-78.447481,5.840
HIP64607,198.630859,11.331267,5.640
HIP64623,198.679196,-48.957680,5.840
HIP64651,198.789036,-36.371567,6.170
HIP64661,198.811678,-67.894667,4.790
HIP64682,198.854996,-69.679545,6.370
HIP64692,198.882060,40.855281,5.770
HIP64725,198.997216,-19.943953,5.210
HIP64751,199.058785,19.051788,6.460
HIP64774,199.119078,68.408121,6.200
HIP64779,199.133573,19.785506,6.430
HIP64790,199.185712,-65.138661,6.060
HIP64792,199.191324,9.425560,5.190
HIP64797,199.217504,17.015262,6.490
HIP64803,199.221674,-31.506559,5.100
HIP64820,199.303995,-66.783485,4.860
HIP64822,199.307959,-43.979593,5.820
HIP64823,199.315171,13.676067,5.330
HIP64838,199.373888,-0.676136,6.360
HIP64844,199.384467,40.572744,4.720
HIP64852,199.401127,5.469943,4.780
HIP64906,199.560131,49.682205,5.140
HIP64924,199.593149,-18.319027,4.740
HIP64927,199.615775,34.098337,5.810
HIP64933,199.645004,-51.285863,6.180
HIP64951,199.700594,-79.976186,6.340
HIP64962,199.730933,-23.171814,2.990
HIP64979,199.767465,35.128107,6.010
HIP64994,199.828995,-72.035981,6.040
HIP65072,200.078442,40.150524,5.600
HIP65108,200.145558,-59.772848,6.200
HIP65109,200.146311,-36.712943,2.750
HIP65112,200.157272,-52.747946,5.470
HIP65119,200.172741,2.942207,6.260
HIP65129,200.201364,-55.800658,6.000
HIP65144,200.239707,-46.879855,5.760
HIP65183,200.373447,-19.489315,6.210
HIP65198,200.423054,2.086857,5.690
HIP65230,200.515769,43.903516,6.340
HIP65241,200.539860,5.154502,5.890
HIP65247,200.567811,-52.182970,5.810
HIP65271,200.657626,-60.988505,4.520
HIP65288,200.718962,-47.943226,6.180
HIP65289,200.718789,-72.146826,6.060
HIP65301,200.754258,-17.735485,5.360
HIP65303,200.760742,-48.562808,6.370
HIP65311,200.785808,-33.189851,6.170
HIP65323,200.828586,-4.924546,5.880
HIP65372,200.966343,-49.823043,6.480
HIP65376,200.974830,37.033838,6.100
HIP65378,200.982758,54.925200,2.230
HIP65381,200.987555,-20.924733,6.440
HIP65387,201.002418,-64.535822,4.520
HIP65417,201.127127,12.432096,6.440
HIP65420,201.139616,-5.164277,5.760
HIP65466,201.277750,23.854360,5.750
HIP65468,201.277353,-74.888790,5.040
HIP65474,201.297926,-11.161556,0.980
HIP65477,201.307739,54.987833,3.990
HIP65479,201.305883,-64.485302,5.320
HIP65522,201.458623,-70.627240,5.650
HIP65530,201.494156,63.262898,6.500
HIP65535,201.533857,-39.755538,5.110
HIP65536,201.534040,72.391408,5.820
HIP65545,201.546716,-1.192433,5.970
HIP65550,201.569465,46.027908,5.880
HIP65581,201.678905,-12.707820,5.270
HIP65593,201.733735,-41.497554,5.690
HIP65595,201.732828,78.644092,5.740
HIP65606,201.776458,-49.143750,6.310
HIP65621,201.810925,-40.162586,6.400
HIP65630,201.836028,-49.381312,6.270
HIP65639,201.862255,-15.973419,4.760
HIP65678,201.997388,52.745424,6.340
HIP65682,202.007808,-26.402266,6.490
HIP65721,202.105775,13.774546,4.970
HIP65723,202.109446,40.729222,6.490
HIP65728,202.111898,59.946041,5.400
HIP65754,202.191325,50.718018,6.420
HIP65755,202.194614,-69.627272,6.170
HIP65783,202.282070,-64.675846,6.090
HIP65790,202.303723,10.818049,5.650
HIP65796,202.311846,-1.364862,6.420
HIP65810,202.355202,-51.165191,5.040
HIP65835,202.427783,-23.281250,6.400
HIP65862,202.500355,7.178889,6.180
HIP65892,202.607517,-6.470174,6.100
HIP65936,202.760926,-39.407390,3.900
HIP65951,202.814833,42.106357,6.070
HIP65969,202.887582,-28.112724,6.480
HIP66006,202.990421,-6.256135,4.680
HIP66015,203.010960,-18.729011,6.010
HIP66019,203.022867,-38.399118,6.140
HIP66060,203.142975,-29.565205,6.450
HIP66065,203.148802,-28.692931,5.690
HIP66086,203.201412,24.345328,6.110
HIP66091,203.214595,-15.363010,5.520
HIP66098,203.241745,-10.165279,5.210
HIP66152,203.398968,-65.632895,6.360
HIP66198,203.530228,55.348385,5.600
HIP66200,203.533374,3.658790,4.920
HIP66223,203.591299,38.789434,6.370
HIP66234,203.612310,49.016175,4.680
HIP66236,203.620407,-48.272212,6.320
HIP66247,203.668182,-13.214378,5.920
HIP66249,203.671247,-0.595463,3.380
HIP66251,203.677525,76.546717,6.460
HIP66254,203.681134,-33.310942,6.460
HIP66257,203.699928,37.182343,4.910
HIP66320,203.880520,-5.395583,5.700
HIP66326,203.889930,10.204575,6.480
HIP66385,204.166256,49.486539,6.480
HIP66400,204.201138,-26.495084,5.730
HIP66405,204.210647,-34.468094,6.480
HIP66417,204.245970,24.613280,5.720
HIP66427,204.274561,-44.143308,5.960
HIP66435,204.295135,71.242208,5.500
HIP66438,204.303525,-61.692716,5.630
HIP66454,204.347534,-46.427997,5.910
HIP66458,204.364309,36.295072,4.820
HIP66521,204.531769,-58.414843,6.410
HIP66522,204.533172,14.301816,6.490
HIP66563,204.674582,-29.561435,5.810
HIP66574,204.689365,-70.445062,6.110
HIP66575,204.703837,-57.622762,6.000
HIP66594,204.759158,18.265174,6.460
HIP66607,204.799577,-75.683842,6.320
HIP66613,204.811968,51.804254,6.490
HIP66634,204.875419,52.921623,5.460
HIP66640,204.893390,10.746171,5.570
HIP66645,204.920052,-39.747645,6.290
HIP66656,204.951864,-40.052113,5.610
HIP66657,204.971759,-53.466488,2.290
HIP66666,204.998193,-49.949818,5.740
HIP66681,205.043647,-64.576550,5.790
HIP66690,205.064315,31.012713,6.210
HIP66700,205.088530,57.207801,6.280
HIP66704,205.095536,50.519839,6.310
HIP66725,205.162263,28.065238,6.220
HIP66727,205.168271,19.955890,5.730
HIP66738,205.184261,54.681550,4.630
HIP66753,205.225074,-85.786198,5.560
HIP66763,205.259668,22.495575,5.630
HIP66798,205.375327,64.822325,5.850
HIP66803,205.402552,-8.702687,5.030
HIP66821,205.436071,-54.559606,4.990
HIP66849,205.504169,-58.787164,5.380
HIP66860,205.550363,8.387752,6.160
HIP66878,205.597591,82.752095,5.920
HIP66892,205.619239,41.674373,6.300
HIP66903,205.661663,78.064774,5.910
HIP66907,205.681062,34.989102,5.980
HIP66923,205.727552,-50.790352,6.430
HIP66924,205.728798,-41.401321,5.960
HIP66925,205.733705,-56.768006,6.000
HIP66936,205.763300,3.537367,5.350
HIP66984,205.916896,-42.067553,5.960
HIP66992,205.938572,22.700150,6.120
HIP67005,205.978026,52.064370,6.020
HIP67036,206.066374,-51.012600,6.440
HIP67057,206.124367,-16.179113,5.550
HIP67071,206.189815,-25.501096,6.210
HIP67103,206.306232,55.876707,6.470
HIP67104,206.305569,10.324975,6.420
HIP67139,206.395801,-15.767642,6.180
HIP67143,206.403148,-26.116084,5.810
HIP67153,206.418009,-33.044797,4.230
HIP67172,206.484515,-12.426469,5.500
HIP67194,206.555413,41.088435,5.880
HIP67199,206.560124,-54.683535,6.420
HIP67210,206.579000,38.503534,5.920
HIP67231,206.648352,54.432646,5.680
HIP67234,206.664182,-51.432972,4.640
HIP67239,206.680365,25.701798,5.970
HIP67244,206.734679,-36.252018,5.150
HIP67246,206.734223,6.349565,6.330
HIP67250,206.747892,38.542537,5.510
HIP67261,206.795192,-62.589741,6.400
HIP67271,206.805853,-9.709773,6.040
HIP67275,206.811944,17.457305,4.500
HIP67288,206.856260,-17.860067,5.410
HIP67292,206.865753,-50.249198,5.920
HIP67301,206.883941,49.313150,1.850
HIP67304,206.909152,-50.320728,5.460
HIP67384,207.161361,31.190484,5.610
HIP67457,207.360985,-34.451217,4.190
HIP67459,207.368629,15.798205,4.050
HIP67464,207.375914,-41.687859,3.410
HIP67472,207.403907,-42.473873,3.470
HIP67480,207.428627,21.264230,4.920
HIP67483,207.436503,36.633001,6.430
HIP67485,207.440406,61.488609,5.970
HIP67494,207.467096,-18.134446,4.960
HIP67523,207.526709,-29.081566,6.190
HIP67537,207.580879,-39.900920,6.430
HIP67545,207.602912,5.497229,6.000
HIP67548,207.615345,58.539548,6.450
HIP67589,207.743542,68.314872,6.390
HIP67605,207.788489,34.664003,5.890
HIP67620,207.830145,-24.392171,6.430
HIP67627,207.858100,64.723239,4.580
HIP67648,207.901118,-36.434117,6.340
HIP67663,207.946586,-46.898775,5.770
HIP67664,207.947692,-69.401293,5.730
HIP67665,207.947637,34.444006,4.760
HIP67669,207.956371,-32.994311,4.320
HIP67696,208.003807,-31.619422,6.110
HIP67703,208.019835,-52.811731,5.260
HIP67714,208.076887,12.165064,6.100
HIP67778,208.285072,40.337901,6.480
HIP67782,208.291861,28.648341,5.910
HIP67786,208.302138,-31.927691,4.750
HIP67787,208.303616,17.932907,5.710
HIP67819,208.385809,-35.664412,5.530
HIP67836,208.429393,-53.373451,5.870
HIP67848,208.462249,53.728631,5.700
HIP67851,208.464426,-35.314875,6.170
HIP67861,208.488425,-47.128196,5.830
HIP67890,208.567974,-28.570079,6.050
HIP67927,208.670692,18.395081,2.680
HIP67929,208.674979,-1.503286,5.160
HIP67942,208.704364,-67.652207,5.740
HIP67953,208.741209,-8.059118,6.190
HIP67973,208.800277,-52.160981,5.660
HIP68002,208.884385,-47.288704,2.550
HIP68009,208.910950,-82.666361,5.950
HIP68030,208.956116,14.056571,6.160
HIP68065,209.042599,32.032954,6.310
HIP68079,209.081070,-46.593613,5.820
HIP68080,209.082896,-54.132561,6.140
HIP68092,209.115948,1.050681,5.900
HIP68101,209.136809,-54.706328,6.000
HIP68103,209.142639,27.491730,5.020
HIP68177,209.365250,-23.022563,6.140
HIP68184,209.383167,61.494455,6.490
HIP68191,209.411463,-63.686938,4.710
HIP68224,209.495536,-25.998046,6.420
HIP68245,209.567555,-42.100899,3.830
HIP68269,209.629380,-24.972465,5.200
HIP68270,209.629732,-65.800944,6.200
HIP68276,209.662110,21.695909,5.760
HIP68279,209.665802,14.648843,6.010
HIP68282,209.669515,-44.803744,3.870
HIP68333,209.823134,-50.369770,5.920
HIP68380,209.955111,-3.550202,6.360
HIP68390,209.998978,-25.011079,5.770
HIP68413,210.071636,-61.481287,6.490
HIP68431,210.136332,-78.590047,6.090
HIP68455,210.216816,-66.269088,5.960
HIP68478,210.293043,27.386734,6.230
HIP68493,210.329153,-40.221939,6.120
HIP68498,210.335361,8.894897,5.980
HIP68516,210.403026,17.667779,6.360
HIP68520,210.411773,1.544376,4.230
HIP68523,210.431261,-45.603575,4.340
HIP68537,210.460508,68.678642,6.340
HIP68567,210.551058,45.752881,6.280
HIP68581,210.594661,-27.429803,5.470
HIP68594,210.631289,9.685580,6.180
HIP68637,210.748813,50.971760,6.160
HIP68641,210.757382,-31.683549,6.180
HIP68643,210.765547,-17.367082,6.320
HIP68670,210.859686,-56.213593,5.930
HIP68673,210.864148,-41.423467,6.080
HIP68682,210.885429,10.784541,6.270
HIP68687,210.902909,7.546042,6.250
HIP68702,210.955429,-60.373223,0.610
HIP68705,210.971108,-22.421559,6.300
HIP68707,210.982246,4.900953,6.240
HIP68739,211.060544,-5.381509,6.390
HIP68756,211.096513,64.375977,3.670
HIP68763,211.112146,-14.971866,6.350
HIP68776,211.155659,2.297538,6.280
HIP68815,211.330728,-76.796982,5.690
HIP68842,211.443076,-54.669546,6.200
HIP68862,211.511311,-41.179792,4.360
HIP68872,211.545382,-43.091953,6.180
HIP68895,211.593250,-26.683398,3.250
HIP68902,211.604787,-59.715914,6.390
HIP68933,211.666178,-36.373766,2.060
HIP68940,211.677391,-9.313485,5.460
HIP68956,211.733741,74.593875,6.430
HIP69011,211.919679,-48.704230,6.430
HIP69012,211.922649,-49.866824,6.450
HIP69038,211.982430,43.854233,5.130
HIP69065,212.059828,-63.207690,6.390
HIP69068,212.071501,49.458611,5.260
HIP69090,212.108025,-74.848958,6.020
HIP69107,212.190367,59.337496,6.470
HIP69112,212.211434,77.547760,4.800
HIP69113,212.216025,-43.470907,6.190
HIP69122,212.234235,-59.276837,6.340
HIP69127,212.252428,-10.334386,6.450
HIP69174,212.395623,-51.504753,5.960
HIP69191,212.476848,-53.439612,4.740
HIP69226,212.599538,25.091235,4.820
HIP69241,212.628651,-70.305507,6.070
HIP69269,212.710379,-16.302110,4.930
HIP69298,212.757311,-69.719469,6.070
HIP69316,212.812817,32.296175,6.140
HIP69340,212.879070,1.362628,6.420
HIP69373,213.016283,69.432183,5.180
HIP69389,213.065521,2.409241,4.990
HIP69398,213.102521,-24.363390,6.350
HIP69415,213.191664,-27.261447,5.070
HIP69427,213.223995,-10.272666,4.180
HIP69458,213.305343,-26.612440,6.230
HIP69462,213.318233,-53.665744,5.530
HIP69483,213.371501,51.789887,4.530
HIP69491,213.415736,-54.625709,6.090
HIP69493,213.421482,-0.846487,5.890
HIP69536,213.519676,12.959042,5.530
HIP69564,213.586529,-5.947102,6.360
HIP69569,213.597915,41.517975,6.230
HIP69585,213.647643,13.976044,6.450
HIP69592,213.670991,21.873339,6.380
HIP69598,213.676590,-41.837637,5.610
HIP69612,213.711702,10.099400,5.290
HIP69614,213.720546,3.335696,6.410
HIP69618,213.737795,-57.086280,5.030
HIP69623,213.754917,-29.282010,6.100
HIP69655,213.838587,-53.509974,6.400
HIP69658,213.850013,-18.200774,5.530
HIP69671,213.912383,-45.001769,6.310
HIP69673,213.906928,19.167692,-0.050
HIP69701,214.003429,-6.003637,4.070
HIP69704,214.009813,45.566743,6.500
HIP69713,214.039817,51.367889,4.750
HIP69727,214.088774,-6.621621,6.440
HIP69732,214.094121,46.089475,4.180
HIP69735,214.099896,39.744762,6.380
HIP69747,214.125525,-3.196545,6.150
HIP69751,214.135799,20.121158,6.250
HIP69763,214.161213,-66.587933,5.720
HIP69773,214.202934,-8.884579,6.470
HIP69778,214.229633,-77.664242,6.480
HIP69792,214.265749,-18.585757,6.220
HIP69818,214.337842,51.307314,6.190
HIP69829,214.368672,15.263437,5.840
HIP69862,214.454879,48.001724,6.320
HIP69879,214.499294,35.509609,4.800
HIP69881,214.504998,-7.544118,6.470
HIP69896,214.557215,-81.008241,4.890
HIP69929,214.658895,-18.716228,5.860
HIP69958,214.732741,54.863690,6.470
HIP69965,214.750916,-25.812726,5.870
HIP69974,214.777340,-13.370879,4.520
HIP69977,214.779634,-27.141125,6.350
HIP69989,214.818620,13.004062,5.410
HIP69995,214.849080,-37.003210,5.930
HIP69996,214.850804,-46.058121,3.550
HIP70012,214.884456,-2.266047,5.140
HIP70022,214.920355,0.384242,6.180
HIP70027,214.937414,16.307392,4.840
HIP70029,214.949142,38.793977,6.330
HIP70035,214.962503,-61.273622,5.220
HIP70038,214.971002,-6.746340,6.420
HIP70051,215.036035,30.429079,6.450
HIP70054,215.040345,-43.058787,5.550
HIP70069,215.081321,-56.386553,4.300
HIP70090,215.138743,-37.885379,4.050
HIP70104,215.177773,-45.187602,4.780
HIP70236,215.558028,29.369726,6.500
HIP70243,215.581939,-34.786794,5.570
HIP70248,215.596153,-80.109049,5.060
HIP70264,215.653903,-58.458992,4.760
HIP70270,215.661246,-48.319890,6.100
HIP70300,215.759108,-39.511980,4.410
HIP70306,215.772453,-27.754876,4.780
HIP70310,215.777190,25.338643,6.220
HIP70319,215.815332,1.238054,6.250
HIP70320,215.813917,-47.416988,6.410
HIP70325,215.834264,-50.772305,6.030
HIP70327,215.844010,8.446547,4.860
HIP70336,215.856726,-11.714475,6.220
HIP70363,215.951797,-53.176303,5.990
HIP70384,216.003599,8.243864,5.940
HIP70385,216.008218,27.413144,6.390
HIP70400,216.046689,5.820179,5.100
HIP70414,216.075232,8.083835,6.190
HIP70418,216.091016,-82.848331,6.420
HIP70451,216.169701,-44.311436,6.430
HIP70452,216.169655,-11.669871,6.490
HIP70469,216.202187,-24.806444,5.340
HIP70492,216.276232,-68.195361,5.560
HIP70497,216.296692,51.847806,4.040
HIP70501,216.322867,-13.353141,6.490
HIP70517,216.371516,38.392911,6.280
HIP70528,216.414977,-66.173040,6.360
HIP70538,216.449001,-26.852654,6.480
HIP70574,216.534144,-45.221527,4.560
HIP70576,216.545182,-45.379323,4.330
HIP70580,216.554996,-42.318976,6.330
HIP70602,216.613471,19.227097,5.400
HIP70626,216.707632,-39.874157,6.360
HIP70638,216.725622,-83.667979,4.310
HIP70657,216.779263,-65.821752,5.870
HIP70663,216.799260,-46.134829,5.830
HIP70680,216.851150,-6.120758,6.180
HIP70692,216.881630,75.696156,4.250
HIP70753,217.043250,-29.491813,4.970
HIP70755,217.049532,-2.227978,4.810
HIP70762,217.068312,36.197055,6.220
HIP70791,217.154479,49.844510,5.580
HIP70794,217.173736,-6.900906,5.420
HIP70798,217.181155,-59.197605,6.460
HIP70809,217.216057,-47.992227,6.400
HIP70873,217.404825,41.794285,6.360
HIP70874,217.403522,-76.729291,6.060
HIP70892,217.456794,31.791240,6.060
HIP70894,217.460606,0.828982,5.960
HIP70915,217.535590,-45.321560,5.510
HIP70931,217.586771,-49.519295,5.380
HIP70949,217.689128,4.772193,6.010
HIP70952,217.689585,63.185861,6.100
HIP70966,217.735793,-40.845153,6.390
HIP70987,217.795222,-38.869500,5.990
HIP71002,217.819062,-67.717630,5.840
HIP71040,217.927787,60.225781,6.260
HIP71053,217.956643,30.372322,3.570
HIP71075,218.018456,38.309371,3.040
HIP71094,218.083719,26.677109,6.000
HIP71111,218.128964,55.397901,5.740
HIP71115,218.134604,22.260356,5.910
HIP71121,218.154093,-50.457266,4.440
HIP71154,218.290546,-30.715360,6.070
HIP71168,218.334476,36.958480,6.390
HIP71182,218.374841,-52.679648,5.860
HIP71184,218.383861,-54.998665,5.860
HIP71196,218.406563,79.661045,6.270
HIP71243,218.549651,32.534519,6.320
HIP71251,218.568886,57.063547,6.460
HIP71277,218.660205,36.625721,6.020
HIP71280,218.664622,49.368725,5.740
HIP71284,218.671597,29.746107,4.470
HIP71295,218.711501,-20.439392,6.490
HIP71333,218.820680,-60.015841,6.390
HIP71352,218.876439,-42.158063,2.330
HIP71353,218.880973,-41.517607,5.880
HIP71406,219.028559,23.250559,6.390
HIP71419,219.078988,-46.245330,5.550
HIP71429,219.100014,-39.597583,6.130
HIP71453,219.183681,-40.211742,5.740
HIP71469,219.242559,-12.302663,6.200
HIP71494,219.301623,-53.060905,6.490
HIP71500,219.333839,-46.133518,5.390
HIP71510,219.368340,2.276699,6.450
HIP71530,219.437312,-67.934083,6.030
HIP71536,219.471496,-49.426042,4.050
HIP71568,219.551508,43.642364,5.740
HIP71571,219.558059,18.297904,5.900
HIP71573,219.563620,54.023199,5.830
HIP71581,219.581064,-38.794337,6.040
HIP71618,219.708630,44.404364,5.390
HIP71639,219.793283,-46.586069,6.060
HIP71658,219.850086,-49.056241,6.370
HIP71681,219.849625,-60.834753,1.350
HIP71683,219.855917,-60.830429,-0.010
HIP71729,220.091029,21.976165,6.130
HIP71746,220.136351,-56.440823,6.300
HIP71759,220.177037,13.534217,5.930
HIP71762,220.181594,16.418394,4.490
HIP71783,220.255527,-36.134903,5.670
HIP71795,220.287697,13.728206,3.780
HIP71832,220.411379,8.161788,4.860
HIP71837,220.430146,11.659836,5.550
HIP71853,220.463362,-30.933267,6.380
HIP71857,220.475882,21.123136,6.400
HIP71860,220.482115,-47.388378,2.300
HIP71861,220.483747,-58.616116,6.210
HIP71865,220.489705,-37.793724,4.010
HIP71870,220.498260,-77.011541,6.340
HIP71876,220.514498,61.261699,6.240
HIP71908,220.624028,-64.976861,3.180
HIP71957,220.765866,-5.660562,3.870
HIP71974,220.806288,-24.997820,5.700
HIP71995,220.855571,26.527727,4.800
HIP72000,220.867188,-62.966706,6.390
HIP72010,220.913811,-35.174957,4.060
HIP72012,220.935020,40.459407,5.720
HIP72097,221.230119,-58.477803,6.100
HIP72104,221.246760,-35.191841,4.920
HIP72105,221.246341,27.074369,2.350
HIP72121,221.295591,-55.601697,6.100
HIP72122,221.298362,-1.417534,6.060
HIP72124,221.307512,32.787848,6.270
HIP72125,221.309787,16.963907,4.600
HIP72131,221.323164,-62.876239,5.360
HIP72135,221.328239,-51.315036,6.440
HIP72139,221.335827,18.885094,6.150
HIP72154,221.375557,0.717213,5.680
HIP72194,221.490358,-15.459529,6.330
HIP72197,221.499130,-25.443984,5.150
HIP72208,221.524136,15.131930,5.780
HIP72210,221.528412,-23.153489,5.800
HIP72217,221.544908,-21.176729,6.430
HIP72220,221.561325,1.892725,3.730
HIP72250,221.620427,-47.441225,5.740
HIP72290,221.755194,-52.384124,5.220
HIP72296,221.771700,-38.291247,5.900
HIP72308,221.802370,-52.205278,6.070
HIP72310,221.806765,-21.324850,6.050
HIP72323,221.843921,-25.624369,5.610
HIP72338,221.883621,-43.556899,6.300
HIP72357,221.936987,-26.087562,5.230
HIP72370,221.965295,-79.044867,3.830
HIP72373,221.979325,-12.840689,6.340
HIP72378,221.989742,-26.646220,5.760
HIP72412,222.096473,24.367298,6.150
HIP72432,222.158416,-36.635036,5.890
HIP72438,222.185516,-66.593645,5.910
HIP72449,222.225327,-0.847531,6.150
HIP72469,222.275908,37.811986,6.150
HIP72471,222.278198,-56.668709,6.210
HIP72487,222.327717,46.115636,5.760
HIP72488,222.327943,-24.251473,5.680
HIP72489,222.328885,-14.149131,5.320
HIP72508,222.385079,51.374519,6.490
HIP72518,222.404201,-68.936288,6.500
HIP72524,222.421287,48.721534,5.680
HIP72552,222.493478,28.615827,5.800
HIP72567,222.567010,23.912083,5.860
HIP72571,222.570227,-27.960830,4.420
HIP72573,222.592245,82.510300,5.630
HIP72582,222.621692,37.272748,5.470
HIP72603,222.670554,-15.997675,5.150
HIP72607,222.675704,74.155593,2.070
HIP72622,222.718845,-16.042286,2.750
HIP72629,222.750154,-0.257440,6.180
HIP72631,222.755116,-2.300060,4.930
HIP72659,222.848585,19.099935,4.540
HIP72664,222.858687,59.294993,5.480
HIP72670,222.874792,-77.176044,6.440
HIP72683,222.909363,-43.575556,4.320
HIP72702,222.963678,-18.355334,6.270
HIP72772,223.135175,-30.577557,6.300
HIP72773,223.146762,-63.809857,5.910
HIP72800,223.212633,-37.803292,5.020
HIP72833,223.306922,-73.189818,5.590
HIP72846,223.347105,15.705337,6.410
HIP72848,223.345635,19.154394,6.000
HIP72929,223.583791,-24.642405,5.270
HIP72934,223.594891,-11.898400,5.780
HIP72959,223.657904,-33.300617,5.850
HIP72965,223.677335,-65.991185,6.090
HIP72983,223.724992,-69.861052,6.380
HIP73036,223.892448,-60.114990,5.180
HIP73049,223.936445,-33.855800,5.320
HIP73068,223.993696,32.300039,6.120
HIP73087,224.055023,14.446265,5.900
HIP73095,224.072181,-52.809490,5.380
HIP73100,224.097119,49.626782,5.630
HIP73107,224.128575,-32.637009,6.060
HIP73111,224.133257,-47.879363,5.620
HIP73116,224.148605,-39.416179,6.360
HIP73118,224.159615,-62.364447,6.390
HIP73129,224.183110,-62.781103,5.080
HIP73133,224.192190,-11.409618,5.480
HIP73156,224.264791,21.555220,6.500
HIP73165,224.295103,-4.347600,4.470
HIP73166,224.298629,16.388091,5.720
HIP73171,224.306974,-29.157894,6.280
HIP73184,224.374652,-21.428177,5.720
HIP73193,224.388981,-0.167805,5.510
HIP73199,224.394732,65.932699,4.630
HIP73223,224.469137,-76.662774,5.370
HIP73241,224.536507,-48.865492,6.340
HIP73273,224.632711,-43.134242,2.680
HIP73279,224.651529,-39.907756,6.170
HIP73284,224.663184,-27.657377,5.650
HIP73309,224.717286,-4.990048,6.080
HIP73310,224.722450,-11.144467,5.880
HIP73334,224.790199,-42.104351,3.130
HIP73341,224.807859,-37.881391,6.450
HIP73350,224.846319,4.567726,5.910
HIP73354,224.863221,-43.159895,6.100
HIP73369,224.903670,39.265641,5.640
HIP73394,224.982216,-75.032819,6.200
HIP73415,225.046763,-77.160626,5.920
HIP73454,225.161251,47.277555,6.350
HIP73464,225.217779,22.045635,6.290
HIP73473,225.242627,-8.518968,4.910
HIP73493,225.304829,-38.058651,5.880
HIP73497,225.332821,-2.755092,5.520
HIP73507,225.362732,60.204541,5.910
HIP73536,225.453872,-0.140406,5.710
HIP73540,225.462474,-83.227254,5.650
HIP73555,225.486151,40.390351,3.490
HIP73559,225.491765,-34.359051,6.210
HIP73566,225.527488,-28.060862,5.830
HIP73568,225.527067,25.007780,4.800
HIP73571,225.535555,-7.575319,6.380
HIP73620,225.724748,2.091398,4.390
HIP73624,225.746801,-32.643439,5.450
HIP73634,225.774885,35.205863,5.520
HIP73695,225.942843,47.654199,4.830
HIP73706,225.991029,65.919646,6.220
HIP73714,226.017000,-25.282294,3.250
HIP73745,226.110014,26.947616,4.520
HIP73764,226.178698,-40.861597,6.290
HIP73771,226.195140,-83.038441,5.650
HIP73776,226.202180,-64.031280,5.160
HIP73807,226.279292,-47.051400,3.910
HIP73826,226.330061,-41.067242,5.130
HIP73841,226.357005,48.151191,5.590
HIP73850,226.391356,-30.550246,6.480
HIP73881,226.510040,-48.883462,6.480
HIP73901,226.557850,-36.264641,6.270
HIP73909,226.570167,54.556412,5.240
HIP73927,226.613640,-22.032213,6.130
HIP73937,226.638133,-30.918694,5.970
HIP73941,226.645886,36.456360,6.350
HIP73945,226.656381,-16.256989,5.190
HIP73953,226.703942,-16.484484,6.410
HIP73966,226.733186,-52.029870,6.400
HIP73996,226.826729,24.867991,4.930
HIP74000,226.835195,18.441457,6.030
HIP74006,226.858361,-49.088542,5.770
HIP74026,226.918015,5.497873,6.160
HIP74044,226.983953,-61.128716,6.490
HIP74047,226.986639,-65.275482,6.180
HIP74066,227.050268,-40.584154,5.750
HIP74083,227.081370,50.054799,6.330
HIP74087,227.099094,26.301061,5.670
HIP74096,227.148164,25.108630,5.820
HIP74100,227.163139,-42.868078,5.850
HIP74117,227.210729,-45.280049,4.070
HIP74121,227.222628,13.235789,6.160
HIP74181,227.356186,-63.643079,6.250
HIP74184,227.374576,-67.084152,5.760
HIP74224,227.530298,-38.792664,5.980
HIP74239,227.577381,-26.332683,5.750
HIP74272,227.685452,67.780939,6.180
HIP74273,227.684074,-61.422403,6.290
HIP74296,227.786916,-84.787782,5.880
HIP74305,227.816546,-55.346087,5.450
HIP74336,227.894876,-45.277349,6.440
HIP74376,227.982693,-48.738172,3.880
HIP74380,227.989348,-48.744021,5.700
HIP74386,228.017632,18.976115,5.900
HIP74391,228.049738,-19.106657,6.490
HIP74392,228.055102,-19.791950,4.540
HIP74395,228.070035,-52.099770,3.410
HIP74418,228.129780,-48.219294,6.320
HIP74421,228.141301,-72.770715,6.020
HIP74441,228.196254,10.701809,6.500
HIP74449,228.206429,-44.500577,4.830
HIP74470,228.254190,-61.743828,6.270
HIP74479,228.281731,-36.091593,6.090
HIP74490,228.322360,-24.008469,6.470
HIP74493,228.329580,-19.647930,6.070
HIP74500,228.366306,-25.309900,6.470
HIP74505,228.383182,22.984135,6.310
HIP74514,228.398200,38.264349,6.190
HIP74539,228.472025,-26.193600,5.840
HIP74552,228.496511,-61.343130,6.360
HIP74561,228.525530,31.787623,5.980
HIP74571,228.543176,42.171291,6.120
HIP74582,228.579965,-70.079537,5.750
HIP74596,228.620935,29.164503,5.280
HIP74600,228.640552,-17.768689,6.180
HIP74604,228.655416,-31.519108,4.910
HIP74605,228.663124,67.343834,5.150
HIP74623,228.710613,-5.502504,6.280
HIP74649,228.797140,4.939391,5.320
HIP74666,228.876387,33.314019,3.460
HIP74689,228.953705,0.372233,5.620
HIP74690,228.961530,50.938118,6.470
HIP74695,228.973113,6.464699,6.470
HIP74696,228.973661,-48.073723,5.960
HIP74707,229.016673,-41.491191,5.150
HIP74716,229.043516,-43.485054,6.050
HIP74732,229.095615,-22.399403,5.520
HIP74750,229.152862,-60.904026,5.740
HIP74769,229.215178,-47.864688,6.460
HIP74775,229.227763,-46.202546,6.440
HIP74778,229.237034,-60.957285,5.040
HIP74785,229.251016,-9.383070,2.610
HIP74793,229.274608,71.823970,5.020
HIP74824,229.377357,-58.802205,4.070
HIP74837,229.412075,-63.610401,4.850
HIP74857,229.457596,-30.148706,4.350
HIP74875,229.539614,-41.061237,6.300
HIP74895,229.594578,0.939280,6.500
HIP74896,229.601990,20.572681,5.680
HIP74901,229.608770,-0.461225,5.880
HIP74911,229.633107,-47.875514,4.270
HIP74929,229.672025,-31.209395,6.180
HIP74941,229.704718,-60.496368,5.430
HIP74946,229.726369,-68.679781,2.870
HIP74950,229.734727,-40.788382,5.590
HIP74975,229.831069,1.761627,5.040
HIP75000,229.874878,32.514951,6.330
HIP75003,229.881490,-37.098231,6.190
HIP75043,230.021575,51.958598,5.650
HIP75049,230.034705,29.615900,5.510
HIP75091,230.168864,-67.481601,6.270
HIP75093,230.174068,44.433614,6.140
HIP75097,230.181819,71.834146,3.000
HIP75101,230.193976,-2.414584,6.340
HIP75110,230.223606,-18.159097,6.160
HIP75118,230.255937,-15.548208,6.140
HIP75119,230.257997,0.714570,5.350
HIP75125,230.278449,24.957881,6.360
HIP75127,230.281326,-5.824933,5.540
HIP75141,230.342830,-40.647695,3.220
HIP75164,230.396948,-40.749680,6.210
HIP75177,230.450761,-36.262009,3.570
HIP75178,230.451997,32.933797,5.380
HIP75181,230.434643,-48.319653,5.650
HIP75206,230.533071,-47.928768,4.990
HIP75230,230.596832,12.567488,6.290
HIP75256,230.655356,62.046793,5.990
HIP75257,230.655741,39.581362,5.560
HIP75260,230.659866,63.340759,5.720
HIP75264,230.670105,-44.689770,3.370
HIP75272,230.688617,-29.342019,6.500
HIP75294,230.757437,-15.133916,6.460
HIP75304,230.788799,-36.858647,4.540
HIP75308,230.792744,-60.657380,5.650
HIP75312,230.802322,30.286513,4.990
HIP75323,230.844227,-59.321056,4.480
HIP75324,230.853811,-46.140483,6.490
HIP75342,230.932690,-1.022592,6.110
HIP75352,230.967376,-12.369769,5.720
HIP75369,231.021178,45.271048,6.070
HIP75379,231.049032,-10.323390,4.920
HIP75411,231.121347,37.377790,4.310
HIP75439,231.187318,-39.710683,5.360
HIP75458,231.232292,58.966192,3.290
HIP75501,231.333840,-38.733718,4.600
HIP75530,231.447373,15.427981,5.160
HIP75535,231.471546,19.480654,6.260
HIP75565,231.563286,-68.309099,5.890
HIP75572,231.571470,34.336440,5.460
HIP75587,231.634319,54.020193,6.440
HIP75647,231.825360,-36.767737,5.460
HIP75665,231.887674,-64.531646,5.710
HIP75674,231.912017,25.101532,6.010
HIP75695,231.955742,29.106342,3.660
HIP75696,231.964051,60.670194,5.900
HIP75730,232.064333,-16.716730,5.640
HIP75736,232.065911,-88.133604,6.490
HIP75742,232.113345,-51.597970,6.100
HIP75761,232.158697,1.841835,5.150
HIP75770,232.184752,47.201551,6.150
HIP75788,232.236665,55.195204,6.450
HIP75790,232.244061,-28.867133,6.430
HIP75810,232.300233,16.396067,6.380
HIP75818,232.330015,-38.635520,6.440
HIP75822,232.337523,62.099464,6.320
HIP75828,232.351036,-46.732745,5.260
HIP75915,232.588513,-41.919220,6.230
HIP75919,232.594720,31.285798,6.450
HIP75939,232.651117,-20.728768,6.200
HIP75944,232.668529,-16.609483,5.820
HIP75959,232.704796,-71.654296,6.390
HIP75973,232.732427,40.832982,5.040
HIP75974,232.730817,64.209263,5.740
HIP76006,232.842910,36.616412,6.390
HIP76008,232.852709,77.349391,5.000
HIP76013,232.878430,-73.389726,5.400
HIP76033,232.930321,-20.165153,6.280
HIP76041,232.945636,40.899222,4.980
HIP76048,232.959135,-32.881268,6.490
HIP76063,233.016989,-38.623062,6.230
HIP76069,233.040293,16.056219,6.220
HIP76106,233.152772,-19.670751,5.500
HIP76126,233.230013,-16.852956,5.530
HIP76127,233.232266,31.359067,4.140
HIP76133,233.241278,-1.186702,5.500
HIP76143,233.289418,-24.490707,6.260
HIP76165,233.351713,-40.491315,6.400
HIP76198,233.469236,17.137000,6.490
HIP76207,233.506768,-40.066686,5.820
HIP76219,233.546855,-10.066252,4.610
HIP76234,233.586631,-39.349486,6.360
HIP76243,233.610241,-9.183617,5.160
HIP76259,233.655634,-28.047213,5.130
HIP76267,233.672912,26.714035,2.220
HIP76276,233.700071,10.538890,3.800
HIP76297,233.785058,-41.166945,2.800
HIP76307,233.812373,39.010131,5.140
HIP76311,233.817300,53.922159,5.970
HIP76333,233.882075,-14.789486,3.910
HIP76337,233.887880,17.655457,6.100
HIP76366,233.955065,38.373865,6.300
HIP76371,233.971678,-44.958547,4.550
HIP76372,233.972122,11.265569,6.040
HIP76376,233.987244,54.630563,5.770
HIP76395,234.047176,-33.092986,6.260
HIP76397,234.049996,-44.397229,5.440
HIP76424,234.122363,16.119044,5.930
HIP76425,234.123589,10.009331,5.260
HIP76440,234.180449,-66.317439,4.110
HIP76456,234.223338,29.990760,6.460
HIP76470,234.255939,-28.135105,3.600
HIP76503,234.368654,-26.280034,6.190
HIP76509,234.382984,54.508582,5.850
HIP76519,234.412228,69.283727,5.650
HIP76532,234.449911,-23.142251,5.790
HIP76534,234.457199,40.353872,5.250
HIP76552,234.512005,-42.566933,4.340
HIP76567,234.565998,-28.206838,6.320
HIP76568,234.568540,46.797012,5.760
HIP76569,234.568328,-21.016853,5.820
HIP76594,234.642441,50.423075,5.840
HIP76600,234.663863,-29.777949,3.660
HIP76603,234.667130,-8.791691,6.450
HIP76608,234.675881,-39.127696,6.050
HIP76617,234.703501,34.674920,6.120
HIP76618,234.705773,-52.372922,5.430
HIP76628,234.727977,-19.302446,5.360
HIP76651,234.789594,57.924454,6.450
HIP76664,234.824586,-77.918963,6.190
HIP76666,234.838818,-23.150385,6.330
HIP76669,234.844345,36.635764,4.640
HIP76705,234.941630,-34.412027,4.660
HIP76716,234.984100,-59.909922,5.950
HIP76733,235.042990,12.052873,6.220
HIP76736,235.047434,-70.228289,6.450
HIP76739,235.064287,-31.214004,6.350
HIP76742,235.070274,-23.818138,4.970
HIP76750,235.088640,-73.446838,5.640
HIP76809,235.242264,-47.736405,6.210
HIP76810,235.246415,16.024464,6.000
HIP76829,235.295829,-44.663161,4.640
HIP76852,235.387272,19.670083,4.510
HIP76866,235.447860,12.847495,5.340
HIP76877,235.477654,-76.082246,5.950
HIP76878,235.477413,18.464455,5.800
HIP76880,235.486405,-19.679596,4.750
HIP76935,235.655068,-49.489719,6.020
HIP76939,235.659208,-37.425054,5.230
HIP76945,235.670710,-34.710631,4.750
HIP76952,235.684791,26.296010,3.810
HIP76957,235.710806,52.361121,5.480
HIP76985,235.793727,13.667402,6.480
HIP76996,235.827872,-84.464561,5.570
HIP77007,235.853550,-15.043932,6.300
HIP77042,235.980280,-60.287254,6.460
HIP77048,235.996849,32.515743,5.570
HIP77052,236.007254,2.514108,5.860
HIP77055,236.015184,77.794475,4.290
HIP77060,236.018076,-15.673301,5.410
HIP77070,236.067968,6.425952,2.630
HIP77086,236.094320,-41.819302,5.930
HIP77111,236.175320,17.264275,6.150
HIP77138,236.247654,-50.785633,6.410
HIP77163,236.348046,5.447292,5.570
HIP77186,236.414697,0.891007,6.320
HIP77227,236.523334,-1.804427,5.390
HIP77233,236.547418,15.421522,3.650
HIP77235,236.553041,-28.061644,6.490
HIP77257,236.609226,7.352569,4.420
HIP77272,236.643495,55.475361,5.940
HIP77277,236.667220,62.599141,5.190
HIP77286,236.684072,-34.682650,5.610
HIP77287,236.689187,-6.120346,6.240
HIP77336,236.821743,14.115580,5.710
HIP77350,236.854941,-40.194524,6.410
HIP77358,236.867636,-37.917886,6.010
HIP77370,236.908169,55.376662,5.850
HIP77390,236.970674,-65.442598,5.540
HIP77397,237.007486,31.735293,6.410
HIP77412,237.055373,13.788302,5.980
HIP77442,237.143382,28.156664,5.890
HIP77450,237.184504,18.140911,4.090
HIP77454,237.210102,-52.438343,6.050
HIP77464,237.236440,-3.818468,5.530
HIP77512,237.397896,26.067925,4.590
HIP77516,237.404307,-3.430410,3.540
HIP77541,237.489291,-48.912485,5.860
HIP77562,237.529221,-53.210058,5.780
HIP77574,237.568345,-45.401961,6.110
HIP77578,237.573327,2.196158,5.210
HIP77622,237.704970,4.478185,3.710
HIP77634,237.739688,-33.627348,3.970
HIP77635,237.744669,-25.751478,4.630
HIP77645,237.778327,-55.055556,5.740
HIP77655,237.807977,35.654825,4.790
HIP77660,237.814283,-3.090700,5.090
HIP77661,237.815869,20.978051,4.740
HIP77678,237.879818,-47.061046,6.000
HIP77689,237.909836,-14.133636,6.200
HIP77729,238.052216,-29.887181,6.390
HIP77738,238.068723,55.827111,5.810
HIP77760,238.172924,42.456152,4.600
HIP77782,238.233399,17.403089,6.290
HIP77801,238.299272,13.192481,6.070
HIP77811,238.333547,-20.167180,5.040
HIP77817,238.345476,-62.606687,6.220
HIP77835,238.395448,16.074766,6.210
HIP77840,238.402878,-25.327329,4.590
HIP77853,238.457165,-16.728297,4.130
HIP77858,238.474541,-24.533344,5.380
HIP77859,238.482661,-23.978271,5.410
HIP77900,238.625348,-27.338833,6.150
HIP77902,238.643567,20.311285,5.450
HIP77907,238.657404,43.139054,5.350
HIP77909,238.664615,-25.243928,5.870
HIP77910,238.667837,8.580332,6.280
HIP77927,238.719285,-60.743681,6.140
HIP77939,238.751437,-19.383061,5.950
HIP77952,238.783144,-63.433686,2.830
HIP77982,238.873185,-68.603047,5.110
HIP77984,238.875058,-26.266213,5.630
HIP77985,238.877480,-31.083460,6.210
HIP77986,238.877257,42.566317,5.730
HIP77990,238.884274,-60.178171,5.780
HIP77995,238.915994,18.620666,6.260
HIP78012,238.948535,37.947547,5.430
HIP78017,238.956371,58.911970,6.310
HIP78045,239.024185,-60.482999,5.760
HIP78046,239.028534,-39.864494,6.040
HIP78058,239.058849,-31.785851,6.290
HIP78059,239.060445,-14.399970,6.320
HIP78072,239.115609,15.652179,3.850
HIP78078,239.139605,-14.829697,6.110
HIP78104,239.221027,-29.214258,3.870
HIP78105,239.223106,-33.966472,5.140
HIP78106,239.225670,-33.964647,5.590
HIP78117,239.265042,-48.162994,6.310
HIP78132,239.309802,14.415122,5.540
HIP78142,239.338770,-36.185435,5.780
HIP78153,239.373696,39.695454,6.300
HIP78159,239.396278,26.877437,4.140
HIP78168,239.418521,-20.983245,5.840
HIP78180,239.446025,54.750546,4.960
HIP78207,239.547282,-14.279481,4.950
HIP78236,239.628210,-37.504039,6.310
HIP78246,239.645187,-24.831665,5.430
HIP78265,239.712877,-26.114294,2.890
HIP78276,239.740686,36.643977,5.610
HIP78279,239.742149,-65.037635,5.740
HIP78286,239.768525,49.880634,6.040
HIP78323,239.875772,-41.744558,4.990
HIP78355,239.975523,-54.020970,6.100
HIP78360,239.979675,-78.027818,6.400
HIP78384,240.030384,-38.396905,3.420
HIP78400,240.076817,-16.536279,5.470
HIP78401,240.083286,-22.621982,2.290
HIP78436,240.198353,-8.411441,5.530
HIP78442,240.212742,4.427917,5.820
HIP78445,240.223931,-40.435238,6.210
HIP78459,240.259446,33.297819,5.390
HIP78469,240.276532,-54.578202,6.120
HIP78476,240.294606,-63.776564,6.420
HIP78481,240.309304,17.819522,5.100
HIP78486,240.331554,-31.889146,6.330
HIP78493,240.360381,29.851010,4.980
HIP78527,240.468462,58.567717,4.010
HIP78540,240.518531,-51.120884,6.380
HIP78542,240.523177,52.915648,5.930
HIP78554,240.573756,22.804631,4.820
HIP78575,240.664536,-29.135870,6.070
HIP78592,240.700104,46.036254,4.720
HIP78603,240.718307,-62.541786,6.250
HIP78632,240.788716,59.410514,6.190
HIP78639,240.804149,-49.229619,4.650
HIP78649,240.830759,36.631687,5.790
HIP78650,240.835395,-25.865517,4.960
HIP78655,240.850633,-38.602751,4.900
HIP78661,240.880205,76.794089,5.730
HIP78662,240.882332,-57.775641,4.630
HIP78665,240.892849,-32.000753,6.000
HIP78685,240.940099,4.986961,6.070
HIP78699,240.977891,-24.726268,6.220
HIP78710,241.025767,-59.176212,6.400
HIP78726,241.073996,-33.213969,6.100
HIP78731,241.088812,-53.710502,6.460
HIP78747,241.152287,-37.863806,5.910
HIP78820,241.359247,-19.805636,2.560
HIP78821,241.360379,-19.801915,4.900
HIP78840,241.408136,8.096254,6.270
HIP78849,241.436020,-6.291086,6.350
HIP78868,241.481955,-72.400372,5.700
HIP78870,241.498967,-6.139793,6.390
HIP78877,241.526492,-23.606530,5.900
HIP78893,241.581425,67.810595,5.440
HIP78914,241.622822,-45.172912,4.730
HIP78918,241.647964,-36.802517,4.220
HIP78933,241.701697,-20.669367,3.930
HIP78955,241.762078,-14.071205,6.320
HIP78970,241.818003,-36.756092,5.720
HIP78985,241.842299,21.822299,6.150
HIP78989,241.850344,-56.190954,6.160
HIP78990,241.851704,-20.869097,4.310
HIP79005,241.901416,-12.745613,5.750
HIP79007,241.906254,9.891691,5.630
HIP79031,241.966123,-24.462525,6.320
HIP79043,242.018601,17.046940,5.000
HIP79045,242.020491,17.054166,6.250
HIP79050,242.032404,-26.326722,5.350
HIP79072,242.116879,8.534265,5.690
HIP79086,242.151915,8.612956,6.470
HIP79098,242.182088,-23.685606,5.860
HIP79101,242.192160,44.935170,4.230
HIP79102,242.194143,17.205412,6.130
HIP79119,242.242562,36.493472,4.730
HIP79120,242.245067,3.454565,5.930
HIP79125,242.261761,57.938129,6.330
HIP79137,242.298637,6.373199,5.930
HIP79153,242.327127,-57.934757,5.570
HIP79164,242.357857,55.829146,6.430
HIP79173,242.382071,-32.649234,6.180
HIP79195,242.460316,-3.466724,5.390
HIP79199,242.468908,-33.546136,5.500
HIP79203,242.479787,-18.341129,6.430
HIP79208,242.496408,-62.967601,6.500
HIP79280,242.706318,75.877660,5.480
HIP79302,242.757927,-29.416867,5.090
HIP79320,242.823064,-41.120727,5.860
HIP79332,242.869757,16.665734,6.090
HIP79349,242.908315,23.494715,5.740
HIP79350,242.915040,33.342869,6.300
HIP79357,242.948271,42.374751,5.890
HIP79358,242.950149,36.424888,5.620
HIP79374,242.998814,-19.460894,4.000
HIP79375,242.999791,-10.064459,4.930
HIP79385,243.027233,39.055367,6.390
HIP79387,243.030810,-8.547565,5.430
HIP79399,243.066648,-28.417606,5.670
HIP79404,243.075769,-27.926543,4.580
HIP79414,243.105479,67.143863,6.210
HIP79420,243.132785,75.210944,6.360
HIP79441,243.190002,26.670349,6.480
HIP79463,243.235550,-4.220955,6.260
HIP79488,243.314563,5.021048,5.460
HIP79490,243.320666,-53.671194,6.030
HIP79497,243.343453,-55.541256,5.780
HIP79509,243.369652,-54.630632,4.950
HIP79522,243.410436,-1.475110,6.450
HIP79530,243.439494,-24.422233,6.400
HIP79540,243.462060,-11.837821,5.240
HIP79581,243.557018,5.901691,6.300
HIP79593,243.586072,-3.695375,2.730
HIP79596,243.593116,-33.011226,5.910
HIP79599,243.620228,-21.107855,6.410
HIP79601,243.639140,73.395144,6.020
HIP79605,243.662807,-18.536576,6.320
HIP79607,243.667988,33.857973,5.230
HIP79622,243.722545,-25.477139,6.060
HIP79653,243.813455,-47.372359,5.130
HIP79661,243.849546,-42.899458,6.140
HIP79664,243.859513,-63.685781,3.860
HIP79666,243.868793,18.807463,5.720
HIP79672,243.907007,-8.373092,5.490
HIP79686,243.946908,27.421793,6.140
HIP79689,243.957342,-57.912717,5.610
HIP79692,243.964610,-14.849104,6.090
HIP79754,244.180412,-53.811114,5.450
HIP79757,244.186804,29.150135,5.800
HIP79781,244.230707,-3.953300,6.180
HIP79787,244.244897,-53.697066,6.400
HIP79788,244.246620,-20.104140,6.400
HIP79790,244.253869,-50.068151,4.970
HIP79797,244.271858,-67.941908,5.950
HIP79804,244.314025,59.755211,5.370
HIP79812,244.336521,-53.086751,6.300
HIP79822,244.374174,75.757228,4.950
HIP79834,244.430537,1.496705,6.500
HIP79867,244.540318,68.554875,6.390
HIP79881,244.574312,-28.614760,4.800
HIP79882,244.580979,-4.692216,3.230
HIP79938,244.751584,-14.872833,5.970
HIP79945,244.782297,-20.218185,6.290
HIP79953,244.796505,49.038405,5.930
HIP79963,244.823586,-42.674041,5.440
HIP79980,244.887081,-30.906555,5.530
HIP79992,244.935025,46.313655,3.910
HIP80000,244.958474,-50.155897,4.010
HIP80008,244.978612,39.708566,5.480
HIP80021,245.017628,21.132228,6.040
HIP80047,245.086413,-78.696014,4.680
HIP80054,245.105428,-55.139811,5.760
HIP80057,245.111862,-78.667724,5.270
HIP80066,245.135776,-39.430675,6.110
HIP80079,245.159051,-24.169428,4.550
HIP80112,245.297063,-25.592929,2.900
HIP80161,245.452659,69.109313,5.260
HIP80170,245.479700,19.153458,3.740
HIP80179,245.516976,1.029393,4.820
HIP80181,245.523470,30.892789,4.860
HIP80197,245.589319,33.798770,5.200
HIP80208,245.616520,-49.572545,5.320
HIP80212,245.621029,-43.912134,5.890
HIP80214,245.621699,33.703846,5.400
HIP80227,245.662052,-2.079924,6.240
HIP80247,245.735593,32.332960,6.410
HIP80309,245.946096,61.696711,5.670
HIP80324,245.986241,-33.199598,6.450
HIP80331,245.997638,61.514630,2.730
HIP80337,246.006015,-39.192955,5.370
HIP80343,246.025602,-20.037677,4.480
HIP80351,246.045154,6.948315,5.830
HIP80375,246.105708,55.205248,5.750
HIP80390,246.132184,-37.566268,5.420
HIP80399,246.166277,-29.705267,5.400
HIP80421,246.225854,-45.349611,6.320
HIP80455,246.341943,-63.125153,6.140
HIP80460,246.350724,37.394080,5.530
HIP80463,246.354269,14.032829,4.570
HIP80473,246.396285,-23.447362,4.570
HIP80480,246.426753,78.964621,5.550
HIP80514,246.547079,11.407589,6.110
HIP80558,246.708799,2.347823,6.060
HIP80569,246.755942,-18.456415,4.220
HIP80582,246.795855,-47.554938,4.460
HIP80610,246.884507,2.870557,6.350
HIP80620,246.931058,-7.599058,5.240
HIP80628,246.950275,-8.371824,4.620
HIP80645,246.989657,-64.057750,5.280
HIP80650,246.995501,68.768386,4.940
HIP80672,247.060414,-37.180079,5.790
HIP80675,247.062902,-58.600055,5.670
HIP80682,247.087756,67.043962,6.450
HIP80686,247.120650,-70.083586,4.900
HIP80693,247.141641,0.664502,5.410
HIP80704,247.160883,41.881636,4.830
HIP80708,247.175861,0.054133,6.460
HIP80710,247.181369,51.407790,6.310
HIP80719,247.203562,-8.129358,6.490
HIP80763,247.351836,-26.432173,1.060
HIP80782,247.426329,-46.243257,5.350
HIP80788,247.438392,-57.756340,6.090
HIP80793,247.445762,-14.550823,5.660
HIP80809,247.524673,48.960674,6.440
HIP80815,247.551962,-25.115419,4.790
HIP80816,247.554241,21.489506,2.780
HIP80840,247.625089,-7.514431,6.460
HIP80843,247.639097,20.478710,5.240
HIP80850,247.659072,77.448523,6.350
HIP80874,247.705519,-61.633569,5.190
HIP80883,247.728204,1.983386,3.820
HIP80888,247.761519,35.224943,6.250
HIP80894,247.784523,-16.613013,4.290
HIP80898,247.805889,22.195515,5.760
HIP80910,247.844993,-26.537919,6.070
HIP80911,247.845452,-34.704503,4.240
HIP80920,247.866921,72.612748,6.270
HIP80945,247.924001,-41.817153,5.310
HIP80953,247.946707,45.598575,5.610
HIP80975,248.034325,-21.466123,4.450
HIP80991,248.107257,60.823251,5.920
HIP81007,248.148805,5.521217,5.630
HIP81008,248.149885,11.487458,4.840
HIP81065,248.359331,-78.897719,3.860
HIP81122,248.520920,-44.045334,4.860
HIP81126,248.525670,42.437481,4.200
HIP81141,248.580290,-70.988195,5.500
HIP81198,248.781986,-45.244823,6.430
HIP81231,248.859476,17.057332,6.420
HIP81252,248.937227,-65.495611,5.500
HIP81266,248.970573,-28.216182,2.820
HIP81289,249.046575,46.613357,5.830
HIP81290,249.047452,52.900259,5.530
HIP81292,249.057030,52.924624,5.070
HIP81300,249.092724,-2.326848,5.770
HIP81304,249.093763,-35.255237,4.180
HIP81305,249.093976,-42.858883,5.460
HIP81337,249.178807,15.497232,6.360
HIP81358,249.229194,63.072175,6.170
HIP81377,249.289838,-10.566903,2.540
HIP81404,249.390603,5.277434,6.480
HIP81425,249.449802,13.686576,6.300
HIP81428,249.469053,78.918980,6.330
HIP81437,249.502010,56.015997,5.280
HIP81440,249.506420,-6.538082,6.050
HIP81472,249.609437,-43.398578,5.830
HIP81497,249.686371,48.928539,4.860
HIP81499,249.698886,-8.618685,6.440
HIP81507,249.719554,-60.990655,6.160
HIP81523,249.771671,-37.217693,5.930
HIP81580,249.913119,-9.555669,6.330
HIP81632,250.143949,-20.408440,6.250
HIP81641,250.161193,4.219710,5.770
HIP81650,250.185132,-51.477302,6.300
HIP81657,250.211070,-60.446979,6.170
HIP81659,250.213689,12.395002,6.080
HIP81660,250.229669,64.588927,4.840
HIP81663,250.234956,-8.309633,6.470
HIP81670,250.252160,24.858720,6.070
HIP81687,250.298250,-1.000397,6.250
HIP81691,250.319632,1.245326,6.400
HIP81693,250.317697,31.605266,2.810
HIP81702,250.335047,-48.762917,5.570
HIP81710,250.346060,-68.296210,5.890
HIP81724,250.393093,-17.742174,4.910
HIP81728,250.400318,-24.468032,6.070
HIP81729,250.402912,26.916550,5.920
HIP81733,250.417573,-49.651572,5.620
HIP81734,250.426259,1.181624,5.740
HIP81741,250.438898,-33.146177,5.840
HIP81754,250.473925,-19.924068,5.550
HIP81800,250.617236,49.935648,6.480
HIP81803,250.621026,-37.079973,6.470
HIP81823,250.701732,-62.553995,6.230
HIP81833,250.724332,38.921628,3.480
HIP81840,250.744209,55.690710,6.180
HIP81847,250.764851,-46.070322,6.220
HIP81852,250.762258,-77.520048,4.230
HIP81854,250.777620,77.515493,5.990
HIP81873,250.842479,-67.432615,6.020
HIP81891,250.911263,-32.106115,6.460
HIP81903,250.940049,-41.119398,6.210
HIP81904,250.948229,-38.156664,6.050
HIP81911,250.964757,34.039227,6.020
HIP81914,250.975230,-41.113496,6.140
HIP81966,251.165478,-53.152384,5.960
HIP81972,251.177363,-40.839834,5.640
HIP81992,251.250559,-28.509660,5.990
HIP82012,251.299068,43.216797,6.070
HIP82020,251.324544,56.782372,4.840
HIP82028,251.344009,15.744916,5.600
HIP82037,251.373617,1.020210,6.020
HIP82073,251.457864,8.582731,5.150
HIP82080,251.493423,82.037296,4.210
HIP82091,251.526520,-46.532235,6.470
HIP82110,251.588414,-58.503674,5.740
HIP82129,251.666397,-67.109789,5.100
HIP82135,251.699667,-39.377155,5.480
HIP82162,251.790564,2.064414,6.070
HIP82171,251.831844,-58.341589,5.550
HIP82172,251.832293,42.238732,5.860
HIP82216,251.943244,5.246461,5.220
HIP82241,252.037101,13.590168,6.380
HIP82259,252.112265,-14.909486,6.030
HIP82273,252.166522,-69.027957,1.910
HIP82321,252.309466,45.982945,4.820
HIP82339,252.365303,-15.667876,6.180
HIP82350,252.394190,13.260962,5.910
HIP82355,252.418932,43.430368,6.180
HIP82363,252.446967,-59.041564,3.770
HIP82369,252.459147,-10.783603,4.640
HIP82396,252.535749,-34.295115,2.290
HIP82402,252.581140,7.247617,5.480
HIP82405,252.592727,-2.654687,6.320
HIP82418,252.650267,-50.044969,6.450
HIP82419,252.649741,41.896964,6.290
HIP82422,252.662278,29.806516,5.730
HIP82426,252.679996,32.553997,6.160
HIP82453,252.750090,-37.514605,6.100
HIP82480,252.853748,1.215844,5.510
HIP82493,252.890510,-41.230537,5.230
HIP82504,252.938678,24.656473,5.030
HIP82514,252.967552,-38.047539,3.000
HIP82517,252.974499,-65.375555,6.120
HIP82539,253.072946,-67.681995,6.330
HIP82543,253.080173,-41.854517,6.360
HIP82545,253.083824,-38.017711,3.560
HIP82554,253.114155,-40.723299,6.350
HIP82587,253.241151,31.701548,5.340
HIP82611,253.322751,47.417414,5.990
HIP82621,253.354644,-20.415756,5.860
HIP82650,253.426633,-43.051202,5.950
HIP82669,253.495228,-41.994344,6.280
HIP82671,253.498855,-42.362041,4.700
HIP82672,253.501025,-57.910409,5.910
HIP82673,253.501563,10.165104,4.390
HIP82676,253.507633,-41.806407,5.460
HIP82691,253.541929,-41.825061,6.070
HIP82693,253.544261,-1.612894,6.250
HIP82716,253.612266,-42.478938,5.840
HIP82723,253.631478,-49.710833,6.490
HIP82729,253.644704,-42.362990,3.620
HIP82730,253.648501,-6.154143,5.230
HIP82731,253.650072,-30.587351,6.340
HIP82764,253.730304,20.958499,5.390
HIP82775,253.743763,-41.150868,5.780
HIP82780,253.759169,25.730538,6.060
HIP82783,253.763873,-42.090851,6.300
HIP82798,253.816900,13.619659,6.350
HIP82802,253.841484,18.433300,5.350
HIP82806,253.852970,-63.269760,5.990
HIP82855,253.990748,-33.506825,6.290
HIP82860,254.010417,65.135170,4.880
HIP82861,254.008304,-16.806035,6.330
HIP82868,254.036731,-50.674860,6.300
HIP82880,254.069708,73.127716,6.290
HIP82898,254.104799,65.039365,6.400
HIP82902,254.119490,-52.284058,5.940
HIP82911,254.149908,-40.823454,6.180
HIP82925,254.200137,-23.150419,5.570
HIP82944,254.254217,-71.111908,6.460
HIP82951,254.266442,-19.539908,6.270
HIP82960,254.296612,-33.259563,5.480
HIP82979,254.358332,-10.964027,6.150
HIP82987,254.379426,25.352958,6.270
HIP82989,254.382886,13.884626,6.380
HIP83000,254.414899,9.374962,3.190
HIP83007,254.426332,24.381112,6.350
HIP83013,254.458983,42.512149,6.360
HIP83057,254.574647,-50.641467,5.530
HIP83081,254.654849,-55.990401,3.120
HIP83090,254.673149,-14.869856,6.480
HIP83100,254.717840,-37.620788,6.050
HIP83114,254.760716,69.185949,6.410
HIP83138,254.839032,56.688864,6.040
HIP83150,254.891275,-69.268261,5.790
HIP83153,254.896049,-53.160280,4.060
HIP83176,254.990467,-25.092308,5.880
HIP83187,255.026077,-54.597717,5.640
HIP83196,255.040014,-24.989474,5.740
HIP83202,255.059202,-44.988791,6.500
HIP83207,255.071996,30.926603,3.920
HIP83216,255.112161,-48.648351,5.980
HIP83235,255.154052,-35.934607,5.950
HIP83254,255.242166,22.631924,5.690
HIP83255,255.244478,-86.364297,6.050
HIP83262,255.264708,-4.223218,4.820
HIP83269,255.279237,-56.555265,6.400
HIP83289,255.319944,60.649044,6.160
HIP83308,255.387764,14.949709,6.270
HIP83313,255.401527,33.568272,5.270
HIP83317,255.417441,75.296985,6.170
HIP83321,255.443017,-51.131356,6.430
HIP83323,255.447412,-58.958301,6.260
HIP83331,255.463323,-18.885664,6.280
HIP83336,255.469266,-32.143875,5.030
HIP83342,255.495934,8.450688,6.330
HIP83359,255.565331,64.600992,6.110
HIP83365,255.571516,31.884287,6.410
HIP83367,255.578340,25.506351,5.760
HIP83430,255.782987,14.091482,4.970
HIP83431,255.786299,-53.238243,5.270
HIP83462,255.876142,35.413731,6.190
HIP83478,255.913593,13.605096,5.910
HIP83481,255.923682,-47.160532,6.070
HIP83491,255.963037,-38.152828,5.910
HIP83493,255.969241,19.690576,6.350
HIP83494,255.972730,34.790177,6.080
HIP83499,255.986568,-37.844108,6.480
HIP83504,255.992017,13.566462,6.060
HIP83535,256.102961,-57.712345,5.730
HIP83556,256.140262,-68.278849,6.470
HIP83565,256.172386,19.599116,6.190
HIP83567,256.188812,-20.494884,6.290
HIP83574,256.205658,-34.122954,4.830
HIP83575,256.207634,48.803432,6.110
HIP83593,256.270624,43.812237,6.450
HIP83594,256.272106,-45.502381,6.280
HIP83601,256.319960,0.700092,6.000
HIP83608,256.333099,54.470586,4.910
HIP83613,256.344922,12.740747,4.890
HIP83635,256.384442,-0.892084,5.630
HIP83650,256.452087,-44.104858,6.180
HIP83677,256.540244,9.733908,6.380
HIP83684,256.549110,-21.565131,6.290
HIP83688,256.554655,10.453925,6.380
HIP83692,256.574433,22.083868,5.560
HIP83693,256.584047,-37.227770,5.980
HIP83706,256.618222,-35.451068,6.150
HIP83738,256.720922,-1.656393,6.340
HIP83740,256.721753,-26.513116,6.260
HIP83816,256.944167,40.515794,6.340
HIP83834,257.002863,31.206046,6.440
HIP83838,257.008385,35.935048,5.410
HIP83853,257.056797,-1.079773,6.060
HIP83854,257.061936,-17.609310,5.980
HIP83857,257.071066,50.842461,6.460
HIP83895,257.196348,65.714824,3.170
HIP83896,257.197984,-30.404219,5.930
HIP83906,257.226765,-3.884156,6.350
HIP83947,257.388144,40.777087,5.070
HIP83962,257.450195,-10.524100,5.430
HIP83984,257.526107,-61.675503,6.370
HIP84012,257.594835,-15.724191,2.430
HIP84021,257.627479,52.408705,6.300
HIP84033,257.676032,-44.558228,5.060
HIP84054,257.763086,24.237917,6.200
HIP84105,257.911221,-48.873431,5.940
HIP84108,257.918005,49.746495,6.120
HIP84113,257.938746,7.894862,6.340
HIP84143,258.038502,-43.241305,3.320
HIP84150,258.067398,-39.507477,5.660
HIP84151,258.069180,-38.822885,6.300
HIP84158,258.083908,-70.721657,6.210
HIP84175,258.104363,-27.762480,6.120
HIP84177,258.115920,10.584982,5.320
HIP84183,258.135962,62.874691,5.540
HIP84226,258.244007,-32.438347,5.950
HIP84248,258.322127,-67.197254,5.870
HIP84311,258.555927,-56.888570,6.080
HIP84332,258.615208,-39.766662,6.420
HIP84345,258.661854,14.390574,2.780
HIP84379,258.757794,24.838043,3.120
HIP84380,258.761569,36.809182,3.160
HIP84401,258.830191,-33.548442,5.600
HIP84402,258.834382,-14.584183,5.980
HIP84405,258.833640,-26.611250,4.330
HIP84425,258.898311,-38.596758,5.950
HIP84431,258.922466,23.742932,5.990
HIP84445,258.963837,-30.211064,6.200
HIP84478,259.051873,-26.554416,6.330
HIP84479,259.059503,2.186077,6.170
HIP84489,259.089057,-35.752818,6.090
HIP84496,259.121986,60.670720,6.320
HIP84500,259.132123,1.210429,5.890
HIP84510,259.148026,-74.533394,6.240
HIP84514,259.152611,-0.445768,4.720
HIP84524,259.178049,-6.245031,6.080
HIP84535,259.228441,89.037685,6.310
HIP84551,259.264368,-32.663248,5.530
HIP84556,259.273096,-44.778621,6.460
HIP84573,259.331503,33.100058,4.800
HIP84599,259.399372,23.090592,6.250
HIP84606,259.417360,37.291967,4.640
HIP84626,259.502355,-24.286958,5.140
HIP84631,259.520672,17.317804,6.000
HIP84649,259.580306,-16.311800,6.280
HIP84650,259.585436,-32.553161,6.360
HIP84656,259.596858,38.811941,5.970
HIP84671,259.654186,10.863756,5.030
HIP84690,259.699184,-44.129865,5.760
HIP84691,259.702588,28.822919,5.680
HIP84700,259.714680,-62.874753,6.500
HIP84709,259.747956,-34.990460,5.910
HIP84720,259.775924,-46.635431,5.470
HIP84731,259.802105,-59.694674,5.930
HIP84759,259.877227,-50.064000,6.270
HIP84769,259.905210,80.136400,5.740
HIP84780,259.943936,2.139710,6.430
HIP84792,259.972266,-17.756739,6.030
HIP84801,259.998471,-5.918934,6.310
HIP84821,260.041082,25.537479,5.360
HIP84833,260.078695,18.056671,5.010
HIP84835,260.087728,46.241081,5.510
HIP84855,260.142773,48.188766,6.360
HIP84856,260.141893,-19.334797,6.500
HIP84862,260.165981,32.460083,5.380
HIP84880,260.207243,-12.846855,4.320
HIP84883,260.219683,-10.696576,6.460
HIP84887,260.225708,24.499421,5.130
HIP84893,260.253582,-21.114440,4.390
HIP84934,260.380257,28.758107,6.370
HIP84938,260.389300,16.731115,6.350
HIP84947,260.422897,-24.906386,6.360
HIP84949,260.431794,39.974166,5.550
HIP84950,260.439229,53.420447,5.690
HIP84969,260.497243,-67.770725,4.760
HIP84970,260.502333,-24.999719,3.270
HIP84979,260.524448,-70.123297,5.390
HIP85019,260.658951,-35.909991,6.420
HIP85020,260.663386,-37.804636,6.330
HIP85042,260.714063,-2.388968,6.280
HIP85048,260.728295,-37.221068,5.910
HIP85049,260.730027,-58.010442,5.860
HIP85068,260.779750,-56.525519,5.760
HIP85079,260.816912,-47.468327,5.210
HIP85084,260.839968,-28.143046,5.300
HIP85112,260.920264,37.146014,4.150
HIP85139,260.990101,8.852520,5.770
HIP85147,261.004496,-62.864219,5.690
HIP85149,261.009289,38.583045,6.480
HIP85157,261.027102,22.960014,5.700
HIP85162,261.054470,-44.162800,5.100
HIP85169,261.078323,-60.673889,5.760
HIP85181,261.112763,36.952258,6.250
HIP85185,261.131496,16.300794,5.750
HIP85187,261.140888,15.606129,6.340
HIP85195,261.154449,-18.445821,6.340
HIP85207,261.175007,-21.441678,5.820
HIP85235,261.242333,67.306732,6.440
HIP85237,261.261102,-34.696194,6.140
HIP85242,261.276175,-24.243595,6.170
HIP85258,261.324868,-55.530066,2.840
HIP85267,261.348575,-56.377844,3.310
HIP85268,261.349264,52.790312,6.460
HIP85290,261.422206,60.048572,5.650
HIP85302,261.476413,16.917699,6.090
HIP85307,261.491600,-1.651392,6.440
HIP85312,261.500343,-50.633442,5.190
HIP85313,261.503675,26.878883,6.380
HIP85317,261.520045,58.651996,6.490
HIP85333,261.579210,7.595592,6.010
HIP85340,261.592544,-24.176175,4.160
HIP85355,261.628674,4.140412,4.340
HIP85365,261.657164,-5.086911,4.530
HIP85379,261.684347,48.260043,5.830
HIP85382,261.692048,34.696119,5.940
HIP85385,261.704701,20.081096,5.520
HIP85389,261.716512,-45.843233,5.280
HIP85391,261.730331,-25.943659,6.420
HIP85393,261.734985,-51.948919,6.170
HIP85397,261.759264,-12.512954,6.200
HIP85405,261.791128,-15.853422,6.480
HIP85409,261.801965,-50.630384,5.900
HIP85423,261.838757,-29.868044,4.280
HIP85442,261.906396,-29.724800,5.980
HIP85450,261.933757,8.441729,6.420
HIP85470,261.989843,-52.297588,5.720
HIP85474,262.009110,-8.209328,6.370
HIP85480,262.032635,-63.036407,6.220
HIP85520,262.162180,-55.169750,5.930
HIP85537,262.206424,0.330771,5.410
HIP85543,262.233677,-36.778317,5.980
HIP85549,262.253559,-43.973978,6.300
HIP85589,262.356921,-38.516849,6.380
HIP85622,262.447030,-5.919953,6.360
HIP85666,262.594483,11.924118,6.470
HIP85667,262.598218,-1.064188,5.310
HIP85670,262.608007,52.301472,2.790
HIP85688,262.667546,38.882294,6.430
HIP85692,262.681701,57.876722,6.220
HIP85693,262.684771,26.110769,4.410
HIP85696,262.690941,-37.296026,2.700
HIP85699,262.703646,86.968118,5.780
HIP85715,262.730748,31.158254,5.630
HIP85727,262.773963,-60.684579,3.600
HIP85749,262.838753,2.724648,5.570
HIP85751,262.846999,-56.920995,5.990
HIP85755,262.854010,-23.962834,4.780
HIP85760,262.864365,-80.859453,5.830
HIP85783,262.934872,-26.269875,6.050
HIP85786,262.947262,-33.703390,6.430
HIP85788,262.954602,-46.036802,6.040
HIP85790,262.956647,28.407688,5.660
HIP85792,262.960068,-49.876639,2.840
HIP85805,262.990907,68.136001,5.070
HIP85819,263.045680,55.184642,4.890
HIP85822,263.055073,86.586857,4.350
HIP85826,263.062025,11.930167,6.420
HIP85829,263.068357,55.173418,4.860
HIP85839,263.102522,-34.279651,6.160
HIP85888,263.279639,41.242992,5.720
HIP85889,263.280804,-41.173092,5.840
HIP85912,263.344870,19.256005,5.650
HIP85922,263.374038,-5.745505,5.610
HIP85923,263.381776,57.558758,6.150
HIP85927,263.402093,-37.104041,1.620
HIP85930,263.414072,16.317092,5.680
HIP85934,263.428413,14.841057,6.360
HIP85975,263.569924,-48.526495,6.320
HIP85998,263.652949,9.586628,5.800
HIP86011,263.677082,-32.581674,5.690
HIP86019,263.693153,-11.241975,5.540
HIP86032,263.734445,12.558396,2.080
HIP86036,263.751881,61.870685,5.230
HIP86060,263.827054,-22.043884,6.470
HIP86064,263.832868,-53.353062,6.090
HIP86088,263.895763,-59.846169,6.260
HIP86092,263.914711,-46.505966,4.560
HIP86096,263.926617,37.301616,6.130
HIP86098,263.929370,-37.440140,6.480
HIP86118,263.998253,20.996131,6.110
HIP86130,264.033764,28.185309,6.400
HIP86153,264.089212,27.566128,6.370
HIP86170,264.136641,-38.636650,4.260
HIP86178,264.153352,30.785137,6.040
HIP86182,264.157208,48.586106,5.350
HIP86184,264.165532,69.569129,6.330
HIP86201,264.237912,68.760333,4.770
HIP86219,264.287463,72.455907,5.870
HIP86228,264.329761,-42.997831,1.860
HIP86246,264.362161,-38.066384,6.260
HIP86248,264.363805,-50.060361,5.890
HIP86254,264.379510,24.310059,5.760
HIP86263,264.396375,-15.399008,3.540
HIP86266,264.400868,-15.571043,5.940
HIP86284,264.461223,-8.118921,4.580
HIP86305,264.522435,-54.501535,5.250
HIP86311,264.535123,-42.880492,6.090
HIP86313,264.539487,-10.926331,5.740
HIP86352,264.686611,-21.912759,6.190
HIP86373,264.740904,13.329582,6.120
HIP86391,264.785764,2.027884,6.250
HIP86414,264.866129,46.006361,3.820
HIP86462,264.989589,31.202552,6.050
HIP86476,265.049712,-2.152377,6.080
HIP86486,265.100320,-49.416895,4.760
HIP86501,265.157009,43.471084,6.360
HIP86506,265.171123,31.286925,6.300
HIP86510,265.184758,-67.854325,6.480
HIP86527,265.243932,-32.214512,6.010
HIP86537,265.272707,24.513658,6.370
HIP86546,265.295746,15.178340,6.340
HIP86552,265.317776,-46.921887,5.780
HIP86561,265.340450,51.818180,6.000
HIP86565,265.353100,-12.875713,4.240
HIP86575,265.384658,6.313132,5.970
HIP86614,265.485309,72.146857,4.570
HIP86620,265.492755,72.154897,5.810
HIP86623,265.494261,15.953188,5.540
HIP86628,265.515100,-50.510814,6.280
HIP86667,265.617738,24.563294,5.560
HIP86670,265.621919,-39.030171,2.390
HIP86698,265.712988,-36.945737,5.530
HIP86713,265.772716,44.084576,6.380
HIP86716,265.778569,-33.051329,6.440
HIP86725,265.823824,-27.884008,6.400
HIP86731,265.838943,24.328353,5.730
HIP86732,265.841769,14.295374,6.220
HIP86736,265.856719,-21.683522,4.860
HIP86742,265.867845,4.568472,2.760
HIP86768,265.945867,-7.079684,6.300
HIP86769,265.951171,-13.509516,6.360
HIP86782,265.996711,53.801595,5.750
HIP86796,266.036101,-51.835460,5.120
HIP86809,266.071832,14.410175,6.180
HIP86831,266.142113,2.579541,6.160
HIP86847,266.175082,-42.729309,5.870
HIP86871,266.232968,-57.545630,5.970
HIP86925,266.417679,31.504661,6.220
HIP86929,266.433124,-64.724286,3.610
HIP86974,266.612362,27.715155,3.420
HIP87042,266.780354,-38.112367,6.410
HIP87044,266.783606,17.696932,5.610
HIP87045,266.783338,47.612288,6.470
HIP87072,266.890080,-27.830867,4.530
HIP87073,266.896174,-40.127044,2.990
HIP87074,266.903081,-14.725953,5.930
HIP87099,266.940012,-22.477861,6.180
HIP87108,266.972994,2.706723,3.750
HIP87150,267.084453,3.804267,6.220
HIP87158,267.103397,20.565482,5.690
HIP87163,267.115970,-26.974985,6.310
HIP87174,267.158348,-55.401488,6.090
HIP87192,267.199401,19.255084,6.130
HIP87194,267.204750,25.622586,5.090
HIP87212,267.267326,50.782681,5.020
HIP87220,267.293692,-31.703261,4.790
HIP87224,267.329285,1.961981,6.440
HIP87234,267.363543,76.964706,5.020
HIP87261,267.464863,-37.043100,3.190
HIP87264,267.470965,-61.714842,6.410
HIP87293,267.542220,78.306609,6.250
HIP87294,267.546335,-40.090455,4.780
HIP87308,267.595641,29.322495,5.510
HIP87314,267.618330,-53.612483,5.680
HIP87335,267.681622,11.946303,6.190
HIP87341,267.701728,22.316177,6.140
HIP87379,267.796199,-53.130264,6.090
HIP87390,267.885101,-40.772866,5.940
HIP87393,267.897793,-60.164171,5.780
HIP87404,267.935772,-45.600765,6.090
HIP87427,267.993532,15.326668,6.430
HIP87428,267.997671,-1.236788,6.330
HIP87434,268.004079,46.642722,6.370
HIP87445,268.019549,39.982468,6.010
HIP87460,268.056944,-34.799235,5.880
HIP87472,268.082370,-34.416878,5.840
HIP87491,268.147439,1.304904,5.910
HIP87495,268.161265,-6.143614,6.180
HIP87516,268.205121,-34.114869,6.050
HIP87523,268.220380,-41.997925,6.190
HIP87532,268.240104,-35.624712,6.030
HIP87540,268.265066,-10.899784,6.170
HIP87558,268.308164,6.101938,5.770
HIP87563,268.325190,40.008330,5.170
HIP87564,268.325444,-65.489078,6.480
HIP87567,268.331595,-34.730871,6.140
HIP87569,268.347816,-34.895170,5.580
HIP87585,268.383271,56.873220,3.730
HIP87616,268.478242,-34.752756,6.000
HIP87624,268.492269,-34.831087,6.410
HIP87655,268.558509,11.129357,6.240
HIP87670,268.611045,75.171588,6.390
HIP87671,268.613027,-34.466756,6.100
HIP87706,268.725190,-24.887115,6.180
HIP87722,268.783481,-36.475683,6.050
HIP87728,268.796621,72.005106,5.430
HIP87744,268.848965,55.972310,6.090
HIP87747,268.854981,26.050028,5.470
HIP87777,268.961698,22.464220,5.620
HIP87782,268.979141,-18.802303,6.480
HIP87808,269.063275,37.250592,3.860
HIP87812,269.076648,0.670352,5.820
HIP87813,269.079241,-15.813008,5.930
HIP87822,269.102460,-65.724084,6.360
HIP87833,269.151454,51.488725,2.240
HIP87836,269.174591,-28.065528,5.760
HIP87846,269.197572,-44.342390,4.850
HIP87847,269.198899,-4.081888,5.440
HIP87850,269.202341,45.350619,6.220
HIP87865,269.233160,-40.305627,6.460
HIP87866,269.233377,6.487718,6.280
HIP87875,269.268136,0.066597,5.950
HIP87895,269.309561,23.996432,6.320
HIP87910,269.362366,11.044467,6.330
HIP87926,269.423721,-76.177959,6.080
HIP87928,269.428031,-56.896338,6.260
HIP87933,269.441855,29.247742,3.700
HIP87936,269.449168,-41.716406,4.880
HIP87948,269.490713,-39.136694,6.280
HIP87998,269.625611,30.189301,4.410
HIP88012,269.662703,-28.759127,5.990
HIP88020,269.676390,36.287436,6.030
HIP88030,269.717944,45.476419,6.480
HIP88038,269.732136,-36.858277,5.740
HIP88048,269.756548,-9.774487,3.320
HIP88060,269.772021,-30.253086,5.000
HIP88101,269.903157,-4.821776,5.860
HIP88116,269.948102,-23.816503,4.740
HIP88122,269.984231,45.501128,5.690
HIP88125,270.000359,-20.339720,6.220
HIP88127,270.016474,80.001801,6.110
HIP88128,270.014177,16.750841,4.670
HIP88136,270.039879,80.005008,5.740
HIP88148,270.065459,0.629468,6.360
HIP88149,270.065833,4.368520,4.790
HIP88172,270.115286,19.505792,6.420
HIP88175,270.122007,-3.690596,4.620
HIP88190,270.151524,33.213508,6.010
HIP88192,270.161313,2.931507,3.930
HIP88213,270.220252,6.268243,6.360
HIP88217,270.238246,15.092819,6.280
HIP88258,270.346322,-17.156917,6.270
HIP88267,270.376755,21.596068,4.260
HIP88274,270.392125,-85.215893,6.450
HIP88277,270.399779,33.311410,6.180
HIP88290,270.438444,1.304976,4.420
HIP88294,270.451178,-36.378048,6.300
HIP88298,270.476576,-22.780320,5.720
HIP88331,270.596025,20.833581,5.250
HIP88346,270.625611,22.923190,6.220
HIP88380,270.712911,-24.282598,5.370
HIP88404,270.770617,-8.180626,4.770
HIP88415,270.787257,48.464368,6.260
HIP88429,270.810641,19.613154,6.410
HIP88469,270.968525,-24.360743,5.890
HIP88522,271.155660,1.918946,6.140
HIP88528,271.167671,23.941480,6.340
HIP88550,271.209803,-35.901689,5.980
HIP88565,271.253145,41.947013,6.380
HIP88567,271.255144,-29.580121,4.660
HIP88599,271.362920,-81.486931,6.370
HIP88601,271.364613,2.493013,4.030
HIP88604,271.375670,21.646636,6.180
HIP88635,271.451569,-30.425427,2.980
HIP88636,271.456876,32.230527,5.720
HIP88657,271.507814,22.218840,4.960
HIP88670,271.530807,-8.324079,5.840
HIP88671,271.530787,-0.446220,6.320
HIP88675,271.538438,-51.743952,6.460
HIP88684,271.564369,-4.751476,5.740
HIP88694,271.599735,-36.019729,5.940
HIP88714,271.657703,-50.091545,3.650
HIP88726,271.707966,-43.425987,4.920
HIP88732,271.722865,50.823502,6.310
HIP88745,271.755592,30.562962,5.050
HIP88754,271.776232,49.710587,6.320
HIP88760,271.797298,-21.443954,6.220
HIP88765,271.826578,8.734090,4.640
HIP88771,271.836980,9.564434,3.710
HIP88788,271.869770,43.461464,5.000
HIP88794,271.885619,28.762543,3.840
HIP88815,271.951402,-64.550599,6.400
HIP88816,271.950628,-17.153731,5.520
HIP88817,271.956169,26.097559,5.790
HIP88818,271.956494,26.101459,5.830
HIP88836,272.008516,36.399894,5.490
HIP88839,272.020947,-28.457326,4.550
HIP88859,272.125428,-45.767143,6.130
HIP88862,272.140516,14.284712,6.340
HIP88866,272.145290,-63.670081,4.330
HIP88876,272.160772,-21.449579,6.420
HIP88886,272.189529,20.814511,4.370
HIP88899,272.220336,20.045078,5.100
HIP88929,272.293228,30.470555,6.360
HIP88964,272.391594,3.993243,5.710
HIP88972,272.403148,38.454330,6.380
HIP88981,272.430861,-13.934460,6.380
HIP89000,272.475161,3.118403,5.670
HIP89006,272.489529,-59.040202,6.380
HIP89008,272.495925,36.466366,5.570
HIP89010,272.499851,-32.720739,6.390
HIP89020,272.524323,-30.728874,5.530
HIP89023,272.536352,16.476506,6.090
HIP89042,272.608003,-62.000469,5.470
HIP89047,272.633009,54.288369,5.970
HIP89065,272.668054,3.324217,5.500
HIP89086,272.730625,-33.800075,6.130
HIP89096,272.768323,-47.513342,6.070
HIP89099,272.773458,-41.359395,5.860
HIP89104,272.779735,60.409565,6.500
HIP89112,272.807183,-45.954692,4.520
HIP89114,272.811571,-19.842185,6.330
HIP89115,272.816215,-75.893677,5.860
HIP89153,272.930613,-23.701439,4.960
HIP89156,272.938109,33.447146,5.980
HIP89172,272.975530,31.405536,4.960
HIP89234,273.140794,-73.674350,5.860
HIP89246,273.177471,41.146516,6.360
HIP89279,273.270012,38.773549,6.040
HIP89290,273.302878,-41.336155,5.470
HIP89298,273.319507,21.880705,6.140
HIP89341,273.440894,-21.058844,3.840
HIP89347,273.467570,2.393383,6.430
HIP89348,273.479165,64.397552,4.990
HIP89369,273.566131,-21.713336,5.490
HIP89370,273.567643,-63.690109,6.470
HIP89439,273.803798,-20.728279,5.290
HIP89440,273.804067,-20.387988,5.960
HIP89448,273.821434,68.755341,5.960
HIP89470,273.878194,-18.661593,6.050
HIP89474,273.884541,45.208476,6.300
HIP89482,273.911551,42.159352,5.560
HIP89487,273.918755,-63.055542,5.580
HIP89507,273.973357,-44.206353,5.450
HIP89512,273.991376,-3.618018,6.350
HIP89527,274.023160,2.377306,6.100
HIP89587,274.221388,-3.009413,5.990
HIP89597,274.253846,-51.068351,6.060
HIP89604,274.276827,40.937195,6.120
HIP89605,274.281319,-56.023447,5.360
HIP89609,274.298431,-17.373990,5.810
HIP89620,274.350027,-28.290091,6.360
HIP89622,274.350448,-28.652171,6.180
HIP89623,274.350711,-9.758920,6.290
HIP89637,274.400983,-34.107327,6.030
HIP89642,274.405707,-36.762912,3.100
HIP89674,274.503999,-68.229382,6.320
HIP89677,274.512234,13.776985,6.290
HIP89678,274.513327,-27.042661,4.660
HIP89684,274.532120,18.131710,6.240
HIP89683,274.532300,23.296819,6.450
HIP89726,274.667363,-42.288442,6.300
HIP89772,274.789403,7.259781,5.410
HIP89773,274.794563,24.446099,5.300
HIP89805,274.917740,-63.888595,6.170
HIP89826,274.965318,36.064851,4.330
HIP89827,274.966944,29.666418,6.010
HIP89835,274.983218,51.347444,6.300
HIP89851,275.036931,-15.831982,5.390
HIP89861,275.074774,21.960861,4.920
HIP89908,275.189189,71.338077,4.220
HIP89918,275.216938,3.377227,4.850
HIP89920,275.229930,-37.487702,6.460
HIP89925,275.237376,29.859323,5.610
HIP89931,275.248754,-29.828297,2.720
HIP89935,275.254279,28.870313,5.120
HIP89937,275.274210,72.730255,3.550
HIP89943,275.279783,49.725639,6.390
HIP89962,275.323469,-2.903983,3.230
HIP89968,275.345754,-18.860047,5.760
HIP89977,275.368312,5.435667,6.140
HIP89980,275.380731,-24.915292,6.190
HIP89981,275.385853,49.121969,5.020
HIP90012,275.500633,-28.429988,6.150
HIP90023,275.536338,23.285749,5.410
HIP90037,275.577021,-38.657102,5.090
HIP90052,275.647222,12.029788,5.990
HIP90067,275.704881,17.826734,5.250
HIP90074,275.721134,-36.669747,5.330
HIP90083,275.758854,-10.219147,6.320
HIP90086,275.762118,16.687896,6.220
HIP90096,275.800619,-12.014899,5.710
HIP90098,275.806763,-61.493888,4.350
HIP90124,275.870169,-36.237948,5.520
HIP90133,275.901968,-75.044129,5.470
HIP90135,275.915322,-8.933998,4.660
HIP90139,275.926055,21.767964,3.850
HIP90146,275.950161,53.300758,6.350
HIP90156,275.977070,58.801193,4.980
HIP90163,275.988734,38.739310,6.410
HIP90174,276.014831,-3.583506,6.360
HIP90182,276.039434,83.175228,6.160
HIP90185,276.042667,-34.385529,1.790
HIP90191,276.057247,39.507205,5.110
HIP90200,276.076016,-44.110422,5.240
HIP90223,276.138406,-49.653984,6.450
HIP90238,276.176531,-7.076129,6.280
HIP90253,276.238410,-1.579443,6.150
HIP90256,276.243599,27.394677,6.270
HIP90260,276.254894,-30.757082,5.580
HIP90289,276.337730,-20.541890,4.810
HIP90290,276.340004,-35.992009,6.140
HIP90304,276.381804,-63.022284,6.130
HIP90313,276.411628,8.031952,5.640
HIP90336,276.477511,-33.945798,6.300
HIP90337,276.480062,14.966086,6.370
HIP90342,276.495137,29.828750,5.810
HIP90344,276.497930,65.563281,4.820
HIP90398,276.670544,26.449170,6.500
HIP90414,276.725081,-48.117649,5.440
HIP90422,276.743238,-45.968852,3.490
HIP90437,276.786964,-8.040332,6.500
HIP90441,276.802106,0.196043,5.200
HIP90476,276.926165,59.549395,6.430
HIP90478,276.932235,-26.635117,6.310
HIP90485,276.956168,-29.816753,5.900
HIP90487,276.959655,3.748510,6.070
HIP90494,276.985314,-17.800378,6.190
HIP90496,276.992320,-25.423071,2.820
HIP90497,276.994881,6.193933,5.710
HIP90510,277.025629,-26.757509,6.280
HIP90509,277.027470,-84.387323,6.490
HIP90541,277.112968,-38.995978,5.630
HIP90568,277.209124,-49.072275,4.100
HIP90595,277.299413,-14.565839,4.670
HIP90597,277.303643,-43.845777,6.360
HIP90606,277.332352,-80.233175,5.950
HIP90637,277.398795,23.866188,5.870
HIP90642,277.420974,-1.985557,5.380
HIP90647,277.437399,77.547063,5.650
HIP90651,277.444996,-14.581876,6.020
HIP90662,277.483386,-47.220645,5.690
HIP90664,277.487064,-57.523326,5.740
HIP90687,277.549687,-18.729460,5.630
HIP90692,277.559549,-5.724293,6.270
HIP90729,277.673678,20.813104,6.490
HIP90759,277.762260,-41.914066,6.020
HIP90762,277.768291,16.928403,5.760
HIP90763,277.770167,-32.989457,5.370
HIP90797,277.843425,-62.278638,4.630
HIP90804,277.857073,-10.795966,5.770
HIP90806,277.859511,-18.402855,5.120
HIP90830,277.939265,-45.915026,4.920
HIP90842,277.984249,-43.507438,5.710
HIP90844,277.987544,-1.003011,5.930
HIP90853,278.008123,-45.757467,5.070
HIP90858,278.028773,3.659627,6.410
HIP90884,278.086041,-14.644423,6.360
HIP90887,278.089161,-39.704278,5.160
HIP90905,278.143849,57.045547,4.770
HIP90913,278.180506,-14.865687,5.470
HIP90915,278.192417,23.616876,5.880
HIP90923,278.208265,30.554294,5.470
HIP90930,278.230744,-73.966238,5.880
HIP90936,278.254578,-39.892613,6.220
HIP90967,278.344538,-5.911925,6.360
HIP90969,278.346290,-38.720125,6.310
HIP90968,278.346384,-38.726145,5.670
HIP90971,278.347089,8.268184,6.420
HIP90981,278.373084,-58.709550,6.400
HIP90982,278.376068,-42.312665,4.620
HIP90991,278.412793,-14.853684,5.740
HIP91004,278.472831,-24.032335,5.490
HIP91013,278.486196,52.353539,5.380
HIP91014,278.490711,-33.016642,5.280
HIP91062,278.629473,-52.891830,6.210
HIP91090,278.697936,10.892038,6.480
HIP91105,278.760338,-10.977243,5.120
HIP91117,278.801634,-8.246389,3.850
HIP91118,278.802675,18.203465,5.790
HIP91119,278.806300,34.458083,6.100
HIP91132,278.839096,-20.840452,6.490
HIP91139,278.876682,23.605535,5.620
HIP91142,278.902277,4.935768,6.470
HIP91159,278.972133,16.975173,6.210
HIP91172,278.998554,-29.699177,6.360
HIP91196,279.055605,65.489331,6.070
HIP91217,279.115918,9.121505,5.380
HIP91235,279.155515,33.469033,5.410
HIP91237,279.162583,6.670743,5.430
HIP91250,279.189986,43.221736,6.210
HIP91262,279.236498,38.785808,0.030
HIP91279,279.287858,16.198653,6.310
HIP91315,279.389476,62.526978,5.740
HIP91322,279.399926,-0.309618,5.760
HIP91347,279.476755,-21.398208,5.930
HIP91369,279.518665,-14.004838,6.490
HIP91373,279.527044,39.668389,6.020
HIP91394,279.599208,-3.193393,6.490
HIP91405,279.627971,-23.505037,5.780
HIP91438,279.721929,-21.052989,5.850
HIP91461,279.809810,-47.909658,5.840
HIP91491,279.887784,40.935050,6.250
HIP91494,279.896202,-43.186189,5.420
HIP91499,279.903673,5.264302,6.360
HIP91523,279.964979,7.358261,6.260
HIP91525,279.970115,52.196232,6.000
HIP91532,280.001453,-7.791074,5.820
HIP91533,280.007917,30.849723,6.430
HIP91552,280.051006,38.367245,6.450
HIP91606,280.235160,62.749863,6.100
HIP91662,280.377678,-48.095529,6.470
HIP91675,280.422192,31.617658,6.410
HIP91677,280.426931,-14.564250,6.400
HIP91689,280.465358,-23.833629,6.220
HIP91707,280.533688,34.746280,6.490
HIP91723,280.560635,-81.808238,6.270
HIP91726,280.568504,-9.052534,4.700
HIP91733,280.594220,-64.643256,6.350
HIP91751,280.650444,-7.073720,6.130
HIP91755,280.658111,55.539629,5.030
HIP91781,280.729477,-19.284454,6.320
HIP91792,280.758929,-71.429278,4.010
HIP91811,280.793241,70.792810,6.280
HIP91820,280.819043,39.300019,6.450
HIP91843,280.870946,53.871676,6.180
HIP91845,280.880378,-8.275130,4.880
HIP91852,280.900637,36.557029,6.040
HIP91854,280.905774,-64.551769,5.760
HIP91875,280.945601,-38.323837,5.110
HIP91880,280.963687,-6.818443,6.300
HIP91883,280.964699,31.925685,5.680
HIP91901,281.033320,-36.718642,6.310
HIP91915,281.076107,61.048286,6.020
HIP91918,281.080676,-35.642186,4.860
HIP91919,281.084861,39.670566,4.670
HIP91926,281.094971,39.613103,4.590
HIP91958,281.168023,23.589253,6.300
HIP91971,281.193407,37.605311,4.340
HIP91973,281.201009,37.594767,5.730
HIP91974,281.206670,-25.011068,5.820
HIP91975,281.208140,2.059927,5.020
HIP91985,281.230940,54.897170,6.260
HIP91989,281.238232,-39.686234,5.400
HIP92008,281.298339,-61.095369,6.040
HIP92016,281.327941,-21.001824,6.350
HIP92021,281.349023,-56.882124,6.220
HIP92024,281.362541,-64.872354,4.780
HIP92027,281.368300,5.500142,5.820
HIP92040,281.409135,79.943171,6.400
HIP92041,281.414523,-26.990775,3.170
HIP92043,281.415452,20.543837,4.190
HIP92056,281.444973,74.086156,5.250
HIP92072,281.483333,-50.872827,6.240
HIP92079,281.504716,-19.606318,6.340
HIP92088,281.518819,26.662310,4.830
HIP92098,281.554210,41.441809,6.060
HIP92111,281.586120,-22.392151,5.370
HIP92112,281.592378,75.434469,5.370
HIP92117,281.619297,-0.961852,5.890
HIP92131,281.672462,18.705725,6.180
HIP92133,281.679634,52.987931,5.910
HIP92136,281.680518,-10.125077,5.690
HIP92161,281.755939,18.182395,4.340
HIP92175,281.793573,-4.747984,4.220
HIP92202,281.870299,-5.705378,5.380
HIP92226,281.936128,-40.406304,5.200
HIP92233,281.954026,-77.867149,6.390
HIP92243,281.989051,31.756807,6.060
HIP92254,282.011064,4.241527,6.200
HIP92269,282.066799,48.767914,6.120
HIP92270,282.068543,23.514699,6.190
HIP92294,282.157405,-65.078255,5.710
HIP92296,282.164611,-6.004076,6.490
HIP92301,282.189220,-18.601131,6.460
HIP92308,282.210608,-43.680200,5.460
HIP92312,282.222560,19.328565,5.890
HIP92367,282.364646,-45.809678,5.800
HIP92382,282.395791,-43.434289,5.600
HIP92386,282.405071,0.836081,6.240
HIP92390,282.417091,-20.324401,5.220
HIP92391,282.420647,-5.912949,5.990
HIP92394,282.432037,-72.995752,6.040
HIP92398,282.441316,32.812782,5.930
HIP92405,282.470387,32.550964,5.220
HIP92420,282.519985,33.362634,3.520
HIP92456,282.629839,-13.572321,6.480
HIP92475,282.689846,10.976439,6.370
HIP92480,282.710249,-22.162450,6.290
HIP92488,282.743837,-9.774077,5.820
HIP92487,282.744422,-41.062714,6.500
HIP92512,282.801341,59.388538,4.630
HIP92524,282.842329,-3.318014,6.080
HIP92549,282.894884,52.976922,5.510
HIP92550,282.899558,28.783706,6.220
HIP92551,282.902112,36.539071,6.100
HIP92593,283.007972,13.965586,6.190
HIP92599,283.030174,41.383233,6.280
HIP92608,283.049658,-41.709419,6.470
HIP92609,283.054299,-62.187693,4.220
HIP92614,283.068393,21.425068,5.430
HIP92630,283.113746,-46.595118,5.510
HIP92635,283.117953,-26.651219,6.280
HIP92643,283.154356,-29.380019,6.120
HIP92646,283.165586,-52.108074,5.180
HIP92669,283.249624,-46.586247,6.170
HIP92674,283.257708,-9.575407,6.270
HIP92676,283.259614,-48.361475,6.170
HIP92687,283.300019,-51.931527,6.300
HIP92689,283.306493,50.708017,4.920
HIP92717,283.388617,75.787520,6.330
HIP92728,283.431509,36.971702,5.580
HIP92731,283.443204,57.486442,6.240
HIP92747,283.500391,-21.359994,5.680
HIP92761,283.542429,-22.744876,4.860
HIP92768,283.555137,27.909004,5.640
HIP92782,283.600265,71.297502,4.820
HIP92791,283.626118,36.898637,4.220
HIP92814,283.679622,-15.603078,5.080
HIP92818,283.687071,22.645084,4.570
HIP92822,283.695871,48.858424,5.840
HIP92824,283.691985,-87.606838,5.290
HIP92831,283.717397,41.602706,5.460
HIP92833,283.718770,33.968563,5.990
HIP92845,283.780615,-22.671555,5.000
HIP92855,283.816464,-26.297110,2.050
HIP92862,283.833939,43.946681,4.080
HIP92866,283.848221,-37.386607,6.480
HIP92872,283.864395,6.614636,5.580
HIP92882,283.878998,-16.377989,5.560
HIP92931,284.002786,-23.173852,5.910
HIP92937,284.025143,18.104232,5.690
HIP92946,284.055203,4.203794,4.620
HIP92951,284.061402,4.202361,4.980
HIP92953,284.070389,-42.710900,5.350
HIP92963,284.094398,-1.800008,6.200
HIP92968,284.106784,2.471149,6.140
HIP92969,284.106937,65.257871,5.620
HIP92972,284.113561,-31.689095,6.450
HIP92989,284.168811,-37.343415,5.360
HIP92997,284.187401,57.814414,5.670
HIP93012,284.227975,-62.801864,6.470
HIP93015,284.237506,-67.233372,4.400
HIP93017,284.258393,32.900213,5.200
HIP93026,284.265735,-5.846615,4.830
HIP93049,284.309624,-43.917215,6.270
HIP93051,284.319085,2.535254,5.560
HIP93053,284.322333,62.396473,6.500
HIP93057,284.335308,-20.656381,5.020
HIP93068,284.368865,58.225358,6.470
HIP93074,284.393334,-39.822921,6.290
HIP93085,284.432780,-21.106745,3.520
HIP93104,284.507861,38.266204,5.890
HIP93117,284.542911,-83.422294,6.350
HIP93124,284.561446,17.360839,5.330
HIP93134,284.588282,-31.036334,6.090
HIP93138,284.598695,6.239140,6.220
HIP93140,284.603471,-22.529394,6.140
HIP93148,284.615811,-52.938694,4.850
HIP93163,284.650328,-60.200311,5.140
HIP93174,284.679594,-37.108170,4.830
HIP93177,284.694135,40.679191,6.200
HIP93179,284.695522,13.906269,5.910
HIP93194,284.735901,32.689570,3.250
HIP93197,284.747496,50.809196,6.320
HIP93203,284.774068,13.621325,5.270
HIP93209,284.795648,-39.534944,6.490
HIP93210,284.801218,39.217312,6.430
HIP93225,284.849167,-12.840682,5.510
HIP93234,284.861575,-18.566570,6.370
HIP93238,284.871889,-70.469519,6.490
HIP93244,284.905263,15.067755,4.020
HIP93256,284.940194,26.230321,5.260
HIP93270,284.991996,22.814585,6.280
HIP93279,285.003488,32.145586,4.940
HIP93287,285.015034,-66.653932,5.980
HIP93299,285.057067,50.533489,5.390
HIP93315,285.103831,-24.941868,6.350
HIP93340,285.180927,55.658247,5.510
HIP93354,285.230060,33.802181,6.040
HIP93371,285.267871,-37.061709,6.440
HIP93374,285.272703,19.309582,6.470
HIP93393,285.322314,26.291344,5.690
HIP93408,285.360011,46.934178,5.000
HIP93418,285.389615,-15.282626,6.310
HIP93423,285.407281,-22.695359,6.250
HIP93429,285.419941,-5.739407,4.020
HIP93437,285.451549,33.621250,6.390
HIP93443,285.456055,22.264518,6.440
HIP93466,285.529230,52.260817,6.350
HIP93470,285.535772,-41.910580,6.210
HIP93488,285.589932,8.373568,6.250
HIP93498,285.615144,-24.848131,5.630
HIP93506,285.652860,-29.880078,2.600
HIP93523,285.719299,19.661000,6.110
HIP93526,285.727164,-3.698936,5.400
HIP93537,285.765876,-19.245770,5.960
HIP93542,285.779158,-42.095439,4.740
HIP93543,285.779258,-19.103050,6.370
HIP93552,285.823850,-38.253040,5.730
HIP93574,285.873207,-68.755577,5.890
HIP93580,285.884560,1.818263,5.820
HIP93624,285.990248,-51.019691,5.930
HIP93629,286.004432,-57.959932,6.300
HIP93666,286.100685,-5.684842,6.480
HIP93667,286.104430,-31.047220,5.490
HIP93683,286.171354,-21.741924,3.760
HIP93713,286.229814,53.396809,5.400
HIP93717,286.240458,-4.031617,5.400
HIP93718,286.241769,31.743510,5.630
HIP93720,286.243042,30.733238,6.070
HIP93733,286.290921,49.923206,6.450
HIP93747,286.352482,13.862776,2.990
HIP93763,286.421586,-15.660495,5.930
HIP93770,286.446338,29.921590,6.320
HIP93805,286.562105,-4.883219,3.430
HIP93815,286.583469,-52.341758,5.170
HIP93825,286.605459,-37.065496,4.230
HIP93843,286.657836,28.629216,5.530
HIP93845,286.660446,24.250899,5.780
HIP93855,286.717145,-16.229398,6.000
HIP93858,286.716982,-37.813358,6.150
HIP93860,286.728355,-50.323377,6.290
HIP93862,286.731816,-48.299235,5.950
HIP93864,286.734628,-27.672267,3.320
HIP93867,286.744183,11.070996,5.070
HIP93887,286.784669,-18.738301,6.280
HIP93903,286.825539,36.100125,5.250
HIP93917,286.857611,32.501974,5.200
HIP93925,286.878510,-28.636856,6.050
HIP93966,286.989340,16.851144,6.080
HIP93975,287.015024,21.699481,6.220
HIP93993,287.060719,-24.657434,6.300
HIP93996,287.069636,-19.290297,5.560
HIP94005,287.087805,-40.496901,4.570
HIP94013,287.106393,52.425327,5.880
HIP94054,287.218679,-55.721276,6.440
HIP94068,287.249573,6.072630,5.230
HIP94083,287.292375,76.559620,5.110
HIP94114,287.368835,-37.905185,4.110
HIP94130,287.415598,-39.827398,6.440
HIP94140,287.440916,65.978724,6.260
HIP94141,287.440956,-21.023886,2.880
HIP94144,287.450798,-19.804267,6.110
HIP94149,287.465000,-0.428161,6.340
HIP94150,287.472732,-68.424762,5.310
HIP94157,287.490223,-41.892337,5.860
HIP94160,287.507366,-39.341067,4.100
HIP94243,287.757943,-39.004775,6.340
HIP94272,287.828509,-29.502449,6.280
HIP94280,287.846590,40.428905,6.200
HIP94290,287.879357,26.735636,6.350
HIP94302,287.919603,56.859566,5.130
HIP94311,287.941683,31.283433,5.930
HIP94336,288.018899,49.860351,5.850
HIP94372,288.117072,-21.658546,6.390
HIP94376,288.140205,67.662220,3.070
HIP94382,288.153175,21.554607,6.020
HIP94385,288.169729,-7.939570,5.350
HIP94398,288.192697,-50.486730,6.120
HIP94434,288.306928,-25.906854,5.790
HIP94437,288.314779,-12.282808,5.510
HIP94477,288.427978,2.293688,5.140
HIP94478,288.433496,5.515506,6.470
HIP94481,288.439515,39.145964,4.430
HIP94490,288.479569,57.704637,5.000
HIP94556,288.665288,-45.193819,5.910
HIP94598,288.761237,20.203041,6.030
HIP94604,288.783784,83.462798,6.500
HIP94620,288.822617,21.232176,5.650
HIP94623,288.829826,50.071155,6.270
HIP94624,288.833723,15.083569,5.580
HIP94630,288.853876,30.526188,5.880
HIP94643,288.885492,-25.256911,4.860
HIP94645,288.889346,-24.180101,6.250
HIP94648,288.885438,73.356235,4.450
HIP94646,288.888939,18.516427,6.460
HIP94685,288.997917,27.926307,6.180
HIP94703,289.054341,21.390383,4.760
HIP94712,289.090569,-45.465944,5.380
HIP94713,289.092055,38.133740,4.350
HIP94720,289.111690,14.544618,5.650
HIP94724,289.119325,-69.191036,6.250
HIP94727,289.129414,4.834718,5.590
HIP94755,289.214006,47.001250,6.020
HIP94770,289.252114,-65.227879,6.420
HIP94779,289.276343,53.369364,3.800
HIP94789,289.301100,-66.661080,5.520
HIP94820,289.408587,-18.952986,4.880
HIP94827,289.431822,23.025513,5.460
HIP94833,289.450790,2.031519,6.190
HIP94834,289.454162,11.595515,5.280
HIP94858,289.541014,-53.387685,6.360
HIP94885,289.635473,1.085261,5.100
HIP94890,289.658010,49.569787,6.320
HIP94910,289.701703,19.610480,6.500
HIP94913,289.712390,0.339092,6.400
HIP94916,289.719831,9.617794,6.310
HIP94929,289.749731,-15.538641,6.090
HIP94932,289.754857,37.445447,6.250
HIP94974,289.901999,54.375778,6.230
HIP94981,289.911954,37.329191,6.290
HIP94982,289.913987,12.374803,5.530
HIP94986,289.916704,-35.421534,5.590
HIP95002,289.971424,11.535128,6.030
HIP95038,290.067135,57.645165,5.910
HIP95066,290.137934,-5.415436,4.980
HIP95067,290.137775,35.185966,6.300
HIP95073,290.148731,-0.892138,5.460
HIP95077,290.158867,-22.402329,5.590
HIP95081,290.167257,65.714837,4.600
HIP95149,290.374654,-34.984289,6.480
HIP95154,290.397822,76.559590,6.220
HIP95159,290.404641,-19.234530,6.250
HIP95167,290.418658,79.602636,6.060
HIP95168,290.417957,-17.847033,3.920
HIP95176,290.431769,-15.955064,4.520
HIP95188,290.462849,-18.309072,5.840
HIP95211,290.539187,-42.016253,6.330
HIP95222,290.590210,-0.252546,5.810
HIP95235,290.638995,33.517943,6.090
HIP95239,290.658182,-51.231316,6.420
HIP95241,290.659620,-44.459130,3.960
HIP95253,290.701516,9.913938,6.340
HIP95260,290.712001,26.262323,5.220
HIP95261,290.713644,-54.424542,5.030
HIP95281,290.768647,-7.400773,6.310
HIP95294,290.805602,-44.800174,4.270
HIP95319,290.892407,33.223165,6.370
HIP95340,290.945559,20.264359,6.400
HIP95347,290.971862,-40.616829,3.960
HIP95352,290.985570,43.387970,5.850
HIP95369,291.022505,-68.371088,6.330
HIP95370,291.025281,36.452672,6.440
HIP95372,291.031665,29.621418,4.990
HIP95396,291.089727,-43.722074,6.130
HIP95398,291.091919,16.937618,6.270
HIP95408,291.125837,-27.866065,6.030
HIP95447,291.247887,11.949153,5.170
HIP95453,291.256643,-4.884478,6.500
HIP95456,291.266739,-29.309814,5.910
HIP95477,291.319220,-24.508957,5.020
HIP95485,291.340376,-13.896724,5.720
HIP95487,291.343259,20.271601,6.310
HIP95492,291.355922,24.908129,6.190
HIP95498,291.369921,19.797839,5.140
HIP95503,291.373443,-23.962555,5.450
HIP95501,291.376446,3.115369,3.360
HIP95556,291.538059,36.317991,5.170
HIP95557,291.546133,-15.053255,5.710
HIP95560,291.555221,20.097467,5.600
HIP95564,291.580097,-21.776726,5.570
HIP95572,291.600662,13.024236,5.760
HIP95576,291.610829,62.557423,6.380
HIP95582,291.619535,19.891139,5.840
HIP95585,291.629529,0.338553,4.640
HIP95619,291.735479,-29.743588,5.660
HIP95656,291.858022,52.320233,5.730
HIP95664,291.891339,14.282449,6.310
HIP95673,291.901642,37.941164,6.300
HIP95690,291.950418,-54.325196,5.700
HIP95732,292.086680,2.929918,5.840
HIP95771,292.175381,24.664117,4.440
HIP95785,292.237915,24.768848,5.820
HIP95793,292.254116,1.950203,5.790
HIP95812,292.325207,0.246004,6.250
HIP95818,292.337093,20.279613,6.340
HIP95820,292.339003,-7.044155,6.370
HIP95822,292.342691,14.595844,5.570
HIP95823,292.350208,-43.446041,5.700
HIP95853,292.426719,51.730722,3.760
HIP95865,292.467618,-26.985931,5.460
HIP95866,292.469469,-55.442243,6.140
HIP95898,292.543907,2.904064,6.080
HIP95929,292.638112,3.444413,6.090
HIP95932,292.644648,-55.110151,6.290
HIP95937,292.666160,-2.788965,5.030
HIP95947,292.680286,27.959640,3.050
HIP95951,292.689134,27.965269,5.120
HIP95953,292.695141,36.228414,6.260
HIP95965,292.725315,-21.312399,6.110
HIP95978,292.750943,70.989582,6.060
HIP95999,292.795979,-68.434019,5.980
HIP96003,292.806445,55.731702,6.370
HIP96014,292.830232,50.307043,5.550
HIP96016,292.840173,26.617357,5.890
HIP96052,292.943019,34.452942,4.740
HIP96095,293.057035,-44.546146,6.480
HIP96100,293.099909,69.648375,4.670
HIP96141,293.224604,-53.185669,5.760
HIP96164,293.291998,60.158730,6.300
HIP96178,293.339935,-45.271928,5.590
HIP96198,293.423389,49.262235,6.000
HIP96204,293.441752,5.465534,6.350
HIP96229,293.523874,7.377797,4.450
HIP96234,293.535403,-40.034654,5.890
HIP96258,293.582788,51.235235,5.710
HIP96275,293.645505,19.773419,5.000
HIP96288,293.671931,42.412279,5.340
HIP96297,293.693268,63.434147,6.470
HIP96302,293.712323,29.463085,5.390
HIP96316,293.755158,52.501767,6.390
HIP96327,293.780286,-10.560466,5.120
HIP96341,293.804052,-48.099478,4.880
HIP96351,293.854793,2.913997,6.370
HIP96356,293.874365,-7.460578,6.320
HIP96365,293.889362,-12.253260,6.270
HIP96387,293.951301,36.944527,6.030
HIP96396,293.983085,50.238888,6.470
HIP96406,294.006934,-24.719275,5.640
HIP96417,294.034827,22.585710,6.330
HIP96428,294.065458,14.390759,6.370
HIP96440,294.108811,-18.853016,6.130
HIP96441,294.110486,50.223039,4.490
HIP96459,294.157345,44.694172,5.170
HIP96465,294.177347,-24.883794,4.590
HIP96468,294.180344,-1.286754,4.360
HIP96481,294.218619,11.273230,5.980
HIP96483,294.222715,-7.027497,4.930
HIP96496,294.264007,-18.231153,5.660
HIP96503,294.290078,29.333662,6.430
HIP96516,294.322602,16.462903,5.670
HIP96536,294.392612,-14.302881,5.460
HIP96546,294.420007,35.022461,6.440
HIP96556,294.447924,-4.648034,5.450
HIP96572,294.486666,49.285487,6.470
HIP96601,294.574071,20.783142,6.500
HIP96607,294.608498,-57.983803,6.190
HIP96620,294.671989,54.974999,5.890
HIP96630,294.704140,3.381524,6.360
HIP96665,294.798525,5.397745,5.180
HIP96683,294.844202,30.153587,4.680
HIP96688,294.855572,16.571074,6.370
HIP96693,294.860578,42.818479,5.410
HIP96706,294.894019,45.957618,6.250
HIP96721,294.923831,-45.278505,6.240
HIP96724,294.937138,33.979028,6.100
HIP96729,294.956149,-23.427974,6.330
HIP96734,294.967944,-66.685802,6.370
HIP96757,295.024242,18.013745,4.390
HIP96760,295.030093,-23.429180,5.970
HIP96771,295.055029,60.507063,6.490
HIP96781,295.078837,-54.417877,6.240
HIP96805,295.171475,43.077818,6.170
HIP96807,295.180593,-0.621053,5.640
HIP96808,295.181289,-16.293638,5.300
HIP96825,295.209898,45.525828,5.060
HIP96837,295.262320,17.475791,4.390
HIP96840,295.273035,13.815601,5.980
HIP96856,295.311048,22.452748,6.430
HIP96882,295.405475,-65.854943,6.080
HIP96895,295.452464,50.523891,5.990
HIP96901,295.465180,50.516319,6.250
HIP96907,295.489947,40.254420,6.220
HIP96917,295.512506,-9.194276,6.310
HIP96919,295.517433,55.462940,6.420
HIP96931,295.553385,12.193199,6.330
HIP96950,295.630239,-16.124064,5.060
HIP96957,295.641731,11.826506,5.280
HIP96977,295.685868,32.426732,5.930
HIP97028,295.790002,30.677923,6.080
HIP97029,295.794920,38.671715,6.370
HIP97033,295.811578,58.016208,6.290
HIP97063,295.890735,-15.471468,5.490
HIP97067,295.906750,-37.538893,6.140
HIP97070,295.914602,57.042887,6.280
HIP97077,295.928945,25.772099,5.500
HIP97081,295.938068,41.773182,5.860
HIP97087,295.964442,34.162753,6.040
HIP97091,295.983231,27.135373,6.270
HIP97118,296.069817,37.354614,4.890
HIP97122,296.076873,69.336902,5.900
HIP97139,296.142478,13.302703,6.250
HIP97142,296.159087,34.414189,6.390
HIP97144,296.172353,8.726409,6.430
HIP97151,296.203724,40.716621,6.360
HIP97165,296.244061,45.131167,2.860
HIP97228,296.415245,36.091071,6.380
HIP97229,296.416840,7.613159,5.890
HIP97242,296.464079,35.012704,6.140
HIP97244,296.467615,-2.883464,6.470
HIP97260,296.505088,-31.908671,5.510
HIP97278,296.565028,10.613238,2.720
HIP97290,296.589597,-19.761774,4.870
HIP97295,296.606859,33.724295,5.000
HIP97307,296.645567,32.888548,6.180
HIP97326,296.686244,68.437986,6.340
HIP97365,296.846889,18.534368,3.680
HIP97372,296.861571,47.907287,6.140
HIP97376,296.865792,38.407605,5.830
HIP97402,296.952790,25.383896,6.000
HIP97421,297.006043,-56.363622,5.330
HIP97423,297.012794,-13.703800,6.110
HIP97433,297.044498,70.268217,3.840
HIP97454,297.127123,10.694057,6.440
HIP97473,297.175365,11.815824,5.750
HIP97484,297.209051,-12.319579,6.470
HIP97485,297.210793,33.437241,6.420
HIP97491,297.229704,-52.888462,6.270
HIP97496,297.244550,19.142237,5.010
HIP97499,297.259416,-10.870920,6.000
HIP97515,297.299342,-28.789698,6.040
HIP97534,297.355579,-72.503270,5.390
HIP97538,297.364662,38.710080,6.120
HIP97569,297.472565,-66.812997,6.440
HIP97572,297.478019,28.439656,6.450
HIP97573,297.482623,27.085216,6.460
HIP97598,297.558663,-47.557488,5.910
HIP97607,297.572827,7.902390,6.490
HIP97611,297.590692,-61.061080,6.210
HIP97630,297.641759,38.723198,5.180
HIP97634,297.655509,40.599703,5.680
HIP97635,297.657069,52.987501,5.030
HIP97646,297.686957,-59.193757,5.410
HIP97649,297.699819,8.871160,0.760
HIP97650,297.694693,-10.763278,5.380
HIP97651,297.695340,37.826356,6.130
HIP97674,297.756577,-65.606251,6.040
HIP97675,297.758637,10.414737,5.120
HIP97679,297.767301,22.609923,4.900
HIP97687,297.796188,-2.461294,6.120
HIP97697,297.823930,9.629727,6.250
HIP97700,297.830883,47.377364,6.220
HIP97709,297.861784,4.088587,6.470
HIP97749,297.961023,-39.874456,5.320
HIP97757,297.996090,47.027310,5.600
HIP97765,298.006634,24.992133,5.540
HIP97767,298.011750,11.625876,6.160
HIP97774,298.029801,47.931723,5.910
HIP97783,298.049996,-19.045383,5.880
HIP97789,298.068506,36.432327,6.130
HIP97796,298.090679,18.671798,6.240
HIP97804,298.118256,1.005607,3.870
HIP97816,298.157408,-54.970994,5.760
HIP97819,298.163061,-54.976417,6.500
HIP97845,298.255120,47.807664,6.300
HIP97849,298.276599,-14.603574,6.470
HIP97870,298.322482,57.523538,5.140
HIP97871,298.328230,-3.114364,5.630
HIP97886,298.365574,24.079881,4.570
HIP97892,298.398135,59.709069,6.060
HIP97928,298.534544,-8.574351,5.760
HIP97938,298.562765,8.460855,4.710
HIP97944,298.572977,-23.944088,6.220
HIP97961,298.629670,24.319382,5.560
HIP97966,298.656945,-8.227478,5.700
HIP97967,298.658625,-8.237270,6.490
HIP97970,298.667721,7.140353,6.140
HIP97971,298.668401,-61.170723,6.210
HIP97980,298.686972,0.273530,5.600
HIP97985,298.701148,36.995739,5.790
HIP98012,298.771164,-33.046261,6.470
HIP98032,298.815621,-41.867908,4.120
HIP98036,298.828648,6.403220,3.710
HIP98038,298.831365,-6.735212,6.490
HIP98044,298.842177,58.249640,6.100
HIP98055,298.907063,52.438720,4.910
HIP98066,298.961440,-26.298958,4.700
HIP98068,298.965689,38.486709,4.950
HIP98073,298.980637,58.845815,4.980
HIP98085,299.005268,16.634748,5.710
HIP98086,299.007785,-81.349845,6.390
HIP98103,299.059623,11.423755,5.280
HIP98110,299.076264,35.083221,3.890
HIP98111,299.079723,56.687143,6.160
HIP98143,299.183936,36.250598,6.030
HIP98146,299.188317,50.902601,6.460
HIP98162,299.236879,-27.170009,4.540
HIP98174,299.276571,-58.901460,5.240
HIP98194,299.307848,40.367821,5.460
HIP98234,299.439449,16.789308,5.540
HIP98253,299.483768,42.260696,6.440
HIP98258,299.487766,-15.492179,5.010
HIP98308,299.619748,63.533932,6.150
HIP98320,299.643184,38.105699,6.330
HIP98325,299.658525,30.983646,5.510
HIP98332,299.673172,-69.164698,5.740
HIP98333,299.675086,70.367377,6.320
HIP98337,299.689778,19.492314,3.510
HIP98346,299.721351,-68.763126,6.380
HIP98351,299.735805,-30.538825,6.270
HIP98353,299.738608,-26.195585,4.840
HIP98375,299.793349,23.101304,5.680
HIP98379,299.814037,52.055710,6.140
HIP98383,299.835212,45.772418,5.920
HIP98385,299.844467,1.378194,6.170
HIP98401,299.901984,76.480954,6.200
HIP98412,299.934129,-35.276490,4.370
HIP98416,299.945431,-9.961126,5.870
HIP98421,299.964898,-34.698308,5.300
HIP98425,299.979979,37.042883,5.150
HIP98438,300.013798,17.516421,5.330
HIP98458,300.064002,26.187835,6.490
HIP98461,300.066557,-37.701727,5.950
HIP98470,300.085472,-33.705582,5.650
HIP98478,300.096201,-66.950790,5.750
HIP98482,300.104764,-49.350968,6.180
HIP98485,300.110562,-43.043211,6.110
HIP98495,300.149692,-72.911471,3.970
HIP98512,300.201395,-45.112875,5.800
HIP98526,300.245828,8.557632,5.900
HIP98543,300.275672,27.753601,4.660
HIP98563,300.314132,37.099371,6.230
HIP98571,300.340012,50.104740,5.060
HIP98575,300.349444,-22.737392,6.010
HIP98579,300.361829,-40.814629,6.310
HIP98583,300.369083,64.820882,5.220
HIP98609,300.436344,24.800417,5.880
HIP98608,300.436680,-59.376091,4.950
HIP98624,300.469173,-66.944493,5.320
HIP98633,300.494454,-13.637140,5.690
HIP98636,300.506678,24.938556,5.230
HIP98658,300.584820,64.634501,6.270
HIP98661,300.592054,22.151374,6.500
HIP98688,300.664753,-27.709739,4.430
HIP98701,300.703479,31.958926,6.390
HIP98702,300.704721,67.873917,4.510
HIP98738,300.818414,18.500848,5.990
HIP98754,300.875109,16.031198,5.730
HIP98761,300.889969,-37.941328,4.770
HIP98767,300.911397,29.892947,5.730
HIP98772,300.911504,22.940942,6.450
HIP98785,300.934328,-22.595423,6.440
HIP98819,301.022951,17.067181,5.800
HIP98823,301.034746,7.278061,5.510
HIP98842,301.081994,-32.056375,4.990
HIP98844,301.096454,-0.710180,5.670
HIP98858,301.120096,48.229668,6.160
HIP98863,301.150701,32.218516,5.620
HIP98872,301.185530,63.890483,6.240
HIP98890,301.222292,68.027087,6.320
HIP98910,301.272551,-11.599523,6.380
HIP98915,301.278514,51.839628,6.140
HIP98920,301.289790,19.991657,5.090
HIP98921,301.293061,38.479278,6.180
HIP98946,301.339585,56.342013,6.190
HIP98954,301.360867,15.500542,6.370
HIP98959,301.399364,-67.325863,6.070
HIP98962,301.388601,61.995940,5.400
HIP99024,301.551321,-4.078467,6.470
HIP99026,301.559959,53.167567,5.810
HIP99031,301.588784,35.969225,5.380
HIP99080,301.722647,23.614428,5.080
HIP99120,301.846345,-52.880742,4.930
HIP99137,301.896426,-55.015745,6.260
HIP99145,301.922681,34.422860,6.120
HIP99158,301.960218,9.400042,6.430
HIP99171,302.008458,-0.678685,5.970
HIP99176,302.027133,16.664443,6.390
HIP99188,302.039534,-52.577937,6.470
HIP99200,302.085147,-66.354738,6.450
HIP99221,302.130346,-10.062845,6.180
HIP99234,302.159519,10.725854,6.340
HIP99240,302.199416,-66.190389,3.550
HIP99255,302.222559,77.711594,4.380
HIP99270,302.266441,-47.068406,6.460
HIP99294,302.343039,56.026693,6.490
HIP99303,302.356769,36.839716,4.930
HIP99404,302.639881,26.904264,5.510
HIP99445,302.764938,21.134809,6.240
HIP99453,302.781092,-57.524495,6.360
HIP99457,302.792005,-8.842359,6.390
HIP99461,302.803643,-36.112805,5.320
HIP99473,302.826456,-0.821416,3.240
HIP99479,302.837528,21.874850,6.240
HIP99500,302.897264,62.079132,5.700
HIP99518,302.949912,26.808914,5.510
HIP99529,302.991188,-12.392540,6.340
HIP99531,303.002962,26.478732,5.910
HIP99570,303.099179,-42.780805,6.200
HIP99572,303.109248,-12.618937,5.840
HIP99579,303.132003,51.463452,6.010
HIP99585,303.146370,0.866908,6.250
HIP99624,303.268308,-0.330788,6.470
HIP99631,303.308028,-1.009560,5.440
HIP99639,303.325344,46.815689,4.800
HIP99655,303.350133,56.568328,4.280
HIP99663,303.365551,60.640980,5.810
HIP99666,303.384836,-47.713549,6.470
HIP99675,303.407985,46.741343,3.800
HIP99685,303.428354,43.379042,6.130
HIP99719,303.520415,36.604840,6.470
HIP99738,303.560637,28.694677,5.190
HIP99742,303.569660,15.198036,4.940
HIP99747,303.579506,-52.446158,5.650
HIP99762,303.611580,-63.415562,6.090
HIP99770,303.634071,36.806807,4.930
HIP99824,303.816281,25.591920,4.790
HIP99825,303.832349,-27.034313,5.730
HIP99841,303.848778,33.728217,5.700
HIP99848,303.868047,47.714217,3.960
HIP99853,303.876021,23.508855,5.180
HIP99870,303.930374,50.233014,6.360
HIP99874,303.941954,27.814284,4.500
HIP99878,303.961142,-30.005221,6.300
HIP99889,304.002652,45.579121,5.870
HIP99893,304.014275,38.897786,6.280
HIP99894,304.024724,4.580418,6.440
HIP99913,304.082509,21.598511,6.110
HIP99918,304.095066,-12.337245,6.300
HIP99920,304.098390,-36.453692,6.300
HIP99929,304.117329,37.056389,6.470
HIP99951,304.196307,24.670979,5.300
HIP99968,304.230379,40.365061,5.270
HIP100016,304.371102,42.722050,6.320
HIP100017,304.387544,66.855872,5.910
HIP100018,304.381303,29.147726,6.240
HIP100027,304.412118,-12.508206,4.300
HIP100044,304.446642,38.032879,4.770
HIP100062,304.506101,-21.810142,5.860
HIP100064,304.514026,-12.544831,3.580
HIP100069,304.529091,40.732034,5.830
HIP100097,304.603042,55.396865,5.760
HIP100108,304.619742,36.999951,5.580
HIP100122,304.662796,34.982747,5.140
HIP100142,304.706908,46.322136,6.460
HIP100151,304.733355,-47.710789,6.280
HIP100155,304.739725,39.004125,6.350
HIP100165,304.762372,-63.231291,6.270
HIP100184,304.826233,-47.581632,6.130
HIP100195,304.848407,-19.118613,5.280
HIP100208,304.871962,13.216631,6.200
HIP100221,304.903210,62.257650,5.710
HIP100232,304.930581,-1.078276,6.050
HIP100250,304.983493,46.837362,6.490
HIP100256,305.000770,13.548061,5.960
HIP100261,305.025338,68.880512,5.590
HIP100268,305.063366,39.403058,6.220
HIP100274,305.085486,14.569302,6.170
HIP100276,305.089311,17.792701,5.820
HIP100295,305.127687,53.595670,6.230
HIP100300,305.134784,-55.051121,6.270
HIP100310,305.166014,-12.759188,4.770
HIP100325,305.194270,-14.784889,6.090
HIP100332,305.216549,-35.673534,6.460
HIP100345,305.253174,-14.781264,3.050
HIP100357,305.298103,63.980229,5.690
HIP100379,305.365630,-66.749667,6.490
HIP100412,305.417344,-50.001259,6.260
HIP100434,305.512764,41.132110,6.380
HIP100435,305.514316,24.446048,5.500
HIP100437,305.522605,45.795286,5.580
HIP100453,305.557118,40.256672,2.230
HIP100469,305.614902,-42.050151,5.600
HIP100486,305.655377,31.264799,6.090
HIP100501,305.688747,41.025646,5.950
HIP100511,305.718796,14.551047,6.160
HIP100515,305.731896,42.983858,6.200
HIP100524,305.753497,-9.654830,6.290
HIP100541,305.794361,5.342714,5.300
HIP100574,305.934917,37.476450,5.870
HIP100587,305.965376,32.190129,4.430
HIP100591,305.971480,-42.422758,5.640
HIP100651,306.134938,53.552027,6.490
HIP100664,306.156298,1.068446,6.140
HIP100672,306.174027,1.368415,6.410
HIP100697,306.229885,-83.310560,6.150
HIP100714,306.270883,59.600026,6.440
HIP100738,306.361883,-28.663239,5.860
HIP100751,306.411988,-56.735724,1.940
HIP100754,306.418945,21.409578,5.680
HIP100758,306.427149,-2.800672,6.100
HIP100762,306.433972,10.055713,6.320
HIP100764,306.448751,-40.796823,6.080
HIP100779,306.505100,19.865633,6.450
HIP100781,306.506845,13.911410,6.350
HIP100807,306.596510,17.315519,6.230
HIP100808,306.597929,56.638759,6.380
HIP100852,306.718417,-37.403746,6.240
HIP100859,306.760138,49.383797,5.730
HIP100866,306.782398,34.329056,6.390
HIP100876,306.809134,20.476424,6.440
HIP100881,306.830120,-18.211801,5.080
HIP100907,306.892539,38.439753,5.630
HIP100953,307.031718,8.437573,6.230
HIP100965,307.061969,81.422827,5.380
HIP100969,307.070252,2.937188,6.200
HIP100977,307.103976,-3.357950,6.120
HIP101011,307.181687,-15.741507,6.410
HIP101017,307.194750,-35.596016,6.090
HIP101027,307.214938,-17.813743,4.770
HIP101044,307.263353,83.625277,6.190
HIP101067,307.334979,36.454717,5.900
HIP101076,307.348949,30.368550,4.010
HIP101084,307.363005,56.068224,5.890
HIP101082,307.367152,81.092909,5.960
HIP101090,307.380651,-22.391795,6.130
HIP101093,307.395954,62.994007,4.210
HIP101101,307.413035,-2.885696,4.910
HIP101123,307.474803,-18.583763,5.940
HIP101133,307.500522,45.929652,6.430
HIP101134,307.502993,72.531523,6.230
HIP101138,307.514857,48.951625,4.940
HIP101160,307.574994,10.895950,6.030
HIP101211,307.736826,-29.112712,6.350
HIP101213,307.743051,20.606579,6.210
HIP101214,307.746793,36.935808,6.210
HIP101221,307.767644,-15.056521,6.100
HIP101243,307.828494,49.220067,5.440
HIP101245,307.838559,52.309992,6.200
HIP101260,307.876860,74.954498,5.180
HIP101268,307.901041,34.329986,6.470
HIP101285,307.943591,56.779810,6.140
HIP101300,307.992878,25.804830,6.370
HIP101339,308.085280,2.132817,6.470
HIP101345,308.101023,-9.852603,5.660
HIP101384,308.218198,-24.944145,6.350
HIP101421,308.303286,11.303053,4.030
HIP101427,308.323801,-80.964972,5.760
HIP101467,308.452292,41.772164,6.500
HIP101474,308.475760,35.250813,4.610
HIP101475,308.478614,46.693879,5.780
HIP101477,308.479570,-44.516311,5.120
HIP101483,308.488253,13.027416,5.390
HIP101489,308.499725,4.898599,6.420
HIP101505,308.541653,20.985150,6.490
HIP101507,308.549265,-13.720573,6.110
HIP101552,308.697558,-30.473633,6.420
HIP101556,308.709983,51.854181,6.190
HIP101558,308.731314,-38.089975,6.450
HIP101570,308.775440,-71.188688,6.410
HIP101589,308.827573,14.674299,4.640
HIP101608,308.885040,-16.526082,6.190
HIP101612,308.896096,-60.583115,4.750
HIP101623,308.949109,-44.337493,6.360
HIP101626,308.966014,-69.610914,6.090
HIP101641,309.034933,25.882736,6.400
HIP101684,309.159886,-63.121564,6.340
HIP101692,309.181867,-2.550075,4.910
HIP101716,309.269594,26.461863,5.590
HIP101746,309.326634,0.096904,6.210
HIP101756,309.348384,38.328341,6.210
HIP101765,309.382488,31.572535,6.320
HIP101769,309.388140,14.594736,3.640
HIP101772,309.392274,-47.291016,3.110
HIP101773,309.397888,-61.530446,4.860
HIP101800,309.454965,11.377613,5.420
HIP101808,309.468187,-25.109333,6.380
HIP101810,309.478316,18.269030,6.220
HIP101843,309.577544,-81.289344,5.890
HIP101847,309.584620,-1.105246,4.310
HIP101867,309.631157,21.201156,4.810
HIP101868,309.633051,24.115901,5.060
HIP101870,309.645828,23.680455,5.910
HIP101882,309.683300,13.315122,5.690
HIP101899,309.747771,30.333783,5.680
HIP101900,309.750692,56.004550,6.450
HIP101909,309.770682,15.838088,5.990
HIP101911,309.774408,-4.929461,6.460
HIP101916,309.784834,10.086358,5.070
HIP101919,309.794609,21.817561,6.080
HIP101921,309.805274,-2.412951,6.230
HIP101923,309.818015,-14.954905,5.240
HIP101936,309.854468,0.486302,5.150
HIP101949,309.888875,40.579664,6.070
HIP101958,309.909939,15.912130,3.770
HIP101965,309.966088,-62.908420,6.220
HIP101966,309.966506,11.250260,6.390
HIP101983,310.014889,-60.553080,5.110
HIP101984,310.012099,-18.138818,5.150
HIP101986,310.012531,43.458460,5.970
HIP101997,310.052904,-23.770475,6.360
HIP102011,310.074730,60.506631,6.020
HIP102014,310.082812,-33.431579,5.470
HIP102026,310.134977,-16.123636,5.790
HIP102033,310.151320,29.805869,6.020
HIP102040,310.189008,19.937834,6.430
HIP102057,310.231905,-42.396608,6.250
HIP102066,310.260610,32.307200,5.530
HIP102080,310.317475,14.582883,6.010
HIP102092,310.349488,-31.598734,5.750
HIP102094,310.351172,-26.000096,6.290
HIP102096,310.353215,-42.134024,6.280
HIP102098,310.357996,45.280349,1.250
HIP102155,310.485460,41.716883,5.680
HIP102157,310.487956,-66.760853,5.140
HIP102158,310.492478,17.521806,6.240
HIP102162,310.516846,-76.180661,5.990
HIP102177,310.552633,50.340057,5.410
HIP102208,310.648067,82.531318,5.750
HIP102216,310.665317,60.601177,6.170
HIP102230,310.720820,-39.558890,6.300
HIP102253,310.796296,66.657703,5.590
HIP102258,310.806988,57.113971,6.340
HIP102276,310.850751,35.587777,6.480
HIP102281,310.864576,15.074274,4.430
HIP102333,311.011346,-51.921366,4.510
HIP102358,311.091986,56.488393,5.910
HIP102370,311.137165,69.751547,6.500
HIP102388,311.218559,25.269310,4.920
HIP102395,311.238936,-66.203134,3.420
HIP102414,311.304670,-27.247225,6.500
HIP102422,311.323508,61.844803,3.410
HIP102431,311.337306,57.577991,4.520
HIP102453,311.415576,30.719892,4.220
HIP102485,311.523482,-25.272051,4.130
HIP102487,311.541801,-21.514157,5.910
HIP102488,311.555831,33.972687,2.480
HIP102496,311.577877,-36.120535,6.490
HIP102497,311.583975,-39.199484,5.480
HIP102499,311.587493,52.994528,6.340
HIP102530,311.660647,46.531583,6.300
HIP102531,311.661883,16.122649,5.150
HIP102532,311.664402,16.122851,4.270
HIP102561,311.764699,-2.487070,6.280
HIP102571,311.795135,34.374184,4.930
HIP102585,311.836574,45.579769,6.410
HIP102589,311.852372,36.490657,4.530
HIP102599,311.888493,80.551990,5.360
HIP102618,311.919208,-9.496036,3.780
HIP102624,311.934291,-5.027997,4.430
HIP102631,311.949773,3.306538,6.380
HIP102633,311.951450,6.008113,5.570
HIP102635,311.955280,47.831740,5.600
HIP102642,311.971438,52.405918,6.290
HIP102670,312.077699,-44.197224,6.470
HIP102693,312.123058,-43.989370,5.110
HIP102712,312.178157,51.910349,6.260
HIP102724,312.234524,46.114115,4.810
HIP102770,312.321628,-0.563524,6.240
HIP102771,312.322403,64.042222,6.450
HIP102772,312.323490,-25.781377,5.860
HIP102773,312.324682,-68.776887,5.410
HIP102780,312.335597,-18.036101,6.200
HIP102790,312.371038,-46.226625,4.900
HIP102804,312.406862,50.127118,6.500
HIP102805,312.407778,12.545845,6.010
HIP102819,312.451275,7.864276,6.320
HIP102827,312.477739,46.661365,6.330
HIP102831,312.492033,-33.779871,4.890
HIP102833,312.496549,5.544568,6.200
HIP102843,312.521682,44.060278,5.060
HIP102891,312.675028,-12.545439,5.870
HIP102901,312.696378,-32.055070,6.420
HIP102916,312.753102,-37.913459,5.520
HIP102945,312.857988,-5.626624,5.990
HIP102949,312.867693,28.250465,5.660
HIP102950,312.875202,-51.608215,5.060
HIP102962,312.911536,-62.429698,5.670
HIP102978,312.955314,-26.919152,4.120
HIP102989,312.994892,-33.178015,6.060
HIP102993,313.001627,32.848830,6.420
HIP103004,313.031417,27.096530,4.560
HIP103005,313.036239,-5.507105,5.550
HIP103045,313.163826,-8.983560,4.730
HIP103071,313.255471,-23.783665,6.320
HIP103077,313.273624,-11.573348,6.380
HIP103079,313.280660,29.648622,6.360
HIP103089,313.311581,44.387242,4.800
HIP103094,313.327440,45.181640,5.480
HIP103103,313.354282,-30.719089,6.350
HIP103127,313.417834,-39.810581,5.340
HIP103145,313.474378,33.438141,5.470
HIP103154,313.493474,-6.889625,6.440
HIP103168,313.527278,-27.925365,6.410
HIP103200,313.640161,28.057590,5.030
HIP103206,313.646390,-50.727458,6.230
HIP103219,313.685496,75.925881,5.990
HIP103226,313.698789,-17.923019,5.780
HIP103227,313.702766,-58.454337,3.670
HIP103294,313.903009,13.721451,5.190
HIP103298,313.910951,12.568713,5.540
HIP103301,313.919940,4.532806,6.040
HIP103312,313.957484,47.417628,5.680
HIP103346,314.070933,56.887555,6.230
HIP103359,314.106574,50.728442,5.830
HIP103360,314.108018,49.195897,5.920
HIP103371,314.144908,44.924706,5.960
HIP103389,314.197966,-26.296857,5.700
HIP103401,314.225089,-9.697630,5.490
HIP103413,314.293478,41.166960,3.940
HIP103414,314.294157,0.463315,6.060
HIP103460,314.419743,-16.031526,5.890
HIP103511,314.568114,22.325878,5.300
HIP103519,314.582053,44.472224,5.550
HIP103527,314.607706,10.839033,5.510
HIP103530,314.625248,50.461816,5.590
HIP103532,314.629075,41.939927,6.170
HIP103545,314.673920,-14.483270,5.950
HIP103569,314.767818,4.292375,5.300
HIP103571,314.770458,4.293504,5.240
HIP103596,314.852731,42.324513,6.470
HIP103598,314.856301,59.438707,5.540
HIP103616,314.900649,-19.035436,6.260
HIP103632,314.956549,47.520969,4.740
HIP103646,314.999612,-36.130069,6.100
HIP103652,315.016947,7.516248,5.980
HIP103673,315.088599,-51.264336,5.760
HIP103675,315.115232,19.329142,5.690
HIP103682,315.141352,-4.731282,6.210
HIP103693,315.181080,-53.739239,6.260
HIP103703,315.215445,-17.531026,6.070
HIP103732,315.295595,46.155798,5.380
HIP103734,315.303565,36.025963,6.010
HIP103738,315.322737,-32.257768,4.670
HIP103752,315.366442,-68.209554,6.360
HIP103777,315.438786,-26.881175,6.040
HIP103810,315.537641,56.669622,5.830
HIP103822,315.587344,39.509043,6.500
HIP103828,315.600777,44.790949,6.180
HIP103836,315.614553,-38.532218,5.930
HIP103871,315.702596,45.848861,6.500
HIP103882,315.741232,-38.632248,5.320
HIP103889,315.748493,-0.924736,6.500
HIP103891,315.757665,14.730061,6.330
HIP103892,315.761787,1.531671,6.240
HIP103894,315.770320,38.657370,6.100
HIP103902,315.792742,-27.731862,6.250
HIP103929,315.859359,50.352251,6.370
HIP103949,315.930735,46.862726,6.320
HIP103956,315.948894,53.286136,5.930
HIP103963,315.967207,41.627782,6.340
HIP103981,316.019840,-5.823118,5.530
HIP104019,316.100950,-19.855171,4.820
HIP104031,316.144485,5.502866,5.630
HIP104041,316.173586,2.942316,6.410
HIP104043,316.179768,-77.026486,5.130
HIP104048,316.189762,2.269285,6.340
HIP104060,316.232848,43.927855,3.720
HIP104085,316.309560,-54.727318,5.170
HIP104101,316.360471,5.957323,5.940
HIP104105,316.372431,78.126603,5.910
HIP104139,316.487384,-17.233315,4.080
HIP104148,316.505032,-30.125625,5.690
HIP104171,316.596236,71.430943,5.880
HIP104172,316.598174,26.924222,6.130
HIP104174,316.602782,-32.341555,5.200
HIP104177,316.606592,-41.386053,5.550
HIP104185,316.626049,31.184622,5.770
HIP104194,316.650461,47.648396,4.560
HIP104202,316.666704,3.803489,6.480
HIP104214,316.761129,38.773404,5.200
HIP104217,316.766209,38.765196,6.050
HIP104234,316.781734,-25.006172,4.490
HIP104281,316.890543,15.658234,6.270
HIP104296,316.935824,-45.379521,6.450
HIP104297,316.936460,-17.456245,6.180
HIP104357,317.117176,6.989370,6.140
HIP104364,317.136149,-63.928227,5.750
HIP104365,317.140242,-21.194105,5.300
HIP104371,317.162241,30.205484,5.600
HIP104382,317.202278,-88.956462,5.450
HIP104440,317.352510,-73.175082,5.670
HIP104441,317.343344,-36.706911,6.470
HIP104452,317.388407,-20.557659,6.250
HIP104459,317.399223,-11.371809,4.500
HIP104481,317.492926,2.943928,6.440
HIP104516,317.565129,53.563073,5.750
HIP104521,317.585782,10.130461,4.700
HIP104537,317.628945,47.692197,6.460
HIP104538,317.630473,10.049049,6.070
HIP104557,317.696447,-9.354506,6.270
HIP104597,317.837857,-72.544577,6.180
HIP104634,317.922533,-14.472377,6.470
HIP104642,317.950952,59.986584,5.640
HIP104680,318.057644,-40.270977,5.830
HIP104732,318.234164,30.226415,3.210
HIP104738,318.264435,-39.425764,5.250
HIP104750,318.323007,-27.620163,5.410
HIP104752,318.329308,-36.423500,5.970
HIP104755,318.336162,-70.126417,5.060
HIP104756,318.339825,81.231005,6.120
HIP104765,318.360109,36.633267,6.070
HIP104771,318.370221,15.982226,6.270
HIP104788,318.427252,64.403176,6.380
HIP104822,318.542882,29.900953,6.180
HIP104858,318.620371,10.004747,4.470
HIP104872,318.654643,0.092163,6.380
HIP104887,318.699585,38.048335,3.740
HIP104914,318.777585,-17.345284,6.050
HIP104925,318.810849,-40.506020,6.200
HIP104962,318.904929,47.973974,6.450
HIP104963,318.908041,-20.651712,5.170
HIP104968,318.927437,77.012404,5.920
HIP104974,318.937029,-15.171463,5.310
HIP104978,318.941502,-53.263188,5.730
HIP104980,318.945193,-36.210755,6.130
HIP104987,318.956406,5.247151,3.920
HIP105017,319.071513,44.238301,6.360
HIP105019,319.074005,-9.214630,6.450
HIP105034,319.123419,42.251671,6.230
HIP105046,319.164635,-1.607884,6.480
HIP105064,319.258958,53.997983,6.120
HIP105079,319.306339,-13.279034,6.410
HIP105080,319.309555,55.798099,6.000
HIP105091,319.328254,58.611465,6.420
HIP105101,319.346692,42.683588,6.170
HIP105102,319.353979,39.394654,4.220
HIP105138,319.479587,34.896948,4.410
HIP105140,319.484972,-32.172702,4.710
HIP105143,319.488811,-17.985143,5.400
HIP105148,319.502272,-64.681790,6.320
HIP105164,319.546227,-4.519377,5.830
HIP105186,319.613311,43.945878,5.040
HIP105193,319.635002,61.184369,6.430
HIP105199,319.646847,62.585928,2.450
HIP105224,319.716938,11.203487,5.970
HIP105228,319.724039,-28.766311,6.400
HIP105229,319.730482,41.040483,6.150
HIP105259,319.815325,58.623478,5.510
HIP105269,319.842418,38.237448,5.890
HIP105268,319.842658,64.871894,5.190
HIP105282,319.869945,49.510309,5.750
HIP105319,319.967767,-53.449921,4.390
HIP105334,320.039531,-45.021871,6.150
HIP105344,320.058662,22.026227,6.290
HIP105370,320.138832,60.756259,6.110
HIP105382,320.190861,-40.809335,4.800
HIP105390,320.209036,32.451888,6.450
HIP105406,320.255758,40.343528,6.390
HIP105411,320.270215,23.855082,5.580
HIP105412,320.267890,-4.560044,5.870
HIP105413,320.270406,7.354371,5.810
HIP105425,320.319138,-49.939440,6.400
HIP105432,320.341536,32.612628,6.050
HIP105497,320.502124,49.389300,5.680
HIP105502,320.522479,19.804969,4.080
HIP105515,320.561877,-16.834503,4.280
HIP105558,320.675549,30.309938,6.070
HIP105570,320.723775,6.811222,5.160
HIP105574,320.734190,-9.319502,5.990
HIP105576,320.752344,-22.669045,5.630
HIP105637,320.951570,37.351431,6.460
HIP105646,320.983357,-25.202654,6.470
HIP105652,320.996182,24.274268,5.700
HIP105660,321.031356,25.312489,6.200
HIP105662,321.032858,-22.747192,6.380
HIP105665,321.039914,-20.852803,5.380
HIP105668,321.048572,-12.878042,5.480
HIP105678,321.069950,-69.733937,6.280
HIP105685,321.087306,-46.614813,6.300
HIP105689,321.096673,24.528320,6.350
HIP105695,321.102875,10.174400,6.330
HIP105696,321.103653,-41.006697,5.760
HIP105703,321.142076,26.174607,5.670
HIP105727,321.207840,80.524742,5.970
HIP105729,321.215261,-3.398727,6.380
HIP105761,321.304399,-9.749799,5.710
HIP105767,321.320564,-3.557261,5.480
HIP105768,321.325505,-71.799025,6.090
HIP105769,321.333270,46.714696,5.590
HIP105811,321.445998,36.667321,5.930
HIP105819,321.465308,0.534442,6.450
HIP105841,321.564346,-54.660174,6.100
HIP105854,321.596757,-37.829509,5.640
HIP105858,321.612007,-65.360304,4.210
HIP105860,321.611711,19.375767,6.080
HIP105864,321.617703,1.102169,6.120
HIP105881,321.666759,-22.411193,3.770
HIP105891,321.687536,52.898574,6.010
HIP105898,321.715668,48.835360,5.290
HIP105913,321.756318,-42.547824,5.500
HIP105928,321.811560,-21.196460,5.780
HIP105942,321.839048,37.116818,5.300
HIP105949,321.855057,59.749957,6.110
HIP105966,321.917237,27.608743,5.390
HIP105972,321.942109,66.808943,5.420
HIP106003,322.035491,32.225914,5.750
HIP106021,322.103541,8.195444,6.390
HIP106032,322.165209,70.560780,3.230
HIP106039,322.181877,-21.807220,4.500
HIP106044,322.188546,-69.505728,5.470
HIP106052,322.219913,55.418806,6.140
HIP106062,322.249329,22.179532,5.840
HIP106064,322.249579,17.905913,6.420
HIP106065,322.251362,-53.706100,6.390
HIP106093,322.362704,46.541351,5.220
HIP106103,322.393773,6.581354,6.410
HIP106140,322.487251,23.638864,4.520
HIP106171,322.584932,52.958121,6.020
HIP106227,322.747025,60.459408,5.530
HIP106243,322.790251,12.137359,6.100
HIP106267,322.864433,52.619844,6.170
HIP106278,322.889899,-5.571221,2.900
HIP106306,322.959041,23.845231,6.430
HIP106320,323.014558,-84.810288,6.420
HIP106327,323.024664,-41.179231,5.290
HIP106340,323.060663,-33.944653,5.970
HIP106363,323.139138,-24.590372,6.430
HIP106393,323.235961,49.977716,5.770
HIP106419,323.323277,-52.737876,6.430
HIP106420,323.324495,45.853985,6.270
HIP106424,323.338798,-80.039524,6.470
HIP106429,323.347814,-44.848717,5.570
HIP106474,323.478332,-82.683102,6.350
HIP106481,323.494992,45.591146,3.980
HIP106500,323.571229,-42.924740,6.320
HIP106518,323.614469,51.698452,6.170
HIP106527,323.641654,22.754128,6.450
HIP106544,323.678302,1.829077,6.410
HIP106550,323.691587,18.329013,6.470
HIP106551,323.695039,38.534741,4.870
HIP106559,323.712493,-20.083947,5.700
HIP106564,323.720957,-29.696228,6.420
HIP106590,323.817101,-23.454418,6.390
HIP106592,323.823349,-3.983340,5.790
HIP106595,323.830760,28.197362,6.250
HIP106604,323.858348,68.219406,6.470
HIP106605,323.862742,24.452081,6.220
HIP106642,324.011010,45.374605,5.960
HIP106643,324.020369,15.081338,6.500
HIP106654,324.046574,-26.171695,5.730
HIP106661,324.057829,30.055862,6.360
HIP106703,324.203945,-33.047910,6.100
HIP106711,324.237390,40.413613,5.040
HIP106723,324.270225,-19.466005,4.510
HIP106752,324.366140,44.696354,6.190
HIP106758,324.390492,-0.390766,6.220
HIP106771,324.411644,54.042187,6.160
HIP106783,324.432279,6.618376,6.190
HIP106786,324.438804,-7.854381,4.680
HIP106787,324.440051,19.318706,5.460
HIP106801,324.480075,62.081919,4.760
HIP106818,324.512321,-64.824235,6.220
HIP106856,324.633908,5.771953,5.660
HIP106872,324.688154,25.498864,6.180
HIP106881,324.736990,-79.442781,6.170
HIP106886,324.740062,57.489000,5.740
HIP106897,324.755897,20.265443,5.770
HIP106907,324.776089,-33.679171,6.280
HIP106938,324.867325,-10.577281,6.070
HIP106944,324.888359,2.242938,5.100
HIP106978,324.998624,-52.358961,6.200
HIP106985,325.024155,-16.662472,3.690
HIP106999,325.046847,43.273957,5.090
HIP107030,325.140677,-55.737908,6.330
HIP107041,325.180543,54.872171,6.160
HIP107089,325.370981,-77.391815,3.730
HIP107095,325.386004,-14.049883,5.160
HIP107097,325.392580,40.804871,6.070
HIP107119,325.482525,71.312113,4.550
HIP107128,325.503610,-23.263561,5.240
HIP107129,325.504564,35.510214,5.980
HIP107136,325.523657,51.189606,4.690
HIP107140,325.534821,45.765551,6.110
HIP107144,325.542092,1.285192,5.660
HIP107151,325.564463,5.680094,5.300
HIP107162,325.595868,41.077007,5.730
HIP107173,325.637455,10.824221,6.060
HIP107186,325.661734,49.600233,6.100
HIP107188,325.665730,-18.866390,4.720
HIP107197,325.688983,59.270855,6.100
HIP107230,325.766042,72.319785,5.180
HIP107232,325.768292,-14.399559,5.880
HIP107235,325.776819,41.154880,5.510
HIP107238,325.807025,-19.621053,6.230
HIP107253,325.857190,38.283553,5.690
HIP107259,325.876979,58.780025,4.230
HIP107271,325.915502,7.528241,6.470
HIP107297,325.991955,22.814969,6.430
HIP107299,325.994607,-57.325634,6.490
HIP107302,326.003859,-14.749294,5.960
HIP107310,326.037836,28.740845,4.490
HIP107315,326.046719,9.875021,2.380
HIP107344,326.123506,-38.553723,6.280
HIP107348,326.127961,17.349938,4.340
HIP107350,326.132284,14.771104,5.960
HIP107354,326.161761,25.645135,4.140
HIP107374,326.221963,62.460546,5.940
HIP107380,326.236974,-33.026473,4.350
HIP107382,326.251162,-9.082440,5.100
HIP107398,326.301631,52.267571,6.400
HIP107409,326.328777,-49.498410,6.460
HIP107418,326.362153,61.120792,4.250
HIP107423,326.370356,-71.008933,6.020
HIP107445,326.436248,35.857392,6.440
HIP107472,326.518258,22.948863,5.290
HIP107487,326.567921,-9.275877,6.000
HIP107502,326.601065,25.563901,6.280
HIP107517,326.633973,-11.366022,5.570
HIP107533,326.698406,49.309556,4.230
HIP107555,326.753368,70.150697,6.450
HIP107556,326.762182,-16.129467,2.850
HIP107558,326.770624,17.193938,6.180
HIP107575,326.808226,2.686103,5.630
HIP107586,326.855284,60.692675,5.530
HIP107596,326.909808,-5.916686,6.170
HIP107608,326.933674,-30.898299,5.020
HIP107637,327.034777,36.580344,6.250
HIP107649,327.067243,-47.305787,5.570
HIP107664,327.122536,38.648563,6.100
HIP107710,327.283411,66.791544,6.490
HIP107723,327.329223,61.272590,6.180
HIP107734,327.361963,20.462452,6.270
HIP107749,327.417031,41.148746,6.480
HIP107750,327.420849,-12.722712,6.310
HIP107763,327.461381,30.174023,5.070
HIP107773,327.500473,-64.712819,5.620
HIP107788,327.536939,17.285531,5.340
HIP107797,327.554227,-16.844955,6.380
HIP107835,327.696196,-69.629451,5.520
HIP107843,327.730153,-82.719147,5.270
HIP107856,327.770829,39.536684,6.200
HIP107887,327.892855,19.826780,5.780
HIP107893,327.905090,65.752557,6.370
HIP107901,327.925045,-18.623509,6.190
HIP107930,328.004557,55.796739,5.700
HIP107956,328.075881,21.273342,6.270
HIP107975,328.124177,28.793072,5.520
HIP108022,328.265775,25.925143,5.090
HIP108036,328.326390,-13.551667,5.080
HIP108060,328.405928,19.668610,5.690
HIP108085,328.483008,-37.364941,3.000
HIP108090,328.491288,6.864907,6.140
HIP108102,328.543601,-4.276853,5.710
HIP108119,328.572317,19.718029,6.360
HIP108133,328.610697,80.308452,6.430
HIP108144,328.649837,-3.301515,6.240
HIP108165,328.721440,56.611211,5.740
HIP108195,328.798025,-61.887275,5.920
HIP108209,328.835782,61.541788,6.170
HIP108226,328.879241,65.320799,5.840
HIP108259,328.982273,-30.606067,6.410
HIP108268,329.014587,-52.464044,6.500
HIP108281,329.058748,-57.899544,6.170
HIP108294,329.094652,-37.253726,5.450
HIP108296,329.099954,21.239966,6.390
HIP108317,329.163100,63.625529,5.110
HIP108339,329.234666,12.076390,5.540
HIP108347,329.259037,-37.746806,6.180
HIP108364,329.296336,66.156151,6.410
HIP108420,329.462663,74.996636,6.320
HIP108431,329.479947,-54.992602,4.400
HIP108453,329.555751,-5.425694,6.330
HIP108478,329.625412,-59.011929,6.130
HIP108494,329.682684,-21.182991,6.060
HIP108505,329.723173,62.698090,5.960
HIP108506,329.729093,-4.374970,6.240
HIP108513,329.749301,19.020054,6.500
HIP108535,329.811033,73.178720,5.040
HIP108543,329.825004,-38.395103,5.500
HIP108612,330.033138,6.717442,6.000
HIP108626,330.101291,-55.883592,6.020
HIP108632,330.111127,33.006351,6.460
HIP108661,330.209389,-28.453734,5.430
HIP108691,330.270953,0.604630,5.600
HIP108693,330.272715,13.119405,5.610
HIP108699,330.288425,8.257144,5.650
HIP108758,330.460892,52.882273,5.790
HIP108759,330.468923,-77.662591,6.390
HIP108766,330.505806,10.973817,6.360
HIP108772,330.519012,58.000354,5.550
HIP108784,330.550285,-17.903915,6.280
HIP108797,330.609421,-16.964844,6.390
HIP108845,330.735888,44.649625,5.570
HIP108849,330.766513,-76.118915,5.940
HIP108868,330.818934,-6.522342,5.550
HIP108870,330.885506,-56.804666,4.690
HIP108874,330.828693,-2.155445,4.740
HIP108875,330.829430,11.386540,5.830
HIP108917,330.950709,64.628628,4.260
HIP108924,330.971233,63.120349,5.260
HIP108952,331.099344,-29.916505,6.450
HIP108969,331.143879,32.941686,6.360
HIP108975,331.153289,-26.822429,5.970
HIP108991,331.197437,-0.906656,5.290
HIP109005,331.252263,62.786101,5.270
HIP109009,331.264322,14.815808,6.380
HIP109017,331.286597,62.279792,5.070
HIP109023,331.297449,26.673904,5.750
HIP109033,331.318483,46.744687,6.160
HIP109056,331.394713,28.963911,5.690
HIP109068,331.420546,5.059275,4.860
HIP109074,331.446117,-0.319924,2.950
HIP109079,331.460326,45.112480,6.500
HIP109081,331.463262,-59.636466,5.620
HIP109082,331.463397,48.231462,6.260
HIP109102,331.508048,45.014235,5.090
HIP109111,331.528479,-39.544274,4.470
HIP109121,331.551318,45.248650,6.190
HIP109124,331.556707,56.343415,6.380
HIP109139,331.609597,-13.870100,4.290
HIP109176,331.755122,25.345310,3.770
HIP109190,331.789947,58.840554,6.340
HIP109205,331.856572,53.307410,6.170
HIP109209,331.870072,19.475797,5.740
HIP109212,331.875030,18.000465,6.310
HIP109240,331.959257,21.702424,5.790
HIP109268,332.059511,-46.962064,1.730
HIP109272,332.067873,49.796958,6.410
HIP109276,332.071610,25.543250,6.080
HIP109285,332.096533,-32.988681,4.500
HIP109289,332.108108,-34.044204,4.990
HIP109303,332.169571,45.742606,6.110
HIP109306,332.177790,-33.125508,6.370
HIP109332,332.245801,-18.519647,5.800
HIP109352,332.306307,33.171852,5.580
HIP109375,332.370934,-23.659085,6.360
HIP109400,332.452425,72.341230,4.790
HIP109404,332.481973,-34.014759,5.370
HIP109408,332.491837,-48.108123,6.430
HIP109410,332.496746,33.178092,4.280
HIP109412,332.500865,-28.292258,6.440
HIP109422,332.540138,-32.548305,4.940
HIP109427,332.552028,6.198095,3.520
HIP109434,332.563597,72.111105,6.360
HIP109439,332.579954,19.615649,6.180
HIP109442,332.588070,-3.894412,6.280
HIP109445,332.591964,14.629673,6.360
HIP109458,332.625743,20.977916,6.450
HIP109466,332.641149,-4.266829,5.980
HIP109471,332.655623,11.624139,5.780
HIP109472,332.656393,-11.564880,5.430
HIP109474,332.660527,70.132751,5.520
HIP109492,332.713806,58.201294,3.390
HIP109493,332.715583,30.552876,6.300
HIP109509,332.760874,-21.233104,6.100
HIP109521,332.792513,50.823706,5.380
HIP109556,332.877316,59.414407,5.050
HIP109572,332.955906,56.840312,5.240
HIP109577,332.963857,16.040413,5.930
HIP109584,332.977741,-76.116323,6.130
HIP109585,332.988604,59.085165,6.290
HIP109592,333.008417,60.759165,5.370
HIP109602,333.033803,24.950654,5.970
HIP109620,333.093586,63.290924,5.760
HIP109624,333.107523,-14.194306,6.040
HIP109647,333.182470,-4.720938,6.390
HIP109654,333.199433,34.604226,5.340
HIP109659,333.220285,73.307345,6.110
HIP109667,333.239310,-26.328003,6.190
HIP109691,333.291765,18.279545,6.500
HIP109693,333.298079,86.108252,5.270
HIP109730,333.411846,28.607988,5.870
HIP109737,333.435699,-25.180843,5.580
HIP109745,333.455855,45.440643,5.530
HIP109746,333.456989,63.162279,6.130
HIP109754,333.470040,39.715041,4.500
HIP109786,333.575311,-21.074158,5.330
HIP109788,333.576037,17.188671,6.500
HIP109789,333.578320,-27.766894,5.450
HIP109821,333.666180,-41.387489,6.230
HIP109831,333.685348,42.953748,5.720
HIP109857,333.764607,57.043955,4.180
HIP109902,333.896051,-44.451515,6.100
HIP109908,333.904246,-41.346549,4.790
HIP109937,333.992481,37.748743,4.140
HIP109939,333.999479,8.549498,6.210
HIP109972,334.111229,57.220277,5.880
HIP109973,334.110541,-41.627295,5.110
HIP109977,334.123405,27.803998,6.380
HIP109984,334.140017,-1.596454,6.160
HIP109990,334.156404,-25.898253,6.140
HIP110000,334.200194,-12.831402,5.340
HIP110003,334.209359,-7.783451,4.170
HIP110009,334.218588,-9.040156,5.800
HIP110018,334.249926,-23.140697,6.170
HIP110023,334.277054,-5.387020,5.750
HIP110055,334.368188,49.127023,6.460
HIP110078,334.459866,-77.511448,5.490
HIP110091,334.517500,-0.238059,6.390
HIP110103,334.553263,62.804460,5.750
HIP110109,334.569795,-53.631730,5.360
HIP110130,334.624504,-60.259868,2.870
HIP110171,334.734681,37.769608,6.190
HIP110179,334.753630,-13.305068,5.960
HIP110256,335.008808,-80.440062,5.090
HIP110273,335.049758,-7.821090,5.350
HIP110298,335.115060,5.789513,5.370
HIP110311,335.151442,-57.509848,6.410
HIP110314,335.161498,58.410060,6.460
HIP110316,335.164695,50.980811,6.400
HIP110341,335.232820,8.186901,6.180
HIP110346,335.250356,26.935107,6.460
HIP110351,335.256652,46.536583,4.550
HIP110371,335.330726,28.330570,4.780
HIP110386,335.379527,12.205227,4.820
HIP110391,335.398110,-21.598853,5.120
HIP110395,335.415022,-1.387265,3.860
HIP110408,335.462105,42.078118,6.380
HIP110478,335.684455,-45.948024,6.420
HIP110487,335.709553,36.659440,6.450
HIP110497,335.750983,57.284647,6.180
HIP110498,335.752436,62.419445,6.040
HIP110504,335.779207,55.963212,6.440
HIP110506,335.785494,-45.928914,5.620
HIP110529,335.879306,-24.762679,5.530
HIP110532,335.883914,-7.194355,5.920
HIP110538,335.889962,52.227674,4.420
HIP110548,335.917440,20.848122,6.200
HIP110566,335.978287,38.574521,6.180
HIP110578,336.028875,-4.837077,5.790
HIP110602,336.113139,-13.529264,5.760
HIP110609,336.129077,49.476367,4.550
HIP110618,336.177918,-72.260374,5.280
HIP110649,336.237066,-57.799854,5.310
HIP110668,336.296272,-70.432081,5.780
HIP110672,336.319395,1.377426,4.800
HIP110696,336.419802,18.444529,6.260
HIP110712,336.464417,-75.015597,6.120
HIP110725,336.503750,70.770937,5.470
HIP110746,336.544689,-23.682461,6.290
HIP110778,336.644407,-16.742109,5.550
HIP110785,336.657884,4.394156,5.760
HIP110787,336.676297,78.785580,5.830
HIP110790,336.689812,37.443668,6.460
HIP110817,336.772112,65.132256,5.520
HIP110838,336.834160,-64.966279,4.510
HIP110849,336.860410,39.809981,6.160
HIP110873,336.943146,31.840256,6.000
HIP110882,336.965251,4.693401,4.780
HIP110907,337.046076,27.018560,6.480
HIP110919,337.081332,64.084924,6.300
HIP110935,337.159276,-67.489579,5.560
HIP110936,337.163708,-39.132975,5.470
HIP110960,337.209373,-0.019696,3.650
HIP110986,337.283650,9.128883,5.600
HIP110988,337.288732,58.404135,6.310
HIP110992,337.292825,26.763165,5.790
HIP110991,337.292976,58.415224,4.070
HIP110997,337.317635,-43.495596,3.970
HIP111022,337.382588,47.706862,4.340
HIP111043,337.439173,-43.749211,4.120
HIP111045,337.442697,-27.107434,5.950
HIP111056,337.470837,78.824125,5.450
HIP111062,337.491266,4.430578,5.510
HIP111066,337.507380,-12.915112,6.410
HIP111068,337.507815,32.572535,5.640
HIP111072,337.526852,49.356189,6.410
HIP111086,337.572546,-14.585988,6.360
HIP111104,337.621899,43.123334,4.520
HIP111123,337.661743,-10.678143,4.820
HIP111138,337.724361,-26.074308,6.430
HIP111169,337.824306,50.282617,3.760
HIP111170,337.827485,-6.555951,6.150
HIP111171,337.826676,-2.911561,6.150
HIP111188,337.876870,-32.346211,4.290
HIP111191,337.892879,29.542514,6.330
HIP111196,337.903580,-85.966802,5.760
HIP111200,337.922693,-10.905854,6.390
HIP111242,338.067148,76.226359,5.700
HIP111247,338.078315,54.037139,6.410
HIP111259,338.109945,39.779668,5.880
HIP111278,338.149112,20.230244,6.430
HIP111296,338.195601,15.863389,6.350
HIP111310,338.250790,-61.982270,4.910
HIP111314,338.264307,69.914069,6.010
HIP111325,338.320812,70.373812,6.260
HIP111362,338.420265,56.625039,5.720
HIP111394,338.512432,-1.574544,5.880
HIP111449,338.675194,-20.709295,5.210
HIP111497,338.839732,-0.117911,4.040
HIP111504,338.862023,-78.771640,6.150
HIP111515,338.901764,-23.991141,5.970
HIP111532,338.945685,73.643373,5.080
HIP111539,338.953115,-17.460758,6.390
HIP111543,338.966796,56.070569,6.370
HIP111546,338.967866,39.634299,5.730
HIP111548,338.971578,-57.883825,6.220
HIP111550,338.972486,50.070788,6.290
HIP111567,339.032973,35.577073,6.110
HIP111594,339.122533,-40.583220,6.280
HIP111600,339.147333,-31.664079,5.820
HIP111601,339.151277,11.696681,6.420
HIP111627,339.202797,35.652406,6.280
HIP111643,339.245628,-40.591547,5.850
HIP111649,339.270097,12.576577,6.300
HIP111660,339.305008,75.371869,5.800
HIP111674,339.342878,51.544362,4.640
HIP111710,339.438590,-4.228943,5.040
HIP111753,339.572450,45.182886,6.380
HIP111761,339.592790,-7.897582,6.230
HIP111795,339.658605,56.795394,5.110
HIP111797,339.662711,63.584323,5.190
HIP111801,339.685749,-28.748300,6.460
HIP111809,339.714472,-33.081240,5.660
HIP111810,339.718777,19.521569,5.840
HIP111841,339.815322,39.050227,4.890
HIP111869,339.893144,37.592826,6.030
HIP111879,339.934858,-28.325964,6.300
HIP111884,339.945869,19.681054,6.330
HIP111925,340.076765,53.845792,5.940
HIP111934,340.092069,-30.660413,5.880
HIP111944,340.129463,44.276379,4.500
HIP111954,340.164092,-27.043623,4.180
HIP111965,340.199722,-3.554557,6.320
HIP111967,340.204479,-57.422371,5.980
HIP111974,340.221555,14.550070,5.720
HIP112029,340.366075,10.831283,3.410
HIP112031,340.369373,40.225406,5.250
HIP112032,340.380854,30.965869,6.360
HIP112041,340.401486,41.549565,5.930
HIP112051,340.439188,29.307494,4.800
HIP112067,340.490114,14.516237,5.920
HIP112078,340.525619,-5.102360,6.280
HIP112098,340.586678,53.908686,6.140
HIP112102,340.592162,-29.361187,6.120
HIP112117,340.653742,-47.213253,5.990
HIP112122,340.668186,-46.884610,2.070
HIP112127,340.679822,-44.247775,6.060
HIP112144,340.731020,37.802696,6.430
HIP112158,340.750672,30.221053,2.930
HIP112168,340.764353,-8.311470,6.450
HIP112170,340.768014,47.168735,6.390
HIP112179,340.809630,-6.963011,6.400
HIP112203,340.874995,-41.415039,4.840
HIP112211,340.896566,-18.830581,4.680
HIP112241,341.021803,39.465139,5.930
HIP112242,341.022758,41.819258,5.110
HIP112259,341.068694,-60.499470,6.290
HIP112300,341.204608,52.517257,6.430
HIP112305,341.220891,39.200879,6.470
HIP112324,341.264400,58.146040,6.450
HIP112358,341.367202,19.366988,6.270
HIP112368,341.391572,30.439984,6.370
HIP112374,341.408164,-53.499993,4.840
HIP112381,341.419650,-46.547412,5.520
HIP112405,341.512661,-81.381609,4.130
HIP112417,341.543930,44.546290,5.840
HIP112432,341.618754,-49.687819,6.490
HIP112440,341.633273,23.565577,3.970
HIP112447,341.674995,12.169266,4.200
HIP112501,341.829313,-34.161523,6.280
HIP112508,341.846914,58.483087,6.330
HIP112519,341.872130,83.154178,4.770
HIP112529,341.887226,-19.614891,5.240
HIP112533,341.898158,-65.560303,6.490
HIP112542,341.928415,-14.056497,5.680
HIP112567,341.985021,-25.912877,6.310
HIP112590,342.045610,37.416221,5.820
HIP112603,342.090039,-61.684388,6.360
HIP112615,342.126096,-10.555422,6.190
HIP112623,342.139863,-51.317349,3.490
HIP112635,342.184589,62.938044,6.070
HIP112641,342.199713,54.414877,6.140
HIP112670,342.255488,68.570724,6.190
HIP112694,342.323024,-70.347739,6.350
HIP112716,342.397825,-13.592918,4.050
HIP112724,342.419094,66.199490,3.500
HIP112731,342.443910,55.903057,5.430
HIP112746,342.496467,-32.805630,6.340
HIP112748,342.501942,24.601259,3.510
HIP112761,342.542098,50.676909,6.230
HIP112778,342.590797,41.953365,5.910
HIP112781,342.595689,-80.123939,5.320
HIP112832,342.759158,-39.156882,5.430
HIP112833,342.763477,85.374581,5.890
HIP112862,342.837191,-29.536416,5.990
HIP112864,342.845528,61.697049,5.610
HIP112895,342.936774,-59.881392,6.470
HIP112917,343.009481,43.312576,4.950
HIP112924,343.042076,-63.188966,6.140
HIP112935,343.104194,9.835989,5.160
HIP112948,343.131113,-32.875667,4.460
HIP112961,343.153795,-7.579358,3.730
HIP112986,343.217867,50.412275,6.460
HIP112997,343.259284,16.840991,5.860
HIP112998,343.265933,60.101045,6.010
HIP113009,343.297483,40.167295,6.330
HIP113031,343.369778,-11.616500,5.800
HIP113044,343.410192,-48.598886,6.030
HIP113048,343.417289,44.749047,5.790
HIP113080,343.524158,-19.175181,6.370
HIP113084,343.529963,40.377120,5.820
HIP113116,343.609191,84.346353,4.700
HIP113127,343.642058,-7.204884,6.200
HIP113131,343.648556,16.941775,6.390
HIP113136,343.662218,-15.821003,3.270
HIP113137,343.663782,-70.073170,6.040
HIP113148,343.687765,-16.272609,5.530
HIP113167,343.748010,1.064944,6.110
HIP113174,343.761802,37.076895,5.910
HIP113184,343.795880,-4.987962,5.720
HIP113186,343.807570,8.816380,4.910
HIP113189,343.812486,-36.388574,6.400
HIP113204,343.877820,-20.139516,6.360
HIP113222,343.935617,36.351379,5.730
HIP113234,343.964611,-31.633312,6.090
HIP113246,343.987175,-32.539405,4.200
HIP113281,344.098445,41.603845,5.600
HIP113283,344.102931,-31.566744,6.480
HIP113288,344.108326,49.733523,4.990
HIP113307,344.198906,-47.969208,5.720
HIP113327,344.268857,48.684028,5.340
HIP113345,344.321525,-4.810104,6.310
HIP113357,344.368188,20.769281,5.450
HIP113360,344.387179,3.810474,6.280
HIP113368,344.415358,-29.623445,1.170
HIP113371,344.419744,39.308739,6.170
HIP113421,344.564715,-2.395503,6.170
HIP113433,344.599214,-1.410258,6.380
HIP113445,344.649125,9.355772,6.430
HIP113447,344.645811,-35.524058,6.150
HIP113465,344.677387,7.339575,6.350
HIP113498,344.787596,59.814644,6.460
HIP113501,344.792818,52.654763,6.310
HIP113503,344.799427,11.728549,5.760
HIP113521,344.865063,0.962429,5.430
HIP113531,344.898596,-13.070907,6.120
HIP113532,344.898933,-29.462273,5.510
HIP113561,345.021215,56.945351,5.100
HIP113562,345.024391,-25.164765,5.660
HIP113593,345.103385,-25.627157,6.300
HIP113610,345.158302,0.185945,6.220
HIP113622,345.178792,3.011190,5.850
HIP113638,345.219363,-52.754232,4.110
HIP113657,345.282476,-50.950026,5.680
HIP113669,345.331241,-28.854118,5.550
HIP113673,345.346247,-22.791076,6.270
HIP113674,345.348390,-7.061211,6.230
HIP113684,345.377925,57.105406,6.240
HIP113686,345.382229,-4.711405,5.940
HIP113705,345.431818,3.530522,6.440
HIP113726,345.480479,42.325981,3.620
HIP113750,345.547278,44.572725,6.430
HIP113781,345.635600,-6.574251,6.180
HIP113784,345.642449,-36.421105,6.460
HIP113788,345.652098,42.757760,5.090
HIP113801,345.683942,-20.871668,5.970
HIP113802,345.688147,44.058706,6.370
HIP113852,345.839678,58.563788,6.430
HIP113860,345.874870,-34.748790,5.120
HIP113864,345.887360,67.209285,5.250
HIP113881,345.945082,28.083802,2.440
HIP113889,345.969320,3.819970,4.480
HIP113902,345.998610,-41.478484,5.790
HIP113904,346.003034,6.616393,6.420
HIP113919,346.047441,50.053323,4.640
HIP113957,346.165733,-53.965686,5.370
HIP113963,346.190686,15.204951,2.490
HIP113969,346.218312,-68.819759,5.530
HIP113994,346.274768,16.561284,6.430
HIP113996,346.291697,-7.693749,5.440
HIP113998,346.303239,-17.079546,6.150
HIP114005,346.323718,1.306971,6.390
HIP114081,346.577296,18.518223,6.160
HIP114096,346.635059,19.910888,6.440
HIP114104,346.653488,59.419745,4.840
HIP114119,346.670657,-23.743111,4.480
HIP114131,346.719259,-43.520461,4.280
HIP114132,346.723727,-38.892250,5.620
HIP114144,346.751135,9.409398,4.540
HIP114152,346.771439,35.636570,6.380
HIP114155,346.778087,25.468014,4.760
HIP114159,346.789420,-49.606134,6.330
HIP114162,346.791913,52.816696,6.120
HIP114163,346.793631,59.727381,6.410
HIP114167,346.811174,-50.686853,5.810
HIP114187,346.865335,32.825260,6.130
HIP114189,346.870481,21.133882,5.970
HIP114200,346.913498,46.387010,5.300
HIP114210,346.940617,49.296748,5.680
HIP114212,346.949034,63.633451,6.250
HIP114222,346.974512,75.387238,4.410
HIP114227,346.988491,64.222499,6.210
HIP114254,347.087427,-28.824085,5.600
HIP114258,347.102054,-79.480958,6.110
HIP114268,347.148783,-73.586131,6.180
HIP114273,347.171512,2.128685,5.420
HIP114341,347.362087,-21.172180,3.680
HIP114347,347.381098,8.677128,5.050
HIP114365,347.433917,59.332701,5.680
HIP114366,347.436113,-28.088559,5.880
HIP114367,347.436393,-67.876662,6.470
HIP114371,347.456689,-14.510598,6.430
HIP114375,347.479021,-22.457668,4.710
HIP114382,347.485822,-42.861664,5.830
HIP114389,347.505947,9.822025,5.390
HIP114407,347.540765,-40.591883,5.900
HIP114408,347.554937,-66.857386,6.470
HIP114421,347.590984,-45.246904,3.880
HIP114430,347.611472,43.542703,5.910
HIP114449,347.677838,17.594171,5.680
HIP114520,347.934053,8.720079,5.150
HIP114526,347.953443,26.846490,6.190
HIP114550,348.053112,-80.912784,6.430
HIP114570,348.138416,49.406911,4.530
HIP114607,348.266368,29.441230,6.340
HIP114622,348.344634,57.170526,5.570
HIP114641,348.360367,11.064957,5.850
HIP114686,348.497537,19.633844,6.470
HIP114699,348.533743,-62.703133,6.120
HIP114714,348.560401,50.617838,6.320
HIP114724,348.581007,-6.050445,4.220
HIP114725,348.590441,29.771775,6.410
HIP114742,348.652938,24.102937,6.360
HIP114745,348.655450,74.231309,5.890
HIP114750,348.667330,-10.688980,6.130
HIP114775,348.745241,-41.106220,5.770
HIP114822,348.892648,-3.496404,5.560
HIP114831,348.907538,70.888063,5.550
HIP114855,348.975632,-9.087862,4.240
HIP114921,349.165820,-44.489239,5.920
HIP114924,349.177448,53.211737,5.580
HIP114937,349.207395,-41.194281,6.490
HIP114939,349.212116,-7.726618,4.930
HIP114948,349.242645,-62.001390,5.640
HIP114969,349.286802,-28.439008,6.240
HIP114971,349.297016,3.282421,3.700
HIP114981,349.320421,45.163709,6.440
HIP114984,349.329127,75.299002,6.350
HIP114996,349.356982,-58.235148,3.990
HIP115015,349.417315,-11.712904,6.330
HIP115022,349.436367,49.015350,4.820
HIP115033,349.476041,-9.182584,4.410
HIP115036,349.483601,45.488850,6.480
HIP115054,349.542325,-40.825262,5.540
HIP115062,349.583789,-67.471046,6.150
HIP115065,349.597090,41.773595,5.980
HIP115088,349.657084,68.111525,4.750
HIP115102,349.706167,-32.532605,4.410
HIP115115,349.740640,-9.610807,4.990
HIP115121,349.763862,-28.387772,6.490
HIP115126,349.779781,-13.458882,5.200
HIP115129,349.786790,-79.472328,6.340
HIP115142,349.851390,-5.124502,5.560
HIP115144,349.850476,-18.075305,5.960
HIP115148,349.864362,34.793181,6.320
HIP115152,349.874431,48.625704,5.440
HIP115171,349.925180,48.381164,6.290
HIP115178,349.930143,-33.708329,6.350
HIP115191,349.968849,42.078075,5.810
HIP115218,350.059999,61.970094,6.390
HIP115227,350.086346,5.380870,5.050
HIP115245,350.143883,62.213256,6.410
HIP115250,350.159585,23.740270,4.580
HIP115257,350.169606,-5.908418,6.170
HIP115261,350.183647,44.115896,6.250
HIP115271,350.207116,30.414414,5.580
HIP115272,350.209577,-50.307104,6.040
HIP115280,350.223058,38.181875,5.770
HIP115312,350.314413,-26.986851,5.650
HIP115355,350.478974,31.812415,5.350
HIP115389,350.619093,25.918402,6.380
HIP115395,350.635631,60.133473,5.560
HIP115404,350.664117,-15.039209,5.190
HIP115407,350.668950,20.828633,6.280
HIP115433,350.737581,-60.055882,6.080
HIP115438,350.741687,-20.101292,3.960
HIP115444,350.769173,12.313784,5.090
HIP115476,350.883634,0.291408,6.330
HIP115496,350.939440,-43.124345,6.120
HIP115510,350.977971,-53.808996,6.130
HIP115522,351.016066,-21.774981,6.460
HIP115528,351.034014,-18.687648,6.180
HIP115530,351.036841,41.612891,6.370
HIP115537,351.055491,-51.891447,5.750
HIP115590,351.209579,62.282708,4.960
HIP115591,351.211944,32.384902,5.560
HIP115620,351.332077,-56.849138,5.600
HIP115623,351.346444,23.404369,4.420
HIP115669,351.511226,-20.642478,4.380
HIP115709,351.648261,-21.740848,6.430
HIP115713,351.652753,-52.720646,5.530
HIP115738,351.733770,1.254913,4.950
HIP115746,351.761900,87.307646,5.560
HIP115755,351.781629,42.912136,5.750
HIP115756,351.780543,-66.580981,6.470
HIP115759,351.788245,-50.157181,6.220
HIP115768,351.811978,1.122374,6.260
HIP115769,351.813093,-58.475600,5.630
HIP115770,351.821349,70.359749,5.600
HIP115806,351.918492,25.167016,5.990
HIP115830,351.991153,6.378674,4.270
HIP115833,352.002914,-35.544475,6.340
HIP115836,352.017630,-87.482129,5.500
HIP115839,352.022383,-11.449914,6.370
HIP115906,352.252446,-9.266299,6.200
HIP115907,352.253788,-44.498166,6.430
HIP115908,352.254608,-63.110756,5.660
HIP115915,352.273392,23.047458,6.450
HIP115919,352.289175,12.760739,4.540
HIP115945,352.362344,-1.791375,6.350
HIP115953,352.385002,-4.534454,6.260
HIP115990,352.508303,58.548951,4.890
HIP115996,352.531186,49.133167,6.190
HIP116030,352.665112,38.662379,6.070
HIP116060,352.754682,-6.288300,6.390
HIP116076,352.825080,39.235581,5.220
HIP116097,352.862750,-44.843729,6.020
HIP116106,352.882573,-4.088825,6.500
HIP116118,352.925167,-21.369510,6.240
HIP116119,352.929050,28.403388,6.410
HIP116146,352.989921,-1.085766,6.390
HIP116187,353.120939,23.843410,6.410
HIP116231,353.243578,-37.817991,4.380
HIP116247,353.319250,-20.914440,4.700
HIP116250,353.332008,-77.385314,5.820
HIP116264,353.367136,22.498646,5.330
HIP116292,353.429131,45.058183,6.250
HIP116307,353.481113,20.840822,6.100
HIP116310,353.488693,31.325141,4.970
HIP116323,353.538356,-1.247664,5.910
HIP116354,353.656254,40.236104,5.550
HIP116355,353.659145,33.497487,5.630
HIP116365,353.694850,38.024082,6.180
HIP116368,353.706051,-15.246652,5.950
HIP116380,353.746098,71.642025,5.860
HIP116389,353.769407,-42.614996,4.690
HIP116422,353.868728,1.312971,6.470
HIP116428,353.883632,-7.464310,6.400
HIP116465,353.983103,24.561087,6.440
HIP116495,354.096250,2.102679,5.680
HIP116505,354.127091,32.904267,6.350
HIP116582,354.383661,44.428869,5.810
HIP116584,354.392541,46.455050,3.810
HIP116591,354.415088,-13.060053,5.660
HIP116592,354.416591,16.825468,6.260
HIP116602,354.463154,-45.492442,4.740
HIP116611,354.487051,18.400797,5.490
HIP116624,354.513252,-15.095928,6.380
HIP116631,354.534430,43.268064,4.290
HIP116653,354.601433,-76.869688,5.990
HIP116709,354.784547,50.471719,5.350
HIP116714,354.792551,75.292985,5.950
HIP116727,354.835621,77.633212,3.210
HIP116728,354.837942,74.002669,5.980
HIP116737,354.866656,-46.637497,6.070
HIP116758,354.946503,-14.222587,4.970
HIP116768,354.980000,9.677212,5.990
HIP116771,354.990444,5.623075,4.130
HIP116781,355.011683,37.652055,6.490
HIP116805,355.102872,44.333792,4.150
HIP116820,355.158196,-32.073519,5.300
HIP116824,355.171329,36.720942,6.240
HIP116853,355.287650,-11.680631,5.890
HIP116876,355.361466,49.512269,6.260
HIP116889,355.393394,-18.027609,5.360
HIP116901,355.440963,-17.816532,4.820
HIP116912,355.477427,57.259917,6.240
HIP116918,355.486010,7.250245,5.890
HIP116928,355.510731,1.778901,4.490
HIP116941,355.560925,44.991588,6.430
HIP116957,355.616059,-15.448206,5.270
HIP116962,355.631563,61.679265,6.400
HIP116971,355.681333,-14.545397,4.490
HIP116972,355.683444,16.335799,6.300
HIP116991,355.771380,51.939304,6.440
HIP117020,355.843207,10.331620,5.090
HIP117073,355.998438,29.361154,4.930
HIP117075,356.008566,-45.083109,6.080
HIP117088,356.050386,-64.404196,5.730
HIP117089,356.050534,-18.276966,5.240
HIP117105,356.110174,-70.489775,6.060
HIP117107,356.120660,-26.246782,6.230
HIP117125,356.171726,-78.791433,5.740
HIP117133,356.201973,55.799668,6.460
HIP117218,356.504855,-18.678252,5.280
HIP117219,356.506158,-40.182830,6.320
HIP117221,356.508607,46.420230,4.970
HIP117245,356.597727,3.486627,4.950
HIP117265,356.653175,66.782224,5.950
HIP117299,356.758047,57.451304,5.550
HIP117301,356.765119,58.652406,4.880
HIP117314,356.815947,-11.911815,5.740
HIP117315,356.816743,-50.226632,5.180
HIP117340,356.887723,46.832527,6.080
HIP117371,356.978429,67.806794,5.050
HIP117375,356.986311,-2.761558,5.490
HIP117420,357.135341,-6.380575,6.090
HIP117430,357.162972,64.876345,6.410
HIP117445,357.205760,2.214154,6.470
HIP117447,357.209011,62.214505,5.430
HIP117450,357.225488,59.979082,6.330
HIP117452,357.232240,-28.131034,4.590
HIP117472,357.300085,58.963140,6.360
HIP117491,357.364483,1.075937,5.770
HIP117494,357.382100,-15.861504,6.210
HIP117500,357.414647,28.842573,5.950
HIP117503,357.420662,36.424929,5.860
HIP117510,357.456447,-25.331475,6.440
HIP117541,357.562420,-9.973559,5.930
HIP117551,357.593892,51.621530,6.470
HIP117567,357.638974,-14.401647,5.700
HIP117571,357.648565,-47.376723,6.490
HIP117628,357.838457,9.312869,5.770
HIP117629,357.839112,-18.909189,5.170
HIP117683,357.991098,2.930278,5.590
HIP117689,358.025169,-82.018972,5.100
HIP117710,358.097076,21.671056,6.130
HIP117712,358.113075,75.544896,6.360
HIP117718,358.121980,19.120035,5.060
HIP117722,358.124241,-14.251248,5.850
HIP117730,358.154443,10.947294,5.300
HIP117756,358.210990,-8.996930,5.760
HIP117761,358.232086,-3.155795,5.930
HIP117774,358.269928,2.090545,6.290
HIP117797,358.337262,-24.229357,6.230
HIP117860,358.589433,-27.042901,6.340
HIP117863,358.595908,57.499357,4.510
HIP117880,358.664196,-40.299837,6.030
HIP117887,358.693964,0.109201,5.780
HIP117927,358.782626,7.070838,6.220
HIP117931,358.819263,-31.921461,6.090
HIP117956,358.889372,47.355750,6.010
HIP117957,358.890962,57.412165,6.030
HIP117986,358.978440,15.230238,6.450
HIP118029,359.124825,-24.737145,6.310
HIP118048,359.172747,22.648043,6.180
HIP118071,359.265187,42.658214,6.010
HIP118076,359.284421,-26.623291,6.260
HIP118077,359.285073,55.705615,5.570
HIP118081,359.291875,-20.833746,6.450
HIP118092,359.334015,-62.956499,5.950
HIP118114,359.385947,-82.169989,5.720
HIP118116,359.389881,60.023572,6.470
HIP118121,359.397244,-64.298681,5.000
HIP118131,359.439412,25.141164,4.630
HIP118178,359.589063,-15.847544,6.280
HIP118209,359.667828,-3.556516,4.880
HIP118234,359.733029,-52.745355,5.130
HIP118243,359.752351,55.754891,4.880
HIP118268,359.828976,6.862495,4.030
HIP118277,359.866164,-29.485212,5.590
HIP118281,359.871558,33.723105,5.810
HIP118322,359.979776,-65.577296,4.490
